sample_id,filepath,bytes,sha256,archive_split,archive_label,decode_ok,width,height,pixel_sha256,phash,grayscale_mean
Test/Herpes/2024-06-26_20-34-15_6954.png,Test/Herpes/2024-06-26_20-34-15_6954.png,1169031,1b1d140a3a6657bbf1d6fd839ebfcf537a7a1ba65627c3aa1c2865a3843da0dc,Test,Herpes,True,896,1152,47f379c419f90766f0a4fde7baec0a5d619895b2cffd70de20def943526485a1,26206eeaf8b8e32d,124.76368543836806
Test/Herpes/2024-06-26_20-35-02_3065.png,Test/Herpes/2024-06-26_20-35-02_3065.png,1229332,9aea44879d411a484fdbcfa790fd8617618886d47691dbeeddc7846188307a41,Test,Herpes,True,896,1152,6fed30ce9f16314ca995ca144ee30b75f73c1860288f5b2871644ece6e42c888,2460cf9df3e6c909,130.88184175037202
Test/Herpes/2024-06-26_20-35-50_2024.png,Test/Herpes/2024-06-26_20-35-50_2024.png,1236911,03034f0923822d99f728567e888a63fa97b0af1ca9984fe39687aaf3b85ac5dd,Test,Herpes,True,896,1152,bbadb5b6885d39758d620a8db87dd732d1cf92a28076f88f0f0554a799612cbf,06c670bea1d1c3bd,131.65167526971726
Test/Herpes/2024-06-26_20-36-18_9252.png,Test/Herpes/2024-06-26_20-36-18_9252.png,1095132,b068d9554d1df0631035e1c8514f9ea53639d81eae866f336b02527c0412b342,Test,Herpes,True,896,1152,681fa22322b0d3b7b1fcbb4e9b2d5367e006ae836f80f444338cccc99042cb6e,613094fa2dc63aaf,115.49214971633185
Test/Herpes/2024-06-26_20-37-06_3599.png,Test/Herpes/2024-06-26_20-37-06_3599.png,1171679,1d5ef61d82f7671ad2a37c750e4cee241fad55d6fb0d52cb5a6786a229740df9,Test,Herpes,True,896,1152,4f7c3d7cce95f0dfee443d6b0b1ee519f071946d834a7ef459adfd90e9ad7c62,c43fa008133bf3e7,134.38501460968502
Test/Herpes/2024-06-26_20-37-54_9295.png,Test/Herpes/2024-06-26_20-37-54_9295.png,1258774,4d92e2f8b9276743a3147fc56b739c4896b6332c3018638be783b8ec8d2f1e98,Test,Herpes,True,896,1152,08bf8d9c020258a82800175825430608f386ac2d302f50a1a0b31c645940cc2d,b7e4a1087cd3153b,141.40580240885416
Test/Herpes/2024-06-26_20-38-18_3095.png,Test/Herpes/2024-06-26_20-38-18_3095.png,1165647,7ea0960a6073daa074ceec52b001736c627562adb2ebc2d049ab9f73fe532567,Test,Herpes,True,896,1152,cbe8bf8e7573216aea81262dea5a74ce114c2c3baf39841e2accb6dcb2f0058d,cf948b7c5939b103,123.27030533079117
Test/Herpes/2024-06-26_20-38-44_2030.png,Test/Herpes/2024-06-26_20-38-44_2030.png,1070605,1fc12447001cb62dec418a433f5ebeb3e388d21f90c0c5f2168af300a6515501,Test,Herpes,True,896,1152,de53649d382f3ac6b7c39becd0158835c459e03fed5f221b6f30b75a7d9676b3,6519e6ce72923327,123.97943308996776
Test/Herpes/2024-06-26_20-39-07_9171.png,Test/Herpes/2024-06-26_20-39-07_9171.png,1253203,dd82a177981eb0a75b2e6396f4c6c1be244966a23e00e8a158453e6195550982,Test,Herpes,True,896,1152,02d68b801f853df3c76fd05fd266895cf083e093e1f7ffb424f1987a6127ddea,931c70e6ab46ad8b,145.54525223989336
Test/Herpes/2024-06-26_20-39-30_8341.png,Test/Herpes/2024-06-26_20-39-30_8341.png,1190416,bbabcb2068070e3cedb8ee3bbb61097ecf40e0c4af5f20d5c013815563da0ef8,Test,Herpes,True,896,1152,3f22ebc96412809fca6db35d141e0a3218011153fd0381e15c7bfe12d90478f6,c46c0e66b3e1e31d,142.44432624937997
Test/Herpes/2024-06-26_20-39-59_6926.png,Test/Herpes/2024-06-26_20-39-59_6926.png,1109731,2409845fa8c31a6dd4c2b44d8d1bc0cc6e457818c3c5d0ab64604d9e29ca26c4,Test,Herpes,True,896,1152,68cded2ec01f1c635140f94ed1c9868cabce15ad7dc6620b560f245cd1fd5f4a,c39e33660eec3d81,91.2274683392237
Test/Herpes/2024-06-26_20-40-52_2580.png,Test/Herpes/2024-06-26_20-40-52_2580.png,1145082,1b9f5614384a287496b86ca8e9371c195caf66747699b4257ceb103ddd7517d0,Test,Herpes,True,896,1152,1b270199b1b919ab0808165e5628765163b1803c1c4133f3d50a6d66bb97aac2,0693e78658f3d90d,154.39315747457837
Test/Herpes/2024-06-26_20-41-17_6240.png,Test/Herpes/2024-06-26_20-41-17_6240.png,1099147,0f616dd3d29a3b57070bfeb90e9de813129bba8f64103fc28068100f96566542,Test,Herpes,True,896,1152,ca7c42b62036aef28f60abc0dd4ec55988a85d35ff5e716e30af876e0a31ad01,460bb38ca5963da7,135.94594997829861
Test/Herpes/2024-06-26_20-43-00_2225.png,Test/Herpes/2024-06-26_20-43-00_2225.png,1234756,37a76e1e551b8a806a79e9098286e5dc83d0d646a9b547666f15a9a59ac18562,Test,Herpes,True,896,1152,092cd1bfd1b78000d8adf0eb16a586b7e424464cd884f0bdacf5ca0506f25a91,6ad25d0cd256c72b,139.2157728407118
Test/Herpes/Herpes (100).jpg,Test/Herpes/Herpes (100).jpg,3603,09591e6185f36af0c29b38054f8d00c53e90e1de03d944b935bb042f4b034e89,Test,Herpes,True,275,183,215c9d348149c23c914faeedb633a086de033a109736a51bfd367dab488a7373,b2dc65f30c78415b,152.46569299552905
Test/Herpes/Herpes (101).jpg,Test/Herpes/Herpes (101).jpg,3538,8b147082331fa4419478fcd421ac5a09d70f412ca4f2686a1166c6fdd0219b8e,Test,Herpes,True,274,184,5b5cfc9c027b043059af9023402c336dd86dd9d5ba49a9c183456fc9da398f35,4d6ca4acc6b6d30b,120.13940019041574
Test/Herpes/Herpes (102).jpg,Test/Herpes/Herpes (102).jpg,5052,f1ed85932d73b2fefe3959ec595e4c057b9d20c4d18ca9f43c02f1e9421aa2e3,Test,Herpes,True,263,192,a797503f3b2025ed9a78d200564e4e2587c8ecf158ac88402ce81b9018326fec,4613852d0d5bfaf1,157.11206828263624
Test/Herpes/Herpes (107).jpg,Test/Herpes/Herpes (107).jpg,3498,c5570d27e395e9361ef3ef8559d3179dd50fd486954d9183a7ebb789a59b2fa6,Test,Herpes,True,275,183,92874992e3e00c602adb76b1983bcb58e5a42f1a407d2cbcc1691ef756e4a0b3,cd13a73c58cbe321,183.12192747143567
Test/Herpes/Herpes (108).jpg,Test/Herpes/Herpes (108).jpg,5061,4236ca2dc844f99feb2beaa19ee88f2d81b8ef2df16367ff3594b0627746efa3,Test,Herpes,True,300,168,29d762c002187374d7823682c7edc5e17e891660fae8fb19fd7d04b72d74451d,9367260633cbab55,143.5755753968254
Test/Herpes/Herpes (109).jpg,Test/Herpes/Herpes (109).jpg,3143,d5ff91e55ee6005e0c60c43c1ce4f9d9376704d541ee2b7b10521b3420f9e571,Test,Herpes,True,258,195,7683e039a51e02de27fa08dc098854601d305644ca86286e6b3b99e955546b19,806126bb7faf03e1,141.01482806599086
Test/Herpes/Herpes (11).png,Test/Herpes/Herpes (11).png,169377,e401522a840611b60cad505501e54bc8a36226d8eb3bf370e53897cd30523f9f,Test,Herpes,True,680,404,183c2117416a5fdd8243c817403e7c83a2a7135c0170b59f35274069885a55ba,40bd665c53acbf03,138.30735658124635
Test/Herpes/Herpes (110).jpg,Test/Herpes/Herpes (110).jpg,3442,d654216a3a3c921df2800b0f89d30354025f1c92952daa35ce8efe6a0b463e31,Test,Herpes,True,246,205,36350b08308f5d6edcd80438ca7e0b1330ba9464f1ac7ed25bb14452a719d9b3,98b9412c2bba7f83,120.37245687091017
Test/Herpes/Herpes (111).jpg,Test/Herpes/Herpes (111).jpg,4226,923225fab1d32aca3503a5d07a203e64c783b1f1c5097ee7175d1b2ded62cdff,Test,Herpes,True,310,163,81927db91a4d3d4e4e93d804c50f7cfa8082dc793b5142ade488151b0fb2d0ad,e9ec7692a9714623,113.23180288937264
Test/Herpes/Herpes (112).jpg,Test/Herpes/Herpes (112).jpg,3829,ae60ad64f4e3caa9f87c7220b9929cb290ba8fd8eb69209d0c34a385fd8855ff,Test,Herpes,True,297,170,52016d540161e9f397fd8aa5113c3aa79e297030b8594ec3309ecef48771cf67,d3583c3c70c3c33d,231.46504258268965
Test/Herpes/Herpes (113).jpg,Test/Herpes/Herpes (113).jpg,6382,8f4d88ac1f2784f359f7074812c285976db30d545100ad2504be112e2377f74f,Test,Herpes,True,177,285,cbc198dcbf9f57ef08793015fb5ab4af0d8666f5fd0ea9bdf42eef608eefe8c9,edbec1c6e304099d,139.0090395480226
Test/Herpes/Herpes (114).jpg,Test/Herpes/Herpes (114).jpg,3543,0710e8ca80e6e2c99e277c243e154cc1c05f0e471de7b65c5d0a07ce4efb0e6f,Test,Herpes,True,275,183,de434aecc1abf44b2df7fda61660fe09e97b21cc9a4e49d223ee955ce6d506bc,855a2c566738d3ab,175.14583209140585
Test/Herpes/Herpes (119).jpg,Test/Herpes/Herpes (119).jpg,3585,a47712dc8a7ba3d0292821422e829dabf74bbbb223775b4f0688f59cb8340f28,Test,Herpes,True,286,176,f9a980c9851f037e4d24d9f4c69ea2fd80795a5522c9b002f2f49cf65b7b2e68,2f1cf30c1932f167,194.5471431977114
Test/Herpes/Herpes (12).jpeg,Test/Herpes/Herpes (12).jpeg,2635,977b2a6a51ed1923d9be6b2881afc50b484ebdecf40b67102df20c1ae4356284,Test,Herpes,True,275,183,4ef4a736098218f532d1b29d8b5f31c35443be765266413a32318653b9195a93,9596ada54922db2b,206.4338996522603
Test/Herpes/Herpes (12).jpg,Test/Herpes/Herpes (12).jpg,19430,cc2ba5761c2b42e4641a5b05a268694d3c22c77edad93a883a130678c0b73775,Test,Herpes,True,226,306,cb36401f91bda3b322c16b430587a72902df22f6f599aad504a071fe4855d37f,483d4a9c9df01f4b,113.18753253513795
Test/Herpes/Herpes (12).png,Test/Herpes/Herpes (12).png,207189,2c10bb1010b031eef8b29cdf12e7ac1b62a827e5326bbaa5576de99efe7375fe,Test,Herpes,True,724,628,0176ab603fd706a2d1d7b9c96d787781899a3f16cfa5f33b15abbc55f27839de,1336cd8c7629ddc1,135.53383318084246
Test/Herpes/Herpes (120).jpg,Test/Herpes/Herpes (120).jpg,4269,64fe9be8a7f858dda2b401de91de5c060dd1ad532265d5b34e2691ef88929d9b,Test,Herpes,True,299,169,12132c0c2f3b619868fc8cbcdd25f0604c6111904f80496603736100185f1322,c8cbe28709073eeb,151.50667906829472
Test/Herpes/Herpes (121).jpg,Test/Herpes/Herpes (121).jpg,5396,664a2c524aa5dc3279b665110e50e1aebcb85c87c5ee6c0aa38bc17e7da30f6a,Test,Herpes,True,275,183,a7c6df200ae35475602bfcf5fb5f7cbb63b169ec27cd34a7eb021b3ce95ad1e4,14871a5e5e76ba49,120.89661202185792
Test/Herpes/Herpes (122).jpg,Test/Herpes/Herpes (122).jpg,2985,8570aecedf7f84c126e894d94f13f12fbdd301efa2e642ed6dd5ae80da839907,Test,Herpes,True,335,151,bfc8872bb166c442826b583932fb90f047625f919f1d5e69f3d079ca58808710,226419d9cc9b7727,188.84196896313136
Test/Herpes/Herpes (123).jpg,Test/Herpes/Herpes (123).jpg,3864,826d1b315d75578dad94f47c250e02cb5dd093fd800ad5f7ffabd7a8cfd39b0c,Test,Herpes,True,316,159,31a6587cf0ab862f69ed68e0f04f543bd0d48b85b4a25c27d5d4b2a1299dacac,4a966bd6b5d2e501,118.88537934877796
Test/Herpes/Herpes (124).jpg,Test/Herpes/Herpes (124).jpg,6134,4bcc6694724ff5686e55f90c5786adb355105a85d74c7b3596d707e1e55b83eb,Test,Herpes,True,275,183,69cb5bceb353dafb9964baed70a8d6dd903de3844dbb3b7eeae1c99a3a2ff66b,71296ab86f02e99b,150.38563338301043
Test/Herpes/Herpes (125).jpg,Test/Herpes/Herpes (125).jpg,3696,7b2f654408e7e7cb944a85aec4dc3943c28a5868edaff7113d79681e3aebc5d5,Test,Herpes,True,306,165,629930e5df8b8f2364f8e842e89e7fdf4e953223c815cfde7e3c97c616f54716,bef8b88ef8208339,122.09298871063577
Test/Herpes/Herpes (126).jpg,Test/Herpes/Herpes (126).jpg,4693,b0522eb51da90905bf9b97c3a44c72ff21bc856fd0ed9fbedcc7493523e89e2e,Test,Herpes,True,272,185,9612c6f228cc9b174a708e4b5dd92057c370e57328afc386ee98fd4c693a48be,c6dcd932525545e9,111.6883545310016
Test/Herpes/Herpes (13).jpeg,Test/Herpes/Herpes (13).jpeg,4556,cb03ad9dcbe53e4f569da195ec9a4a8e78a19232e731cedafd6856ce5b88f832,Test,Herpes,True,290,174,29f9ba10340c4578c608448636991004392bd415f6d23c455933ddc26838be4f,316664dbcc1b1367,157.0021204914784
Test/Herpes/Herpes (13).jpg,Test/Herpes/Herpes (13).jpg,36245,09467c5d70b1849e9acd16726763a896d74bb5beecf0c50016ee7149aab518c7,Test,Herpes,True,640,480,8ed7ccf00c95b4c8c2f6ae7cfc618c4a873382c0a270c7f1e3f9b660dfb6a30e,29a52386d39ad7c9,110.92632161458333
Test/Herpes/Herpes (18).jpg,Test/Herpes/Herpes (18).jpg,20753,c52541a28718be3f5c409d86acf462590d89974b8e290efad221352656c9f1b4,Test,Herpes,True,233,350,93485e6821f37078334d1f2a51bd7ee990dea47e413586dee232a67aa322691b,f3c750fc48f6e201,150.4845125689761
Test/Herpes/Herpes (19).jpeg,Test/Herpes/Herpes (19).jpeg,4211,ab7f99a61a393fa66dff60e059311ed37f666dd534a6f7e07962d1e5455e416a,Test,Herpes,True,225,225,ee8a7b3e528342ef8c5c128ba849acdd9c9a0865f311f785e6947c70ee7014ae,aabbce053071ab4b,138.8129975308642
Test/Herpes/Herpes (19).jpg,Test/Herpes/Herpes (19).jpg,139792,4f6822107f4184850e17e11ee94fc8ee4cc069b2489de6066447d92297e8348b,Test,Herpes,True,1200,675,ab22245b505eee35d0dcd9c6e733252b2a97c75395d1ed0de9d2bf13889edc69,925571375959c5a3,127.38664691358025
Test/Herpes/Herpes (20).jpeg,Test/Herpes/Herpes (20).jpeg,5207,1898a1f2dce8739d0eba26592d5898e9084b6930baca09bf8a704f1f1a87e1bf,Test,Herpes,True,300,168,997a38152585f5a1cac711a42acefdffe319ae977628093e11d4c23e136cf3a8,11ff847df4803c39,150.83414682539683
Test/Herpes/Herpes (23).jpeg,Test/Herpes/Herpes (23).jpeg,5969,713462f0ca7c2d70b51e801dedac2d9a2d59053f4e9192b020283d56df9ac7e4,Test,Herpes,True,257,196,22ebbf32113eb0dae002a555fb80a7849db77dce9c557cf01fd29e66244a7b5d,82978306bfe9f1c1,128.8050107202414
Test/Herpes/Herpes (23).jpg,Test/Herpes/Herpes (23).jpg,288620,3838a6996da12eb7be3832791e814e64cb3a3f31cdc54f5d693e734f622f900d,Test,Herpes,True,1134,754,f6c069ae5300831189785fc9a5975d1e46219c66db3de47e2aca52cf0d40e0c6,3d1ce30c1972b16f,190.18849030917997
Test/Herpes/Herpes (24).jpeg,Test/Herpes/Herpes (24).jpeg,5997,39440b6b2dd63a7e0c3f8334362915a1202faa36c0e7d124bad2aea65b48edfd,Test,Herpes,True,210,240,3e29dd4b69b1ae315f7637c714ba3df7ed91fc5de88538197bf6a7440dac2d23,9f18e7cc9994c985,159.25035714285715
Test/Herpes/Herpes (24).jpg,Test/Herpes/Herpes (24).jpg,141102,d83cc7b70a5438cbb23666c24aa22d50b102edd0a7cb01f5f90ab87930655678,Test,Herpes,True,640,640,9497dadef6add77f0ce387f9b1aec82a3c31d5e3d75a5585778c52a3a4094157,2d4aada9d1ac6b23,143.49275390625
Test/Herpes/Herpes (29).jpg,Test/Herpes/Herpes (29).jpg,38364,72265f9485f2a2e213854e38dffa7245bac97fec2ba4af90e5d3693b8d152d93,Test,Herpes,True,649,512,39d704e6d8b6660c66ea8b0f4843781d07a18d21ee9ad21ab2cdfab848a4e136,43a343a72eedd451,118.24950344279661
Test/Herpes/Herpes (3).png,Test/Herpes/Herpes (3).png,368894,4be811a78025543908a47192905141bcd55dbff73ed44632dc2f675b44747b29,Test,Herpes,True,685,386,13e92975b0ed03fa7fd949b789171edff686636136a697e5d4e03d91fc08ac27,a5cead5213925937,158.7651979879732
Test/Herpes/Herpes (30).jpeg,Test/Herpes/Herpes (30).jpeg,41579,711b091afbefcb343608d7d137cbaf441f6e66ec686d48420acd595833f7913a,Test,Herpes,True,474,319,b57e95bb0573058b8d71641e0662b9ff8fe8fb7973c11c2d85086264cd862e78,fcb6d1fe01fc0301,114.34491356163115
Test/Herpes/Herpes (30).jpg,Test/Herpes/Herpes (30).jpg,30705,73e83887c11a60693d5810c922a5d3b135d0c866b1caf3ffe4c377dfee7a013a,Test,Herpes,True,600,400,641b5ca5f08c015602c0303a4bd6f29e71c38c418e3380ec3e6395c63d479ef5,9596ada54922db2b,206.40887916666668
Test/Herpes/Herpes (31).jpeg,Test/Herpes/Herpes (31).jpeg,103173,3e8d8aa3e19d3d36c461d7f1f806afab3aea7202374dae853e2e8b15fcdf0a89,Test,Herpes,True,1200,564,6dc6abd4db9315944677399d3c1758662999f5572c0fd6aeb087f9f741f8b965,84a956a13e4fe995,160.78263150118204
Test/Herpes/Herpes (31).jpg,Test/Herpes/Herpes (31).jpg,64386,21bd367eeb2f5c8f00fd5ff4dc127a6f620a49afe6f70f50b0994bde54d87151,Test,Herpes,True,1024,576,360b3c485a05ea1bdbb432af394b75f9027846488fe4541c71f06e362fc9bd84,b3d54be925243633,144.27118259006076
Test/Herpes/Herpes (32).jpg,Test/Herpes/Herpes (32).jpg,27054,1b1a2d916f66e60feaa1f4abed9509df834a1bbc0d217202d09e8a5875593e7c,Test,Herpes,True,640,427,3c890c2c697b771a22e8eabb388848d6490be29a6d57ccff1c5df4e710452be1,62d31adcc9d14b2b,156.96652151639344
Test/Herpes/Herpes (38).jpg,Test/Herpes/Herpes (38).jpg,435813,8bb4a9b703e510ff2f6f5d89076fa6718c5aa1c0c579cad686fa792362897055,Test,Herpes,True,935,937,67043696c31b4e4669185bf7f06a6184de2fc978cb6906f50d6e278ea6f42b45,54ff3688625457a9,137.50889458334998
Test/Herpes/Herpes (39).jpg,Test/Herpes/Herpes (39).jpg,19825,835b885a330048052822441fbd95395b8762ecb472751ea0288b7b087a4cc4f4,Test,Herpes,True,420,281,1f71b5309ede624a7e112e4b228d3d2c502aa468f644a4d1c1c2342b225799be,14ad568c65d26d9b,152.02294526351466
Test/Herpes/Herpes (4).jpeg,Test/Herpes/Herpes (4).jpeg,17635,b44d34a9a455e4183bb16c8091cde3afb12ae2e9a63a53fa8918ed16a24efc11,Test,Herpes,True,450,243,0e710079fd1ad45f378a4710efc6ee29bfb545b10d62d39cccae3b5b3e75bbb5,6af5aaf6a44a6581,161.42739826246
Test/Herpes/Herpes (4).jpg,Test/Herpes/Herpes (4).jpg,79704,626795cf9cdf0a8f2d0d0c5a92bc3e9c1473e19e41452fe45f2ba578135bd776,Test,Herpes,True,640,640,a5ac1819b328522763c10974e67b07461841138188c75267c8eac58630b66681,b833410e059e8fef,102.0290625
Test/Herpes/Herpes (4).png,Test/Herpes/Herpes (4).png,296958,363273f82ec41272110c6e3984bae959f886df2dc2398f519ce4351baa833630,Test,Herpes,True,840,220,952919e3158a3a4eac8ca65065e7d4b699da75f5d80c571ab452e44bc3260a37,6e2d6a12e6b96075,137.8355248917749
Test/Herpes/Herpes (44).jpg,Test/Herpes/Herpes (44).jpg,260955,9e370983f8507dd14026d5657e1f7e371be6dedeaea0724180c00ca5fd4e76c4,Test,Herpes,True,952,1089,cc8f004d528cb5478537c98ba334fca0425af2bb1aaeea273b98b728bf6d69a1,f10b63b6cd0ad12b,99.37610443626487
Test/Herpes/Herpes (5).jpeg,Test/Herpes/Herpes (5).jpeg,22424,c1e466888009d9c1f7e729ba5a40b1c71e5c61e362553b91df61ae8e92338877,Test,Herpes,True,960,533,09c965d9fb1d9ea51521e1b37592fe8dec57e2c55a13b0de0a89f45185bf2519,2d69a6346be15317,173.92942073170732
Test/Herpes/Herpes (5).jpg,Test/Herpes/Herpes (5).jpg,117642,62f1622c3789f5748a605d7acd4c29eb5fed39d92c142eb7e8377e6690b90ed5,Test,Herpes,True,640,640,b715bb0054dccd657ffc369bcb236bf7df9d7001f28df51bd287458381accbcf,8cf27c8b383cc2cd,117.7174951171875
Test/Herpes/Herpes (5).png,Test/Herpes/Herpes (5).png,134373,8a89915ebf955639abf08a07f054b16a484c4c8fa0aec331e787949ffc8a66fb,Test,Herpes,True,658,911,36dd4c4cc27fcbf7b3149b0d3807f96f0d32a0a0e9694bd056ef81282eb6b92d,a9aaa6ae4cb452d5,94.5064326919548
Test/Herpes/Herpes (50).jpg,Test/Herpes/Herpes (50).jpg,148557,6de31ae115124b0322ee028593b6ad61b83d1783ac1303c9b09c8a4eddbbae38,Test,Herpes,True,1024,683,6f6a872669219d44eda180e8b8d9a7aa10b09e8557a79f9fd57d59256e225b6f,f9f641fc81fcc101,130.91185915766837
Test/Herpes/Herpes (51).jpg,Test/Herpes/Herpes (51).jpg,62295,6bca57b6e6349a9c458ccc5be39c090873a60a88e863a984460572d632556ce4,Test,Herpes,True,1100,734,cf46f6a8873ae67eb5c1ce0080d6f6fed3904771f5e3de774100049b6edbe84c,83c80f7c9ffb0407,158.9651374783255
Test/Herpes/Herpes (52).jpg,Test/Herpes/Herpes (52).jpg,31915,73b91ac7b5baffb386a31d85daa5d6eb587079b148620196a2e21d017833d9ac,Test,Herpes,True,825,360,393d996d25d18970d20922a1abf5a57715d3a8b44f930a380c2d2707705ac9e2,99654e1d1ea49557,144.8963468013468
Test/Herpes/Herpes (53).jpg,Test/Herpes/Herpes (53).jpg,34771,cb038d54f92be8fdea29bbaa97e2dc9530a1829c4c192a79d06f84217e89fabb,Test,Herpes,True,640,480,b7f4376682477d59798bc361130723733572a99e4660e0d3fe251dfd1ef6f2e4,d2d6da52d2da8b03,89.93498372395834
Test/Herpes/Herpes (54).jpg,Test/Herpes/Herpes (54).jpg,78391,5d5ebfe8544e0886e0cfa646cddc05cae1e309d90c2d9d0467a292258e6a6715,Test,Herpes,True,1280,720,111def46bae0456a9062a20e1f60bf4ddd082bbcbbed2e811134a4e29dab10c9,c31c847366d6fc0b,152.65939344618056
Test/Herpes/Herpes (55).jpg,Test/Herpes/Herpes (55).jpg,203140,99639026f659a58976f7cbf7b80e2a89080d44b2e0eec0b08baab0af1ae29b25,Test,Herpes,True,1200,1200,ba162945f61cf2e825c8eaea1709fd16f8e560510468d6c2e40a939387f01d9e,744b30bb70fb0a4b,141.07840694444445
Test/Herpes/Herpes (56).jpg,Test/Herpes/Herpes (56).jpg,198330,552ce2060e170bdb9c7a7da901fb2e3b2ab821885e6f380d9f7865d5634b9b83,Test,Herpes,True,600,400,bb0b9ee87dfd68fc28186d4bd7b53ea8ef2d37c98807895e7818313748b156ba,43213956d7f2f981,168.18148333333335
Test/Herpes/Herpes (66).jpg,Test/Herpes/Herpes (66).jpg,17308,ad1e409c4da6d42c21e0734a50bba6706a6fdcb408ca2c47085c7072856f11c8,Test,Herpes,True,474,411,2517727a1b3d32e280ff39003d156f830874a047baeb1bcfad356ddb9f80d3c8,1336cd8c7629ddc1,135.64012853285698
Test/Herpes/Herpes (67).jpg,Test/Herpes/Herpes (67).jpg,62897,655d08057ec54b829fa3ae7d9091c6a139750608ff2c9a8be012fa4f8e097d4e,Test,Herpes,True,474,632,16e4d27194b9961cb5ba0344be11b0ee0ffedf20a9353d8f8c31a70cbcedd899,fe301870f1e0e1eb,152.65120106286386
Test/Herpes/Herpes (68).jpg,Test/Herpes/Herpes (68).jpg,14177,887d350723bc5fdafcb132088a81b1990aa77455ed8bf0c91c96b2b138a30d66,Test,Herpes,True,474,248,b909e536185c4b68998a3d559891285044e6d12a435daa28bfa3b2a20f76c3fb,0c1cccec1cfcf199,145.95691268544985
Test/Herpes/Herpes (7).png,Test/Herpes/Herpes (7).png,1337225,c812a3df672c31c3181093d7563b0afd53988256762dddf5ab4dbc06b240cfe4,Test,Herpes,True,2518,1198,008b54b3aed6172c576855a5bb72b7caf4ed658e4b97cc47379e1503160c2691,396dedf4c9a90341,119.90511224028398
Test/Herpes/Herpes (74).jpg,Test/Herpes/Herpes (74).jpg,22626,41c66cf42de937aa98fa0673be40c6e332d19135955b1daf3dd94dade6e84f9d,Test,Herpes,True,474,355,2fcdc481978afa35e49bc1a03df75af3185fe6ead1b911f12570f33d2118f758,284d99a19307efd3,168.0745112022345
Test/Herpes/Herpes (75).jpg,Test/Herpes/Herpes (75).jpg,19537,5d9d4929c76a3bc2cf785687e3de0f773b884b0730f6f4ef31259309ea139e36,Test,Herpes,True,474,469,bf04fdd8f23d2c16bf57cb2c1944a74f06d6b9df5568e00bd4d71c54bbce7703,64cb4b3c2637aa55,112.22373665128247
Test/Herpes/Herpes (76).jpg,Test/Herpes/Herpes (76).jpg,30984,827b4557ee7d78c2210743880b2e732e64d12845b57ac79a01627af91ec55b01,Test,Herpes,True,474,368,96543abfc575d864d37656a1b86d150b7282c010ff4c13b304927112e4897ca3,4c9a237146e05feb,152.1058234727573
Test/Herpes/Herpes (77).jpg,Test/Herpes/Herpes (77).jpg,25342,01ac1a133a3e32b4f1a9dc7adebb0515b5812db0363a68260b0f8d29ba6bdcdf,Test,Herpes,True,474,315,5b934a6993be935df114f72f75454c5019342680c3a2d0230a8f169e3c4d7497,e5e1cb8383523e0f,123.05959413301186
Test/Herpes/Herpes (78).jpg,Test/Herpes/Herpes (78).jpg,54667,bd5f866b2f1855fc7ceb319b19c895987daea8c3a8af77e813356803942a4aa7,Test,Herpes,True,474,710,ab105643f0d6bffcb20d85db5c9605eb5238a6be9b5d983eaa680f15f298604b,cc1d30fd0dc03fc3,168.80351815534559
Test/Herpes/Herpes (79).jpg,Test/Herpes/Herpes (79).jpg,40074,8e5b4f4dc38e1bb774e60810aba8620a1bcad72f192de12f8a9edb8e9a8b507b,Test,Herpes,True,474,314,f9eb568e486b41ef05d29e3f0d89ef29d4d04c2467ced9cc7bcfd9b032acc4d6,cc6b0deca9c33519,180.88492703378216
Test/Herpes/Herpes (80).jpg,Test/Herpes/Herpes (80).jpg,3998,c6cc19f7d32dd425f7abbeeb90c3a9f54117bc2e480a191cb6a646f1196f64ee,Test,Herpes,True,194,259,f27b6194e803b7263ab7d0f06827a344158850d2e6886caf312f96dfeaf5f14d,3dfef4f8e0e00183,170.20254348604865
Test/Herpes/Herpes (81).jpg,Test/Herpes/Herpes (81).jpg,3191,0ecc12c703bbcfa0328c248066845c3f244e95d291c0f23b17e3990bbc8b7e39,Test,Herpes,True,293,172,8aa46c66a9e311e1416e54ce5e8a44e3b7e69e5df8a2492cfe19f0cb776710a9,27ff2f566a60a403,149.76301690610367
Test/Herpes/Herpes (83).jpg,Test/Herpes/Herpes (83).jpg,3609,4a07f7ee12d9e868803c9d2458c0496794c09468ba8f2067ffc2a118f01339c7,Test,Herpes,True,275,183,965b2dc87b93b843b34eafd4893772deb6f227f5feb46b26068328835e0bbad8,1c318e79e38e3939,88.07723795330352
Test/Herpes/Herpes (84).jpg,Test/Herpes/Herpes (84).jpg,5200,f2ced42006fe82191246570d9b44182cc855d73e25289408d586a28a8258d8f9,Test,Herpes,True,275,183,4a684a2a6a28e4fc6ab8710fa8063487f2a4dd270eab8063f8b5480ac73ebdb6,3403999dc6c3e9ab,142.43711872826626
Test/Herpes/Herpes (85).jpg,Test/Herpes/Herpes (85).jpg,5708,a39e2743f00ddb290e311dba6e2a12daed30614b4feb53355cd47239a0b68a28,Test,Herpes,True,288,175,306dae15b09c682e368ff8588e41776dea4319dd51452407035c87c99296f4d9,9de6466913392397,149.4600992063492
Test/Herpes/Herpes (86).jpg,Test/Herpes/Herpes (86).jpg,4689,30d88e807818a41b6c6267f5aae15b3f938c2551166c520774f24bf6eaccf29e,Test,Herpes,True,339,149,5f6c1ca4051d30bc7e9121204957a020e3e7c29bdc2bd1645982c5b04bb2437c,c12fe000af7d867b,125.48070717269506
Test/Herpes/Herpes (87).jpg,Test/Herpes/Herpes (87).jpg,4628,6b3f529d7ce7ba53e33f37c31335b47a2caf51313fac1baa0e529965aedba61e,Test,Herpes,True,275,183,a9766a9c96405958ff3b10e4c68380b8afbcfbca3b8c67f0cab740f933835c21,04ff01fe213b0fc3,179.69043219076005
Test/Herpes/Herpes (88).jpg,Test/Herpes/Herpes (88).jpg,2953,376b57c7712d6c1967cbb4eff5b055b8b30815f52d925d9a0ce6419ed7788818,Test,Herpes,True,300,168,5a07994cced3e9fa33dd79d44cedd7ad0d0e25a9d29ca9ea0e19e2ab2d10605a,5e0f3e0c062c3d7b,139.72363095238094
Test/Herpes/Herpes (89).jpg,Test/Herpes/Herpes (89).jpg,4500,2f2b194a1c7bab52aadc67ffdd2ed60ea93c6f471c494de2abd69ede6d87abe9,Test,Herpes,True,258,195,51fb1a4a6a96d6be8592278165d984ec566e4f069ea5dd77129b52a58b89bb8c,83d65ee17c0bc155,107.99338103756709
Test/Herpes/Herpes (9).jpg,Test/Herpes/Herpes (9).jpg,195195,bbe7342b7f411f5f7f5980fa3bc0eec540aeca521356e40aaf288e8d81835edf,Test,Herpes,True,1366,768,3e648eb432b24d1a1cd1255665082762c2187dd12666f5ad3d9fff41c3383ce9,c6234af65a767521,90.54175054904832
Test/Herpes/Herpes (9).png,Test/Herpes/Herpes (9).png,514369,98d293d9429ffe6ed450c57448a1da0aa628cebd29c6d339c33211143de5a102,Test,Herpes,True,850,429,72efe317ad4b6834f839e49298d5286567b275ff0b5e8e322612964b23f9483b,377d33064ce92725,128.07044563279857
Test/Herpes/Herpes (90).jpg,Test/Herpes/Herpes (90).jpg,5545,230f25c9402dc8fa6004abe6383de047d212af42a4c3ad0afd451d424306069f,Test,Herpes,True,235,214,887964f053fa815c30a75a50a477562985d4aa11aa738a46bd1899aa35352329,e11aabb4a5990bf1,183.7164843905349
Test/Herpes/Herpes (91).jpg,Test/Herpes/Herpes (91).jpg,6139,463bfd3239aa4ddcf61548bc0181d8da4c3c9680335ae90c554bd06fe2c05564,Test,Herpes,True,259,194,7d69e6b66edc0d800f3a490307280ed2a60935813744105d414dfe44dc2f9648,3d0cb3669cb14b4b,120.14430999482546
Test/Herpes/Herpes (92).jpg,Test/Herpes/Herpes (92).jpg,8063,2d01910a1ac2de543c991b500e83df9ab889473b97a3d2749f24e17a65637bab,Test,Herpes,True,309,163,010784c372996ead0be191b19d815a6eefeb2126331c920a66ab05294eebfa20,366696749e8c4e2b,156.22290388548058
Test/Herpes/Herpes (93).jpg,Test/Herpes/Herpes (93).jpg,4020,9c9639a38d48e2573b02664cedebef2a99f5a7ba7f3f6368740b76d44049b3f1,Test,Herpes,True,229,220,3ad7a6268d9e2b28a2317a965ee9f7ab12154819e6384de97aa06fdcd4cfb86c,26115b2cafb554e9,124.92810639142517
Test/Herpes/Herpes (95).jpg,Test/Herpes/Herpes (95).jpg,5303,b9477a65a321bab003512d01d04b93831be09034d09749bea46d369f8564679d,Test,Herpes,True,301,167,3ed18b43f906daeebaff80a56978df8049895d5ffffac729028db3b5fe5a66bb,eee638aeec310159,171.1301251317962
Test/Herpes/Herpes (96).jpg,Test/Herpes/Herpes (96).jpg,5675,f3734b7846f23a2b96bac072c273b4ceffbd6aa217bbecd85c6d53de024d8c96,Test,Herpes,True,218,231,81c29562bb21854557914f68a74b4ca1997f7c44f2883f61a97d65d4201eac41,79201f9f80f4bc27,133.67609913022758
Test/Herpes/Herpes (97).jpg,Test/Herpes/Herpes (97).jpg,4098,b561dfc8bb845fb11b6c60a03cd76f6ff67ee86837508b1642acd9abda6b09ff,Test,Herpes,True,277,182,2d5eedb0e942d4aca2e196d13e889d3256270454b9eea0a4227ba954fa9e8ad8,fca65e1cd8e87403,157.54340064267862
Test/Herpes/Herpes (98).jpg,Test/Herpes/Herpes (98).jpg,6210,d8529902a8b09c3dd5d14c0f3db1c0ffdf3a684337fe14b476eecbc2563e21e0,Test,Herpes,True,259,194,b2b7ddcf78e2429a5663495fa44c1569d8667a50df79e803922d34f12c58e6f5,9512ed14e67901fd,178.72308243442265
Test/Herpes/Herpes (99).jpg,Test/Herpes/Herpes (99).jpg,4060,5867435ff2bde4ba9361be6c08a377fd58415d43a033f5d2dc80f5f3ff4ed7d1,Test,Herpes,True,288,175,3221dbb181ce36c547970dd9b501e9fe9f99dcf3b9fbe6fd1cacd84ea78e1748,b3c61bf29918cd0d,175.60545634920635
Test/Melanoma/Melanoma (1).jpg,Test/Melanoma/Melanoma (1).jpg,252740,224e23275bc9c65d3232f59e376ca19f7cc3504ca11d301940be3ead49f647d5,Test,Melanoma,True,600,450,fefa7939ee63e1062c1a22d396929af3c76ddda61a184e78c2e9a22b21e42f81,963632497359cca7,154.91571851851853
Test/Melanoma/Melanoma (10).jpg,Test/Melanoma/Melanoma (10).jpg,334017,06e6a97cf4f334c65056fb93af07ed0a1c8faaa01e67489d9a7bece378a6671a,Test,Melanoma,True,600,450,1b6a8e1490c1b4726e144a7fde9a952d97580fe363985b2f17c6d611e8c96fcc,d9fa65eacda01701,125.73355925925927
Test/Melanoma/Melanoma (100).jpg,Test/Melanoma/Melanoma (100).jpg,285539,897423eba50712770e95a163b54fc356ba37551e4d17ef07632c0eb773f8156a,Test,Melanoma,True,600,450,00e79d90ec673904898fb8be9cf4a525657e5d27e4249973204d8727d4fd4db9,986c63349cd3792d,171.17090370370371
Test/Melanoma/Melanoma (11).jpg,Test/Melanoma/Melanoma (11).jpg,299094,a163464cbe6e6281ee8b5a6a689b8986160a26d4c9d5f5c8bdc8534c011780c6,Test,Melanoma,True,600,450,2b299645a32bcc7fe4971904546460a2187a2294a964309f52e41e0eaa74cea9,391ce0b98d03b3ed,145.03646296296296
Test/Melanoma/Melanoma (12).jpg,Test/Melanoma/Melanoma (12).jpg,307485,52e6bc60448532a3e46dba406ecbb7e806f7e67da66d1267587dc39ecb7d7326,Test,Melanoma,True,600,450,2421bfe10cafbd4ad2edd195fbad30b00c204e62d0423b829db77a1009a75edd,192663dcb65949a7,181.63026666666667
Test/Melanoma/Melanoma (13).jpg,Test/Melanoma/Melanoma (13).jpg,271106,c8761539b8c38c1dfb6d4c667c6ae6c7e49bf298653eb0e329e4a69cb9406ea1,Test,Melanoma,True,600,450,9c38ad60ae20f0f79ad9f07beed89d9c28150aa3dbbe5d8dbbbff88453aae63a,1ef22929e94916b7,158.8780888888889
Test/Melanoma/Melanoma (14).jpg,Test/Melanoma/Melanoma (14).jpg,324171,146ca8cc2b54a5fa68bd2f5ea547e5eb6b72cb4319d04ebba946317ccb61938c,Test,Melanoma,True,600,450,27724d11eee85081e088bf8c5a38ac8228cda13c868d5a2c633d5ad425e9878b,f3cccc2d317103c7,111.28342962962962
Test/Melanoma/Melanoma (15).jpg,Test/Melanoma/Melanoma (15).jpg,312021,382f17b1de0d37123709aca54d5dc4d6ee414e754b9167d3b6cd8b7bb93fbc9b,Test,Melanoma,True,600,450,caf7ff6e3fed22d88cf45f0770b8ef0d268022fa9d74aaf88531a6ca9fa838de,fc0c672a9d81e927,154.2269037037037
Test/Melanoma/Melanoma (16).jpg,Test/Melanoma/Melanoma (16).jpg,271585,32fa4ab8d82b9e7e58b95220f02c4875524e3bef1392c7b2c32670bd0008292f,Test,Melanoma,True,600,450,89184cbc8a099a67258889de1fd92a53ba00cfb3f02e24817db27da779caffb7,9a5acb1989e96627,165.5389962962963
Test/Melanoma/Melanoma (17).jpg,Test/Melanoma/Melanoma (17).jpg,288038,1e5eb12e43d5d4d45c8d0d063312307d2506bfda13cb83681138bf52dfc93dd5,Test,Melanoma,True,600,450,04dbeb46bb454ea521099b2fdc9a2378cdae3d40497155cf3a56812f109d5f4a,55ca1504df307fc9,146.1747814814815
Test/Melanoma/Melanoma (18).jpg,Test/Melanoma/Melanoma (18).jpg,288034,5e27ac2f5a8175d2fe3f5ea6b1e1fd0295be42c2db6ee3518f36cd9a9579e6ab,Test,Melanoma,True,600,450,6c4d16e75ab33e6d5f3d1a2501f277a8be28d13b92b181fed3e96fa0e2b0be73,ae26e64c9933e689,136.1494
Test/Melanoma/Melanoma (19).jpg,Test/Melanoma/Melanoma (19).jpg,276120,d69206de1297f3f6aa9ec34a39582f4ef4fcf4446df1366aafea5acac179984f,Test,Melanoma,True,600,450,d7638c2de1bad1eca04a28424ef08912aa2afc99ca94c834fb61de370a04a2b7,4909cf869b7ba385,136.07211851851852
Test/Melanoma/Melanoma (2).jpg,Test/Melanoma/Melanoma (2).jpg,342746,6e0e16d97fc52ce285881d88d4f81c700825d3da27872681f175ed10476e134a,Test,Melanoma,True,600,450,fa50c236c6d97ff6b64b097241155afe56efc062f87cda7cd55c2bf1555b3fe5,089325e3f9e1933d,147.6474851851852
Test/Melanoma/Melanoma (20).jpg,Test/Melanoma/Melanoma (20).jpg,285691,fad74d18f4ec4b49fb005094bd48aabf3e1e42160e8966c590455e6fda5784b2,Test,Melanoma,True,600,450,bd5bf401076004e1c33704b8dc0a9afbbcf3933ecf43368e0f4d41baa10588cf,3933e9d3c3492c87,185.40777407407407
Test/Melanoma/Melanoma (21).jpg,Test/Melanoma/Melanoma (21).jpg,272185,b0fbe49c3fbd83175c594bd36673ae82245e097677810545242d45a7ad74248e,Test,Melanoma,True,600,450,45088450cc712419e45737d17d4829b3032f657561804790b1b762606d743e55,77e6e6929b193025,166.2383888888889
Test/Melanoma/Melanoma (22).jpg,Test/Melanoma/Melanoma (22).jpg,276878,5f0d1d669e2d5d8f3a9ae5e1290cebd0843f8004190d9cb3c56aac3ced9aa79e,Test,Melanoma,True,600,450,095c8350f6bff29e00c16e1f8e28e9199eefda84cf786a35e84b1aefb3eb2d35,990326e6733a55ab,139.1019074074074
Test/Melanoma/Melanoma (23).jpg,Test/Melanoma/Melanoma (23).jpg,266101,1c1b3ea10bc9fb93eaf70f2a1ef9651d49aae00b540ddd3f19675c25c5b850ac,Test,Melanoma,True,600,450,dd82c88d632a13941b6fa26c53ab6f2140e3fb6bff65d49b72a070f714ee7cad,f34bcc2433b14ccd,149.10086666666666
Test/Melanoma/Melanoma (24).jpg,Test/Melanoma/Melanoma (24).jpg,281484,4eb42f1c7f6c23554c01dea00f600ad0fd7d3f03619d486d4c7914be8cb228c7,Test,Melanoma,True,600,450,096264c010b37b91ca5e9442b414184d001f16ac9cb210227494377e8fbaccf0,830b8fb30da1787d,109.9801
Test/Melanoma/Melanoma (25).jpg,Test/Melanoma/Melanoma (25).jpg,286002,47d1270d5d1211abe2ac1b7a71389f62ccf92d3bfb59daf0e5d7da8563ed11a5,Test,Melanoma,True,600,450,1e55b6ceb4e2f21b7a01992894f7ccab768cc3f7f7115c8a2ecf0bab4310bb10,c4b28c397cc3334f,150.29314814814813
Test/Melanoma/Melanoma (26).jpg,Test/Melanoma/Melanoma (26).jpg,237139,276663d6975c946555f989f91686e01649cd486d03e5beca8f4f337dd2f1aa7d,Test,Melanoma,True,600,450,56ec47212220680b6aca718daa0714b4f523d1dfd39d220fe6a287b2b6cd420a,99f933e4cc3b2445,180.49553703703702
Test/Melanoma/Melanoma (27).jpg,Test/Melanoma/Melanoma (27).jpg,328034,7407b4c7fbc742b387c298b7d42921311e6d3dfa160237c249df85a1238e3e0c,Test,Melanoma,True,600,450,03219e7ec2cd3da3a06e5457244771943fca09c1cbdf956340d8698af354401a,65685316bcb1634f,171.20541111111112
Test/Melanoma/Melanoma (28).jpg,Test/Melanoma/Melanoma (28).jpg,300403,2bc7ef94af8776d5a597e6ba8caa2b319b9ea689539327dd8ba7c813f2d18fa8,Test,Melanoma,True,600,450,a9b75f2cb3ee25d82a5935096551ed293760853bf6a27ce3df2ee2d9f276be38,cc28932873b36d8f,172.48585185185186
Test/Melanoma/Melanoma (29).jpg,Test/Melanoma/Melanoma (29).jpg,291822,270ebd821ce381253d9cc619d3d1756b247b02ae46e94997f9f4249a3fcf7d83,Test,Melanoma,True,600,450,42ed0a7bea4970c9b223ef4785f7f44b6a5402974c1c8d2cf020b56c1e978894,26e63939e3d38c0d,162.30464074074075
Test/Melanoma/Melanoma (3).jpg,Test/Melanoma/Melanoma (3).jpg,303435,82c1a091885ee44a6da1e926fa6fd70a2d242e2aa114f40de9318b9b22ef0648,Test,Melanoma,True,600,450,4c53d3f4f76d7126f6c2c35104c490a2466f7cb74349e6f76d34a4cb0dcafd9e,f292e46d18c3873d,164.7530888888889
Test/Melanoma/Melanoma (30).jpg,Test/Melanoma/Melanoma (30).jpg,275996,bca8348571ff7ce92bf1b276e4eb49bb539e08c377e49997a87b3a6af82acfb5,Test,Melanoma,True,600,450,cdb9828a9ac35447bec2d151653bba634a5adc9a8b25ea7cce27ab2a0b8ce8ab,c70e6c521b63e70d,177.0723851851852
Test/Melanoma/Melanoma (31).jpg,Test/Melanoma/Melanoma (31).jpg,267310,43120d9d0a3f3e7c55489b9f0c6d373e79ca2c95118520c59a3cf417f79bf26c,Test,Melanoma,True,600,450,65c43c9be4aca2e6cd2ca963f2a62ddfccde1dc86071f87dce1ae4a2ea594b53,1a52bce9e8a71359,130.0389888888889
Test/Melanoma/Melanoma (32).jpg,Test/Melanoma/Melanoma (32).jpg,312655,681c8889cc3d4fab379fff4ff83ba09e95a6cfd6b43fc14d670a0a999ed192c3,Test,Melanoma,True,600,450,c5a904a98f3640f3cb0e780dc6411787bf3174e574cba8578bc1cd190323acea,e3cccc2d397103c7,119.97233333333334
Test/Melanoma/Melanoma (33).jpg,Test/Melanoma/Melanoma (33).jpg,315753,82da2a0b1222d18b57e47c7c29254492bfcc38f0a778687ebfd967f6a5da8f4a,Test,Melanoma,True,600,450,039ce832fc917682eaf4cbe2594667b8a3a39a32586edfb54c89bf4b31c52177,262cd3964d59b785,137.2146148148148
Test/Melanoma/Melanoma (34).jpg,Test/Melanoma/Melanoma (34).jpg,270662,08db9ddfc4b986982aa05d0fa00f4e35b8406873e5a270857e192ec52e5533f8,Test,Melanoma,True,600,450,d2f51dc5ca493ac7d7998e7e4ea3e24b9841dfcdd49abbe04e457a2b1e41ad38,648972c42be6b9e3,122.03495555555556
Test/Melanoma/Melanoma (35).jpg,Test/Melanoma/Melanoma (35).jpg,325147,2aa16732370a15383994f9d607a86863fdcddf1805b6dbe9ac9797e80c849e5d,Test,Melanoma,True,600,450,4d88bc8ae65385e0c8fe48ae4e05f7af1ff18891c7ab1f15602f08d8f9a9de6a,8cc3f31c0ce36c1f,144.1132925925926
Test/Melanoma/Melanoma (36).jpg,Test/Melanoma/Melanoma (36).jpg,267032,0ef8f85cd621c843a038b7cd80ca1af13f800dce6ed673d838607eb9d5b5c710,Test,Melanoma,True,600,450,0074a29c4293cec938979fac01b318e053fa4be7b82561ec6f07d00d5104f688,42531d1893e5bc7b,140.72673703703703
Test/Melanoma/Melanoma (37).jpg,Test/Melanoma/Melanoma (37).jpg,232419,2416de747766d35b0fb6c1d2f3dee93dbc9fc48c15e5199773b8f2e8645357ab,Test,Melanoma,True,600,450,df5bc2162a97ee5d220c9e535fcc712d44545833a6ed2f6b6d5d69640bf6dcd8,b1134ece9133cccd,140.12704814814813
Test/Melanoma/Melanoma (38).jpg,Test/Melanoma/Melanoma (38).jpg,234055,2081fb3ef8cf381ad4d342f95e716e9c704883b8eb16bb272f9f6d5a058ac05d,Test,Melanoma,True,600,450,f43642c149817a05371f0688296c113596de45f507fc3facad9a9bcf4eb88c63,91cc1c66659b9a67,182.58945185185186
Test/Melanoma/Melanoma (39).jpg,Test/Melanoma/Melanoma (39).jpg,261897,690dabead2774b64e0beba2c6ed1537d7b1abd03fbbb5027374e13d7e020e892,Test,Melanoma,True,600,450,90fc50b981b4268b1768554b0677aae4f3b70d88951405e23656f4cc2a7db694,2793586c4793996b,146.31286666666668
Test/Melanoma/Melanoma (4).jpg,Test/Melanoma/Melanoma (4).jpg,334736,8d1317a744b2cd78740ae40380ca0b36565789a38cc51db889fc1f1233838565,Test,Melanoma,True,600,450,535dc4b03cb2af1e9b04aa2ba06679ab6cd740d111d1fe73e2441d1006b8c412,d9ceee92b481cb03,153.4122888888889
Test/Melanoma/Melanoma (40).jpg,Test/Melanoma/Melanoma (40).jpg,229884,fe2e936f71d90440c90ed514edc7120844a5a7d590dfe81b266ff33a02f9dff5,Test,Melanoma,True,600,450,99f5ec4fca9a4bdc95a8a16bfd15af67d121b3ca3603cabb0a70e7da95b800c6,230eb364ce3333cd,148.6059111111111
Test/Melanoma/Melanoma (41).jpg,Test/Melanoma/Melanoma (41).jpg,279041,55b4d629368578aed47b02df079c46b921c40120d2189de4573c33efb1b1cd0d,Test,Melanoma,True,600,450,5ff3a3c401d1e8c46c74fa6b80659813b3c5f5117b3169addfe25591540674c4,fa5053ed290ba655,137.72374444444443
Test/Melanoma/Melanoma (42).jpg,Test/Melanoma/Melanoma (42).jpg,270894,1e4053fcc7493adb70dc26bb7db3be33ae36de5ad7d62c5e00f2e29186bcb78d,Test,Melanoma,True,600,450,9dfb3bb6e1c3167386032eea40683bf974289fe1dfea20190b59d1ddf6227c09,66eca49386897967,155.6187148148148
Test/Melanoma/Melanoma (43).jpg,Test/Melanoma/Melanoma (43).jpg,256955,917f97c03bd70fb5cf841ad49cbf490208a581b8d3bb4dabb8a9f4637008e61d,Test,Melanoma,True,600,450,10c3259f5fae1f012e8eea7e2708abf1701941e132c31f5346bed19add0c872e,22b1a3c50387737f,66.77728148148148
Test/Melanoma/Melanoma (44).jpg,Test/Melanoma/Melanoma (44).jpg,258962,a79c6fad27160a9e6b454b721e0f5897f08b087897aa63ba193d30c856b3ef74,Test,Melanoma,True,600,450,ebc7b32ee620194e093b7e86ff1245cfb305ba7bf81ad3262b5df89c6c983ca2,a69931669c9b3365,140.79635925925925
Test/Melanoma/Melanoma (45).jpg,Test/Melanoma/Melanoma (45).jpg,188303,232dcc609396c25e179985126f1d6d6e87e6a20055b031a1ed5bffa5640bd1fd,Test,Melanoma,True,600,450,9a6cf9ffc76dc36ace6ad4f345a511088ad6ed80396f38e030c182a5ec4c8a9e,31b3cccc1331e1eb,172.0164074074074
Test/Melanoma/Melanoma (46).jpg,Test/Melanoma/Melanoma (46).jpg,247099,2e644ec83954a135a2ed2961740dbde1b81ed134fc79b79fddc47b5839f5bccd,Test,Melanoma,True,600,450,a2bb1892fad7d6ce7a1ebff11240917ccef935946b8fb8446b463675d2ac0a84,67d29c2c56d3708d,160.78455925925925
Test/Melanoma/Melanoma (47).jpg,Test/Melanoma/Melanoma (47).jpg,363009,b8b83f3db826a330a93906c1cd0cde17c90ee27b3955bacac51426745453c4f2,Test,Melanoma,True,600,450,34ba820ff37e33602b73bf1d64265d559378f0a8241c50e9c50ba4dbcd04cbcc,d5a97a01d5634a57,103.1591074074074
Test/Melanoma/Melanoma (48).jpg,Test/Melanoma/Melanoma (48).jpg,198490,ce08bfde0d71fc96b40299c710f30f6bf4fef232c42de0c3557a3cfce0d383cd,Test,Melanoma,True,600,450,56962e59e6a196fb78dd3c88ea6d6df009bc662cd3f825ff18a8b5d170bbeb90,868eb39c6953e427,149.56636666666665
Test/Melanoma/Melanoma (49).jpg,Test/Melanoma/Melanoma (49).jpg,281255,15374335582d09e38076f9ef368a31188b697edc5c9fd460d545cef3fc4b94db,Test,Melanoma,True,600,450,abca1d956779de1252f3584e9ea4c5059a252b1f80e9f9282060619848fa0950,94314bac5db235ab,133.7712148148148
Test/Melanoma/Melanoma (5).jpg,Test/Melanoma/Melanoma (5).jpg,292728,afd4d38a37909a45daa4998109a93b588f33b62bcdb0418be6aedb8973d7f489,Test,Melanoma,True,600,450,18d8e47677246026e25761c8166d0d5a9f298f247f8c07954e273c7df16934f8,66633c0cc999366f,177.9349222222222
Test/Melanoma/Melanoma (50).jpg,Test/Melanoma/Melanoma (50).jpg,229857,e22427d9a3f91adf481389da3f35c9e99a147e9ae5035248efe3b635c8cee596,Test,Melanoma,True,600,450,aeb2e499c2005b428ae4020002d60f2aebb7c6ecd2410d47a7ea44c41ee88d99,11efcb3820f3618f,132.70064444444444
Test/Melanoma/Melanoma (51).jpg,Test/Melanoma/Melanoma (51).jpg,280156,bc35ebe1724062033a1fd5eb0e51e2ca2e15ebe9999f30bfec1480e8a41336af,Test,Melanoma,True,600,450,7fd3c8349ac7b4ed684bde3b14f2c4ecc3e8bcc591e7038ed3f33c9a9605199b,e33489a3dc33370d,132.58066666666667
Test/Melanoma/Melanoma (52).jpg,Test/Melanoma/Melanoma (52).jpg,284498,0d5fb725c9ebf6e0e1a8637ca6b28b536b3ca78b1d6769972e0633e593655c0b,Test,Melanoma,True,600,450,d3723d7a0d4a71f1f864ebfd195dbd9d8a3bcfe62502b907d8b135faa2430d36,464e8e329c99738f,151.96556666666666
Test/Melanoma/Melanoma (53).jpg,Test/Melanoma/Melanoma (53).jpg,383335,3c85ef798b94963064be9066a2f83c1f2282fc2bc27cf0b48c9f107dfc700a25,Test,Melanoma,True,600,450,4423db054e43de2bad14e8dfc00c86e9f3c05f0d10acaa3dd6e78eaaae4e065c,6758a6d3a7029d2d,153.7135851851852
Test/Melanoma/Melanoma (54).jpg,Test/Melanoma/Melanoma (54).jpg,273139,e05fcdf763e634928e8da6432af39f22d93cda06b6a00452d9bc51d9a5cf67b7,Test,Melanoma,True,600,450,22d21a7c8061dd18a0b3f87425298145cf33590999c86b3734eebe474399250b,f10cd29e0cf3730d,167.42481481481482
Test/Melanoma/Melanoma (55).jpg,Test/Melanoma/Melanoma (55).jpg,241647,f4d1cafc134d9e769957d751c3d4ce76ad0701004949f918674eed3e5603f6e3,Test,Melanoma,True,600,450,00dd165c2ac0fa233f1f96a05af8f0fe65d765d0476d84c009a3c096154a81ab,ae61c3cc311346ef,181.05262592592592
Test/Melanoma/Melanoma (56).jpg,Test/Melanoma/Melanoma (56).jpg,327424,f39312725ed9e8b7b640dbf2cc79f9ce2002633ee16f687e89cda56804dd184c,Test,Melanoma,True,600,450,b3f9540cf5037e40a9bbafaf56de5b66b7451e2ad0142597fbaeaa9ddbb9c357,cd7e2c78f0831335,155.9103925925926
Test/Melanoma/Melanoma (57).jpg,Test/Melanoma/Melanoma (57).jpg,242701,d682d44ed9c33f5a334446ecb3337b4eb6e958ac5bcb5b4427da127c391b6e6e,Test,Melanoma,True,600,450,d114042664df319f49c3abc5fb7c7e5c092453c392b4f929820c1e0bcad4dfc6,ce92394ccc8a75ab,154.74557037037036
Test/Melanoma/Melanoma (58).jpg,Test/Melanoma/Melanoma (58).jpg,310352,84f1f2e46d038f51c475a6846dcdcbbca7420be3e1f5cbe4141e2617f73b67e6,Test,Melanoma,True,600,450,9df074bc14c38aecdb2adcd71f79fe9023c632e36cdbc29db38c5faa29d6ff79,734a04f6fca9134b,138.90605925925925
Test/Melanoma/Melanoma (59).jpg,Test/Melanoma/Melanoma (59).jpg,306365,dffc5be429d1e3e0c5e84be345666e43db284a512f7f02bc4e4dd5c19ec359bc,Test,Melanoma,True,600,450,f8f8dba8b07c5a7047a931c0e15f8bf291d895a570d5474e78b27f3d20054381,a493ac76e9f20b89,129.66034814814816
Test/Melanoma/Melanoma (6).jpg,Test/Melanoma/Melanoma (6).jpg,292458,74e4077061c9b865e0fe2c7019e5273a67b6992f23180401de49ae29e912b415,Test,Melanoma,True,600,450,b22d567a02dc7163c5049f21efadf9a276cdac0cb1c1b56d3ffba21e7ac1fcd8,33196c332673d98d,165.4534037037037
Test/Melanoma/Melanoma (60).jpg,Test/Melanoma/Melanoma (60).jpg,313208,4337631b32d3318e989b59967b108c7944a68c188925a083775d7264a78120a7,Test,Melanoma,True,600,450,e457d084b530a67921fb12ad16880552a5f350f08efa00eceb7f56a53d8b2d03,839a66669d98fd21,159.4197
Test/Melanoma/Melanoma (61).jpg,Test/Melanoma/Melanoma (61).jpg,255686,731f33f25feb181a001f42e5ab30ab8c1ef5e8de2a771bd2c7fa3e4ee6906488,Test,Melanoma,True,600,450,58c91fc72dedca23a080a19af9ee840efd6216537d1331dc3e9dd673b6af0640,792696344c79338f,158.8352111111111
Test/Melanoma/Melanoma (62).jpg,Test/Melanoma/Melanoma (62).jpg,276549,3292973035a25c2a3f515b7e97f48976b00940b794d8532113c864d1d368ced8,Test,Melanoma,True,600,450,34bd710854d5b6707a2194dbf519b5528e21a2615da97cb6b8ade84ee3da5bf8,6489ccd599996765,169.8193037037037
Test/Melanoma/Melanoma (63).jpg,Test/Melanoma/Melanoma (63).jpg,289427,9db0542898ace936d5c95959c3b1b6967fa62e011f8e3777232c6e8a7fda5142,Test,Melanoma,True,600,450,2d1836bc0800c50ee0259998bff504f87154b6c915b03ee8fd20421c3e49d3c9,6c2286ab0dc9dba7,168.5666
Test/Melanoma/Melanoma (64).jpg,Test/Melanoma/Melanoma (64).jpg,317117,391ba4ee55b84f668a60446235e0dda699555f517b5a6f2e690257aaf876252a,Test,Melanoma,True,600,450,f248487e88f302912c004b5762d02f52210141d848104580d41e841fde27649d,9cce33324d799685,146.01472222222222
Test/Melanoma/Melanoma (65).jpg,Test/Melanoma/Melanoma (65).jpg,362022,fd939c8157a8554241c2aa53345ebf09d85aa7194c82ace90597e08d65e69eaf,Test,Melanoma,True,600,450,88c291ddf5861631be9fa9d05bf8e374c7d6cee399f5bb3c667abd89bcb41db8,d3e22c0c5322ffa9,131.03698888888889
Test/Melanoma/Melanoma (66).jpg,Test/Melanoma/Melanoma (66).jpg,325907,fcd61481f1a4104c443f250b2fab271b5d6f2b83f722a0624f7423173a4ba4e7,Test,Melanoma,True,600,450,7799f86d813dd80a3b1629e02cc17445eb973916829ab81467561abd3d72120e,339ccd6926e1d907,157.33708148148148
Test/Melanoma/Melanoma (67).jpg,Test/Melanoma/Melanoma (67).jpg,362098,32869851167dcb68d197564ab1b69976143054499186d3afd7052e182d53d374,Test,Melanoma,True,600,450,e7ad266e019a9e6f22b4e7c40a869925575093160472c05b804b68d559da0455,a56c9f506983da1d,131.6929037037037
Test/Melanoma/Melanoma (68).jpg,Test/Melanoma/Melanoma (68).jpg,224155,b72ef0fe9470b2bba53e3de98e41b85364b84a94f3881cf8a8c59312c182d8e2,Test,Melanoma,True,600,450,746d3913961bbedecd5495d902fe6ca4b20f16eca0f067439a07ca5b88462aa9,0bd93baee41a1369,135.7779962962963
Test/Melanoma/Melanoma (69).jpg,Test/Melanoma/Melanoma (69).jpg,298540,cc42495a3134888cf66b7f598eea97cfbe3bf77174f60538dfb7fb22047fcb5d,Test,Melanoma,True,600,450,8370bdc0dae35e6bc579b5a6f3e7c65cb3d115130cc5ba554f6a0737605a0fbc,3198338b52abccaf,164.14801481481481
Test/Melanoma/Melanoma (7).jpg,Test/Melanoma/Melanoma (7).jpg,298149,9ff7675e7cf6d4bb75f2b1dacd48a4566f021431a54ec86affb8445469a5acde,Test,Melanoma,True,600,450,cf50b2bdfe4aeb7ffe6ec8ccd0613dca5041ef83d89e2defc131dfa90451566c,4db0f86c83cb7d21,148.3568185185185
Test/Melanoma/Melanoma (70).jpg,Test/Melanoma/Melanoma (70).jpg,278041,4a5504970a2971e43c38d5409e1f876d150639a64449488ab16e0ecb9a096b96,Test,Melanoma,True,600,450,32828f3dfbd8684659d2fadfd80cdeecb5b50f7bbdd0becba9845aaeb33510b6,3d618f8c894b7335,165.56688888888888
Test/Melanoma/Melanoma (71).jpg,Test/Melanoma/Melanoma (71).jpg,283438,0cd293d437778513ed857e9c94f13ac223f70b273ad9525b0c8824df4cd4888d,Test,Melanoma,True,600,450,2918e196ea3cbdff762b6aedfd3a3fca14fc2a6f4bed55cf04b181d4babb757f,cecd77120da1d865,142.44122592592592
Test/Melanoma/Melanoma (72).jpg,Test/Melanoma/Melanoma (72).jpg,312634,319dc883790d68a582a85a4eaac925f092992cb0c0debf19cb19d9369f68b768,Test,Melanoma,True,600,450,b006e4c1d389a38d4d2bee91ba4c7683bb366a8ae11cabbc19c9040055babe1a,39666cccb1196a67,183.03065185185184
Test/Melanoma/Melanoma (73).jpg,Test/Melanoma/Melanoma (73).jpg,206002,6feceee09fca2a42374b1a1059cf9d21a44ea9d6d65e4feaf0030899074b8ed4,Test,Melanoma,True,600,450,a3dfcd9e6fb574613a48437417a3fedf20ed2697daa60c16094f8f3a1ff1b2fd,35ca622c98b3794f,169.0840074074074
Test/Melanoma/Melanoma (74).jpg,Test/Melanoma/Melanoma (74).jpg,332705,624c4b3579fdb1deeb78ba7cda335302f4c97309a5ad9fe099647b5a5b096e21,Test,Melanoma,True,600,450,fd5a0eee40f026d70e9d939f5c886862acb6696c39ab57c1e0255c9de74254fd,c3f3d3815223395d,126.72361111111111
Test/Melanoma/Melanoma (75).jpg,Test/Melanoma/Melanoma (75).jpg,207480,c8eedf3759e295eee2985baad422f61169434b48dfa05fc322b84079cf9906c7,Test,Melanoma,True,600,450,6aa119c4daa3d0017d31d432cb7257a7d27465db163257588d983ed86fdf288c,76a6a626991967c5,152.71033333333332
Test/Melanoma/Melanoma (76).jpg,Test/Melanoma/Melanoma (76).jpg,323239,298f173560ad1bd64d31829ebbcc9a36c3a6c0a1affadeefff17c9c9df48d986,Test,Melanoma,True,600,450,b628a7320e393023215db697628235c3c562e90bcff5d5317d2d3ca269b791ff,cc6e16d4a6e91b23,159.23265185185184
Test/Melanoma/Melanoma (77).jpg,Test/Melanoma/Melanoma (77).jpg,245960,836585021a7df1e83c0f97d9adc09ea30238b27324083fbbb518e0a041994a7f,Test,Melanoma,True,600,450,11349e0e12013c793437891f8bfe538e4feab4afa8c64aa4aa5b0cc9db4e1c48,42531d1893e5bc7b,107.33035185185186
Test/Melanoma/Melanoma (78).jpg,Test/Melanoma/Melanoma (78).jpg,311878,99d81e4566222ff5a0542ae7edda30ce6ecb4999aa251bbfe78df152cb6afb36,Test,Melanoma,True,600,450,4f13287a4e6659734d83f39903b659eb78fe67c90a9e3286f3a9e47278ad4ab4,d26cb6613ca1c15f,130.9741111111111
Test/Melanoma/Melanoma (79).jpg,Test/Melanoma/Melanoma (79).jpg,273409,b8fac9c0b1c11c1493b711c99f13bc0e45640a3f7a143e367eeabe72ff4c0a79,Test,Melanoma,True,600,450,dd9c23bd6216457fdc1a3df5a877c5c03ba62efbb2c203779e972363ccaacb33,03618385670ff377,89.94415555555555
Test/Melanoma/Melanoma (8).jpg,Test/Melanoma/Melanoma (8).jpg,290772,9c6046c3318fce6acce718477ff7c7f3774397f2d91ea782fe61c340a5c09db9,Test,Melanoma,True,600,450,c4690b937d8c04da173d5c89aad96be35b9c434fe5071fd662fde82b531ed6aa,6bb743bb5ac9040b,136.43797777777777
Test/Melanoma/Melanoma (80).jpg,Test/Melanoma/Melanoma (80).jpg,245276,2379438174cfe5a2c56414c3de6ed11dfa93a740e85c443a03677d2ebffa290c,Test,Melanoma,True,600,450,835b846259863d38dc93fc02721619b0db4c54b83e80f2306ec50d298adc5546,0965cea45ab9bd83,145.6599148148148
Test/Melanoma/Melanoma (81).jpg,Test/Melanoma/Melanoma (81).jpg,293803,73bba426ff131e5afba5645d5c3094ff3ce5fc61cc6a342f0628e389f6d9747f,Test,Melanoma,True,600,450,e37bc77c48c8a5c4b74fdb6ac818fab1c6261119c902f7e89293ed585fe22a32,464ad9e0730fbb49,140.69213333333335
Test/Melanoma/Melanoma (82).jpg,Test/Melanoma/Melanoma (82).jpg,251090,ed321fc8ff5d32b2bd9cdf69ab293ea4449e3cdbc666be388b988ffcc3312b28,Test,Melanoma,True,600,450,08ab0e832f02dff6791ef71810c8e0771ab73e7b2b8f19ceaa006d998df065c6,270c1cb601f9de67,155.14152592592592
Test/Melanoma/Melanoma (83).jpg,Test/Melanoma/Melanoma (83).jpg,231597,d930b794a130586637777314f23b1d4fbd45b17077b04ab89ca3469cd5904cda,Test,Melanoma,True,600,450,a63abb44b8cacedd8c2ae21067b251802d5780e3123e15ecc7a9f228db6b204b,91336cce33b3c8c5,167.3178814814815
Test/Melanoma/Melanoma (84).jpg,Test/Melanoma/Melanoma (84).jpg,271459,8c04efbed3733adc8ff4483f009cab02e71adb8e84b85c9719c8ad8a18a7f71a,Test,Melanoma,True,600,450,5db1017fdc76c51353c2ada51d30919bdd99c3b9e1964231130369bc4902b877,c6361979e7c3182d,155.6525037037037
Test/Melanoma/Melanoma (85).jpg,Test/Melanoma/Melanoma (85).jpg,270983,b28658d3a60e227c4694fd1fdb16e626f5abb0fcc836a0155e5d1801c74f064d,Test,Melanoma,True,600,450,f0e1c15964ba8d1129f30a9014d7fd1853fcae82588550f99b8f8361b9091d98,2488d966779a556b,145.74352222222223
Test/Melanoma/Melanoma (86).jpg,Test/Melanoma/Melanoma (86).jpg,330207,c05ace9d3591f3c97860876d49ca74c33d5d1f4db3de6732cbe86692bce6daee,Test,Melanoma,True,600,450,3d45c96ebc72b8935661f8d4257c5faca2aca2f0b6e88ad066a2cc8bc0bd20b5,3b336ccc393265c9,173.22181111111112
Test/Melanoma/Melanoma (87).jpg,Test/Melanoma/Melanoma (87).jpg,306031,1da22c3ba355955ab3307bf82a53139ab3dc78740526c63a68186efdf3d962e3,Test,Melanoma,True,600,450,3e42fb1c42ea4493d8f53de3b005819ab57b0653cf8b4a9f920b1a4ec82480f9,b8cc2332c973b38d,163.3172037037037
Test/Melanoma/Melanoma (88).jpg,Test/Melanoma/Melanoma (88).jpg,205369,a42999c5a09a17e0d799e397aa374238b25636959f05bbd09ec84bfca5ce176b,Test,Melanoma,True,600,450,518c9256b1e224fafdbad580a883d70dc95a51bad14e8b60440d2d2a963e0fb9,33b0d96e3e996065,181.40503333333334
Test/Melanoma/Melanoma (89).jpg,Test/Melanoma/Melanoma (89).jpg,278143,0d159de9efac2facac9912b82b50b0c3a27e2c07241a12b2ed3757bdd06ca1fa,Test,Melanoma,True,600,450,f88b48b46bf49d34889dd4c374a71279da0aaf7c5a2fe052d883bc3a09bf6d81,180bf35b19c3e62d,132.42262222222223
Test/Melanoma/Melanoma (9).jpg,Test/Melanoma/Melanoma (9).jpg,270210,dd4658861ebf6c2e34f5bbd0d45008cd402a5dd5093a667711cbf2fcb13da061,Test,Melanoma,True,600,450,1d274309b901a0d7ff3e496f54672df5fe8219a528a4335075d0f437faada361,e7c46a309ae3750b,152.37362962962962
Test/Melanoma/Melanoma (90).jpg,Test/Melanoma/Melanoma (90).jpg,328604,dba60bf4fff3c2c9c1671c2b5dfca806e94f29cf52bc54432e73a9bbe00fb443,Test,Melanoma,True,600,450,8088a13b6d319b4ee78538ea0aa4c2451a9f692c17f3d2cf41962871d8417f8e,5b8f841a7cc3a62d,162.49457407407408
Test/Melanoma/Melanoma (91).jpg,Test/Melanoma/Melanoma (91).jpg,245190,2c4cf13769afa33eaae7440158f51a56ea1b83570f38ce9ea7fa9fb0b21280d5,Test,Melanoma,True,600,450,31888702648757b401beecfe1bd149f751a941caecb42ae63a3a22e50b624647,361c866cc993372f,158.86687037037038
Test/Melanoma/Melanoma (92).jpg,Test/Melanoma/Melanoma (92).jpg,283696,d52ea4c3d771e02a0fbf2c7012bb732230470fc7cc1b2a43356dbc70daa738cd,Test,Melanoma,True,600,450,c84e9a9089b1f7218582408a8f7e4b866b06ffc15b1f8b7a53c50d4f76248821,8c0b36e6d3d99925,158.23344074074075
Test/Melanoma/Melanoma (93).jpg,Test/Melanoma/Melanoma (93).jpg,234467,29bafdd89521123b2f098ce2e50df52d8c82c07c12782c2151d244dd988b4863,Test,Melanoma,True,600,450,f64fd557b526c4a178ff30cce282d7ee1ff8f48abdb6788258211905763cdb2d,190d29fce603593f,126.79912222222222
Test/Melanoma/Melanoma (94).jpg,Test/Melanoma/Melanoma (94).jpg,251320,293189fb9cba5bb10e20a71438864e8a1812335cb81747e3575a6e5c257c5279,Test,Melanoma,True,600,450,44fa41f98a8b1fcf2a6888f1b58b7932ab69e4ef96b0d25554399c204129726d,0ebce0c6a70b5ab3,143.07471851851852
Test/Melanoma/Melanoma (95).jpg,Test/Melanoma/Melanoma (95).jpg,161805,4d1ff778f09bc0c1d6d5c94d46d925c893a9417a865819e29a73c341a20ef815,Test,Melanoma,True,600,450,2fc7d0c6845d017405024b5475cbb93987098b3329fd7f20c6068b753cdd3de9,9c3363cc8c3327cd,170.53295925925926
Test/Melanoma/Melanoma (96).jpg,Test/Melanoma/Melanoma (96).jpg,332915,695d11ad09e091df1b7df7804718c5765286a18300c235d46d2683188067ef43,Test,Melanoma,True,600,450,b7e6d3c0b90f828ba904ac9a62b073e8b293f6ee6a1ed4cb8184c9d45ad98617,62669899eedb3225,150.10912962962962
Test/Melanoma/Melanoma (97).jpg,Test/Melanoma/Melanoma (97).jpg,279108,825695ee8f9bd407a1893ee8041eb6930409786ea484e15f4e173a4461a96f72,Test,Melanoma,True,600,450,b6c35b187c64ac982bd9a2bfe0b1fe1169c0a4bba616d64b4bf7fc19be8f9397,3288e6b419c3b6bd,187.11558888888888
Test/Melanoma/Melanoma (98).jpg,Test/Melanoma/Melanoma (98).jpg,216082,bc48e7f901437ea5440d36eb5cb4442261b801cb2699af3e5458548c68b3cd32,Test,Melanoma,True,600,450,58079c483f8ee399cbea79a695aa1395a89ce10e0352a6e3068c904ddde509ca,cc26cd986773918d,154.49896296296296
Test/Melanoma/Melanoma (99).jpg,Test/Melanoma/Melanoma (99).jpg,293674,1aece3a16e007721b1d54ea7f1e4252456f3562f955829a657d7ccb6e542abfb,Test,Melanoma,True,600,450,bd273a9d830a1eac32c394b2b2559bcb543d32cd76fcf901bceda35628508456,c3e7190c663399cd,177.95878888888888
Test/Monkeypox/2024-06-27_13-55-24_8174.png,Test/Monkeypox/2024-06-27_13-55-24_8174.png,1239410,62e7ecedbd0763a5e17dec774ae224a6693873001ebe7640331b8acfcf38dc99,Test,Monkeypox,True,896,1152,e1800a943f2778db5b62c9bdabb6ec83cd7eee5fc2b8d9626bc6029e02aa6140,344b6d72532da6c5,62.18644690135169
Test/Monkeypox/2024-06-27_13-55-47_1416.png,Test/Monkeypox/2024-06-27_13-55-47_1416.png,1355739,61ad830fe97eb71ee0727966cb278114fe96c7b77eda23f92b054b765b89c4dd,Test,Monkeypox,True,896,1152,36c203e6eb32b32dfc031a3eb9f39739afb71385d9460630f3bbd042fa84f798,d0a1cfbf21448f2d,87.973387703063
Test/Monkeypox/2024-06-27_13-56-10_7526.png,Test/Monkeypox/2024-06-27_13-56-10_7526.png,1358912,f3994e077990e0f65cbdae7812cf4622dea2a4c3e818dc5f8097feca49d0da78,Test,Monkeypox,True,896,1152,8c0e41a71e01d99f8e6c6d6f4015001ef2f644dbea28809d6510be45222254bd,1742e8355fcaa687,68.46293519035218
Test/Monkeypox/2024-06-27_13-59-23_4022.png,Test/Monkeypox/2024-06-27_13-59-23_4022.png,1172773,1429124e1ec7d94ff578e9dbef2399ce584431905e7d059accc6eb625f123143,Test,Monkeypox,True,896,1152,a6a1f682744b11595413f148c2a2bf778ea9b679bb1eda6a3febad349980e719,138a521789786f6f,68.0736103360615
Test/Monkeypox/2024-06-27_14-09-37_4091.png,Test/Monkeypox/2024-06-27_14-09-37_4091.png,1702718,dcb55ef48240886d28fff3ed791c34fb464499ad70c6c038ccd93ba4d89aed60,Test,Monkeypox,True,896,1152,a2b012dbb1571c163edad258ab1843a9c827b7bff1f911ef10a06513d01bdc6f,35da6996ca211ee5,67.84531172495039
Test/Monkeypox/2024-06-27_14-10-01_4450.png,Test/Monkeypox/2024-06-27_14-10-01_4450.png,1370822,3955670d36caa4e0f6d5c40f64d5de5356b2b9da269539bce4203d026f02a513,Test,Monkeypox,True,896,1152,b80787aad32857c91af732920572ead071ce4305b1ef0d5128f8baf6b2f3fb44,65a6d9a75869a683,81.256592765687
Test/Monkeypox/2024-06-27_14-16-08_7006.png,Test/Monkeypox/2024-06-27_14-16-08_7006.png,1225776,f83948f38aac31d1f7eb016062f8d1e1bd8b47a1f119489fe9ed96610d73b347,Test,Monkeypox,True,896,1152,19f194d8a576c50f71ddab7e357d1747e51745aaeb4a64d98bf585dab2a7c5a9,a99513308fdeb14d,81.69581531343006
Test/Monkeypox/2024-06-27_15-08-34_5633.png,Test/Monkeypox/2024-06-27_15-08-34_5633.png,1317687,579a52c318712a2801ffc3fac226e457b102601c95699b144789054ad68fc354,Test,Monkeypox,True,896,1152,354b8ebeb553a23933995d054ad431dbec567b521a76f1f33be46180c75184bc,c6d61e19307df0c3,117.84710693359375
Test/Monkeypox/2024-06-27_15-08-58_1940.png,Test/Monkeypox/2024-06-27_15-08-58_1940.png,1259503,48eb3fb4947abda162cd6123212db1154f8c383687cacf16f82b261e8ee67e18,Test,Monkeypox,True,896,1152,99a69a40f26c702f038618e87e7cfb27ce0e8085cfe9228789704b91176e4512,6fd5a6a5542f18c1,122.83778405567956
Test/Monkeypox/2024-06-27_15-10-20_8807.png,Test/Monkeypox/2024-06-27_15-10-20_8807.png,1561391,620d4a82d6df256f37fe0ad019208a43b20090eff4b75e1f95c844d09e81909e,Test,Monkeypox,True,896,1152,065cdada1af02f93cbfd97e8e57503298612e7f8257551d580fbb73a2c2f4da1,f1c303b683461e7d,126.2502199203249
Test/Monkeypox/2024-06-27_15-22-09_5488.png,Test/Monkeypox/2024-06-27_15-22-09_5488.png,1619197,f7b8490920e017fb97f6f20eb5c02084cbac10fb6a52edfbe640aec63b926a76,Test,Monkeypox,True,896,1152,c9601179a4c491887871c8fb15855f155aea539f6fbbd4a3a77cd7908c08d1af,3915d8de8ad4a587,135.27484130859375
Test/Monkeypox/2024-06-27_15-22-32_9308.png,Test/Monkeypox/2024-06-27_15-22-32_9308.png,1604611,d259cf188946cc9bfc2f70d24ba3864e8fafc583ec4e456f3ba24a34896277b4,Test,Monkeypox,True,896,1152,03c9c8ce90d1c331522fe48bc070779332ed43aebef48eaeac8ca721dc0d6585,9490de1e2cf5254f,132.72209918309773
Test/Monkeypox/MonkeyPox (103).png,Test/Monkeypox/MonkeyPox (103).png,70619,c424d2c92ced7bdb2ec41fd45b45f6b0f2431eeb720688491de700ca5b3ae683,Test,Monkeypox,True,224,224,9f0f78d388a635bdbb7b19bf34c8b4222dbb6c4879eeaad00732e42d38cc94d1,f717001f0593cce7,99.12808912627551
Test/Monkeypox/MonkeyPox (104).jpg,Test/Monkeypox/MonkeyPox (104).jpg,4647,321827159e89fb9cacf8fd8f6c9fed4f116bd423526e7c92d5e752b6f7f7920c,Test,Monkeypox,True,290,174,85c4b857599a1ccb112c17ea74f9f70468094acdd4ab598ac87de81872cabd05,7a5a5a7afa78a101,142.63353151010702
Test/Monkeypox/MonkeyPox (104).png,Test/Monkeypox/MonkeyPox (104).png,91673,f68535c5a62cdeda1f26ee0e82d85754b5fc6defa1622e3fc540f2490334d574,Test,Monkeypox,True,224,224,b676d0773b390e57a40570564cd2782f77d3a1ed7974c8a7d8560a138b02232d,086d3f02b9fd5a31,149.17137675382654
Test/Monkeypox/MonkeyPox (105).jpg,Test/Monkeypox/MonkeyPox (105).jpg,6973,8d89bfa3b102bf149bb6ab0202f5da1b7aa6c3ea36e71a8dd8dcf2011563837c,Test,Monkeypox,True,259,194,2455476849b1d341edf74aa21f906d2a97b817225108b3447b207f7153f34c0d,f888c69755a8d857,140.29968554710823
Test/Monkeypox/MonkeyPox (109).png,Test/Monkeypox/MonkeyPox (109).png,52623,8799281106f915900b5e0327b5a170da05fda45c5dcc93f2287c0a7130c059bc,Test,Monkeypox,True,224,224,b7de85a57d6facfbdae402b2b4a0fee39345b9eca5afa279a88ee5b6d1b9f352,92260f4b696ec9e9,140.7606425382653
Test/Monkeypox/MonkeyPox (11).png,Test/Monkeypox/MonkeyPox (11).png,66062,ef97a82b34e56dd98d1e94deee6cbf903e5799046f9422760e69c5b662a02d84,Test,Monkeypox,True,224,224,c66e3be17a007012db5300c6277cbd9a4fdcb5e299b36024e94ab2c61bf952e1,e2cda17a4b4f8931,42.88695790816327
Test/Monkeypox/MonkeyPox (110).jpg,Test/Monkeypox/MonkeyPox (110).jpg,8049,eaeabab629a9baca7da7229efebd58ea4646cfad76f2e8d6b96d8c32aceff429,Test,Monkeypox,True,276,183,5acd2c65745bb0a2ee1b9635d594aed95491cbb26240f96590273b130cf92c46,cce19631c7c8a32f,135.80721865843034
Test/Monkeypox/MonkeyPox (110).png,Test/Monkeypox/MonkeyPox (110).png,64894,3f5135f90dc31eb19095b2c08ae22bb446b18fc3a62f399e854ec4b46c311e9d,Test,Monkeypox,True,224,224,dfcc3b2c7da1c9165bedb64b197c0de942812fb5ae5c3742ffc94ab637ae1ed0,48329f4a91c3ef71,114.78266501913265
Test/Monkeypox/MonkeyPox (111).jpg,Test/Monkeypox/MonkeyPox (111).jpg,2792,10e332938a3e745415b0c85fff21043e8e33e64757de0ebb053c8238b7e73a41,Test,Monkeypox,True,301,168,4da0dca47bfbf9cd38e17e24eaf0040cace80eff26cd0ad7a9012a71a1e1d3f4,6c6c6c6c2cb4d743,179.19567710805254
Test/Monkeypox/MonkeyPox (115).png,Test/Monkeypox/MonkeyPox (115).png,78997,22fcb2ffa168b0cb390f575ee3dd1b001ab2e570525a73c84e7de79e1c9f7b07,Test,Monkeypox,True,224,224,6306b7854e763452a82d022f1cf81172eb60bd5e7d6bd5e058320b180ef7eb5a,2aa7ce9d572a3451,65.2266621492347
Test/Monkeypox/MonkeyPox (116).jpg,Test/Monkeypox/MonkeyPox (116).jpg,1862023,0da7248af6980b4ec1d9368f60e4796f44e105c03be03a031c5de21a4251f096,Test,Monkeypox,True,2500,1898,b9a0b2250112df6d23ede68eab87ae6303db998a649aacb800054e0573f940cb,83e047a8a70fb8f9,177.0454
Test/Monkeypox/MonkeyPox (116).png,Test/Monkeypox/MonkeyPox (116).png,93573,76fe1a6019ae1edbe9f4f7e4d624846578a96d7f62d00856cbfd658c4013a6f4,Test,Monkeypox,True,224,224,5fa83e0029656563119e3b54293889f4d7a767ca8a6f7107ab82de403df875e2,ccf0a9f4c4c63e89,153.44339923469389
Test/Monkeypox/MonkeyPox (117).jpg,Test/Monkeypox/MonkeyPox (117).jpg,753244,0942d51427f8b7a51f48b303d2c3c796b63fe14c4d096159b26de91efe5ad6f1,Test,Monkeypox,True,2048,2356,afcb692b07d105c1e6863182c22ca29f77cdecf637438770331047ca76f9f52a,92265b9643f49cab,124.40629145002123
Test/Monkeypox/MonkeyPox (12).jpeg,Test/Monkeypox/MonkeyPox (12).jpeg,5673,4e7665213ea29476ca06ff98a5c0867d98a332f899a6594638243f86dcdb8871,Test,Monkeypox,True,257,196,77055f2bcf6c7c5ac4dd38fd71a29481b89097ec5fc22f5c10f1e46af95f927a,1a0be3b18d7731c9,139.5817914714524
Test/Monkeypox/MonkeyPox (121).png,Test/Monkeypox/MonkeyPox (121).png,104823,c3619714ac1347220a989ef2c907efe5a1b17ed32e9e30c6b6e25bf4f688e114,Test,Monkeypox,True,224,224,0558206ef8bebe9cc4d7ed7d318566beace2351e5dc04f558d31322220411b7d,7138e87bedda00e1,164.9267578125
Test/Monkeypox/MonkeyPox (122).jpg,Test/Monkeypox/MonkeyPox (122).jpg,6040,392f656f1f6717c12a04355096da96fbe4929297f7168049518c71b122d91ce8,Test,Monkeypox,True,224,224,609a0cf217117dab92d451e802ed9130d8d5d57f93d7fa3a94abe26ff7eaccbf,f04a7cc32c72e647,112.50408561862245
Test/Monkeypox/MonkeyPox (122).png,Test/Monkeypox/MonkeyPox (122).png,83944,81f50ffce1efbb66a4725d6538c534ed765017ebd60f564ad70f37b151e0d14a,Test,Monkeypox,True,224,224,a392b60186d7613f0362329e7d270d2914bdaf1191b7c9695ee0771f3df518bc,14099b199133ebef,89.95354352678571
Test/Monkeypox/MonkeyPox (123).jpg,Test/Monkeypox/MonkeyPox (123).jpg,4835,80822f06732adafa2312933d636daaa10ecc40211e67a26c30eee3524ea52ddc,Test,Monkeypox,True,224,224,d43676d4b8e5bed5ac6d24578237e8600b059e84a16e278618bc09d11151e34e,9c2368933e60c76f,101.1968072385204
Test/Monkeypox/MonkeyPox (127).png,Test/Monkeypox/MonkeyPox (127).png,88696,1a51a414310c96fd911364292e07f1fe129d756a24cfc6fe5fe04f3083d7d353,Test,Monkeypox,True,224,224,7c93d301478ad043c081966ac34be586000c6643da1b7273889da9db8fcafdd7,8c82c15b8f077bd5,55.10967394770408
Test/Monkeypox/MonkeyPox (128).jpg,Test/Monkeypox/MonkeyPox (128).jpg,7241,c8dee193ec81d8616bdf96880462a72a7ccad5701b2672299e83370575b6851b,Test,Monkeypox,True,224,224,63ffeac6ca317d9a33866b963a759d5d8d73d71ddf8bd84b9866b241d7ea7f9a,23128b4caf72abab,129.89500956632654
Test/Monkeypox/MonkeyPox (128).png,Test/Monkeypox/MonkeyPox (128).png,71259,473c3d1596aba9ae6e2a3dfcbd257726c003cffc7504c9a3c43b784c4d2e8967,Test,Monkeypox,True,224,224,77817351f680e62022f1e84e0de8569d68b1d6e78f35df2e612df909c0fb6f3d,0793c36333dbc90d,141.97997050382654
Test/Monkeypox/MonkeyPox (129).jpg,Test/Monkeypox/MonkeyPox (129).jpg,76793,2ed03398731b281401ad9dd3e3e883e951ccdfd981e099f40dca5ed424bc99bc,Test,Monkeypox,True,755,425,d9f2b8753ce0a2226b9f9433782eb614941c4738639cbb4a410e899957f0664d,8229d62d96fb11e5,166.82143825477212
Test/Monkeypox/MonkeyPox (133).png,Test/Monkeypox/MonkeyPox (133).png,76891,0a34709833697d7716c66c313bc20728ac3d6d827ffb70c750f9a9b8b895458d,Test,Monkeypox,True,224,224,ad69bf88bb08e781069194e66221a7692caace95b7d38008242537a53deb82c8,ed8c9d743464132f,124.70547672193878
Test/Monkeypox/MonkeyPox (134).jpg,Test/Monkeypox/MonkeyPox (134).jpg,7593,7e09fdc439566a228271b9e1f0529010793551821f6a2ff6e48b72b21d7190c7,Test,Monkeypox,True,294,222,b9acc65037d8f1b1dabe32c876f6c91b5e9197f047c5c409d61d4e47065efe57,30625b9449bad7d5,118.81542256542257
Test/Monkeypox/MonkeyPox (134).png,Test/Monkeypox/MonkeyPox (134).png,71508,3bc33f1719267bc5a5f7b32415f3c800e79f37dfd62ac1c4eb994e31bc3a47b9,Test,Monkeypox,True,224,224,f317e6c686f8c7f2de81c2373d15ae946f815f8eb59e3bbadf1720a662386edd,16153e3d3ef812b1,102.44417649872449
Test/Monkeypox/MonkeyPox (135).jpg,Test/Monkeypox/MonkeyPox (135).jpg,8122,ec16fade0398219f562817de51069661626f117591f153105e4c5ee380f2398c,Test,Monkeypox,True,294,222,5231f029204e556a825bcba930b6f08afdb21ccd9dc64c68d8143040f203f137,57d7052ceb1a1b83,123.26858491144205
Test/Monkeypox/MonkeyPox (139).png,Test/Monkeypox/MonkeyPox (139).png,79102,12969a06fee078bf608324e3da0aeea28a901184845a39c69741e4e63fc63d78,Test,Monkeypox,True,224,224,618a21fd79c6f5af63dc564abc72f4329574706a93b651e10ba432b77cfa8334,29b553895728976b,149.4676139987245
Test/Monkeypox/MonkeyPox (140).jpg,Test/Monkeypox/MonkeyPox (140).jpg,7978,9a64ad6e555d54e0369760dc22298228703566bea1e2adb9a0843921c033ae93,Test,Monkeypox,True,294,222,385647b851f30fd1058e51fda4747beb26c6790efc40661fbb21d01d8d36d590,fcfcf0a4a4be04a1,136.46528160813875
Test/Monkeypox/MonkeyPox (140).png,Test/Monkeypox/MonkeyPox (140).png,71378,da0f3fed74d43632624a72d042389345a44d58af1724a0324401a38c4a051980,Test,Monkeypox,True,224,224,fcfc5b29d54b1943a95e5175352a0e5e9b3c591a16bfe610f7f1d5733a24c0d5,bad8355d94295237,104.08378507653062
Test/Monkeypox/MonkeyPox (141).jpg,Test/Monkeypox/MonkeyPox (141).jpg,6465,312b6e9b3e0fc9714195d4103132d8e4cb8f4ed4856bdcff66d1a746ff562a19,Test,Monkeypox,True,294,222,813ddf41cfeb15c634c219b8b556b8bf768d8e12802ec74ef6a6256c56fddca1,07a547b546347787,135.037185144328
Test/Monkeypox/MonkeyPox (145).png,Test/Monkeypox/MonkeyPox (145).png,81124,2301dda058daa9642fbc3c00aacce333843ed3f82a946c36b89de47aaddaf3d8,Test,Monkeypox,True,224,224,bcfcbcecbae55d92c822c90982dedd9884bf567022ae934b223a265d85395dc2,0e1e3e307effe001,133.70555644132654
Test/Monkeypox/MonkeyPox (146).jpg,Test/Monkeypox/MonkeyPox (146).jpg,7834,22329911a6d5311f6d970444d45be8901ae64758ffd44bd4a61f9a81afee29aa,Test,Monkeypox,True,294,222,90b387e831ffd9a55ac075dea3a594a28392203bc0a12ecd8a9d0bfa4668d05e,0fe2ff0706c1165d,120.27491266776981
Test/Monkeypox/MonkeyPox (146).png,Test/Monkeypox/MonkeyPox (146).png,91885,cfd8e0490f342c61adc0037dc712dbd4d9a9a57e7e94411075bcc4ac53c962aa,Test,Monkeypox,True,224,224,320b26bbfcfb6413a36babcc433759f327c14287b5e21fc55a1740783d34df6c,31a31cd65661af8d,139.22046396683675
Test/Monkeypox/MonkeyPox (147).jpg,Test/Monkeypox/MonkeyPox (147).jpg,8893,d82992842afe9fa1afc26c2884facd6d01492698caf125c233f6ad67b19ca397,Test,Monkeypox,True,294,222,0346a4ecf50a7c94ee23ab513ed4a25269200106a035506e6eb08c6f2460afb1,49c91dc119e5cc9f,121.98435680578538
Test/Monkeypox/MonkeyPox (16).png,Test/Monkeypox/MonkeyPox (16).png,95876,2848a9ba6dc88eff5a932160d3d718fc21885247982d17c9c3e1ad07bc8729ef,Test,Monkeypox,True,224,224,78c5a29a0a73d952ddf1acfbb1c78aaf39d0c5a437fc9169b08d1f94ffdc4ea6,cbf07a80a709aaed,119.63930963010205
Test/Monkeypox/MonkeyPox (17).jpg,Test/Monkeypox/MonkeyPox (17).jpg,100043,3b948c853566ae46111cb873673392d07b696caa0139e3c918d1541c5a0e7ddf,Test,Monkeypox,True,1196,673,c0c2e7923da0940a092ac88e863507d46dafbf1a323027a09b2bca27b7e6cbdf,13448c4c3b6ed55f,128.13504276265112
Test/Monkeypox/MonkeyPox (17).png,Test/Monkeypox/MonkeyPox (17).png,93741,0a25d5b6b3e517f3da65977877985c69278c27f58d9a3ef5b6d7fbafa58bba8b,Test,Monkeypox,True,224,224,258774c6cdbad51be5061aca390bbf7c94a53dfbf13a3b7b62f6b11b11f773ed,43b2cde4986771c9,135.85905612244898
Test/Monkeypox/MonkeyPox (18).jpg,Test/Monkeypox/MonkeyPox (18).jpg,30633,7c611bfe61b6cb5418b705763383cfb55d3f7a43fee2cac87f9187d7e98a3ada,Test,Monkeypox,True,1171,530,9cae73e62149cbff135e728cb47f83056968b9774278f627405217fdd4b61575,47875264d6de7b01,161.87912282680503
Test/Monkeypox/MonkeyPox (27).png,Test/Monkeypox/MonkeyPox (27).png,100571,1542a5cb69cb964dbc8455c01efffa87191440b4b14a93791ae12f6fb13362c6,Test,Monkeypox,True,224,224,3e6b0fc3a9fa44f48fff5e1f9cd2a9796395014a43484905c0a9536f9f0bad33,4aee84155dbc3751,68.52802136479592
Test/Monkeypox/MonkeyPox (28).jpg,Test/Monkeypox/MonkeyPox (28).jpg,4161,8da6cd05311f5a151270e2fe52fb4f86a16fa1f3ef29296d7ffa42ce71457540,Test,Monkeypox,True,275,183,4bd4113558c8932163cf0c323bcdc9a9765190f1a64653095b2d495271595d43,552a0ad5940b6feb,112.4619175360159
Test/Monkeypox/MonkeyPox (28).png,Test/Monkeypox/MonkeyPox (28).png,109735,2bd5a5c44def01436a7acb5010ba20681c661b816da58378b703c1aa9e5f8ea4,Test,Monkeypox,True,224,224,2416ccda91258bb4098e3b63097c96fa4c5752e3980d2512f983f7d2851754d7,a6a4a684b28716ff,123.91986208545919
Test/Monkeypox/MonkeyPox (29).jpg,Test/Monkeypox/MonkeyPox (29).jpg,3541,db85873a8127309e3374c60ff8d005b9323a2f61c47ddbb40ba0b75a07e8d56f,Test,Monkeypox,True,300,168,01d3465c454cbaee384c18e2cde464dccc5b8643d3e3c9c8941193d39f757b5a,36e5f636b4668d01,146.4690873015873
Test/Monkeypox/MonkeyPox (3).png,Test/Monkeypox/MonkeyPox (3).png,845030,72765a442c1e8f21650c878809b1a00eeb2438c00754ae79989dd7b75ced98c2,Test,Monkeypox,True,1024,683,d482c35b9d781eb14a5bf0faa83e0a6ff6ffba7f22961a4d94f007a0da868c65,c87231b219cf256f,125.67870664806003
Test/Monkeypox/MonkeyPox (36).jpg,Test/Monkeypox/MonkeyPox (36).jpg,3860,cacddfed2287ced0013272d467f3a5cdd946383b2ceccdb880ca7ed2483016f8,Test,Monkeypox,True,300,168,4555dcf3721a1c5ea152f021acb6f561df91c576801433c2734f31203852ad24,3434b8995bd654c7,102.35928571428572
Test/Monkeypox/MonkeyPox (39).jpg,Test/Monkeypox/MonkeyPox (39).jpg,5430,ff3096b08b43f091c4da4b71188a821ff385782910dba9952fbcdba2ddb3e6da,Test,Monkeypox,True,285,177,c83d2d7045569e657cffa5ead7e97b7d85d698718470890f78958d6f1435efb0,f686b0b34096d95b,98.51701853503816
Test/Monkeypox/MonkeyPox (39).png,Test/Monkeypox/MonkeyPox (39).png,94102,08748512f902b82ab02d6a9753e14b655c848cbc9bfff82d0f9d9b5c11fa2514,Test,Monkeypox,True,224,224,54cb9f828cf3bf822580f53e9d98958a5c50cc134d8d5d6c6b6afe9cf530d912,863316be482cadcf,148.88659917091837
Test/Monkeypox/MonkeyPox (4).jpeg,Test/Monkeypox/MonkeyPox (4).jpeg,13104,fa0f1ca113d869a7ba0a2195de0df975e1064812575df3b588f2dbf8e45ce41a,Test,Monkeypox,True,449,220,b049324910509559156fd1ed1ea7273d2df2e2769e9008317d4585432897f01a,9fc0e8bd25e09dc1,162.9826280623608
Test/Monkeypox/MonkeyPox (4).jpg,Test/Monkeypox/MonkeyPox (4).jpg,69244,4d45c61827cb8bf20abe6c6e6fb6e82eb482de3f59c429d0a316b1044a947ae5,Test,Monkeypox,True,800,527,cfe8e62ed0a0c1f2f0316d144e50afc88581a7bee55dc89a29bc655579e6db70,ee311cca738e622b,131.569584914611
Test/Monkeypox/MonkeyPox (4).png,Test/Monkeypox/MonkeyPox (4).png,2307221,416c727653fbb37b99b0d15ca0efe4debb00692a3095cedbecd72b570b846c6d,Test,Monkeypox,True,1920,1450,f100e4d4822e5634691e1dd04d498455f7f5c21fba944ce77e12dfbd40da8acf,1b0ae3b0cf773189,128.34877729885056
Test/Monkeypox/MonkeyPox (40).jpg,Test/Monkeypox/MonkeyPox (40).jpg,7868,c0a7e4362af5697f5d4b37d2a2b47e0fa4ec785af0a213dc856eb506c02cd30d,Test,Monkeypox,True,240,210,8eea00aa4f4500a48c88b9921f9c25c8ca14b9e9c50626ac68e5e67ac1d9f56a,49cadc940ebef851,119.21972222222222
Test/Monkeypox/MonkeyPox (47).jpg,Test/Monkeypox/MonkeyPox (47).jpg,6329,fc5c06d88d673f4f9d43f4a3cec7155609df76dc70f1abe7a0d66460222f1c5b,Test,Monkeypox,True,238,212,6e7e529f3e718cbfe3e9dbbb9cb09ddd053d856057cc35c4eade19d55d265551,83460ef14faec15d,164.30234263516726
Test/Monkeypox/MonkeyPox (47).png,Test/Monkeypox/MonkeyPox (47).png,69989,dc47cb69fd0a6aa284e488b22bad01e2c91797840a4055eec7794eb5e008c758,Test,Monkeypox,True,224,224,6a62f265e8a00a62c91ad422588bb2c66aa0ef46660e5d63e996c81f63d9c6a6,89cf1c9134731767,99.54787149234694
Test/Monkeypox/MonkeyPox (48).jpg,Test/Monkeypox/MonkeyPox (48).jpg,5761,5a778fbf9b52fe64397803cdaad6699a0b6dcc071b91b871355a0cecc444b66a,Test,Monkeypox,True,286,176,67c342ef3cb4d46a0ada7aac1b45dbfc6a8707b743e6d249519a139a6638af9b,df422d0568b569cb,171.4063095994914
Test/Monkeypox/MonkeyPox (51).jpg,Test/Monkeypox/MonkeyPox (51).jpg,3988,95822f8b5a6509dbd05b1cc2c2a9da472add9cdf96a6f0faac17e85f37d0c279,Test,Monkeypox,True,286,176,ad0ffbe0463b4ffc01dc9410ab40f23d5d2f5e79e8c8ace5ab3cf388bc10df76,397d1d1c0c82f3e9,110.25492689129052
Test/Monkeypox/MonkeyPox (55).png,Test/Monkeypox/MonkeyPox (55).png,59884,c74a2d4c2629e1f950ca434292690775eaf1cb214b026c0f4aece384b76c2ae1,Test,Monkeypox,True,224,224,9b817c2bd9169d1f16525f0128593c6249cbda19eedc66c03b6a60d5bdcaa7d7,a779784a0a16e9ab,199.54203204719389
Test/Monkeypox/MonkeyPox (56).jpg,Test/Monkeypox/MonkeyPox (56).jpg,6440,470a55a275feebf5f7e176945f2cfae21a12828f37b5266133b730ee9bafa1a4,Test,Monkeypox,True,300,168,12f6558debc26e2a7aab62225b9d2e5bfa1fdc62cd94842bbbadefe4f8710527,6647d12f20b99d59,119.89680555555556
Test/Monkeypox/MonkeyPox (56).png,Test/Monkeypox/MonkeyPox (56).png,66675,28c5a9bf227a949d4c98b8af4de629e9e89344399fb6fc60f5dcf9d31471c5d5,Test,Monkeypox,True,224,224,df3207376b3a6820a4774093616cfdcf89646c856218d5a607ef9d877286d768,b1edea486f230713,137.5935905612245
Test/Monkeypox/MonkeyPox (57).jpg,Test/Monkeypox/MonkeyPox (57).jpg,4209,f71704f4be0a8e562973df6375f32b13832bc18b2b8bce155b84938f1c1fecf9,Test,Monkeypox,True,284,177,25446034d97504e3f73f4f4b2404935f4a14fb8486bafaa8e1dc30a85b5274bd,7e0a89ccdd8683f1,100.49701599427071
Test/Monkeypox/MonkeyPox (61).png,Test/Monkeypox/MonkeyPox (61).png,78745,baf729af160d09fdd48cfc94f0cb02b66ce32577cc3877cfe5824c82b203e180,Test,Monkeypox,True,224,224,8418f7e20615c1f727222dac23a5a7250652f563f92fe47d12d19c4eee2cd252,6e459b73e6ce4901,88.95958227040816
Test/Monkeypox/MonkeyPox (62).jpg,Test/Monkeypox/MonkeyPox (62).jpg,2959,17d7d0f5ed3419616df49cde4bdbfbfa1671841defed3698d2ef61afc17b023a,Test,Monkeypox,True,225,225,eb9728d3b6349221b649681d739a8ce98e6013182282b39a8ac140b8453e92ad,954959b9292d59b3,175.18228148148148
Test/Monkeypox/MonkeyPox (62).png,Test/Monkeypox/MonkeyPox (62).png,67659,f8d3006261d034c8615adce4f65e45efc4de2442966d193daf8513ed3c76b46f,Test,Monkeypox,True,224,224,8c1bcfbf22920b329d696c836a9ce4f96de70da3cc6fe866c114913aba731921,896b7c56a23d86a3,161.70563616071428
Test/Monkeypox/MonkeyPox (63).jpg,Test/Monkeypox/MonkeyPox (63).jpg,7385,a839419e187a1f30fa5d08453d5ad2287b0070013f42d94855ec0ed37d585eb0,Test,Monkeypox,True,300,168,851b4ff569a2e1ed1614dde6008e0032a4414bb7043e925b6bc965b35f718b6d,0aa5670753f6d529,131.33978174603175
Test/Monkeypox/MonkeyPox (67).png,Test/Monkeypox/MonkeyPox (67).png,91328,3cfea2e08051b27038ad3af85169b5d275507365d80192c532f1c03c91dd9a16,Test,Monkeypox,True,224,224,139522c259d4c071ff386338696bc77cbe82f0ecc76c67e250a9f9d323d6d7a0,67633393919ec389,126.72638313137755
Test/Monkeypox/MonkeyPox (68).jpg,Test/Monkeypox/MonkeyPox (68).jpg,4617,39d76dfde6655962ab8f236ef6d37a2ca85b6c60724b7ab0e2461aa15647ebf3,Test,Monkeypox,True,284,177,fe335cbbeb0f7cffd610c036af44baaa25e3798f1bbc47498368063b3cbacd68,88cec1a1339c4fe7,123.69863531471314
Test/Monkeypox/MonkeyPox (68).png,Test/Monkeypox/MonkeyPox (68).png,56762,b30ce5721695affb4fdc2db8176968fd5588e6e0378f1687a061cb6af2efcd73,Test,Monkeypox,True,224,224,900c76e26368bdba64923a62ea0bd519d586af6cfbdb570a3051567321d0ea42,ef2ddecc4c244ac1,197.38988759566325
Test/Monkeypox/MonkeyPox (69).jpg,Test/Monkeypox/MonkeyPox (69).jpg,6748,1ec6b1f053690a50b5567867d42ef020cd7a39ec8d4608f448df0c5bcfad82eb,Test,Monkeypox,True,300,168,157e3fbf12ea3d8662c6443691613246fe654e8b41bdba1438e080433bb0c4db,078f4f2d28961d75,103.79099206349207
Test/Monkeypox/MonkeyPox (73).png,Test/Monkeypox/MonkeyPox (73).png,94802,0f3752eea277e9c946f039ffa51a38f1ca02c8909e9e9eb1c70db91779a70374,Test,Monkeypox,True,224,224,8f6aaaa5ced22621f964a17e209c0155bfd907d28c87a5d35683a2a29d6778b9,cb9f0038e766133b,121.77279974489795
Test/Monkeypox/MonkeyPox (74).jpg,Test/Monkeypox/MonkeyPox (74).jpg,2911,8d2e099392a1dc99b63bb0179e48de723e78bf707329cc5e9b207eddf6a53873,Test,Monkeypox,True,286,176,023a630084160ff3a5054170cd0fb86ef7c962a067b531a4433003ca8fc789d7,d6ca9aa8a8a8b4bd,163.1205896376351
Test/Monkeypox/MonkeyPox (74).png,Test/Monkeypox/MonkeyPox (74).png,84562,f9db465b3bed2981c20cd0bda5ea99f6dd7d039a4d4131263024b07887c03fc8,Test,Monkeypox,True,224,224,007c540f3d6ba197b28513be75798a0113f0469c60e312fa7884c507725816f6,26961ad36b0583bf,103.22847576530613
Test/Monkeypox/MonkeyPox (75).jpg,Test/Monkeypox/MonkeyPox (75).jpg,3415,bf27175c6fd79974e97a7047d2bdd0fbd9c7c7934c885e22f37ebe52dbda5252,Test,Monkeypox,True,275,183,a448d0bfe3cd1496009457e250e8dd5947a946f2da1ab7dc84ec3fc31e0a1763,6aaaaaaaa9cd9163,176.63608544461005
Test/Monkeypox/MonkeyPox (79).png,Test/Monkeypox/MonkeyPox (79).png,90671,84a71578f2883744283d632eb35cf29082216b70b3ec04057c4fc796d35f1dd0,Test,Monkeypox,True,224,224,106868d5f7a96f77e9f360ac022a1b96fdb15202a91ed764e0d1b54374b81e30,0b3a7df28003aeed,130.20455994897958
Test/Monkeypox/MonkeyPox (80).jpg,Test/Monkeypox/MonkeyPox (80).jpg,3355,d09dda06f7e992fb1346a7a258e9762d0e0e73c8e9c097bc8ab9a89105dbd85a,Test,Monkeypox,True,300,168,d69e649faf0be439a606bfdf2d2e3fca036d6f34c2dc158ee88a999d2937343e,a93d648473906cdf,88.93954365079365
Test/Monkeypox/MonkeyPox (80).png,Test/Monkeypox/MonkeyPox (80).png,83548,d845dff0b9edc63a722c8cfca0b42c4408ca77feef4a441e98e970d65d819166,Test,Monkeypox,True,224,224,f59f29d8b9779b5ae2a1e374ecc6f83e69d20173ee30f6e0aaa8b2e0a52a42e4,48ec728da728976b,147.1990593112245
Test/Monkeypox/MonkeyPox (81).jpg,Test/Monkeypox/MonkeyPox (81).jpg,5108,a34ec628b827e3156b6e18223cb30514c1109e21d1c9f62bd91e036cede38658,Test,Monkeypox,True,297,170,a5bf00cd5eb53a4ce612b9dda986c67ca97cfac54fc9972d4139a2aec83f1915,2d5b89532bb446a7,178.0578926520103
Test/Monkeypox/MonkeyPox (85).png,Test/Monkeypox/MonkeyPox (85).png,63115,fc495ed0224f58d820f20ef467b315b7ebca45e83f363d5bbaa86f732359c4e6,Test,Monkeypox,True,224,224,ddcb9f2bb1a677a6a7963f8036038dddf091d40958f0593d1cadebf802bcacfd,f7e7c68685838aa1,117.58587771045919
Test/Monkeypox/MonkeyPox (86).jpg,Test/Monkeypox/MonkeyPox (86).jpg,5696,e005047b9814e57c6f368c5d17c5ed1857d604ee199fc3581875e052ae439d45,Test,Monkeypox,True,300,168,13bde3093e1b6674f3a18b4555ee7d3c877521c5641ab5c7e375497b6a9d64e1,52b60b6d3b86513b,140.20194444444445
Test/Monkeypox/MonkeyPox (86).png,Test/Monkeypox/MonkeyPox (86).png,75187,87dbc35f3667244c206ec1869db0377f2753ee729ec4f65abd3d98091c412212,Test,Monkeypox,True,224,224,d5b21970639bbb5825a446fda0d904becb8131b0f781b3be162016d2bfd71b61,b5caa84aaa6a5b55,136.04298867984693
Test/Monkeypox/MonkeyPox (87).jpg,Test/Monkeypox/MonkeyPox (87).jpg,6083,c2fbdabd9ffb9252409bc2e5e8a66fd67deb82a3bccfb96bc209c815fa9de9e4,Test,Monkeypox,True,224,224,edd560738deae71c06e9e1eae82d078ec26947810eac93444d4ae17860d10207,2345c3e346a3fca9,90.8272480867347
Test/Monkeypox/MonkeyPox (9).jpg,Test/Monkeypox/MonkeyPox (9).jpg,50406,8b40004cbfa392119fd6f1a95b620f78d86556d92059b8f3aba64af9d88c14fd,Test,Monkeypox,True,672,672,209cb5a8e71207832e970759919d4c55520d91f5a975c66292155fba4321e2e5,66a44b90f713e725,177.15718227395124
Test/Monkeypox/MonkeyPox (9).png,Test/Monkeypox/MonkeyPox (9).png,97727,3c4130764a0295993bb69b683fcb5dac9cf817a5e64323f56a5195b994ce18d0,Test,Monkeypox,True,224,224,6eb26f5312229cce29ecb86f82d6da6bc053863deb39f6276c59feb0063411d8,6633396d787ae109,95.24858498086735
Test/Monkeypox/MonkeyPox (91).png,Test/Monkeypox/MonkeyPox (91).png,75330,b0f1a172df4fe2dbfe67b51efc539623e5e72cb7b6d0ad9ef15718d7ee2c3ad6,Test,Monkeypox,True,224,224,f7d527946b3cec10d41db2a9058c58093b92a14494e0ac144d12383da21179a4,c3704ec265bd82eb,139.63293207908163
Test/Monkeypox/MonkeyPox (92).jpg,Test/Monkeypox/MonkeyPox (92).jpg,3933,50353cff6e4ff7d3ab9985d3198d47f4a28b02d67d58736c9c4e463891613ca0,Test,Monkeypox,True,224,224,f2b77dbcd96c24de799867d020d3e5eb9779f071ccf10908f6a076bb9d78ef0c,9c26597ee4191b65,176.71749441964286
Test/Monkeypox/MonkeyPox (92).png,Test/Monkeypox/MonkeyPox (92).png,55561,db591f1dd4b11fb2f9b37eb8ce9e7511e751c0d3e021f54ca63cbb2319fb9dba,Test,Monkeypox,True,224,224,408fe37d75b1164a73327794aea0ccbc321b90eb941a9c0914b2ac0dff4b9f39,b6ec4581f0f0c58f,80.44278140943878
Test/Monkeypox/MonkeyPox (93).jpg,Test/Monkeypox/MonkeyPox (93).jpg,3953,ad6a99521d00ef36b401e732e85dd73f4bab6ff7a921189677497e08a51ca1d4,Test,Monkeypox,True,224,224,019a40e6b0db627cafd4be492a0f09a39d459e0e3f7ca717019685d27364ffb1,3293f31c1c73788d,176.71430564413265
Test/Monkeypox/MonkeyPox (97).png,Test/Monkeypox/MonkeyPox (97).png,99554,855f5744962792405060bbf500255b13b34e617c4532e2c949aca7231f80bce6,Test,Monkeypox,True,224,224,0c6bfd4c255248f5a600b5f0a976a1b445db0ba8520557665aebfb250a6b570b,7d5c7a432a4fd205,121.12529894770408
Test/Monkeypox/MonkeyPox (98).jpg,Test/Monkeypox/MonkeyPox (98).jpg,3937,9d77d0d11d15356e0214a4adae5eff50c0fffcf20a84a2ae24d805889c2b2ea4,Test,Monkeypox,True,224,224,e351938d0721debc1deb4c1652414e70f80141446566955c329fbac598babca1,9c2659f6e4191b65,181.2960977359694
Test/Monkeypox/MonkeyPox (98).png,Test/Monkeypox/MonkeyPox (98).png,86225,6c716bc343865cfd05f902fbaa9773bf0f3dba19d4975caa3c61c138a6405c6b,Test,Monkeypox,True,224,224,8961c1832b0f9ac67c15518c6916d000b272f21e942a6e7074d43a1c8f7b4ff9,4376062f2ee5a553,121.65238360969387
Test/Monkeypox/MonkeyPox (99).jpg,Test/Monkeypox/MonkeyPox (99).jpg,3825,b290219d21b2cf810a5300fd0086cabc298f56e3601a3d2ff230aafe80bc6932,Test,Monkeypox,True,224,224,a5eff61acc06707e5f58da055c25cc689e1b462a64bfd979c9f566d9b1733f98,866659e6e4991b65,189.07433832908163
Test/Sarampion/2024-06-26_11-54-26_3910.png,Test/Sarampion/2024-06-26_11-54-26_3910.png,1281695,30fd4966f173c23097faa662866c9f2382cb9b40d16383256c2991061ee741da,Test,Sarampion,True,896,1152,99200b8e71940d75e27f0dc92a5a8fdc9f85cd09fbeb63d1de1ebfb30a005947,343456a61e5e8f65,132.84605867900547
Test/Sarampion/2024-06-26_11-56-01_5361.png,Test/Sarampion/2024-06-26_11-56-01_5361.png,1292657,0dc014c3f518cb0f38e598352e6b7a0841eabd8062c618c455eda7021d827354,Test,Sarampion,True,896,1152,7ef2df0df4b8f6615360161e49d3295c23b5cc793895ab1de89145d3ad4ddbdd,0716a2e2e5e4f8b9,140.2347218346974
Test/Sarampion/2024-06-26_12-07-27_9686.png,Test/Sarampion/2024-06-26_12-07-27_9686.png,1340765,5cac9f71c59b45f1b2615476fe1db8795b12521d0919da06bf1ef3ad4ddacd2f,Test,Sarampion,True,896,1152,3f75ea25cbdda0d6e4c028ed9cf006d3d24ff15c8cfd432e6041ebfe468bfdcb,481e9e7cab78d861,137.356693328373
Test/Sarampion/2024-06-26_12-09-05_5942.png,Test/Sarampion/2024-06-26_12-09-05_5942.png,1204593,a2867634868861daf723b37f9869138cdf84722eddd30ddbfe3a98988468e0db,Test,Sarampion,True,896,1152,245bd32093a51a1c9c906c1b14b9281b58638d498db37c3805d451b0f1c2bbbd,cad3a969ad22b589,121.82975938585069
Test/Sarampion/2024-06-26_12-09-31_9870.png,Test/Sarampion/2024-06-26_12-09-31_9870.png,1293915,408352ba1a133ff8b8f9fafa4a1ea6632ac91c973c0193948cae44228820b35b,Test,Sarampion,True,896,1152,0e75689567ec6505d76d72f0e7fd6bbf5ffb6a1da8a3d9f4b4adb407a7fcac55,ba9f21a1a16ccb1b,136.33882649739584
Test/Sarampion/2024-06-26_12-16-14_5492.png,Test/Sarampion/2024-06-26_12-16-14_5492.png,1291560,e467ef5d786cc9a28be6139363639fb1d8b091b3ab497389287ac3db00a693ab,Test,Sarampion,True,896,1152,e66d36074b317e1696033e91b200057b1fb0cdb27c87c035d35fa1fd1b00e944,9ad8ede965225589,128.1445535326761
Test/Sarampion/2024-06-26_12-16-35_2776.png,Test/Sarampion/2024-06-26_12-16-35_2776.png,1302687,93d7dd50ed375e106cf154cf1cc55cddb5c78d7fde7890dbdbab94b8707269ac,Test,Sarampion,True,896,1152,00a00d1da74c9cf3b885b8b9ec4e47444ce9ba5f26a803433b8193d941abaa39,53bc3c55fbc28207,146.0890086340526
Test/Sarampion/2024-06-26_12-17-18_7060.png,Test/Sarampion/2024-06-26_12-17-18_7060.png,1239564,8bb36a3356fdebf314ca0f35e2bf0957dd0409f561af596bd894ef902427f616,Test,Sarampion,True,896,1152,99b97b39082287fc89c02bf34dad72cb273ad44229c744b8fc44e1f19e1544ee,7590dabb65615389,120.61976550874256
Test/Sarampion/2024-06-26_12-50-23_4387.png,Test/Sarampion/2024-06-26_12-50-23_4387.png,1394791,eb53fedf4dbcd26a6bb11f239a6836abc0d6e338d097ec33e7636ec29427029d,Test,Sarampion,True,896,1152,9228b7373445f6b34eacaf695a66ed5589ffa308c382b355adf80b0bbe9e3c09,f0d9793e26640ccd,128.0840880378844
Test/Sarampion/2024-06-26_12-50-45_8660.png,Test/Sarampion/2024-06-26_12-50-45_8660.png,1421502,d149ad72d9b16018e5d7b8d6f449ce63c8f8e2a3070f4b25f7e30c92ad7ee997,Test,Sarampion,True,896,1152,546401f12210bf26380acfbaefd86b5f4f8a91cb3af1d35596c2802aa5e79ad7,667632188d44eddd,103.49811566065229
Test/Sarampion/2024-06-26_12-51-06_3150.png,Test/Sarampion/2024-06-26_12-51-06_3150.png,1600757,e02a68d593c4c65847c57b3c0c5e595a6967a63d06d0a1c000d3b3501796c395,Test,Sarampion,True,896,1152,874c26a0d00203cc9ce27ec313de7b00704423f4787c3eb36b7b6e4cd2b1db55,ea2d2565e65ad861,92.54066394624256
Test/Sarampion/2024-06-26_12-56-54_1579.png,Test/Sarampion/2024-06-26_12-56-54_1579.png,1363994,46e54140c42646090e43a3a73e74be4347b296477ee5a7a04cec2a74410e04d7,Test,Sarampion,True,896,1152,933a84980e0509f58ed9da6a84887854ca5b1fd6e2867498095d50d4175b14ad,971f2f6a204c9cd5,103.13621787419395
Test/Sarampion/2024-06-26_13-21-38_1096.png,Test/Sarampion/2024-06-26_13-21-38_1096.png,1208743,db4fffe9dfc87b26ab1e06d1dba63dd0927ae5bd938bd3a186b586786669b3f9,Test,Sarampion,True,896,1152,53bc79b4cb9cbb1e6b0cf5bfd497b220bb712ab62f813663f450903ed04b28b9,393149cfce36b40b,130.64242408389137
Test/Sarampion/2024-06-26_13-24-18_3831.png,Test/Sarampion/2024-06-26_13-24-18_3831.png,1254996,d7113faba1e0d52246665dfbc2a2762c89c82e62f40ba89e44e29f2cf1a057a6,Test,Sarampion,True,896,1152,59fa78f31bac5da0cd40bc233f7711de760ccbe0b2cafd5e2740f69539f477c9,948a5e2ee5b5211f,129.7264171781994
Test/Sarampion/2024-06-26_13-25-09_4923.png,Test/Sarampion/2024-06-26_13-25-09_4923.png,1233201,c866aad5bd6c8f961c2bb849860c3585f83cf90f17edb2091f3aa65430d9abd4,Test,Sarampion,True,896,1152,52e308ee9b745c8af8ca8e010601266da7f6d36e4cb9719befc469c381204fd3,7a22f262b64e4be1,140.18327016679066
Test/Sarampion/2024-06-26_13-26-37_2353.png,Test/Sarampion/2024-06-26_13-26-37_2353.png,1330781,d23a5174cf44fda716a27c571ec09cb9e33426d5cd39d662ce93d7bb33cf6e28,Test,Sarampion,True,896,1152,94e4b04eb0b9889ce5ff7a8852fd57abf6ee38b7d2d17f95f99a62869494f683,a184dcce0ed6b50f,128.0348103841146
Test/Sarampion/2024-06-26_14-00-35_1279.png,Test/Sarampion/2024-06-26_14-00-35_1279.png,1286284,ba0f0824187feee436424573fa6f4aecb0873c6ca8152eb7dec7a276fb2ff4f4,Test,Sarampion,True,896,1152,f0f87833ea40478638ce3eb1725e0324a5a87334945be6f7fa43c5d9c97c5821,564a4a7a1a8a6bf9,100.9192630828373
Test/Sarampion/2024-06-26_14-01-28_8761.png,Test/Sarampion/2024-06-26_14-01-28_8761.png,1328277,d6d0944be39ebe851b3f256afa29926e7b0ce26834516ea8fe4e3a93abca4e51,Test,Sarampion,True,896,1152,348490f5bb213eaf9dcc10cc3f597b25592f9566713628c2468d6939ff6d454a,fbfef2c0fc108023,101.27273026723711
Test/Sarampion/2024-06-26_14-19-28_8644.png,Test/Sarampion/2024-06-26_14-19-28_8644.png,1401792,86dd0acf419186f7bebee61dbd7413585827f68214b0e2cfb8061b935fc5dcc9,Test,Sarampion,True,896,1152,f8bc31fb17d129e508a5fdbd52fb39b58e5381d3db42fdd48267b5decb8c54f6,775736260e0e8f31,101.51310899522569
Test/Sarampion/2024-06-26_14-21-08_6450.png,Test/Sarampion/2024-06-26_14-21-08_6450.png,1321872,b49d09ed05335249992e1151eb36e614f21603301f81ed1b7bc08ad3a937f878,Test,Sarampion,True,896,1152,1445a3074d08ca03dadb830b9fab30dd478855229f78a64739d967620860b51c,0716f6f4f444fc03,100.30585201202877
Test/Sarampion/2024-06-26_14-21-34_4509.png,Test/Sarampion/2024-06-26_14-21-34_4509.png,1375814,6ce1b85a13d8ad8bd535c5f243ef43f6fdade2e5fe4b7cb3b20b5bcfbef63697,Test,Sarampion,True,896,1152,644f38406362d0c158694b498773f68ed648f9d37c53241b635cd3ebbddd56b8,7efa70b0b090b94b,90.42238943917411
Test/Sarampion/2024-06-26_14-56-41_7181.png,Test/Sarampion/2024-06-26_14-56-41_7181.png,1326122,5340fc7d1247461905a358c4b580aca1622e8d756f7fcf413420b0ba9d477085,Test,Sarampion,True,896,1152,04b35207d09d16d32f1f330ddc563dfadc06eac5bc3ef3e093c1c410ca429209,3aa8795d590ce1e9,88.12990315755208
Test/Sarampion/2024-06-26_15-04-30_8632.png,Test/Sarampion/2024-06-26_15-04-30_8632.png,1220555,294e4c1b51fbd9b10e3ea7ff33836e5a1d3e3d7c01913d29c1f9953f5db6cb09,Test,Sarampion,True,896,1152,06e041acdf3579de161258f2fb2f4cb33a95d6aed4197b382c44cd1a4261e5eb,b717d79392529027,83.77362932477679
Test/Sarampion/2024-06-26_15-05-21_1652.png,Test/Sarampion/2024-06-26_15-05-21_1652.png,1344467,998cac1ae9cda599f849305198032276077a5985e8d4bdb3bda7dcc8c98ec4e2,Test,Sarampion,True,896,1152,7747c596f8db5fee81307ca295b5dd0e5e6dc6c4bb5814bc94ae78c9516c2870,7a57e357d1a04c29,95.93425157335069
Test/Sarampion/2024-06-26_15-06-38_7428.png,Test/Sarampion/2024-06-26_15-06-38_7428.png,1312603,1bb8fabc36ba28332bfa42de0e59bfc79329553ce031f7e9e17802f0a93d289f,Test,Sarampion,True,896,1152,015dfbf1ddb071def1966608ab0a05f961726d31ec8890b8c11efec031371cb4,a6a6d64596d8a8e5,86.52148921906002
Test/Sarampion/2024-06-26_15-07-01_1748.png,Test/Sarampion/2024-06-26_15-07-01_1748.png,1450077,919f5ab903cd8672012e26e89576c5e47c3be03256a8575161b10847219c4678,Test,Sarampion,True,896,1152,7152bded067ef838c648dfca6ac001d9f496bb89b30bf8df9e7745dfffe1a564,b5b48554a6165be9,97.07977876209077
Test/Sarampion/2024-06-26_15-39-55_7510.png,Test/Sarampion/2024-06-26_15-39-55_7510.png,1516183,f93c4e5e4cfa63dadae5f2a67cbe7d042bdce7f6d3cf319f61ea0b9fb8b0b198,Test,Sarampion,True,896,1152,fa274a29325557f012b97176cb40fbc658a024e06fc4f3dc8eb6f2e46af7211d,174062bef846c73b,83.86742389012896
Test/Sarampion/2024-06-26_15-50-55_9056.png,Test/Sarampion/2024-06-26_15-50-55_9056.png,1234685,a6e1f0fe80965c65607e9494c0b6f10c0d9fe6f2cc730f5b7d64c3ea464f831e,Test,Sarampion,True,896,1152,cf05e8c8f02059945a7cffcf6a1ed3cfdfffdb31b42cf95e602e0fbfea0a3fad,07f246887ededc03,108.94843013702877
Test/Sarampion/2024-06-26_15-52-11_1447.png,Test/Sarampion/2024-06-26_15-52-11_1447.png,1272719,2bb311349d3cd15193a7adab987be0adc7abca06f6a5014c67722861190344b1,Test,Sarampion,True,896,1152,371004db38fe1aa44c2f11b6c1272a8a319e5bdaf1dc0ca61bd1a42ce7673105,acb969d4ec6445e1,109.15428621806795
Test/Sarampion/2024-06-26_15-53-59_5452.png,Test/Sarampion/2024-06-26_15-53-59_5452.png,1229341,e6442de6067a5a92d4b6aa70aba9f933ad6f50abcd35d52819713cb57e6beb6d,Test,Sarampion,True,896,1152,d1e6d62aa9be8b28e9a66a026376cbc1338d7748d6f8256f208a7a3c8a15c684,8dbd334352f2ac43,102.69437275235614
Test/Sarampion/2024-06-26_16-18-02_1662.png,Test/Sarampion/2024-06-26_16-18-02_1662.png,1170998,a16a9d8b1af9f776925aae94e3c32ec091744de96578c8505e5c1adaf508ee2b,Test,Sarampion,True,896,1152,97e54f39bd633bfba1c8390e2d664ef1bb163edc18365d9b78bca8bb8fed2cb7,34aaaa92aaaaeb69,93.08102271670387
Test/Sarampion/2024-06-26_16-32-20_8218.png,Test/Sarampion/2024-06-26_16-32-20_8218.png,1217562,507645e251cbb38350b59c226deb4ac21d560cdf4dbb0275d101c56c04408bdf,Test,Sarampion,True,896,1152,bad4a11ba39a718779c3a412c274b10c0cab31e9f74423adb4b26e1bca236609,9e905fd87828ad53,111.03187003968254
Test/Sarampion/2024-06-26_16-50-23_5574.png,Test/Sarampion/2024-06-26_16-50-23_5574.png,1175617,a1a81431a25f10f37397cba819b058ffc705b8d4cf982b27663aa69bc1a6917e,Test,Sarampion,True,896,1152,e08b25740624fe32d5b34fa3f44ae71f8b01964b1fadc249595722127d5c82b4,5353c985a5f233a9,75.95465959821429
Test/Sarampion/2024-06-26_16-53-56_1092.png,Test/Sarampion/2024-06-26_16-53-56_1092.png,1184520,7a2d08e463262105dc23d44ece5b9462ec0fbf1ac059e7f4fb3ad5a9f5f31dc5,Test,Sarampion,True,896,1152,6617c17dc36b6cca301031ee2955e91c03f5754a0486593616228c4c4381fd9d,080858fcfffce903,114.16215200272818
Test/Sarampion/2024-06-26_16-54-45_7657.png,Test/Sarampion/2024-06-26_16-54-45_7657.png,1179585,5558e9227a60d4d571387709b4cfa2fc7f205757c409db2a1ab40c4029b57b0b,Test,Sarampion,True,896,1152,d3c90486c4fa27e2763898f1cc5fecd6e0a9cc2fd77e9b6007ae6543cf544800,eb825b16aaac2d4b,112.81003146701389
Test/Sarampion/2024-06-26_16-55-39_3074.png,Test/Sarampion/2024-06-26_16-55-39_3074.png,1011815,fadf99df9644622651516f769f0a90d2dd53706376044a2ea7fc4750cfdce120,Test,Sarampion,True,896,1152,5a555aa57427dff567e314938934987b0962bfdf2c4d2ef5a107e3d4dbf5443c,a3caa433ecc23b39,119.86566840277777
Test/Sarampion/2024-06-26_17-14-45_6203.png,Test/Sarampion/2024-06-26_17-14-45_6203.png,1313008,b70a17b08af2096d03131f96c59101297e6be3927283931e63d57c05d16a78cb,Test,Sarampion,True,896,1152,fe23ebffefd0908244444c41117d152d31b226d792bc63560e4baeefa0f30565,38783ca1e3c52a77,137.60889253162202
Test/Sarampion/2024-06-26_17-15-57_5912.png,Test/Sarampion/2024-06-26_17-15-57_5912.png,1296108,098c785b546fbdb52eff05779edf744a3151e6aa3eafa084892dde1a310eaa33,Test,Sarampion,True,896,1152,5691e61ed7c038b3f27c8a9460c688b22f23fa9019d75f90336e7f47d1ecc8f5,f01c63cf83cab703,119.49193076481895
Test/Sarampion/2024-06-26_17-16-21_4089.png,Test/Sarampion/2024-06-26_17-16-21_4089.png,1241048,b94ded426934d708d07b8d921c0b4587c816d462b1ef51c4e60a4d57c95ea195,Test,Sarampion,True,896,1152,96a5ba3be229b65c2d198555535ac050f01651b318f614da67e361a1ba031b6c,1cd4c403fbf90f85,132.6009337410094
Test/Sarampion/2024-06-26_17-16-45_3964.png,Test/Sarampion/2024-06-26_17-16-45_3964.png,1306854,2e21660af28571d552e0a2b30c941a34118012218db440c3b9befeb437cf9840,Test,Sarampion,True,896,1152,f82bb44b686ab61cf91034a41231d23372ac5180a4cba0b0acd8d98b800eec86,fa1c59e58b823d23,125.87012978205605
Test/Sarampion/2024-06-26_17-24-12_1688.png,Test/Sarampion/2024-06-26_17-24-12_1688.png,1309953,510914b6389add6b07e3b1811f38b03f97f51f032f474995504e1b58e3f8af7e,Test,Sarampion,True,896,1152,d4f419fc90aa7da6e25d2409b08569251fc50936d613efaaf257483cb74228ff,5a45e907a51afd0b,128.674802749876
Test/Sarampion/2024-06-26_17-24-34_7466.png,Test/Sarampion/2024-06-26_17-24-34_7466.png,1246213,36833296710a49d5f64c9ad7a0420b56884f1cf5f80543773d5f7c5535a31333,Test,Sarampion,True,896,1152,7160f27a89c9ded159e71eb1961356172e4c1c2fe045a233888b48063a1dcc9c,1ece52fdb185e103,133.1202402266245
Test/Sarampion/2024-06-26_17-25-28_7382.png,Test/Sarampion/2024-06-26_17-25-28_7382.png,1287980,0b2338c702ce2606c6afe60e19f54394556d858788a7b64bc21c9472d9156ff0,Test,Sarampion,True,896,1152,8c56323be4d2f29fe09df27371efc98f8c358c67dcb6827ab85e16e43cbe6c6b,52347ea90bea1fa1,129.45236448257688
Test/Sarampion/2024-06-26_17-29-44_1576.png,Test/Sarampion/2024-06-26_17-29-44_1576.png,1276506,17b34d81b49a7741263a05a5ba7b4bdc69d6639ec0011c9e73193ed745affec0,Test,Sarampion,True,896,1152,f80fdf1ce35484b9bfd12ca3ad56d6bfcd6737bc0b41b2d2fa30778005406b98,903ef05dca7d22a9,113.69117276630705
Test/Sarampion/2024-06-26_18-07-35_5529.png,Test/Sarampion/2024-06-26_18-07-35_5529.png,1344524,76b13a30f5fa7d34248da09a6c80e1d19cce2bc366d96ecd86f532ffea5b3afa,Test,Sarampion,True,896,1152,8c87c53f8d85367b1a7c5eb2169a5b1e17ae13ad292c9eee646831d8032a0ff4,faf27260f2d2218b,101.78954787481399
Test/Sarampion/2024-06-26_18-10-30_5444.png,Test/Sarampion/2024-06-26_18-10-30_5444.png,1353866,fb88e90e306c2da6fe6ae777157b22363b738af5ab20a26659236e11c013a253,Test,Sarampion,True,896,1152,1280f4fbc588909206169bf1881b15f8f334476da4e4060a67079364429fc396,2d2524b4b2babbe1,111.0022951156374
Test/Sarampion/2024-06-26_18-23-44_7036.png,Test/Sarampion/2024-06-26_18-23-44_7036.png,1408251,a89dc6fbffa5482adf73dad123fa4171cd93b164f84e0dd45bc286794f757b38,Test,Sarampion,True,896,1152,c0eae8678365ae53e089216b2508c03d3a86dafd453176172f6b0c2139700b93,685a4dc38f92f923,104.36655099051339
Test/Sarampion/2024-06-26_18-25-06_6595.png,Test/Sarampion/2024-06-26_18-25-06_6595.png,1363510,c47745172983b67296cb1356509edd4aa6d488dfa764e89b6a79c661a828ad14,Test,Sarampion,True,896,1152,cce029c461d7c4eb95de0b08d45a4ede947b6800f1227e7d082a5e979bfc6922,7af03ae10f883f23,115.5610865032862
Test/Sarampion/2024-06-26_18-25-29_9961.png,Test/Sarampion/2024-06-26_18-25-29_9961.png,1377177,390159a57f3f34e3460418edfc27be72f1560e50e847e5aa90fba24f28d7eba8,Test,Sarampion,True,896,1152,e5ade0aa21fd43454e38a9a4b00ac0be20f38f0f9009df22934499d3106e3628,38fc40c7abd2b923,101.20988246372768
Test/Sarampion/2024-06-26_18-25-56_9550.png,Test/Sarampion/2024-06-26_18-25-56_9550.png,1297527,22cf58d8b4156392a8e425c1aaf025965b5dc6a3555854193fb511b1d3ac6a5b,Test,Sarampion,True,896,1152,8583d9bf30d7c58f703f9027c655735fbe5d1ba63ceaabc79725458470aa55c4,78be41e3a308ff03,119.88544379340277
Test/Sarampion/2024-06-26_18-36-04_7670.png,Test/Sarampion/2024-06-26_18-36-04_7670.png,1361158,dfd280e764630994077247a0dfc2ced06a3071caa1aa88612153361600fdc317,Test,Sarampion,True,896,1152,4ebc0c6581df6f002494a1ded32dae59194e75d49e05a438db8abd591ea8f99f,26da9ce94d6a5589,97.24729507688492
Test/Sarampion/2024-06-26_18-46-32_6310.png,Test/Sarampion/2024-06-26_18-46-32_6310.png,1474218,58e40f84b73be5f366c2bc94a6e01eefa0d9436f22a0595e773b041698812b37,Test,Sarampion,True,896,1152,65cb7206b7ce7b0af1bb74a8f74642810cb8d568fbc10f064a0bc59698ab10e9,7e1e7867e3d81103,84.72183179098462
Test/Sarampion/2024-06-26_18-46-57_1618.png,Test/Sarampion/2024-06-26_18-46-57_1618.png,1362369,7b32bd67dccb030413d14aa29b2f795091cc12216eb3dfd596b7357d1803bb4b,Test,Sarampion,True,896,1152,065dd4001f14209b59ddb0de084ed8e71cdbb1fc05661f49fc90fc755c211a89,b746563743c68257,103.94361707899306
Test/Sarampion/2024-06-26_18-47-24_2909.png,Test/Sarampion/2024-06-26_18-47-24_2909.png,1433042,60c7da3912929b695b9c61566b5da58f823ce894f6c464c2c767c7617899b375,Test,Sarampion,True,896,1152,9feea2f9974b644f09df1cc6a35d042660217cdc9a0e3d561935dcc067ea8adf,3ca4e403591ea9ef,106.97418309771825
Test/Sarampion/2024-06-26_18-54-40_4156.png,Test/Sarampion/2024-06-26_18-54-40_4156.png,1471493,ad933c28157612d8d7d932646f50411578a3ee505b8492a2b958ee22f77b20ec,Test,Sarampion,True,896,1152,41d05ee108efd66ad4a64a43199b7e7ad7443dd1ba39199d46f84a8d7701c493,d782fc38afc08a33,103.5774662078373
Test/Sarampion/2024-06-26_18-55-04_6340.png,Test/Sarampion/2024-06-26_18-55-04_6340.png,1329616,a2b4b36a196aab2df2f636f3af26fa2c60da57faa13d827f395a162dfdb924f6,Test,Sarampion,True,896,1152,df3b515c1cbfe0acae6ce8a9d83b616855eb8917bb1ab3978dc01d39ce66f3a0,32b989b1d3d82b65,92.25138346354167
Test/Sarampion/2024-06-26_18-55-27_6748.png,Test/Sarampion/2024-06-26_18-55-27_6748.png,1428528,a9f2d4388eac9da03cff79cea736792f3573d7d5ab180fbaf3ec0bda9f896faa,Test,Sarampion,True,896,1152,02f25c57e5de530a86b0cae8f846c5fb9b1cb312d22a2bce2ed89ef05da5a454,b6b61345696a33a9,81.70384192088294
Test/Sarampion/Sarampion (11).png,Test/Sarampion/Sarampion (11).png,86765,0fc4435acda9ef4cb0ac52f47ca0ea8d047641474cb142d62548e82d45bdc882,Test,Sarampion,True,224,224,fda2194a807bf53b58e69659d3906946a877e40bb347024cd7dbfbd8b332be62,8f8f2d4c7c58fa01,149.9727558992347
Test/Sarampion/Sarampion (12).jpeg,Test/Sarampion/Sarampion (12).jpeg,8798,211af14b34c01abb294c2bf6acc540f7e779303821c8f07954f986f0b1f6a7d0,Test,Sarampion,True,223,226,874228ab8a9c0733a5e57d6ad81e8084ef82159d8dad8760dd739f00a363afe0,0e35f2b5f0442af3,145.30300805587524
Test/Sarampion/Sarampion (12).jpg,Test/Sarampion/Sarampion (12).jpg,41644,b26bb3a59b7c4aa463b7a4563945ed9b206bb884a43d92ba8ffa04c2c9fd8220,Test,Sarampion,True,1200,628,9a3213465bb288f2c78e596e3ff1c13328d139366ffa1ce45e20f71bd1e63253,e8c78e8a1a1a5c3f,167.01304670912953
Test/Sarampion/Sarampion (12).png,Test/Sarampion/Sarampion (12).png,72790,6a1bfc9ebbd056bf0b7be65324ae0f1b7160f51ee681bb8c2600664361e36961,Test,Sarampion,True,224,224,1441afa0d9f596bfb4bd4ba8a433ef7d3e45d259a372fbc87a22e5e6ad0f71c7,a5f492502b0dbd2f,192.4856106505102
Test/Sarampion/Sarampion (16).png,Test/Sarampion/Sarampion (16).png,91853,ef7a6350eaa5ffaa22dd67990f99c9b69fece59fbb47094d70b3102b427d38e1,Test,Sarampion,True,224,224,f5ba7642b244e94e07fbc255fd27ffacd49b8644573489deded8bc593febf6bf,d6e8d17c7aaca301,163.14738121811226
Test/Sarampion/Sarampion (17).jpeg,Test/Sarampion/Sarampion (17).jpeg,4695,fb2d6a0ed0bf82d4faa6fbb56a2d3cf522ab1cb6c38cc4db474d8e0d6e6772bd,Test,Sarampion,True,261,193,e996609ba0db22c697e0a95cfdb9a0f36b88e82ae11fd02c1938c8a8d2c66904,a1dc1dc4f06e6e83,106.16494947690231
Test/Sarampion/Sarampion (17).jpg,Test/Sarampion/Sarampion (17).jpg,85050,09e1a3947c5cafb1bb636eb9d8b68ce5933d9eb6b3be459a7e6413eb46713d18,Test,Sarampion,True,1300,838,be2c3c12e0f2011c2603a5f75be9273f3bcd126fce9d21798271660feb3e684d,65d6b99af15e0921,145.93560950982192
Test/Sarampion/Sarampion (17).png,Test/Sarampion/Sarampion (17).png,87502,57989cf9a1b5bc9c1e88f087213ee3ab33b84051a75b4111c9fe3829368bfa13,Test,Sarampion,True,224,224,5c2455a60d3dcf62ea7d32cfb7d050009b7977ac1729f87cae3a43b0c15896c3,f7e5b74d04060e93,176.48586973852042
Test/Sarampion/Sarampion (19).png,Test/Sarampion/Sarampion (19).png,73775,a8a147c457a62776b8f9fe6be4258a704a9f7f16bc5ee4da4a2235e315e30f94,Test,Sarampion,True,224,224,0e604074d8c61781209d2ef20ed3f39cb51d5efa4bb49a951c67625e72bff33a,8dfca3ec83dce101,133.62609614158163
Test/Sarampion/Sarampion (20).jpeg,Test/Sarampion/Sarampion (20).jpeg,6027,14956fae5a48a41bdab1e197cf8e9be0c6a6170e5589d991e0f987d8cb58fa21,Test,Sarampion,True,204,247,79e331e4ed4d2964502ed7881c05ba1ad2964072d49cbf786432befa12a9d0cc,19915e2c967c56ab,114.0123839009288
Test/Sarampion/Sarampion (24).jpeg,Test/Sarampion/Sarampion (24).jpeg,16602,d27397ca74b8912fde6ffe446519552345f870464983a1e36365a4ad8bc94c4a,Test,Sarampion,True,256,256,405a8d6604f78ddd77d5e386a259fb5790e54b891c05090d87210ac82ef1ebcc,5ba4b9788770a54b,119.67410278320312
Test/Sarampion/Sarampion (24).jpg,Test/Sarampion/Sarampion (24).jpg,3925575,f136e5694f54848b1aa6ed9ca9600e3572a13775e42ebb263f8c12cd8474166a,Test,Sarampion,True,5467,3456,c12ecb71ea72b5a05c2a8559592ab776275e8b02966c74f09f562acdc764f65a,f0f4a10f0f09f0f5,212.88486072156846
Test/Sarampion/Sarampion (24).png,Test/Sarampion/Sarampion (24).png,74441,ea33c80af697abd6086d37cc1b2df0f273d6ea909321802dece6ac047ce1fd57,Test,Sarampion,True,224,224,afbaff29c93c029dd0ce7b69aa44fb1279e8b3294341f1cc2bbfc732dfd53152,c2fef6fc9e484003,163.58129384566325
Test/Sarampion/Sarampion (25).jpeg,Test/Sarampion/Sarampion (25).jpeg,11592,150752171258b2c127c7ba2fb7739f77ae8b25da9a9e06c2c7e7c4be9af19dbc,Test,Sarampion,True,256,256,960be9706213f6ec5f4ef0558d7d5f41c68838fad7aa8eaa7b301be79c795acd,ab6aaa2e11aa71ab,132.3302459716797
Test/Sarampion/Sarampion (25).jpg,Test/Sarampion/Sarampion (25).jpg,255204,588376de3ea020f77bd446e37aa6142e09e92feb2e542e682753513f1b820607,Test,Sarampion,True,640,480,c11abd122457d8d7d999f843e95e99fb2007ebdee6d4a7a3122bcb3046617a0b,e72231f68b12d353,107.94175455729167
Test/Sarampion/Sarampion (25).png,Test/Sarampion/Sarampion (25).png,81747,a451afde0ba0f33867977b0da6b39b2f86f1dccbb107879785359ab12663afc9,Test,Sarampion,True,224,224,e2d9a4a76710be82fa03df21f12e9e8677e216daba8e08000d84db76f06f05bd,13079b03fc2c5a7d,144.90180564413265
Test/Sarampion/Sarampion (29).png,Test/Sarampion/Sarampion (29).png,80191,9730d8500bb67c1e05a40c65d2c3caa6b49f8cf4c6e3c63f61ba943964ea3e7c,Test,Sarampion,True,224,224,4a5102be1f3f731e425271b4ccea9b33bb3f1896ecc3ccd5f33835edf8789e01,aefc5c445e546899,136.59709821428572
Test/Sarampion/Sarampion (3).png,Test/Sarampion/Sarampion (3).png,370465,b44a5781b5b8c008d5b50d9b560ac9fc541212b2b6dfc5e86a50199b97a921ab,Test,Sarampion,True,450,297,263343a24755e429f07c799ec4b9b972ba607159b906df257e3b4939740c809b,1bb84ea6384d2fd1,169.45035540591095
Test/Sarampion/Sarampion (31).png,Test/Sarampion/Sarampion (31).png,115880,4adc0597e62847fca7951b7b6b2fcec32eae73e1b6f3afb3003c2ccbdda1ab2c,Test,Sarampion,True,224,224,30b86ae4ae65064201deb748bf2716e091d57084e355ec6bccf5bbf4f26d9e66,2c70016edfee6329,167.6604153380102
Test/Sarampion/Sarampion (32).jpeg,Test/Sarampion/Sarampion (32).jpeg,109706,38efcd3364a166c0a05a6cb30fec9e157efd599dce0e3e5fc7a65213eff6d9fc,Test,Sarampion,True,1536,1024,80d88c3485e29cbdc2964a3670834536d780523456902593c1ff35d51b534eb2,a157e3e2c2961e0f,168.57651456197104
Test/Sarampion/Sarampion (32).jpg,Test/Sarampion/Sarampion (32).jpg,5457,44cca02ad37f1fa6d79dd5ed86cb09ea37c704e9583ed0559c8689a8ce62973a,Test,Sarampion,True,262,192,90256c37311896a565f1ba2ce49ee000697706b5554f905e8e5bd22042d3ad86,f916e116e11ea3a9,135.32472566793894
Test/Sarampion/Sarampion (32).png,Test/Sarampion/Sarampion (32).png,66629,cd30c06ab88cd2eb39000aa9a6b1508834660a90f40e6d39e1b357f2b845d41d,Test,Sarampion,True,224,224,065faf72579d7cb750763618e5156184edd57af4844d79b97fbeae0ab86b539c,9314719176ed9e13,55.709402901785715
Test/Sarampion/Sarampion (33).jpg,Test/Sarampion/Sarampion (33).jpg,3909,2079244c01c9e449724ec7e2a9867f3b8b7db338438454186effac9ad665e539,Test,Sarampion,True,225,225,cd063843b9e94594ad9e54f284d80a26a326569b01701e4257b2629369541f2d,a4e0e9b0acacaf53,158.33635555555554
Test/Sarampion/Sarampion (33).png,Test/Sarampion/Sarampion (33).png,103094,33868a785511ab3d6d0138c41b6e3864897972986f7a8470560733b365834717,Test,Sarampion,True,224,224,966fb14613ab7412118231cacc25df3fc4f42895fb854142f23b9351f3dd27f2,40d41027a55efef9,115.818359375
Test/Sarampion/Sarampion (39).jpg,Test/Sarampion/Sarampion (39).jpg,4942,f66d840353f43a57723b67707196b0f664351586eb9144d7653bf2436b9d39c2,Test,Sarampion,True,276,182,fab2735f1ecc0b23eff93675c23dd1726bc3fcb42fa03c340aa4f2ee799b4723,1bb84ea6384d2fd1,169.469740404523
Test/Sarampion/Sarampion (39).png,Test/Sarampion/Sarampion (39).png,84331,c81f20d3e646718ca4fb82c7f1d4b235c1d4476a08f3909fdcc257379c7c6f18,Test,Sarampion,True,224,224,8fa829a7a98df82265ddb3770b9725a010b41b5eff80c0d86c5d6dd05c802d2a,fdd27da80a78a509,168.05512595663265
Test/Sarampion/Sarampion (4).jpeg,Test/Sarampion/Sarampion (4).jpeg,3732,12b757bbdf4c990d220b1fb70e89f290d8838fc75dadfe08acac0d72e988086b,Test,Sarampion,True,311,162,abd71095c3387069ddaa46651aa568590f0e645efbe2be4595bb1c0eaf52c1a4,e8c78e8a1a1a5c3f,167.0119884085586
Test/Sarampion/Sarampion (4).jpg,Test/Sarampion/Sarampion (4).jpg,155803,415aac3e84f2ad404afadaf75a36aeffe21e34d58d17fbfb9b8fd7ac3f5e69b2,Test,Sarampion,True,750,500,f353ec9990374ddc7f2262238b2fd30995788a99560152258a463f64bcedc2f9,66a6d319d3730ba1,166.345752
Test/Sarampion/Sarampion (4).png,Test/Sarampion/Sarampion (4).png,27105,68f751ce36ad7b945af1a7ccc0e0b2d9d464e571ce6b0b55853b693887879c7d,Test,Sarampion,True,128,128,9c1680f6be410b7eb8a6d20b85af0fc772aae88724ff0507292272e5d170352b,00eb843f5ebfb841,157.42620849609375
Test/Sarampion/Sarampion (40).jpg,Test/Sarampion/Sarampion (40).jpg,5288,ffa428634402cbd2ada726ff8ad6851b7f93170ae8a2a868e0caa32a2c2bb347,Test,Sarampion,True,264,191,e4b8538e713a8895bc16c7ef68c7e9e75eaef727f6e1c98ce73d1a190b6324cb,16ed5a91fa17212b,154.06641678565762
Test/Sarampion/Sarampion (43).jpg,Test/Sarampion/Sarampion (43).jpg,6105,adf73dc0df84e12fca9ddd398c8f21fd2c84fda203da7d0f0f016b2c1219f3fb,Test,Sarampion,True,300,168,82644d414c584bcab9bb04c6770200ff6577af6d9a52f0af9d2800f92c0bc3a7,49acb35213ada36d,159.23642857142858
Test/Sarampion/Sarampion (43).png,Test/Sarampion/Sarampion (43).png,72173,60624d0d2d23281730c3a7da0d41d98ee47bc0f3c12b1657e6ec738663a4689f,Test,Sarampion,True,224,224,0a1aa79a62e985b256d958076850e8bc7bc2f6b75c34837cc32ca52894d4e34b,e61672e08766f2a3,140.02016900510205
Test/Sarampion/Sarampion (44).jpg,Test/Sarampion/Sarampion (44).jpg,4550,5132585cf2b44bb382e5d4afe509eab702fd3a76ae44c88dcf5732234a5edc01,Test,Sarampion,True,234,215,82112ec5a642d990a4560f949a86ef4723406b395431aa13be3b02af8728feed,c545a6564dba6a1d,100.96708407871199
Test/Sarampion/Sarampion (47).png,Test/Sarampion/Sarampion (47).png,104197,068d10df7dc5afed83a363752e6cc3a3ed2d18029c2a15e7c518309e487a81fc,Test,Sarampion,True,224,224,890759b59713b4cdea38fd57cba92cdc1645abbe27e3cf39325807a1554aff16,46af01a7d45e32f1,130.9256218112245
Test/Sarampion/Sarampion (48).jpg,Test/Sarampion/Sarampion (48).jpg,4992,e8d4d001283513679a9ea1347d2c0b14143df41b9da8424c34a244b1b65fff76,Test,Sarampion,True,287,176,e6742659ccafb7c86866a102794db184134344f92719d46bb9afe920aca2bba5,73bddb2889f0430b,160.76957950585998
Test/Sarampion/Sarampion (48).png,Test/Sarampion/Sarampion (48).png,109260,e869ae7f8d00ca205a6626838f4c039bfc365c0ca5685465d4fd1e204e2b84a2,Test,Sarampion,True,224,224,2baf6c3d24deb52dd7277319b8819dc020d1471123307661a56790ae76b92f5d,59e55e162550f0eb,146.39453125
Test/Sarampion/Sarampion (49).jpg,Test/Sarampion/Sarampion (49).jpg,8746,b3db82a74b84e87681beeea71975b2cb2f01d3fa6108acf4c7439a7bd252d58c,Test,Sarampion,True,300,168,d2b3a7b2b8d995732f546594aa83b5b0bbbc060e99f569b3bde89368e3fb5b53,def24252565e2ba1,175.1732341269841
Test/Sarampion/Sarampion (49).png,Test/Sarampion/Sarampion (49).png,78062,86a2fad73974c5f6412167bc2f7499b2627dbd4152eb3c24e8719481fd1e7752,Test,Sarampion,True,224,224,b9aab49f9862d15a05f96d16673f4f72814b5f051475ffee9863333e6fb77ddb,f0fefcfef6400001,180.21623883928572
Test/Sarampion/Sarampion (5).jpeg,Test/Sarampion/Sarampion (5).jpeg,3674,512b2fda96b8412afd750cb6d29996118919c89f620e88db629d6748e37118de,Test,Sarampion,True,300,168,8647fa91b674632ec6fce20eba3cc5e5d2e015cfa7e2cbdf0cc56eafc3749c46,070d055eaff5d0a3,162.86813492063493
Test/Sarampion/Sarampion (5).jpg,Test/Sarampion/Sarampion (5).jpg,42680,c271b20ef39e1b7c27c0fbfbff91d44af36f737246859d4245077fa924f93bcf,Test,Sarampion,True,1500,900,d11a6c3a70c828864a23c60d60b2b6c78ef88fbd1c8a045c28c6ca8124cc27ee,5f5a5a527a02fa0b,195.6523251851852
Test/Sarampion/Sarampion (50).jpg,Test/Sarampion/Sarampion (50).jpg,3905,7736085a727a762e3e4efa24196b14fd023d9a8e3edf020a4565b22a5b24e81d,Test,Sarampion,True,258,195,1584322678ff04f1682d470ad056d4f67012c3ffb0be4a331a2a8a6c850cf64f,8e81ec555ccfe0a3,126.21707414032996
Test/Sarampion/Sarampion (9).jpg,Test/Sarampion/Sarampion (9).jpg,9836,963c631b9c17e1a81b6d180f8bca84ec1d848b8e0cfde93d5c9c7e7843ad1e9d,Test,Sarampion,True,380,286,5705faa0687c0bc0e6be5014f4ebd3f998fd840a3ea4325bf89bb0dbb2ec5d44,48c9966cb6e6961b,96.65756348914243
Test/Sarampion/Sarampion (9).png,Test/Sarampion/Sarampion (9).png,26332,fe94dbd071ab920c59492840a9e7db2ba5938d24c0ead9095c6917adb909c87b,Test,Sarampion,True,128,128,7940c43fc072c5763cf833b384f48233e89d2895c671330348ab9fac21e67468,9a74691ca9d65533,178.2440185546875
Test/Varicela/2024-06-25_20-56-00_3170.png,Test/Varicela/2024-06-25_20-56-00_3170.png,1151273,c4d429dc23caee0b3decf3b54c8452937d017d0ab9ffee37e530a4cda8a7f654,Test,Varicela,True,1152,896,7e7591030f8f7e9a5134c4b10f534369eceb90a8bb30890be20b241b67f8dd4f,b48587ceee247543,132.83954148065476
Test/Varicela/2024-06-25_20-57-43_8800.png,Test/Varicela/2024-06-25_20-57-43_8800.png,1101836,2e68ff24e36718563566cc0662a142a4b89e4cba30eb6ba6232ccfa623bbb625,Test,Varicela,True,1152,896,7b3794ee137a3cf9adb4a0d6b84590dec119c9a0d1684d5eca45169e41b9ce29,ccb4901e5e3aabc9,120.90768577938988
Test/Varicela/2024-06-25_21-37-13_9023.png,Test/Varicela/2024-06-25_21-37-13_9023.png,1223102,215473554aac16d2f6a1bd2f7c584e7c8524215a56b54a3fa2aa104dfc89a4dd,Test,Varicela,True,896,1152,c337c6aebd191406ca57686e9e2d39ce824e4291a5ab4e075625741948f061c3,1aac282eb8bcdf29,148.75579543340774
Test/Varicela/2024-06-25_21-37-35_5856.png,Test/Varicela/2024-06-25_21-37-35_5856.png,1264042,ce6e6779ff0b4e4bf283b2277d7e73be0168339186014acd704d3eeb00876c47,Test,Varicela,True,896,1152,f2e698ac80830ba81953c017bfc1cb5ccf01e555b1bf0b079a5eb05304ccdced,8999cfd95c4c8729,148.69604007781498
Test/Varicela/2024-06-25_22-35-09_8501.png,Test/Varicela/2024-06-25_22-35-09_8501.png,1211742,b85ede1bb3ed906d7d956dd70274af3a20d6c04e39992e52512629c71545717e,Test,Varicela,True,896,1152,799ecf189470505ad7015eb0b49626bcb599c01de4c844265eb0bc4560f58b3a,f4b6f4705412758b,143.7113240559896
Test/Varicela/2024-06-25_22-35-33_1010.png,Test/Varicela/2024-06-25_22-35-33_1010.png,1097216,0afd4f75b0b82445ea215be46f7788b21acdd5ad934c3a34dd3cbe4dd8ed18a3,Test,Varicela,True,896,1152,f2b30f1ee3c73539413a919d2d8ee166da834073194aa8f4a21dc70b519a0740,4dae4c6c32eccf21,141.88573056175596
Test/Varicela/2024-06-25_23-07-03_7302.png,Test/Varicela/2024-06-25_23-07-03_7302.png,1227992,34858540ece1dbb5260bef0a4b13ad2ecb2049c5feba734dc42b7106e9b3f7a4,Test,Varicela,True,896,1152,1b42400ee4962022ad3ea8ddbf93ba747ba1693288457353022bfe6f1ca11f28,d61b46f158465bd1,145.91219656808036
Test/Varicela/2024-06-25_23-08-02_8448.png,Test/Varicela/2024-06-25_23-08-02_8448.png,1255588,f93c7671cb1f92a2f2627a961b306fb6f5472152a9fe6f6713e1b16d2f800d15,Test,Varicela,True,896,1152,037e6248f7925bd561d936f04023dd5b77be3673ea8ed610968b1a8800affe2d,941386d9da02f3f3,131.84372287326389
Test/Varicela/2024-06-25_23-29-50_2979.png,Test/Varicela/2024-06-25_23-29-50_2979.png,1237384,20fd69099207e441514baac43b2a86dc6bcedba50ebf40d5384a80878e812e19,Test,Varicela,True,896,1152,973cc990fed54eebc2000bdb4a187430b6f88fdaf42eea47353bf5d285188887,f25262f2e2b261cb,135.35465107266864
Test/Varicela/2024-06-25_23-32-13_6030.png,Test/Varicela/2024-06-25_23-32-13_6030.png,1298058,78243c9a93c3842bff39a90e903c9ed3a279efc2104f137f71c7061fbe81491d,Test,Varicela,True,896,1152,e1f130b6cf334c69498e9c56bf0388b2db3b567bb495fa2af0c95686035b37cd,e28f4f8f1e52228b,101.52572777157738
Test/Varicela/2024-06-26_20-59-46_3977.png,Test/Varicela/2024-06-26_20-59-46_3977.png,1373824,9381e8c304ac4b42ac19c9e74c17cde620512ac75d809175c6dace17da685034,Test,Varicela,True,896,1152,3fb8b0ea8ef389abddf88bed9ce0d15cb28e8d09caf15f71a47c2b197754cb55,49a4f656dbb1e00d,130.8285105871776
Test/Varicela/2024-06-26_21-00-36_4311.png,Test/Varicela/2024-06-26_21-00-36_4311.png,1267439,2b84691943b1c57647f645aef964eb126af7bcb116666636c7f59421cd5c1d51,Test,Varicela,True,896,1152,04f9b3f841c7a967e2f99038fae2b9087458254cb891060f0e900a5db5e20d0c,c1abf4845b432bab,134.09520224919396
Test/Varicela/2024-06-26_21-16-14_9925.png,Test/Varicela/2024-06-26_21-16-14_9925.png,1300637,af7987532e24ceaa6904916245c1e121be2849875c40e437eada22cc72872780,Test,Varicela,True,896,1152,9e629109779e2b05c0b7bd909277196ce170b9e6be4debd9f0842dc64a084f22,a7b8a9ac88d4ad8b,138.2022966657366
Test/Varicela/2024-06-26_21-17-12_4644.png,Test/Varicela/2024-06-26_21-17-12_4644.png,1156535,47b9e6d990208e9bca221b8da7d70d9cffc178b9e63db3096d1416cfcecc8efb,Test,Varicela,True,896,1152,6145f35375f71806170fb582198816e46ccfecf7e09288c505c5ce4ca84bb707,78414937ada6368f,151.83502197265625
Test/Varicela/2024-06-26_21-41-35_6608.png,Test/Varicela/2024-06-26_21-41-35_6608.png,1068914,8735b34bbc06d998af16c2c2858da4c18705af375cb120c093d893671c0b41fd,Test,Varicela,True,896,1152,145767ed772cd33384b81dafed546e1471f039032f50e8da31c16434bfd0c55f,8df81888f2aec72d,146.91080341641864
Test/Varicela/2024-06-26_22-20-54_8432.png,Test/Varicela/2024-06-26_22-20-54_8432.png,1160743,04524525551d42c07043a1da212dcc863cafb03b95666c70e930a6c0879decc1,Test,Varicela,True,896,1152,9b2981ccea826169e37761bac2d89e6f52f653bb9b60464baea0a025c7ef6795,5fcd7c65a8507483,144.37235320560515
Test/Varicela/2024-06-26_23-12-15_8345.png,Test/Varicela/2024-06-26_23-12-15_8345.png,1063739,aef0a30c449402bd1bf6c3fc5c7e85b5839e2cf225cc1ffbcf6c8b7b47297c15,Test,Varicela,True,896,1152,36be48ad6347f972b52782dc9414fef34848f1383e03c3c12023f97af9515880,6b82887b7684bd53,146.30217633928572
Test/Varicela/2024-06-26_23-15-32_6074.png,Test/Varicela/2024-06-26_23-15-32_6074.png,1103033,c8b846c3f740ffc086eabe62d6d1020d2d4ef7e2a72133e2b02ddabe6554db7e,Test,Varicela,True,896,1152,acb9a60ac473f05482027a998e7c9eb1717970e4d36dd498f66913804647496a,4c2ca4e4c6ae97cd,149.47238207620288
Test/Varicela/2024-06-26_23-43-26_2381.png,Test/Varicela/2024-06-26_23-43-26_2381.png,1165385,c3914e3446cdbdf3bdacb9465472c9ef56973f59499c73124337316d5c873ebd,Test,Varicela,True,896,1152,80a48dc8a4b510b6dbecdd6a92e1c04eda349b9fb6ce32993ba96f8b9137bb2f,26b6a4e48ede1f81,140.4916246202257
Test/Varicela/2024-06-26_23-50-12_7243.png,Test/Varicela/2024-06-26_23-50-12_7243.png,1177899,9f7c39a43b0aa6b75781bbd091db887d392d5c4ac3a21374a7bf1fe9f9340bfd,Test,Varicela,True,896,1152,32cb921ad5aac3e8e003d5845bc969dbcdf01a0244145b9462f709b73b29ce4d,8b86db5a96b819c9,115.34996977306548
Test/Varicela/2024-06-27_11-30-42_5146.png,Test/Varicela/2024-06-27_11-30-42_5146.png,1302960,a13c8eddfa45a37935b7c07cbf67ef9898481b4be1c2ababd93ea1251a7feeab,Test,Varicela,True,896,1152,5dc80a1d2f4da08c5d051b2629e0adc9432150aec7bd3e66e764a240715a6501,d10fceb0b9dd6403,108.07513137090774
Test/Varicela/2024-06-27_11-43-31_5038.png,Test/Varicela/2024-06-27_11-43-31_5038.png,1175871,ded5cdb866f44152ce00e02bd53cfe7c190528e3890354dd152a71defbcb735b,Test,Varicela,True,896,1152,28ba1153bb4ca6133eb7181e3a872be62031c28dd84d1cc41e5ce132078452cf,a6e64e86bdd85055,123.29424758184524
Test/Varicela/2024-06-27_12-05-49_1014.png,Test/Varicela/2024-06-27_12-05-49_1014.png,1184683,fc01d22bf156e476c63aa36025ba1874682cb8aa8db12f3b00103b2ca00a1ec5,Test,Varicela,True,896,1152,5e0e902307212e41c347bc8598aeb4277df7cf259ce11c5c40c34bb806b5350a,3a6c66dcdb30a943,103.28648255363343
Test/Varicela/2024-06-27_12-07-18_3814.png,Test/Varicela/2024-06-27_12-07-18_3814.png,1043150,279822dd9dea5424a7994c337d07abb5619fd0674e0bf63225afcc1f51ba6f0b,Test,Varicela,True,896,1152,d3ea3b348dce147cddfe7a31138a3e23d9aea54971b53a608ef02abb570e1f63,0f9f9d30a970728b,111.12079244946676
Test/Varicela/2024-06-27_12-30-37_8371.png,Test/Varicela/2024-06-27_12-30-37_8371.png,1280973,cf13ddf50ac79b78090e45c7ffeae94205fca8187d45dc53eef5a502cab60331,Test,Varicela,True,896,1152,8422448d56af1afa49625bbb73cb43dbe62fe8c34348b1cd6f139b0eb83e42ad,6c29d3fcf10324ad,98.93423897879464
Test/Varicela/2024-06-27_12-55-50_7156.png,Test/Varicela/2024-06-27_12-55-50_7156.png,1153041,b337c1a2d25c8e32b5f15b9eae94b0cc2f6b2cac04c0b723b7e52406860c2ce5,Test,Varicela,True,896,1152,d1f2b1b6d0abb204fd87324e033771d296da486335e95e6fc459bfbe5e68da0b,39919e7179da2487,111.32409377325149
Test/Varicela/2024-06-27_13-11-42_9144.png,Test/Varicela/2024-06-27_13-11-42_9144.png,1248422,f9310e921240978625dfb1d0af213c34e3cd187929120ebfab60b7c56a75d34f,Test,Varicela,True,896,1152,680dacb8b98f5a2112ee7074b3bd97240cd268f654866b08185694ad5e6ec15e,cbbc737a4c3486c1,81.62144445994544
Test/Varicela/2024-06-27_13-13-13_9897.png,Test/Varicela/2024-06-27_13-13-13_9897.png,1059001,8c930a5189eddce6b4beb964d62b02ef8054e4ca185af81e3d906c73b110a872,Test,Varicela,True,896,1152,cd0ec717c78a61c81d381b47f37e7b4737a8a761d612ba1f25d6b0b526fef98e,d22cd1daf4d62c19,93.67207263764881
Test/Varicela/ChickenPox (21).png,Test/Varicela/ChickenPox (21).png,89842,62e60560d83b307f31bda850e4cfccf8eafd6c30a1e60210df372cdb76940786,Test,Varicela,True,224,224,d62aabbd5f5bd363bb97cf3d8f5559df473c752b696d07aece26169bbf0b9cbb,c35741254bb533cb,129.91964285714286
Test/Varicela/ChickenPox (22).png,Test/Varicela/ChickenPox (22).png,58106,930bbcaf98edb0730a5eb58873971ba636d488388e7a3fc80dcd985ea52cd467,Test,Varicela,True,224,224,78beb34da7c0d8d23ab66a3fadb59e83267e4396b37272da1c7fd83d1ab6cddf,e66cd6846c2497d5,195.9357461734694
Test/Varicela/ChickenPox (23).jpg,Test/Varicela/ChickenPox (23).jpg,20826,e8ee4bb462bff0b10940e59f6d600ba425692cfcfa02c4fe02e8b7917e71ddc0,Test,Varicela,True,523,523,9005740d98aa70f9c633f1547bb21148373f9e682a2b7a5871c2536110e553ba,e5b01fdee01f12c1,167.7280617411682
Test/Varicela/ChickenPox (23).png,Test/Varicela/ChickenPox (23).png,52063,b24547fbe4a943f9052f43844a7ead863019cbe9e6f8dc78980f41977858d03b,Test,Varicela,True,224,224,2316e58924b9f54d00c029bac7a081d9b94b843c0b5dd3034f5286de8cf0af11,3e2b14ad43a46f17,165.0066764987245
Test/Varicela/ChickenPox (25).jpg,Test/Varicela/ChickenPox (25).jpg,27051,9120bd8b8a93bc6389f664176e150d6875aa6448b11945a4695ceadf2ae291f6,Test,Varicela,True,471,464,ba5f976c73cc77d5146e9f36ecda8abed4d8a1db72e98a81ee9b3278e8a1c96f,aee85a8a78d548d5,117.34034336335017
Test/Varicela/ChickenPox (25).png,Test/Varicela/ChickenPox (25).png,68899,7457c306c6cc85149ae286989566b20be5034113764db9d57034f2a52dc23bb3,Test,Varicela,True,224,224,882e37388ca5ec4a557dcc337a9e45f7a3d51679c05ef0c1c2c7461c00813db2,5aba290037fea953,155.94056919642858
Test/Varicela/ChickenPox (26).jpg,Test/Varicela/ChickenPox (26).jpg,27489,6b48d69caf3e93f059577591203b5a27aa97d70cf42c17a1904e5b304945dd00,Test,Varicela,True,613,579,7436388a43ae1a68403f0eb793adc996f57703ff66c2118be614fb0504134755,5295cf197492ee31,124.37161726214123
Test/Varicela/ChickenPox (26).png,Test/Varicela/ChickenPox (26).png,74836,f3d21d102ac5e8c794bda8d58aa58bb9699c13fb01a93de5e38f63546dfb8a15,Test,Varicela,True,224,224,087f63cf095f2c36907f51015af6ed5c84b8524880bcdfe3d4e51172f321a356,b7f0d21e68684fa1,138.24451929209184
Test/Varicela/ChickenPox (29).jpg,Test/Varicela/ChickenPox (29).jpg,69845,a6967b9d90209a3c5baf3a7ff123ded646817b0622e4cfc431dc151be64131c9,Test,Varicela,True,1120,1031,e659b982e6ffe771fb13863423626c3cb082758cbe488e6292dcc0a36ad1cdea,1a081b904f9c7bfd,177.56501922543993
Test/Varicela/ChickenPox (29).png,Test/Varicela/ChickenPox (29).png,75351,dff56a0b83b268872b7b98ca8f69a6700e14f997ba2833374512383edc10ddb9,Test,Varicela,True,224,224,970f440ef26bf08ed93974dd6be426d9dcdb2133026fd49c5cdf9b35b98cb341,9960e780fcc0fb69,171.05096061862244
Test/Varicela/ChickenPox (30).jpg,Test/Varicela/ChickenPox (30).jpg,96066,851c36c9ed5a9fc27df8bb09ef5d987491ce859026cb1921392c5da437dee118,Test,Varicela,True,901,1024,b73d5bc56db34b6cd16cfd796901c15b3f4cff08562c7f1481963d8d08bb7278,233e3fff0d50082b,153.81029216668978
Test/Varicela/ChickenPox (30).png,Test/Varicela/ChickenPox (30).png,55671,f13e7c97bfdabdd5389db947e67fb0936118b6f06e4c51f167412acbaaa81e50,Test,Varicela,True,224,224,e333cf92f0eddb020271344dae04ef806ab4bc841e8350c1e56f053be693507a,c9cec60c4dc9c937,193.2472696109694
Test/Varicela/ChickenPox (31).jpg,Test/Varicela/ChickenPox (31).jpg,43080,30620b2aee3f743f0487ad47e6d3047691999be1ad08d7a100f8e0b0ab970c54,Test,Varicela,True,750,754,b93bae76482430c4bd4637d44f0e895684059dc370a656b2a7b1d7330ed997cd,45cd231be9568b8d,184.2449602122016
Test/Varicela/ChickenPox (31).png,Test/Varicela/ChickenPox (31).png,61435,cef5c5c58e201d141dd6ac827cb4c0a146debe47e93ef27f5a3db1600108ebd3,Test,Varicela,True,224,224,70283caa01158528b3c1e5fe5b30cea8d14fa8f8939deb8476c2906d3025e3fb,f30e33b3e658a055,155.5543885522959
Test/Varicela/ChickenPox (32).jpg,Test/Varicela/ChickenPox (32).jpg,42496,97b6d7bb9249adff2df1019650fe9c8e91fa1aa694a4c1c1288df8c1147ff9ed,Test,Varicela,True,750,754,4970f6b6086596c8aa071593806e02df87ca9a9bbf72e91c8b8fe237d89004ec,45dd659dc55c888d,183.5811299734748
Test/Varicela/ChickenPox (32).png,Test/Varicela/ChickenPox (32).png,37333,f3593a9c82d63d3d871d7551b86ff5ab0a2f9025004ed53dcd589ae54acac565,Test,Varicela,True,224,224,767815349ac2dacb3da8d16ad4ee0b173ce2b3dda738446e578918e005c0a605,9e909ab6d69a44ab,196.58039700255102
Test/Varicela/ChickenPox (35).jpg,Test/Varicela/ChickenPox (35).jpg,43017,02c4a8625ddae5e888bdaf7f949704222b4002e77a4271bc8f068a514d9313e2,Test,Varicela,True,730,675,d5585f53abc33287418c91e42832d0a8e1b45b12f0965e27699b72dabbd78a2a,fa1bec0fb02e83c1,145.73285032978183
Test/Varicela/ChickenPox (35).png,Test/Varicela/ChickenPox (35).png,62621,335c3d0983886c9eff159aea29a91ce02e529348110b3e78094e598feb26b33c,Test,Varicela,True,224,224,c5de46e46a9814589b34c7e6fcf7959f85daed843fbfbda7664b5e205b3f999a,fb85767680d8a323,158.65852200255102
Test/Varicela/ChickenPox (36).jpg,Test/Varicela/ChickenPox (36).jpg,47001,9dba923831af6699cb8f8c73889a16a51e096c47ddff09d605b33020c6444ded,Test,Varicela,True,730,675,cbc74c841ee5d7ed88244cebb5fc0ddbc350835a5e1d8fa4352cc23a6a0c5b72,83b85f81bcced2c1,143.96311314053779
Test/Varicela/ChickenPox (36).png,Test/Varicela/ChickenPox (36).png,44725,b80a7a7f04db4380d3644b3b06f4a33b5e8061b6ce3c4dc213ffa5cab77a3e6c,Test,Varicela,True,224,224,2ddb2728cca19976c3ec28fa05fb5ecd28edf3a37816b941b035804ecc9718af,09831983ff5706f9,131.96069834183675
Test/Varicela/ChickenPox (37).jpg,Test/Varicela/ChickenPox (37).jpg,35230,e5c5fc632761222d3fe56963551e120d1550e1aec460d4dea32ab7165b7af99c,Test,Varicela,True,552,568,9595fcdd7ef206e2bf188c426f8d0f343a683b607f7517b8f15468686392edd9,50ad42bdabb4a2d3,154.72724982139212
Test/Varicela/ChickenPox (37).png,Test/Varicela/ChickenPox (37).png,89342,710f0062c28fea85fcb44ca9cbdaa7b19d9cba87e824911e2fca84e82aba8785,Test,Varicela,True,224,224,c66e69207f4c73b1a4ab1e3e7e6614659e1520fc94560f14f0e08baa5b2b1668,26005bf2bd39d2ab,151.27194276147958
Test/Varicela/ChickenPox (38).jpg,Test/Varicela/ChickenPox (38).jpg,47856,569a5b6b7f57546978d1bcfdf9eca7cae6ab0394128843b47979b9508b13b4f5,Test,Varicela,True,860,900,46a6a9a4a6ca2cea8f12955a087283183a70cdd85d5f52dc36b2b3253f7cb518,0f64911fe4e09fc3,102.10519638242894
Test/Varicela/ChickenPox (38).png,Test/Varicela/ChickenPox (38).png,82309,db8ca614d3b6d00dbc0732d4af50b7d91b3631f18ae40f729ed4a5de83920013,Test,Varicela,True,224,224,72a70ed8381f33d65cec7701b889a10842f59cd78919b42c2c4a4904c44e14f5,b376768a3a9282d9,163.29468271683675
Test/Varicela/ChickenPox (41).jpg,Test/Varicela/ChickenPox (41).jpg,50471,212f3cc1a6113627afb3bc4c797f2ec5752b89eb3dfe79f9571348bc6232e695,Test,Varicela,True,734,481,77f69974565bba3634552ee4ec39059209d2e0204a033f55bdb632c543ec6b50,7563631c8c3327cd,123.03046842692619
Test/Varicela/ChickenPox (41).png,Test/Varicela/ChickenPox (41).png,82516,d75ae1fbc9dc81dd5c166791b05db7c4c1d386dc10e0beb267a17cd68037fac0,Test,Varicela,True,224,224,4c57900c4baa32425fc33c2691f6cfdc86a439ee863f643e1244c8bcd78dcb63,e8c5c5ee043278f3,144.60746173469389
Test/Varicela/ChickenPox (42).jpg,Test/Varicela/ChickenPox (42).jpg,14393,0d4137ab0b855d85d5eefc5994ebb8a7d696c8408c7a159a3236ba478a14d309,Test,Varicela,True,450,300,c05249b50d0566bb0dfc7c0e556066e1381e568f55eef0dc1c825d3832217227,fc589b4607b904eb,176.48057037037037
Test/Varicela/ChickenPox (42).png,Test/Varicela/ChickenPox (42).png,81437,ac9bb5b8d30d340eaf6ac1948cc82e83f1a1ff0ba2b152903914ae6b39ce64da,Test,Varicela,True,224,224,2a0ed8637806a0426bd678697313bc675a45d5249f8a5980b227bb9d62d81743,c37c3e0319f82739,168.70075334821428
Test/Varicela/ChickenPox (43).jpg,Test/Varicela/ChickenPox (43).jpg,68647,ed6fd82af364e1ae31c4c44e0cc8ea78f6fe39250cdb56e1fd165bd211b119d9,Test,Varicela,True,734,487,7cbfa82f171e6cef7868d368257ed5bfab8b89ca4ff14f11d97a9a6c7a185d2c,6599d92625d94d27,185.24660519557543
Test/Varicela/ChickenPox (43).png,Test/Varicela/ChickenPox (43).png,81481,7686776665b124c227e9625dce4b8573a7afe9c9ee94edbe3d6eafc534d99c25,Test,Varicela,True,224,224,b8d5c3762a09c0295233307d12ac7fe5befa39376e3e6c2904b43335327f2862,d3d51ba845e1073d,158.2941047512755
Test/Varicela/ChickenPox (44).jpg,Test/Varicela/ChickenPox (44).jpg,76816,5614dec64da00ca037ff19898b361f4194479106fadb3d9552424083fa4bacd2,Test,Varicela,True,734,487,2964039c12ce64af1603153a7777bab42ec9b06a056cab392621ed14e09d0e77,66339ccc733388cd,173.09661274891036
Test/Varicela/ChickenPox (44).png,Test/Varicela/ChickenPox (44).png,93665,d73009d317cdf9f583326c2ff092b615bbfdf65815d2a10fd3a171b619f27845,Test,Varicela,True,224,224,8ffc0369510efa4de4b6a48d9ff960731f13dd742c4e0646f9fa03f554fe1e81,8d58c29d636ea987,168.79715401785714
Test/Varicela/ChickenPox (47).jpg,Test/Varicela/ChickenPox (47).jpg,64610,ea667c49585d2c94189c7bf47e100d0d728f627ac52378b5b65117d53dd29581,Test,Varicela,True,734,490,3ca01eb170f0b375523cc0ac66728acb7552bcae42e4218b032607791028c454,cdc9d92465d98927,128.72752599677474
Test/Varicela/ChickenPox (47).png,Test/Varicela/ChickenPox (47).png,76661,38515759bdf54500e7d9afd44a948bfd48917f4943108530be3167a18c24f842,Test,Varicela,True,224,224,589d455c4ccbdd539f0d99d470446b9ccf79a595fd8edb6bf2ecfa86b73164a9,4e09051eef7dd0a3,165.23166454081633
Test/Varicela/ChickenPox (48).jpg,Test/Varicela/ChickenPox (48).jpg,68885,1a433916831a0b0ea24e8ab827f36e765673d09e48678b7b78be232e0c422287,Test,Varicela,True,734,492,2295c0ef1406ddf9cfeac8b387c4acb3bcd4f34624edacb87c78503909be7891,123c8ca6b3994d6f,139.487732881416
Test/Varicela/ChickenPox (48).png,Test/Varicela/ChickenPox (48).png,74481,f88bdf0cbce7b3e087038985cf544f7d80fab0efb1991bbb11f7c6aa63140800,Test,Varicela,True,224,224,2d1e9648ec9369eac29713f65a10a98934746c643918619c8103ed47e8608a1c,f420307e3e7e0d8d,177.24328364158163
Test/Varicela/ChickenPox (49).jpg,Test/Varicela/ChickenPox (49).jpg,60662,3b22e6dad215579496e04361431d2d68961fb8a84843dd6fdd894c5259ebe8d9,Test,Varicela,True,734,492,d4623ef0d2e76c846b64976ec838afea7e446cfcb82149cc4ae9adfe961ec005,b999cc66239916a7,127.25700305708779
Test/Varicela/ChickenPox (49).png,Test/Varicela/ChickenPox (49).png,61843,c1baf12f001ebc1496a5d732310dcdfbcf65ef51e093c04a32a08ac8401a9e65,Test,Varicela,True,224,224,35ed964038304e9884f3f29f4833dd34d24b774f65b6821b1ea57a61c341fb70,e19af8d688e3f109,165.76821588010205
Test/Varicela/ChickenPox (50).jpg,Test/Varicela/ChickenPox (50).jpg,80476,9710e834a44f7969fb52a346df0b0b33cd2bc81504761d15a985be99e3325dd9,Test,Varicela,True,734,494,dd7ec9300e2bfaafca74aca0c8ed5e884d1ada554768fc61b2614a943f3e2cb3,33988c33e0cb1fcd,136.7687784752176
Test/Varicela/ChickenPox (50).png,Test/Varicela/ChickenPox (50).png,101845,dffd18730692e7fd4cf5a93093cc4b0b0ce30806798eb712b1fe4b5f83858a02,Test,Varicela,True,224,224,acf685208fec3af418dd412f7d6a6f8ba55512f5126a662f3a996cf9a439fef1,d342ad05e9b561cb,172.74154974489795
Test/Varicela/ChickenPox (53).jpg,Test/Varicela/ChickenPox (53).jpg,62902,1112fc6118b89961950db7c1617b64fce9921c3a43372c3298cdebaff1fb38c7,Test,Varicela,True,734,500,63cbee889f34a5ac4f554dbc21b08e2647d23459554f7ceb1d5924f49a7584b2,549b9d2f2c935945,117.98097002724796
Test/Varicela/ChickenPox (53).png,Test/Varicela/ChickenPox (53).png,79039,98df9b7c9c3d8d946d67031efd110d02a38471f74f21acf05212edee0f91c159,Test,Varicela,True,224,224,5cd521c274b9f8828653e50de5835fd2882d637003618c345806e0ad2dab5c23,236c8b74fff40303,139.67530293367346
Test/Varicela/ChickenPox (54).jpg,Test/Varicela/ChickenPox (54).jpg,59908,446c28498a9d3a718bb9b0b495497c0cdd60146b7902232488684c5f3f899598,Test,Varicela,True,734,498,0336f7c690bbb475ba8b8f42fb215aec8088aba05d3fa370821002144db5557b,a3a543d2c9381b7b,148.4469266712627
Test/Varicela/ChickenPox (54).png,Test/Varicela/ChickenPox (54).png,85012,0d7adc14700304a70847703b3121841218e91d01aba3c672fc1e81f37db6872b,Test,Varicela,True,224,224,ef8c5890ced450e9293abdc9e01eaaf42423d7377bb8fd6052505ce9f8797c19,4ab54a2573bf2529,134.70613440688774
Test/Varicela/ChickenPox (55).jpg,Test/Varicela/ChickenPox (55).jpg,57622,4540e7bf5564f2e4968cc92053a273aa2de9baee8321fe4ba199bf6ed1ec1d99,Test,Varicela,True,734,488,4af8170e4715692bc25a7a571730f7d0d9e8b1de8f43e465dc4d85f50f62837d,b630f8e4bc186ccd,115.852969915576
Test/Varicela/ChickenPox (55).png,Test/Varicela/ChickenPox (55).png,68940,d51a16bf83e5ec5d3ee449ed5161fc493f5d12aafd43b785e1bb2ba51493ffc0,Test,Varicela,True,224,224,966ad63322e4884bb19a2da0d1521fd9111f5046ed3613b4a4d6b7629b3db5e7,58f2a2e869e0b6b3,182.13787468112244
Test/Varicela/ChickenPox (56).jpg,Test/Varicela/ChickenPox (56).jpg,72182,96fe5e1e43b2a2c3c718afa688de9825602818ba8cb6f28e7c04cdbc760d1b19,Test,Varicela,True,734,487,e5cffae8ac3c7e2f3209e6864c78037d2ba5115e57793a70e3b20272bd5eeea0,9399d5260dc99337,176.95117748099076
Test/Varicela/ChickenPox (56).png,Test/Varicela/ChickenPox (56).png,95770,89230801ca5914aea543898ff7d490e617a45b0704d6be243b54d7debfac55b5,Test,Varicela,True,224,224,760e38114d3f6f8e0f855b2d2498474827a137c8e0f6648bf27dd2fa5562fa77,307c2155e9c5bf0b,174.4236686862245
Test/Varicela/ChickenPox (60).jpg,Test/Varicela/ChickenPox (60).jpg,47982,f2dbc8db0789ba5144f48da8c7538e55f78bc6978ba9c64ff963969007b51ed2,Test,Varicela,True,719,759,0b3edb8808b4aada693afb29778c8a11518d083f01eb7c761f0f6f7f79a2a029,0627fda0833e1e75,143.09540772665886
Test/Varicela/ChickenPox (60).png,Test/Varicela/ChickenPox (60).png,60589,9d1cc71f670bc720bf173cf84500fb355485e2aa17634c080ef4f0a063b0f123,Test,Varicela,True,224,224,e5fa8efa58a0e311365b617729e5ec65c86c7e20a148d5a898a445119d922065,a70797d65458da29,147.02377630739795
Test/Varicela/ChickenPox (61).jpg,Test/Varicela/ChickenPox (61).jpg,19110,dea7f25bbdb83389af88dc858e88bbe3455be4cf83ab2e776743480d635eea52,Test,Varicela,True,443,437,be639458f1c5af058a2148c4a4891c893d995a0d4101586dee2d26ac958c4983,07133c3b0381fcfd,186.1916256437541
Test/Varicela/ChickenPox (61).png,Test/Varicela/ChickenPox (61).png,63567,a03753bec9b7f9d341ed1741486c884af5ad40546ae99eb1389102e65bd384f6,Test,Varicela,True,224,224,5ab69c5a770690a8597523bd31e67cffbdcf8b26b1700d0bffeb0e0a57200ca9,3b13f724239cbe21,153.03041294642858
Test/Varicela/ChickenPox (62).jpg,Test/Varicela/ChickenPox (62).jpg,95679,ca9bf9ef819c29d0d14d38cea9b848a81d362d6367dc2d0f128edadb4ffbb69c,Test,Varicela,True,749,734,77ace344e3e8c0fd759494c79fab845d6bf3c1eea2c7f36f36c91ff50209d55f,ff40f74255eaac01,129.37817907982668
Test/Varicela/ChickenPox (62).png,Test/Varicela/ChickenPox (62).png,62325,b7bdfa72a09b50f981518b68468d2f1f4f9b841798a3f9b0194fcb16aaf65fe1,Test,Varicela,True,224,224,523a3a74d0d5a9ec46349fa90e6db8b80b294bc74241d40adcc8ec41509da9bb,f8c6fc9438c00fe9,186.27485251913265
Test/Varicela/ChickenPox (63).png,Test/Varicela/ChickenPox (63).png,79234,8a4deaa9150b5d9fedf24d090260f233ab93412e7eae0ae125816a0ce41d86a4,Test,Varicela,True,224,224,440dbccef12655a68ef4bdf6299ede017e5a25b3748bcd8c5cbab6bc88568d10,9584fd90bad682e9,150.61547353316325
Test/Varicela/ChickenPox (65).png,Test/Varicela/ChickenPox (65).png,117976,4a116fe6d50db3e5d51bb34a4c07fe4ae2a28b22dc62ea1067fa7207fc7da16a,Test,Varicela,True,420,280,bbafefced74436d2d9402901b0024d5330191999d8e1d34573089af106f4c54d,0783011e3ffcf1e1,107.98049319727892
Test/Varicela/ChickenPox (70).jpg,Test/Varicela/ChickenPox (70).jpg,56693,d1d5a6f145436bb65e22f3f464c189eebcb65a4c560735c23d58731d6645b4c2,Test,Varicela,True,734,497,66d8954f3861bea3cc4412ec60895e5d6389742ba15047b10edee5df93a6505f,b1c2e3db7518282f,133.7945685009238
Test/Varicela/ChickenPox (71).jpg,Test/Varicela/ChickenPox (71).jpg,5751,3827445563c9c07b1820bee265795a5bafaaab59bee7fa423d38bd383d2527f7,Test,Varicela,True,300,225,853dc6b2a09ba09edb8951bc178c5cec2f58e240dc1197239feae6923e0bfa6c,01ce926fc6995e65,156.23583703703704
Test/Varicela/ChickenPox (72).jpg,Test/Varicela/ChickenPox (72).jpg,5627,b6cde263ef5f31fd2759ef27dc3f711f5aa848ff5df46e21166f39f331a2bda4,Test,Varicela,True,300,225,7b4ff3fcdb86ac6d1d5bdd38d8b69cb5bf1da31dbac7333388e4c79ad1d9b452,206d926fc6996e65,156.2917185185185
Test/Varicela/ChickenPox (73).jpg,Test/Varicela/ChickenPox (73).jpg,11230,1db24a83a22b90ef748a21445e7d11a654a0f88a48c621d05d9771a74fa00d35,Test,Varicela,True,366,350,46949613d36d3a8681bb2dbb8c351db8f93bb3d6be1687d470eac941b5de1215,4738e609f04c7b9d,166.16494145199064
Test/Varicela/ChickenPox (74).jpg,Test/Varicela/ChickenPox (74).jpg,11399,5fed2f2e1a37bf495b7d1e67066b9163d51d3cb7bdd0cb4a2b76088aa2f0e414,Test,Varicela,True,366,350,f95d4a0c7e308b5a41572624a8f25aa65e37d19313da5d1294611a93e4bcb4fa,61977cc31c4419fd,166.46067135050743
Test/Varicela/ChickenPox (75).jpg,Test/Varicela/ChickenPox (75).jpg,15043,e0eacea258b6b47cb4fd4ceb2cd20c232e1885cc018f06919eb810b439af0eab,Test,Varicela,True,350,350,e4cc03b352f1c1c152b2becd5b01e6b93dcd3283661313df4a635f3df943d44d,1bb89bb4a9963427,180.76276734693877
Test/Varicela/ChickenPox (76).jpg,Test/Varicela/ChickenPox (76).jpg,86078,e61dea7538711e7a3d6b4fcb65cfe3567a41ca6e1a26e7001aacc25852c379ee,Test,Varicela,True,734,608,85ce40a06faaa2b4518f3d74c58e86a6926e3a19dedf0404bf088c48dda663f0,782cb46b98cf7431,141.0704973648358
Test/Varicela/ChickenPox (77).jpg,Test/Varicela/ChickenPox (77).jpg,48764,44cf03c5e2ca38d0873f1cc24be7e038f7c996bb1ba6e4dc570313ea8554537c,Test,Varicela,True,734,477,33823d3a318b1c93332c0d23ac8a75de2df12d187a0e265ef0d172282a411c09,fa1c4962e3b04be9,133.48972060848058
Test/Varicela/ChickenPox (82).jpg,Test/Varicela/ChickenPox (82).jpg,111644,ad8fc424f73e08730968d2f7477d5042a48043b72b053a42d9b368ffa63b8887,Test,Varicela,True,1306,1370,fa4e7994b8c7f4cf6966ab58ed8ef6ac872a5f9cf6d04af03488d06ecdd31e6a,3dea5279e1167861,100.57733258067762
Test/Varicela/ChickenPox (83).jpg,Test/Varicela/ChickenPox (83).jpg,96763,3b12eb8c896bd1e44628427e25ddb43ef036bf4b06548374abeb574d854e6d27,Test,Varicela,True,763,734,02b8b849fe59d4dcacd1febc3f74205e1d29c5d12503b3121bea89d5b448d96c,f962fa9a1c1a8aa9,137.34660257623534
Test/Varicela/ChickenPox (84).jpg,Test/Varicela/ChickenPox (84).jpg,94530,3d8fea9820c014ddbc6bdc3787168f9278b50bfabce29c6ca13e733e10df721f,Test,Varicela,True,763,734,bbcdb8365dc89a42d4f4169c74340173f5ca38233a7d4b5c6dca53bf2a883ec3,d96af89a1c1e8aa9,138.95266605004625
Test/Varicela/ChickenPox (85).jpg,Test/Varicela/ChickenPox (85).jpg,29632,c9a2d59eb33a362625aa70bb25efe81ac862fa4e7652b3418a14bbb37f1b6df2,Test,Varicela,True,589,407,df243e38f04aff5f516ae71c8375d1c46d6b7ce95ec45382d7fa5db4282f35e3,b6a65d4af900f623,189.03506547139824
Test/Varicela/ChickenPox (86).jpg,Test/Varicela/ChickenPox (86).jpg,7121,590424e9d1f01e4be99c69a780dfac9caaa3ef896d017708520b6cdc2af568ed,Test,Varicela,True,285,270,9d2afe2ceac9600185a92896bbbb9d38fc9e785aea4859f528a0c33854541f0b,6d0b86d26c2983fd,193.22478232618585
Test/Varicela/ChickenPox (87).jpg,Test/Varicela/ChickenPox (87).jpg,44517,43184acc638ae26bb54250fe5f4699d3719f4fc1c55cf48aaa85129d1e388608,Test,Varicela,True,750,500,4b98ddb8f7f64e794e93f698cd6f8110235aa667cf552884e3afff441271fa71,30f6a61e3c44c7ad,129.41498933333332
Test/Varicela/ChickenPox (88).jpg,Test/Varicela/ChickenPox (88).jpg,16615,d153c2a2bb20831e8caeaf7b7f75f523cde91c776742aeffc33c81fbd486d5ab,Test,Varicela,True,320,213,e08dbcf0edcdbcf10353df1d176fb5accc4156d6af4a1d8d4f0a2476c22de3ec,6693ae995bc5302d,197.78623826291079
Test/Varicela/ChickenPox (89).jpg,Test/Varicela/ChickenPox (89).jpg,63688,7679a9ff323be17924d9174332a09268a60912093651e83c84f3b30139c242d4,Test,Varicela,True,1400,600,1b728fdc6f8fbab7eea001fa2ab71b10aa43aa7fc4adc96fec8768a60cf27c59,3446a74b94a66f1b,158.1247011904762
Train/Herpes/2024-06-24_21-00-53_4202.png,Train/Herpes/2024-06-24_21-00-53_4202.png,1035397,02a646a416da05f1a8fde9f6a667cebe83e772db5bed5d84f53b429123b7cd39,Train,Herpes,True,896,1152,07f5274e0d65f6e6dfee6d7e651884dc77be2e7a789d4d2d9714b30af54f82cd,23e3a3ae8ff030a9,106.94090634300595
Train/Herpes/2024-06-24_21-01-19_4432.png,Train/Herpes/2024-06-24_21-01-19_4432.png,1059085,932719cb3d951d807a7e6aa123cde248d244b5b47bfb21347a2a617d4d2b70d4,Train,Herpes,True,896,1152,c5be206fd0b5f42d269cc9b742eb523b48846b8e672d3fad74b0457465b55e0b,89ded4541735598b,123.1284421890501
Train/Herpes/2024-06-24_21-01-45_9342.png,Train/Herpes/2024-06-24_21-01-45_9342.png,1115939,3fb99e34013ad49181dce07de1094e1cc73dfd66ebd71ab0c44ca4feded615b2,Train,Herpes,True,896,1152,f8d2f6eb5490178a62cc516c24255c82f7e772fcf84a4380479b5fafe65d7394,36b131e458b5ad8b,104.17411392454117
Train/Herpes/2024-06-24_21-04-28_5601.png,Train/Herpes/2024-06-24_21-04-28_5601.png,1104772,13ad40aad5544c48c25fe49c5833a2f5fbdd949a0be3e34c7670b25b79aeaada,Train,Herpes,True,896,1152,f84ab8357de7b27211bcef7ab9af880562560b3e168d633a3c105e32c8f15bf3,9a568e949832679f,89.30215502542163
Train/Herpes/2024-06-24_21-05-44_9873.png,Train/Herpes/2024-06-24_21-05-44_9873.png,1114259,987c1e77cd8423f6e1387f11d0d78be4956e5459251db02cbba673367b0da5ab,Train,Herpes,True,896,1152,66e7d27bc2807f27b13aa2d4faf095ddd15054db9828a3f673620290047b8155,db68e0e2e85266cb,95.95772491939483
Train/Herpes/2024-06-24_21-06-09_9645.png,Train/Herpes/2024-06-24_21-06-09_9645.png,985337,d9fac40ab0ee5867bbceaa6f868b51c12e4ddfddaec24505176dce3a0e9a96a0,Train,Herpes,True,896,1152,1b9f9a7c91fac3c5a419fbf98a96f8e5b785c8fb9d78d02d5a0452fc9bbd75d7,24c78f178ff0f083,72.62217881944444
Train/Herpes/2024-06-24_21-11-05_7410.png,Train/Herpes/2024-06-24_21-11-05_7410.png,1006332,dd042d9725a2b52a59c5229056ca9f886ebf9a97dd64b55aa7c12ca14aff4329,Train,Herpes,True,896,1152,247db7f23fc29acc163db0261c136b2f6699781765bf4b36adb8888eccedbb95,4d5988de767cc981,84.86567905970982
Train/Herpes/2024-06-24_21-13-18_7845.png,Train/Herpes/2024-06-24_21-13-18_7845.png,1007531,8de8abf7c17fc1efba2a27a1e9919243edbb76cd138df75f67a6b5f8b8ad6d38,Train,Herpes,True,896,1152,ed45ca3d16573ed5bf760fcd59a04a06fd03cdd50217403e8ac37682f09ba857,dbd84cd890d879a3,116.02887641059027
Train/Herpes/2024-06-24_21-14-58_4627.png,Train/Herpes/2024-06-24_21-14-58_4627.png,1184441,d2caeb8923eda42bb9e3bb18dd9ec8218ef721a3bf93e674f88a917c0f917afe,Train,Herpes,True,896,1152,f83f07b26a4f0b207ce1b9ebba5860f8844ff5099ff570cd2465ec138a3a47d5,eb7c00ee27b09e0b,99.55457802424355
Train/Herpes/2024-06-24_21-17-10_3876.png,Train/Herpes/2024-06-24_21-17-10_3876.png,1150412,7122f6f5a55766b91423685ad94a6aab44498aef7920577a1f28a3826fb16f27,Train,Herpes,True,896,1152,a109cca287f266c913d15fb2152d03051c401c1cfe5f0cf05e1347bf6b7f0f0a,c1520e96725b57a7,106.40343753875248
Train/Herpes/2024-06-24_21-17-35_7441.png,Train/Herpes/2024-06-24_21-17-35_7441.png,1045186,41dfdebc4fb62faea323c28f6f058bf7f8c7e0740e1f42d9c5711a8cfb224528,Train,Herpes,True,896,1152,f37b40935216a54b66a47b13f57cc05579b0c732119423f996c7991b0aec70a1,8a79a5ee02f8be03,76.09676203652033
Train/Herpes/2024-06-24_21-18-00_5110.png,Train/Herpes/2024-06-24_21-18-00_5110.png,1108803,241461dccc21844b86db2eed4b52fa632338133a20b3f853b9b1cb00ae3bc2fe,Train,Herpes,True,896,1152,02846836f8c4a1f57e5e5308ee82ed28e27342f683ada2a61d485eab8a2e00cf,3f6e2f6c4cc0e0a3,116.26295592292907
Train/Herpes/2024-06-24_21-18-24_3918.png,Train/Herpes/2024-06-24_21-18-24_3918.png,1146922,b32d05b13606579e094d61f29486bbaa70847dde8271306d4dbec9c3f22bb6bc,Train,Herpes,True,896,1152,3a75b37ad3bbf42dcc08f87a9816caa046abef476f7755fe60f8a5f14b0da148,fcd6824eda22ad43,113.58473036024306
Train/Herpes/2024-06-24_21-21-25_6806.png,Train/Herpes/2024-06-24_21-21-25_6806.png,1066133,b625c63daea1cb8266b012ecab449d2d20dac889ad513a502f13576b77b076d6,Train,Herpes,True,896,1152,9bfdbf3a1bb1b6b1b4bb1ee50668ba7dbed28f0fc2fbd1a4a7f5658902e40034,f8001f173f70f0ad,92.84575059678819
Train/Herpes/2024-06-24_21-21-49_4080.png,Train/Herpes/2024-06-24_21-21-49_4080.png,1090464,4475dfddcef8a9815cec54d00b79ae1eb1c7b9a2b77abcdaa939e9ee6abdbabb,Train,Herpes,True,896,1152,61eb305fb57aa11fad6adba485fdf07849ff9657b5e34db53ae40b0131fcc1c4,6683375a917c4da3,93.36119055369544
Train/Herpes/2024-06-24_21-22-49_6070.png,Train/Herpes/2024-06-24_21-22-49_6070.png,1079275,287ee9f65de77afd7ec0a204c97f63f56e976a5e31f9097f5d67bed21c45c741,Train,Herpes,True,896,1152,38ce354c442a04d66124584c67f1a9d89dc78bbae1256ee708ab383464c0ecd8,6d19704cfea40d9b,83.68013218470982
Train/Herpes/2024-06-24_21-23-38_6444.png,Train/Herpes/2024-06-24_21-23-38_6444.png,1196070,22a96474729bbcce77a458f83cf6a3bc6f5e9ae1bdbc5531a3d765dba79dda90,Train,Herpes,True,896,1152,e3bfcf7bd40f3bbfa9925779e74048bdd8f450096fe18d29de261ccd3dcce48e,df1d8dc6e3406525,109.41300552610367
Train/Herpes/2024-06-24_21-24-03_7648.png,Train/Herpes/2024-06-24_21-24-03_7648.png,1106482,d855203e942b11aec578dbb54f8d11e0885bf6a69ee21d2c50d49227f76b77eb,Train,Herpes,True,896,1152,5206128988d27f96e0bb8b34e2faf28fda9e00f765b4cf41468949a11318fbcb,693430b8ce6673e3,69.87050180586557
Train/Herpes/2024-06-24_21-24-26_2106.png,Train/Herpes/2024-06-24_21-24-26_2106.png,1101460,64bc75f329d5e7b47a2db81300025fa5013fb7c5b5695e01f233a188eebe8eb1,Train,Herpes,True,896,1152,d3eb8ddd01da5472ddd917d1c46784ad176b44cbcb0f62a37a9da67bae1a6e87,bcd848c4bcbd4729,86.37208581349206
Train/Herpes/2024-06-24_21-24-51_4721.png,Train/Herpes/2024-06-24_21-24-51_4721.png,1242881,26b6bbaa34d2e4abda3feb3a326b3ababa2bd2ad43b44050897f55ec6460a4fd,Train,Herpes,True,896,1152,64ecce592f90a056cfc8f048e2b0bb892dffc04f51c00898aec5282924350fbe,3226edc9c35eb903,70.85937112475199
Train/Herpes/2024-06-24_21-25-17_8827.png,Train/Herpes/2024-06-24_21-25-17_8827.png,1130970,ad1e49b72c9fd5434e07eaef49d70577c541a9e56ed61648a298b9d8c209be6f,Train,Herpes,True,896,1152,826ed8fc09894c12a08e4cf88d85ad093ad48e77340240c60d93c2ee3d7009ff,e55aa946f28a04fd,103.31046937003968
Train/Herpes/2024-06-24_21-25-45_9909.png,Train/Herpes/2024-06-24_21-25-45_9909.png,1119030,59362a71e4c6589c20e3fefe830fc56f1a31355fcf6a2f01c702fbb88b046674,Train,Herpes,True,896,1152,cc86e08eac1469cac3e4915ab70accbf0b7067cfe92ef7b7d10774446c46fe78,674ad21673c48db9,58.22124565972222
Train/Herpes/2024-06-24_21-26-11_2240.png,Train/Herpes/2024-06-24_21-26-11_2240.png,1082287,2a5467b1aeee80cc280f9e2440d3d37e4fa6ad1ba1f74d53d0607b80048d3669,Train,Herpes,True,896,1152,3fcd48f4d0fbec120221c14a22bfd48420a3fe71ac6315d6b16f658216a2656c,fef8094e3f9401a3,85.88686116536458
Train/Herpes/2024-06-24_21-27-05_2318.png,Train/Herpes/2024-06-24_21-27-05_2318.png,1105975,1d4558ba6d79039440241c9620bb29cedd4bb3b6f1ef8fa53e4ce68125e97035,Train,Herpes,True,896,1152,324558126defb62c10ad6cf8bb34a7289a42ee840fc95b2d4339c744dd1ea41d,0b1b3b77e2140f2b,81.31822567894345
Train/Herpes/2024-06-24_21-27-29_3285.png,Train/Herpes/2024-06-24_21-27-29_3285.png,1155263,e9a38c34967d46d22dbf238d139448f1d59982a9046b0ff92bf218d85fc28b03,Train,Herpes,True,896,1152,d167aa856bd2e54ad2a7c15131649ede9a0c5f1db59f56420c74f2ad69d55bfe,4b4617edcd9ab083,89.56991044301836
Train/Herpes/2024-06-24_21-27-56_2057.png,Train/Herpes/2024-06-24_21-27-56_2057.png,1045522,d7351357503ef93cb918dc729c6429dbf12305939ece7f16441a42eb6f432eb6,Train,Herpes,True,896,1152,28062de7dc716c3442d034dc64a5e5452f9e65337ea7d233684ef5d5b1e929bc,b7325c86661aab4b,113.40721784319196
Train/Herpes/2024-06-24_21-28-35_3366.png,Train/Herpes/2024-06-24_21-28-35_3366.png,1185487,81959dfaa7841e49e7c3372dc2641d0ba8f50fafc35b41b0e7d700d96d0fdac8,Train,Herpes,True,896,1152,7c1007ce186325a2a755760bef8ffb2bde877df93063912638a3aed70ca75431,b9cbab8a8b1a52c5,107.6036880735367
Train/Herpes/2024-06-24_21-29-10_2245.png,Train/Herpes/2024-06-24_21-29-10_2245.png,1310248,5a604be55574cf66e29f4b0c626d08bd286fe530c877de73dcb26b2c56cf38a5,Train,Herpes,True,896,1152,a8ecbae47ae323aecb1ca2d0f962c86122226e9a4b47c0ac931792928b9bbe7d,8e20870bdff8e163,79.33908517020089
Train/Herpes/2024-06-24_21-29-34_9742.png,Train/Herpes/2024-06-24_21-29-34_9742.png,1054185,99802a4d3bb19997bbc83e07413b9ab7b9379ddb449514dc5ddc57b77427102e,Train,Herpes,True,896,1152,c19686e9f271c9f14c9dd352cc46147f1b8e3e632d92d9a235e9c10ae8f4776c,e4ccc9f3d2f03823,61.99492342509921
Train/Herpes/2024-06-24_21-30-00_3642.png,Train/Herpes/2024-06-24_21-30-00_3642.png,1186302,3e32d0d8e163cc7fe1ad8b1b172653b3b373295ee3ad17fd71858e6d26dc6437,Train,Herpes,True,896,1152,1f2550985f3c6cc61e59231d0ac879520d33308da026a519a32bd7d14f35d538,1908937e9332ff83,82.72356693328373
Train/Herpes/2024-06-24_21-30-27_9522.png,Train/Herpes/2024-06-24_21-30-27_9522.png,1162273,73b8d4c084ebbd0fcc1a12a06f4bf80e5c5a8402a7a009c3764e07a61d50b4b6,Train,Herpes,True,896,1152,7599237949527572fd317cfac112a9be40eeb15fd47b2b61811765727e456efd,efce0b67f0a08989,86.83443099733383
Train/Herpes/2024-06-24_21-30-57_1119.png,Train/Herpes/2024-06-24_21-30-57_1119.png,1114221,c2462e5bcb5b52dce2d8236c278130db7f478519529f9e2f742f5cb6ec53095c,Train,Herpes,True,896,1152,fd2bcd7ef02b94fe3fb74b5d47787ecae85ac370f4ecada50af54782f798878a,2a3ef8429b76c1c3,88.85071091424851
Train/Herpes/2024-06-24_21-31-28_8104.png,Train/Herpes/2024-06-24_21-31-28_8104.png,1125734,f8b14f6dfe43db517f60a680a8de0ed862d03dd062606447de2300592a237530,Train,Herpes,True,896,1152,0cd9fe505dd62ef1b9d0c7d42028e79b7372aacfa8d37d586ac0c520fc74792b,ad1a76ab84b4718b,123.75696866474455
Train/Herpes/2024-06-24_21-33-19_3498.png,Train/Herpes/2024-06-24_21-33-19_3498.png,1141476,398beba482ea088e021fde677cb333b66719dd564c368bde581b10261b266edb,Train,Herpes,True,896,1152,83b9c8cf0992f0029c8f6495e11c936044d714ab2f0180108cc8737e82be1540,f33e00fc03f07e23,99.54666186135913
Train/Herpes/2024-06-24_21-33-47_6961.png,Train/Herpes/2024-06-24_21-33-47_6961.png,1187449,c91a9430b8dcafeb3c269b0b6788ab3cd742eb1db8c8c1bf7dc32b6714d11293,Train,Herpes,True,896,1152,e1c36166b18fc534f595b349353798804a2f2d0f7e38157e4e11f87a651fd254,7b0c20b0fffa1d03,63.87227279420883
Train/Herpes/2024-06-24_21-34-13_9283.png,Train/Herpes/2024-06-24_21-34-13_9283.png,1088823,89247bf9131999d3c30b7c5c40fad685f2c3471014b12cc43222707a4fac9d30,Train,Herpes,True,896,1152,6d04b5f8d0f8f9b463397c073f33ab13e27f526f86eda4bfb5dc42874ab0eb5b,626ee3a20ff0ad89,78.39281548394098
Train/Herpes/2024-06-24_21-34-38_6557.png,Train/Herpes/2024-06-24_21-34-38_6557.png,1149057,a6654035fa597984bcf104bb26b77133ede537a06225a6612a23dbc4da43ffbd,Train,Herpes,True,896,1152,190c9e8dfb4f1c335993086cac864a881fb7335fb80560c067fbda367a0917e6,d3d89ac4e3309aab,103.72813003782242
Train/Herpes/2024-06-24_21-35-32_7322.png,Train/Herpes/2024-06-24_21-35-32_7322.png,1025850,1292efd2437fbf17302cbffa567b81f3b604760faceba7f0e40d12ce213fddbf,Train,Herpes,True,896,1152,e2861cd80aca154a02a3ee55dc84aded0fc712996e6eb478377e8695826b38dc,8efc0b3aa54c52a7,76.17998783172123
Train/Herpes/2024-06-24_21-36-01_8797.png,Train/Herpes/2024-06-24_21-36-01_8797.png,1004400,9933fa46456f3ee8a7ee6433c714e8d6d249499c67f6e1d05362ca426ecfb52c,Train,Herpes,True,896,1152,4534b4158ccd09a9c881c307edea17843e17a4fd2938bbe7383fd869b4b2bc37,aba8baac2c3c8763,77.4449695405506
Train/Herpes/2024-06-24_21-36-25_7038.png,Train/Herpes/2024-06-24_21-36-25_7038.png,1116545,fb76b4c45872abc07eff032d537c14a29b55d61aa69dc4a080efe6f4d7ced7b9,Train,Herpes,True,896,1152,1e79ec91280ceaaabc3bf82575885c4ba92efc71025894fe917ab121b0ea6cb3,7e00ff00fe00fd2b,105.84955027746776
Train/Herpes/2024-06-24_21-37-46_7515.png,Train/Herpes/2024-06-24_21-37-46_7515.png,1145729,1dd834872a58938ad4548152d9e7b64fe92a523dea85989a4de03de5c1096db5,Train,Herpes,True,896,1152,c5df118db92dc332bcce9b0c2ff3c806a990f64ea9ddf97cd265583df88291dc,73398cce39334f41,108.27498566158233
Train/Herpes/2024-06-24_21-38-12_4290.png,Train/Herpes/2024-06-24_21-38-12_4290.png,1181116,3d3b08e8d477e288d1a59457b5b69274ed551e29987db116cbb067cd8218b2b3,Train,Herpes,True,896,1152,664a8948159e81181ee9ed3d4ddb8716db3e9a8e900d53fe8b0db1dd60c3a143,ed9a35f1e60c6903,55.794022817460316
Train/Herpes/2024-06-24_21-38-36_3794.png,Train/Herpes/2024-06-24_21-38-36_3794.png,987696,dbb2ba25fb81ea273e3c3d77734ad06081b1b59facefb862c8ae4d6a7ca5d796,Train,Herpes,True,896,1152,2563bb5704bed1e3fd69bd7c35eb269d2604897b81a11927c8640f96723d863f,f98117d8831f9e83,62.37165275452629
Train/Herpes/2024-06-24_21-39-03_6008.png,Train/Herpes/2024-06-24_21-39-03_6008.png,1074714,e73053475390a46aeda6f37807a3edd662a5b436d225799900c3d242614ee53a,Train,Herpes,True,896,1152,bc33428d64f06bbf891a7f4e2c4dbf26484e508f999503ec91fd77128a8cdfae,11f5f5125460bfc3,99.80668809678819
Train/Herpes/2024-06-24_21-39-28_6866.png,Train/Herpes/2024-06-24_21-39-28_6866.png,962457,c3b31d482a388642947732021266d1d586f4545dd70a961cebf5a2d54e8e754b,Train,Herpes,True,896,1152,a5365a7dd8075f48599918f38cc8ea8602af76a377fce1993e2d02bafa9f0dac,6438bfc404f8fc0f,75.73780265687004
Train/Herpes/2024-06-24_21-40-15_8728.png,Train/Herpes/2024-06-24_21-40-15_8728.png,1256067,f142e45f71f8f80606f8e8b52efc5297436b79a52347148ea5909ab8b5965fbb,Train,Herpes,True,896,1152,cf9bd7640fbb962f8ff1c154061c9dbd55919d999a41691d30ae4f139c93ed16,55765bdaca4a2a29,72.61594548301092
Train/Herpes/2024-06-24_21-40-38_4162.png,Train/Herpes/2024-06-24_21-40-38_4162.png,1261043,cbe3cd9860156e9c45c124b8cf1ce2638c088c98524d6b22aa8cdb7af4981144,Train,Herpes,True,896,1152,9102f606c2b60fbbcaac438153de43a48223aeb63d000235b0621c8cd2e23fcf,7ada90f60cf9d103,105.16580539279514
Train/Herpes/2024-06-24_21-41-03_8276.png,Train/Herpes/2024-06-24_21-41-03_8276.png,1083034,ead0dc190596d64bcd223ff4d645a860c3b86836c26ef29464d0e78a93b06efb,Train,Herpes,True,896,1152,5ef6effada8c2a89d9cc0701d5a05451581d337fed04511b70fe64f76cb0dc0d,34399e86e15caba9,96.64291042751736
Train/Herpes/2024-06-24_22-04-36_8469.png,Train/Herpes/2024-06-24_22-04-36_8469.png,1113519,ddeeca5644df43876080a2dc11724aafde03ad99d435372adbd2e6526012e4ad,Train,Herpes,True,896,1152,6e2e51e6b0acc1b1e78855e3bf89d3b7cf63dd6aa1a5cd067036c3190501be71,2d29cddfff300103,94.8721914140005
Train/Herpes/2024-06-24_22-05-48_2051.png,Train/Herpes/2024-06-24_22-05-48_2051.png,899740,afefb659e2c02d7b19c57c62ba80c2429218aa1f78feda290ddfc1edbdb5b39c,Train,Herpes,True,896,1152,1d054d7d64e0bc9a5f2bfca5aaaf5b5d40c5385172866021586fb7e775d286a2,6f8648c4cc703dcf,112.97505793495783
Train/Herpes/2024-06-24_22-06-37_2947.png,Train/Herpes/2024-06-24_22-06-37_2947.png,1084393,bc057c1ff246108f9ccfd36a3fdec9e3f406adae92d61dc2a4b467152bf5d748,Train,Herpes,True,896,1152,e74fb443d77b2d024a2bc93f807adf2a17aad0dd2639cfa9fcbb483dc5211b84,ee987306c3380eeb,97.09754386780754
Train/Herpes/2024-06-24_22-07-01_1460.png,Train/Herpes/2024-06-24_22-07-01_1460.png,1023564,a3b8c05ce9896513c9dc3c5b994664c460de0b74e62b041bd1ad9d0a3f0aeb9d,Train,Herpes,True,896,1152,fe915723622a1889a5e41e135813bd17294e5a97f8ffb6e4474c845c824cc0a0,24aca6b1d7165379,93.62314375620039
Train/Herpes/2024-06-24_22-07-32_6261.png,Train/Herpes/2024-06-24_22-07-32_6261.png,1109382,f5d3ce81f514fc07a52ce30fd28d4b410977f36985949e4cf441a9921a5c5a94,Train,Herpes,True,896,1152,27291c586e00c5f4687b8cb7212a81cdf8b35a8bc1bcc79ae63dbc40f9aed1c0,aaaaaaaaaa8157ab,112.51438298301092
Train/Herpes/2024-06-24_22-08-00_9682.png,Train/Herpes/2024-06-24_22-08-00_9682.png,1211699,0d1b2760f01f6dddc7b765deff201fec1ec2cd1c22f443a7d04a3b4370131a70,Train,Herpes,True,896,1152,e852e01d153d21f9a1f9e833941c92cc004d0551747e94f8be93415aab88f833,e8a8e8e8e8ec2f15,75.3002212766617
Train/Herpes/2024-06-24_22-08-54_7574.png,Train/Herpes/2024-06-24_22-08-54_7574.png,961559,47afe9783637dcc33979c72cc52730b117232104d5289c1546999cfd40f3a239,Train,Herpes,True,896,1152,be9e46709d5316d800908ba76b7a43086516e3fe206380a2d26b72eac642ddb6,a60db9232776616d,57.82550436352927
Train/Herpes/2024-06-24_22-09-54_5934.png,Train/Herpes/2024-06-24_22-09-54_5934.png,1201227,1ebc7f6dc6d01d300602b1ad0ef32cb5c0f24283b131ea8114e9ba24c32e504b,Train,Herpes,True,896,1152,1613c54913141a56451425dcb02837c3a17d298633773b95a31b2006928f59af,f61c4c4e656cf701,95.88738529265873
Train/Herpes/2024-06-24_22-19-51_3495.png,Train/Herpes/2024-06-24_22-19-51_3495.png,1150533,b5ded80d7e1160d4226dedf6b110d924de3d88546266649ce2da321a835dc91b,Train,Herpes,True,896,1152,02b8c7da5a215da24efb9ee83f4eea9c350616d5ae027986ef7bbf643ca2679a,28652b4a993ae3cf,92.75043499658979
Train/Herpes/2024-06-24_22-21-10_9066.png,Train/Herpes/2024-06-24_22-21-10_9066.png,1176268,e2bae8f27aa531ccfe2f19c0efb0f14c699fae3bb5608e863e021f4d74285e91,Train,Herpes,True,896,1152,0ef21865a173d148fef62dc98e11907ddec8f02fd3fb70492da40455bf545a7c,471c7de88634e1e3,101.36351570250496
Train/Herpes/2024-06-24_22-22-00_9438.png,Train/Herpes/2024-06-24_22-22-00_9438.png,1074013,eab3a64fda7429278e848a891167700fff93b601e28eabfa4c61e4406652b7a6,Train,Herpes,True,896,1152,3228bd034a8e69baf39c66dd20667d397ff741e76c2b972a4bd8d48108248482,359933acca92e595,75.0629146515377
Train/Herpes/2024-06-24_22-22-25_9054.png,Train/Herpes/2024-06-24_22-22-25_9054.png,1181214,7db479df3cd5f89e0fdbc403493eb54180434c5dde17664b803f01628c89f163,Train,Herpes,True,896,1152,26ee98afa4fbaa9f51514e260f366bdc3e8b2c7d82f568086081154e297f95d8,37d8166ce2063de9,103.13096788194444
Train/Herpes/2024-06-24_22-22-49_7976.png,Train/Herpes/2024-06-24_22-22-49_7976.png,1127799,a207ade9f4512b7a97aac47ba913389dcf0e435dcfd3bf48909d59b3268ba2c9,Train,Herpes,True,896,1152,ce0ec5c16bd54ff811a4fcd0c39a5094400501ed5e0540d0b7416c86108abf51,99a633336e46ad89,71.30334957062252
Train/Herpes/2024-06-24_22-23-40_9531.png,Train/Herpes/2024-06-24_22-23-40_9531.png,1110121,3b04b0f1183bc65397c198fee39e6b0e01cbe590f58ffa3fc4279ad8af57df98,Train,Herpes,True,896,1152,4739a4ef3d70b1281839dba79d41d3d068d255b59ac58c0f15b9b4668a30419a,d96c0db4467c32cb,100.9455072312128
Train/Herpes/2024-06-24_22-24-05_4912.png,Train/Herpes/2024-06-24_22-24-05_4912.png,1091836,396f4b126e23b0c456b045e56956554299ebbc421549e698b309037acfde0b47,Train,Herpes,True,896,1152,1a7df811ac03c560f2c3ed29038d77bab4ee8211b55c9d2ab157a33f25c28897,b97cc77613c60389,85.09558880518354
Train/Herpes/2024-06-24_22-24-31_8600.png,Train/Herpes/2024-06-24_22-24-31_8600.png,981722,d4a88f8e7f57e5ae5b0e113967f59e521d78eb2b8a5d96e63073196f52ec8d8b,Train,Herpes,True,896,1152,eb44408761b549bb5089cced44012c0a88527d22573a9ad7c64aadd03b8d626b,0fa5a65a5de8e903,104.35972474113343
Train/Herpes/2024-06-24_22-24-56_7070.png,Train/Herpes/2024-06-24_22-24-56_7070.png,1075154,879fcad12c25d3afb3b1cdfe3f2f4bd84b099369c43e5282efe14cd7db362770,Train,Herpes,True,896,1152,7cee689da1c8f3d809d2ae0edd97572dd42c3b0d663883448f589945d71ffe91,7b89b5d453584e0b,82.27144949776786
Train/Herpes/2024-06-24_22-25-20_5118.png,Train/Herpes/2024-06-24_22-25-20_5118.png,1017232,0c9f542913d29afca766d028cf920275589b4a8c08debc84edc08215e1064029,Train,Herpes,True,896,1152,59a829c6cad832003f97d106e089bd7ed7c9ced115cd25229cb4af97fc65c01c,919e2b8cd752496d,79.19772774832589
Train/Herpes/2024-06-24_22-25-44_4746.png,Train/Herpes/2024-06-24_22-25-44_4746.png,1556990,cf0974c779cd90628c4d0334a2c73cfb44932aaeadfb44bcedf2dc5a442a87f2,Train,Herpes,True,896,1152,e64806a528bbea3135161b413f35d1e38ee75da02a219eb7ac8bcd55014bdfbe,556d2fb255603b0d,70.69505188957093
Train/Herpes/2024-06-24_22-26-08_2192.png,Train/Herpes/2024-06-24_22-26-08_2192.png,1172764,38885afc41280b28351fef6c8b9c70249cc1aaa5cd61f9ee52777796ec78d443,Train,Herpes,True,896,1152,f80673d159d23d9b25ed85d4725979aa04fcd6b2ccefc220d18648ea4733a557,3418ac68f5f8d387,87.72544255332342
Train/Herpes/2024-06-24_22-26-33_4237.png,Train/Herpes/2024-06-24_22-26-33_4237.png,1039916,501bbd9d8bce2d1faf2224787d591cae8fab8e9ed406dfd9af787608ce70b6ec,Train,Herpes,True,896,1152,b6c2b96b6aaa41a66932eb10ac4cc2e6e90490f481e74deb3cad853cf32014e6,7f39cae6b2388921,91.76555040147569
Train/Herpes/2024-06-24_22-27-25_9573.png,Train/Herpes/2024-06-24_22-27-25_9573.png,1116731,6ed277bb730fa663a257996f3aa73dc4db689cba95eb9d62e2e84f9a2afd2295,Train,Herpes,True,896,1152,15821ef0b4ea12686e0114b25340b4ff479de606ebe02a00893b5acc7531287c,0cf3f31e86b2f109,118.04408482142857
Train/Herpes/2024-06-24_22-27-57_8164.png,Train/Herpes/2024-06-24_22-27-57_8164.png,1067203,eee9cb01961a91f1edf1d5039642936c67b4cc2e4138984e6526859d21b93da9,Train,Herpes,True,896,1152,489581b9cf0abfb6549411a0af9f2a61c74115af6b5c2d6424870a52e4ceb20f,eb5e71e08a56b489,91.04284183562748
Train/Herpes/2024-06-24_22-37-38_3707.png,Train/Herpes/2024-06-24_22-37-38_3707.png,1030493,879c7773de9934f58cbb7d6efa9caa77a8f321c6f0a49beb7ebffc78f93c9a49,Train,Herpes,True,896,1152,c9e337dd333c1753968e7f53084f4484b91a192559261a82e92553b399eac0bc,6fc88b1af28668d5,59.071437290736604
Train/Herpes/2024-06-24_22-38-07_5957.png,Train/Herpes/2024-06-24_22-38-07_5957.png,1033300,c90b3d11b678523b6d6441ca489a5851635d77bc3846ecdc90a7ba6456a81d01,Train,Herpes,True,896,1152,90e6e84e3f609a1221b1f9b5714ef357a6b014e8aa7473d55c16df426ec56b80,8cfb18043397c76b,47.50927734375
Train/Herpes/2024-06-24_22-38-31_9832.png,Train/Herpes/2024-06-24_22-38-31_9832.png,1093573,8977f5437936d43588678ddd075fbbfec340aa1cae57ec9557e15a1c0f4cbff9,Train,Herpes,True,896,1152,3bea2ad4a01cca61c64c29ecc675d2c5576e81dbdd9b95930e7105fe40d75c31,dc3c996650f4a58b,96.84131828187004
Train/Herpes/2024-06-24_22-39-01_6546.png,Train/Herpes/2024-06-24_22-39-01_6546.png,1068567,153a712ddf7c229d2b58acd1836cd6848e1cff58b85cdff69091e67925672429,Train,Herpes,True,896,1152,b569891e0a881a06b5038ecbcd23799a8ffb6317ffed7e95de02a0df6b303bea,95f5f8589a271949,71.6607162233383
Train/Herpes/2024-06-24_22-39-26_2186.png,Train/Herpes/2024-06-24_22-39-26_2186.png,1229256,451fbdf14ee183e7bf0a28180d0d3c9bf3f8fb8dcb3d8ac603271bf0b4bc06c4,Train,Herpes,True,896,1152,2a7b8294683b6538bdbd26024f39e036103ad262e5f377ac7e06b0357c5e8921,b9a4ad940d68f2ab,107.20166984437004
Train/Herpes/2024-06-24_22-39-53_9260.png,Train/Herpes/2024-06-24_22-39-53_9260.png,1095861,1eb2f129392607a6004737103ea9742079329b9e41dd11b13a10da681c92ee0f,Train,Herpes,True,896,1152,3e508175b07fa7147e4ee5a47b877a23e53e3738aea6f43dd978366b3b466802,5af9cab6d20e3c81,67.98442925347223
Train/Herpes/2024-06-24_22-40-23_6280.png,Train/Herpes/2024-06-24_22-40-23_6280.png,1018305,03004c387b4833c7f8a0d255ab02530fdeb91a3504b89120597ba7060d8c1e67,Train,Herpes,True,896,1152,82f6e37c45f6968eac00cca570fbf394c89e719b865ada5fce9da8eaba840771,09e6d1cb743aa98d,89.48865327380952
Train/Herpes/2024-06-24_22-41-44_4197.png,Train/Herpes/2024-06-24_22-41-44_4197.png,1105540,95b545a1e306d7170ba6040c7f8ce5b1e289b91c15d6dadeb1f271ba7cffd514,Train,Herpes,True,896,1152,1eac72ca7d72f2d71c334ef676deb6e9891e78039843f85b43e45034a16d2575,8ad45a15ad6a73a9,90.69760374038938
Train/Herpes/2024-06-24_22-42-09_7199.png,Train/Herpes/2024-06-24_22-42-09_7199.png,1368423,a58e814a611b511fa073fe5803c3cbf1c5c3e5ffa544a53332b97d42061d8065,Train,Herpes,True,896,1152,ade8c8b0fcc6d043eddcee399076b70c90b9dc037e8819dd5740d236f97806c4,dcacd818d1fa06cd,118.46086096385169
Train/Herpes/2024-06-24_22-43-10_6050.png,Train/Herpes/2024-06-24_22-43-10_6050.png,1198438,5bfe918f2d5f3fcf8c356cb331344945cf2a4fc425232a15d7f1164b44efd3a5,Train,Herpes,True,896,1152,854658eee3c49e68201eb97d1eab07d4d6cbde94143522fc14fa36b3e2ec56d9,ab6a5e94356cd921,98.17333403087798
Train/Herpes/2024-06-24_22-44-27_7122.png,Train/Herpes/2024-06-24_22-44-27_7122.png,1115876,39c6e365a47b18aaca1d0f927d52bf492bea69820d1329bf46c9b754d6332195,Train,Herpes,True,896,1152,9700d08fcbe943705131de17cf9d48e4872470490357891919c72583b7dcef31,c9f3260c9b52ad2b,106.97538539341518
Train/Herpes/2024-06-24_22-45-16_5568.png,Train/Herpes/2024-06-24_22-45-16_5568.png,1136536,12fc29ee638ff6d8f964e2ef4299176fc8434d14664e4c01fc25bd97ba262457,Train,Herpes,True,896,1152,f58963038c0247044c5fb99c85551126da3e54037ba2dbb2124d964cc5fc952e,8fcf2390e8bc83e1,90.760499984499
Train/Herpes/2024-06-24_22-45-58_5002.png,Train/Herpes/2024-06-24_22-45-58_5002.png,1327656,b7c8781bb1544b63bdf35db4d99bc2db799e5a259376c9bbe26b456cb3160d14,Train,Herpes,True,896,1152,c85aae09d77e50ddfa175359c1205c1f0db45f445a6e542be7a2e1014d4109f7,e6ccb164d4a84bab,116.85872492714533
Train/Herpes/2024-06-24_22-50-53_1913.png,Train/Herpes/2024-06-24_22-50-53_1913.png,1059118,e13ab3dd44bd5f949f2bd4875e2c824cccf56418a67aa3a3663eeb5e5870d1fa,Train,Herpes,True,896,1152,df5a6218d32d108c85a7e7f97faaa88125729ffa8707692a353208f639bd7516,b8abab2063ee5c07,93.8947511703249
Train/Herpes/2024-06-24_22-51-21_8555.png,Train/Herpes/2024-06-24_22-51-21_8555.png,1013516,421ee164b4517e1384c71ed9ea4bbe78c3db7633d569318f048f963f5538c9f3,Train,Herpes,True,896,1152,c6d7e464973aa04101f80015a7f7409794992164eec49ee1bb06d1d1fd9508e1,1c93f36ca9d0538b,86.13062879774306
Train/Herpes/2024-06-24_22-52-12_4421.png,Train/Herpes/2024-06-24_22-52-12_4421.png,1212766,1d31d6d4a34aef61e20bf62e91e9ebc5877472ad0036ef74de04703c74bde879,Train,Herpes,True,896,1152,f2dd2f0b299bea2c120c95ad90c9b700509b05141521ed8c954964637bb82649,ff880000ffd9bf03,74.99588642423114
Train/Herpes/2024-06-24_22-53-02_9132.png,Train/Herpes/2024-06-24_22-53-02_9132.png,1210124,7bcef1e7be55c65e3f783d28ccc24786cb816af94004dc3c5120a878c6cd89be,Train,Herpes,True,896,1152,da3440a0ebf28c568ce26eb7c26d85cfe256c05ab42a6b365f95effb2c47b8a8,d0a6fc565252aba9,93.43348136780754
Train/Herpes/2024-06-24_22-53-29_9082.png,Train/Herpes/2024-06-24_22-53-29_9082.png,1152046,0defed86540ef834f485144cdaa185757097978b1d923e4c4926b3be33cbf78c,Train,Herpes,True,896,1152,6ce13d3441db00946729df9a3568d9e6876ed855c161aa970a5df03739e6a51a,39163cae1cd8e70d,82.21278114924355
Train/Herpes/2024-06-24_22-54-24_6468.png,Train/Herpes/2024-06-24_22-54-24_6468.png,971143,8d958e6a13fe222f0ea625878be97119d03601a336c01d11a507b2f371de3655,Train,Herpes,True,896,1152,8a678e501d90a8cd6cd446169db2f576f17cf9123bc6a0f93ee6fc96de62fa11,e4646436b6da4b27,88.70130557105655
Train/Herpes/2024-06-24_22-55-25_5393.png,Train/Herpes/2024-06-24_22-55-25_5393.png,1118173,28690857ad9f77f7338d6dfc40ae9d044786ebea6478611cf106ae18ec02a350,Train,Herpes,True,896,1152,8b2559e6c082b657e4fc6ed61de2a32d07347e92bdefc0a0a4f864100ce72c81,6606b33cccb75349,82.99317471943205
Train/Herpes/2024-06-24_22-55-52_5244.png,Train/Herpes/2024-06-24_22-55-52_5244.png,1102065,2f5800db87aa68309934f66173370dc9e1e7c8fb859adb5d58e8fc47398f3c87,Train,Herpes,True,896,1152,70a55595a241313d5174ebd901ab489bd910be75f9a4e4e723765ef48691b61a,b390a678dc42aaaf,102.03898693266369
Train/Herpes/2024-06-24_22-56-53_8808.png,Train/Herpes/2024-06-24_22-56-53_8808.png,1214922,527d0a4230b15a798de2aaf7a0ce11180c72a6bd03f17a61b4ece2485678e83f,Train,Herpes,True,896,1152,6a1e947ecdb5a3b03f84ab37b68ec7cd72c92d41938c823f53207f4289a13df4,b75606aafbb06143,106.0101550874256
Train/Herpes/2024-06-24_22-57-46_6224.png,Train/Herpes/2024-06-24_22-57-46_6224.png,1243775,a37c2171c51a0d038aaedadda6a718609dd83f833d7623d0bf1ebe390d982456,Train,Herpes,True,896,1152,128bfbc68622736bc447e4481c1b91c768c0e01f499231847d6f773cb68d3757,a794d554da0afe03,83.74374534970238
Train/Herpes/2024-06-24_22-58-37_4740.png,Train/Herpes/2024-06-24_22-58-37_4740.png,1108875,ee230914bb7030e8d554592f89418d9888ed7524611e495c4d4952d375e2dc05,Train,Herpes,True,896,1152,33f57bee32fdf63a050471bd53e0de5e031efa49a968b18b8d236c1a9dbb23d4,96dbdb4e08b2b321,83.28638567243304
Train/Herpes/2024-06-24_22-59-02_9198.png,Train/Herpes/2024-06-24_22-59-02_9198.png,1104772,13ad40aad5544c48c25fe49c5833a2f5fbdd949a0be3e34c7670b25b79aeaada,Train,Herpes,True,896,1152,f84ab8357de7b27211bcef7ab9af880562560b3e168d633a3c105e32c8f15bf3,9a568e949832679f,89.30215502542163
Train/Herpes/2024-06-24_23-00-35_5644.png,Train/Herpes/2024-06-24_23-00-35_5644.png,1035397,02a646a416da05f1a8fde9f6a667cebe83e772db5bed5d84f53b429123b7cd39,Train,Herpes,True,896,1152,07f5274e0d65f6e6dfee6d7e651884dc77be2e7a789d4d2d9714b30af54f82cd,23e3a3ae8ff030a9,106.94090634300595
Train/Herpes/2024-06-24_23-00-58_6741.png,Train/Herpes/2024-06-24_23-00-58_6741.png,985012,00794e51ed38f462d5196b21e0f755b5758677512a2514ba3d27fbfe9478d19d,Train,Herpes,True,896,1152,060cb300182aa2d551003146ea5c38e11f98b593631b87b0744d64993815f4c6,d936c3cc754a3389,103.22970145089286
Train/Herpes/2024-06-24_23-01-24_3475.png,Train/Herpes/2024-06-24_23-01-24_3475.png,1194392,3a7acdc7a35ea935c2a062a5e978a1b846b71f675b8c1e344d71436aa45d3b9c,Train,Herpes,True,896,1152,7bcf7df4792114937d22427298fa0431f49cbb1c6e7a72dc4b78849a66afe62d,cba98dc4c53232cf,104.3101312546503
Train/Herpes/2024-06-24_23-02-23_8411.png,Train/Herpes/2024-06-24_23-02-23_8411.png,1068011,0d0c6afc89ec07482f1bc037718a4f4d84c110326c4f0d3187a3c3cf6e09f369,Train,Herpes,True,896,1152,3836b0b97771c703b8419ebaf983777f0c79ae84b57a9d1105e2ff25dfdb2fc0,e718e7a00cfe3307,93.3006824311756
Train/Herpes/2024-06-24_23-03-13_5476.png,Train/Herpes/2024-06-24_23-03-13_5476.png,1139277,b61ae8224a008523f7c331f703ba349ae2130ba154a1f860ff7879ae278fb165,Train,Herpes,True,896,1152,b05636eabf5ed075cd0c4981df3b3870effabd5142b807646b0ec1650ad4ccce,1f3c5a3ef2d84183,74.65605817522321
Train/Herpes/2024-06-24_23-04-08_2036.png,Train/Herpes/2024-06-24_23-04-08_2036.png,1135333,3659f5e5d2760dcd09c9cfe43af82ab8a8560c92d85b10fbf3ddb78478b43204,Train,Herpes,True,896,1152,236447dd6c8e1ed19b3273ec99c513d0edbc04081cc7ae3613b644e556be2dbd,aa18d5f571aa0f43,64.48908051990327
Train/Herpes/2024-06-24_23-04-34_3296.png,Train/Herpes/2024-06-24_23-04-34_3296.png,1215263,cf4a67cabf4c1b7f87cbad988faa0dc27b48a78a7021377c081835aee39bac44,Train,Herpes,True,896,1152,2870de9f5550fcbe0ffa12c6fb519baa2332873d565b94fa76b00a87b2ef702f,3e827b4465fc23a9,106.08680749317956
Train/Herpes/2024-06-24_23-05-00_1441.png,Train/Herpes/2024-06-24_23-05-00_1441.png,1207516,960818eec8dbb1040fbfdbf5ce4d6cf815c34a814134e878ded863f17705f18f,Train,Herpes,True,896,1152,127a9bf68b4772c3571027fd6829fca90e5d28cf004b2ff7c57cf76a13cd1f18,3425ac6c5e962f2b,53.35939050099206
Train/Herpes/2024-06-24_23-05-29_1527.png,Train/Herpes/2024-06-24_23-05-29_1527.png,1182117,bb5f5d732463639617f3139d30e672b5ac44df905545a025e781ee8e180a43ef,Train,Herpes,True,896,1152,232a24de248d11529d0bbfb23cedb782a96e60f5ba83f82ff2bab4d7dec006c4,2a8e332eceba5549,95.68777804904514
Train/Herpes/2024-06-24_23-05-56_1238.png,Train/Herpes/2024-06-24_23-05-56_1238.png,1028561,666232a230eb51855dd126169c8e3e8aa15b58352b9a7e84fbdf9e696a7d6685,Train,Herpes,True,896,1152,1b28a4853c43124c129544d752da1ee2ac6e9d7cec9471285d0e883fc52c717b,b7adec2c4b523423,86.22457740420387
Train/Herpes/2024-06-24_23-06-21_3230.png,Train/Herpes/2024-06-24_23-06-21_3230.png,1161016,b75f168c51441b1fa684876c9ffa7dc78d133a8f7450c9a3e6587832c1d3f46a,Train,Herpes,True,896,1152,7e715ef42c55001dbe39abfc1e83f204e0ba6c28d4fd237d314399ecd015970d,bf84f19e50524ba9,96.23498147631449
Train/Herpes/2024-06-26_19-58-31_9825.png,Train/Herpes/2024-06-26_19-58-31_9825.png,1172800,48e9108dbba2b6f650805d8d9338d3c3e1559acaf730ca0fef929a9089c752e6,Train,Herpes,True,896,1152,79493365800dfcf22b2390bed302bc79b2be394d7c20f232cace6d17aededdd8,1d3e9bca06ae2971,128.189212859623
Train/Herpes/2024-06-26_19-59-06_2731.png,Train/Herpes/2024-06-26_19-59-06_2731.png,1171223,56eb44a1ad4e94c4b97bbee27a0780593abb40894aca465ad6218cdf44b751cb,Train,Herpes,True,896,1152,8fd0ffbc22806a040c5b20dd62b097b1b7f59960f01e5b4245ed13432c78c94d,9942056ef59bc9a3,137.76937333364336
Train/Herpes/2024-06-26_19-59-32_1996.png,Train/Herpes/2024-06-26_19-59-32_1996.png,1131182,71e390112edfb0783dc1228f2245f6b3564017f507f52ae04aed18188f9bc8d5,Train,Herpes,True,896,1152,808e87828798a87d2cfb83eba9006fd32081b14295541d115ead40104c2d0156,92d8f9ec0713d21d,142.1473630874876
Train/Herpes/2024-06-26_20-00-00_2438.png,Train/Herpes/2024-06-26_20-00-00_2438.png,1175196,97e3f6df909cebca37d50f88e056422b8849ca3a5b26fe3ab0704d64bd2de6b9,Train,Herpes,True,896,1152,2c7a5850f193f2d9e9f136e4c25dca48304e98865b42c0352507b15fd8287825,3d3c38bc0c1e0fe9,140.5156744094122
Train/Herpes/2024-06-26_20-00-24_8727.png,Train/Herpes/2024-06-26_20-00-24_8727.png,1211776,8830cc02c4a14ece7c490240d60d6488859c55f9f1f31306fe95dbd863046537,Train,Herpes,True,896,1152,a16f8160c662b68c59ce9536095ea065dacffe107805db95760489755a7025ec,a46a51a86ad92b77,134.81495109437003
Train/Herpes/2024-06-26_20-00-48_3337.png,Train/Herpes/2024-06-26_20-00-48_3337.png,1274279,e23c448d7f2fda8dd6603091526648e9a5984f4fb8d0c4d3d206adb52a159776,Train,Herpes,True,896,1152,b605b86141ed8b97b252ee90d1f4666b2dea7848fd5d969f3dccdf93ca584137,7773936990994d85,117.16426401289682
Train/Herpes/2024-06-26_20-01-46_1991.png,Train/Herpes/2024-06-26_20-01-46_1991.png,1136732,4f76b73676eb11915062324fb520900bb0733a616f46b037fea14e605ef5d2ed,Train,Herpes,True,896,1152,03f7cb8af2e7e3de2c5f859147123572f8aa7f9013eb1f5f119c4850a7f8fd6e,9495e3242c5b9b8f,126.68690127418155
Train/Herpes/2024-06-26_20-02-12_8100.png,Train/Herpes/2024-06-26_20-02-12_8100.png,1175479,ef80bf2b029bcaf02f3eef835f6ae265760bd67d2b9b4625b7a4d4082ee4f617,Train,Herpes,True,896,1152,b651bf6628a1977e77d092569e55b5aef5516e387bbd0c9886f3a036d9342f77,33619b96261bff01,131.15696885850696
Train/Herpes/2024-06-26_20-02-39_5702.png,Train/Herpes/2024-06-26_20-02-39_5702.png,1214609,f72e64cdcc34ef54854b8f224180b0000cac3f5c7c2176f2dfb29bd854ac9ebf,Train,Herpes,True,896,1152,ffb467306b7fbee702908689e7aae3007a72c8bcaa3c2d7e362bdf3ef0d3ebb5,dd1a1691b23237e5,135.39107452876985
Train/Herpes/2024-06-26_20-03-36_7838.png,Train/Herpes/2024-06-26_20-03-36_7838.png,1153849,ec98b82bbb38d2f0879d74fe15d6ef1575b586005651ee588cf1dbeb99237749,Train,Herpes,True,896,1152,1cbbabdb490a6b2f3f7beaeb244aed485762049e9bfbcdb0ea4bd74dfe08b3dc,70694a4ca37aad6b,134.0025828528026
Train/Herpes/2024-06-26_20-04-00_4929.png,Train/Herpes/2024-06-26_20-04-00_4929.png,1236560,3b463e916a297b11f36afe227717977e2b05a7d84b291b6b19e1e731be49047a,Train,Herpes,True,896,1152,f3b23a44cdbbebf12a218db1c1673c1108c5c4d07b63d9dfe33fda11d72bfe62,00bb7766bb11ad43,132.39080810546875
Train/Herpes/2024-06-26_20-04-26_4352.png,Train/Herpes/2024-06-26_20-04-26_4352.png,1202803,ef4d641e5dfc881a7e50725c0f2fc1ff0cc6aac26c66da3bf19b5baf7d008d2f,Train,Herpes,True,896,1152,2f86a153cc5e795135d478499b560b3299245f0692d64ae3ae8ef929df9c3cae,383a2c2c4c5cdf67,119.2699953109499
Train/Herpes/2024-06-26_20-04-50_2249.png,Train/Herpes/2024-06-26_20-04-50_2249.png,1332968,c8ae6638714e8662d097acc895e7aeedad059b8ff6ae7e520fa2bdc1d723cb2d,Train,Herpes,True,896,1152,acb7e5b8187294fff57ed157410cfc4f03d22c815efedf222e1c10e17ef21584,c5e23617c7f99901,128.35077969990078
Train/Herpes/2024-06-26_20-06-05_3885.png,Train/Herpes/2024-06-26_20-06-05_3885.png,1185570,f3ca956df4a2bfa68287a066c83c85c6acaaf907399bce9316d97958f00ceee6,Train,Herpes,True,896,1152,1d1299ddfc885eb30e04b067b4669386f6d7380e338aa7eb449c8c432454d615,5642e68687fa47c5,133.55109223865327
Train/Herpes/2024-06-26_20-06-57_7728.png,Train/Herpes/2024-06-26_20-06-57_7728.png,1332622,7219f21ec28f7adce136906cf90d613f8c30e7d2188da27b952f07f4589da4a5,Train,Herpes,True,896,1152,96dcbc6a95a6cd65c84d078e0e52cb4d704a3369992163af5e918b1a8930b3c3,7ee84232f09233cf,116.32772100539435
Train/Herpes/2024-06-26_20-07-21_6237.png,Train/Herpes/2024-06-26_20-07-21_6237.png,1331709,5ce1a3d82a1ff23ed91baaf25f317f7375db648c046f3887445e8f28be886a48,Train,Herpes,True,896,1152,6cca4c85723880143ed8a417b2ac090c031d853a6a7d1823d039a156705d36e8,f1eaa8f82a28c9e5,125.84105282738095
Train/Herpes/2024-06-26_20-07-46_8678.png,Train/Herpes/2024-06-26_20-07-46_8678.png,1233516,23b7c3ebc85226c946535af29996d839345fac4c6abf3038b3feb139f61fb4a0,Train,Herpes,True,896,1152,1632d9cd1bbbdb1ed805a0e2d384874256bba8e64079a30283d97e427d48b947,e9ba3306263256cf,133.74659268818203
Train/Herpes/2024-06-26_20-08-12_7521.png,Train/Herpes/2024-06-26_20-08-12_7521.png,1249332,7a8e49aefa1bca875de5ade4c84cf0214167d56fa0f414b40fb006c84488467b,Train,Herpes,True,896,1152,bb3d3ba048cf74ef9aa6729191216afc4d10d1c6f3a07680e1ea052acef6c2ac,42f1fdcc751232c3,130.3121357266865
Train/Herpes/2024-06-26_20-08-36_2636.png,Train/Herpes/2024-06-26_20-08-36_2636.png,1216179,f66fa1021e72107c37ef2d7b6439fdcaa4d17d59853969e73f14f4ccf877d271,Train,Herpes,True,896,1152,1c80ed14f9df13a53ef8a7c8734d82fbec73975423493ec2450eb450e4d6c300,d2d29798b5b01e65,127.99351864769345
Train/Herpes/2024-06-26_20-09-04_6316.png,Train/Herpes/2024-06-26_20-09-04_6316.png,1298052,f324c4285d0c3e8ef3d7c32889873f9bc75cfc70766c151d3aa2c0549d19ba91,Train,Herpes,True,896,1152,be7723d1bdfd015dad01f13f27b45ba4fb93d558d9c0044144a75b337dfecdda,1af0f0e4a43ebe0d,136.12333654978917
Train/Herpes/2024-06-26_20-09-29_8433.png,Train/Herpes/2024-06-26_20-09-29_8433.png,1211472,0538536aac71d4d8f0f600819a500dc74ee16b6eb2e6ea84c7a32c0153898968,Train,Herpes,True,896,1152,9b3a7c41ba6ca3a051f5e23753a51f5c63c682a8f08406ef35cdcc91121f7979,f24276f0e21265cf,124.58877030629961
Train/Herpes/2024-06-26_20-09-54_8445.png,Train/Herpes/2024-06-26_20-09-54_8445.png,1278960,1e91329c650c306503949c88fce8753af1522e51dc35c58332a76bdc5c787a9e,Train,Herpes,True,896,1152,1ee38c5f8c2a0ad19e031d53bf35c65f95dc5d06e8875ffcb2a13585749ee6df,eae8e89a0aa8e765,114.89952838231646
Train/Herpes/2024-06-26_20-10-17_4298.png,Train/Herpes/2024-06-26_20-10-17_4298.png,1275471,053c98ed06da48c5734287f15ffba567e197096ff53be491e14355155590a888,Train,Herpes,True,896,1152,1cc37dc1951e0086d70c3804bd5eb69d8b08a58ddad42ebaeaec03adf1fb1cfe,b4f0c23a724267cf,127.89788237072173
Train/Herpes/2024-06-26_20-12-05_7482.png,Train/Herpes/2024-06-26_20-12-05_7482.png,1288100,a7c6686e0d22120149addd237c7a910fe0a53a00e0bc2a2a280b4e09ad565dd4,Train,Herpes,True,896,1152,8f636107333b5e2730e79e1d232095a47ddb94f8b6442c5fee3e700420c5d440,2a2b253d353435cf,165.47757006448413
Train/Herpes/2024-06-26_20-12-29_1944.png,Train/Herpes/2024-06-26_20-12-29_1944.png,1414456,a6d03d54601165235e43f2d350815cc72624f604a970622d43b093c86a86e46e,Train,Herpes,True,896,1152,f5b8dba82b07ff647412271e3981fbd16aee5fcbc09c43de53b4e47ef6eb697b,eee8e524d45a38c5,125.9093521360367
Train/Herpes/2024-06-26_20-12-54_9038.png,Train/Herpes/2024-06-26_20-12-54_9038.png,1213415,fc48f9beec41b9bdef977b10581542368f34c2eed7c9cec9b82df628676a22ff,Train,Herpes,True,896,1152,b6f36e04a3b286ea38abe86c453a5b8bfd5b1617e7226f10730b6a0c546a2532,2aaad2aaea20efc9,133.02435399615575
Train/Herpes/2024-06-26_20-13-46_1787.png,Train/Herpes/2024-06-26_20-13-46_1787.png,1267658,2a9b57aa14fb52d1d95a7972bfc8943e0a38e167d196173590eccf3384752419,Train,Herpes,True,896,1152,a80c2c8d8ead59f5716b8cbc4d730cd2ff4f564d1e2b6baeb9c4b92aacb06838,0e98de1a4ab8df61,132.22022743830604
Train/Herpes/2024-06-26_20-14-14_9871.png,Train/Herpes/2024-06-26_20-14-14_9871.png,1229787,ed160cc7a9c6ff82368da02454ec9542ff883e021a08719f4b609b53645b01a6,Train,Herpes,True,896,1152,f1f8775bc6cd4842a10bfb606556a35a5aae7edee1d730b9a98eb9817e3e59f7,575ed0d25ab8cb41,110.25562686011905
Train/Herpes/2024-06-26_20-14-43_6212.png,Train/Herpes/2024-06-26_20-14-43_6212.png,1206591,b4d912c8c1cc7a3f20e577d27bbe7066fe86a27584703935608fadd9e475ed7d,Train,Herpes,True,896,1152,c8970b1a9cef89c4e8160cabc1231b4ed7b05a8a867b90aee6a90950b4b6e930,a70fe59cf00262eb,106.59087747240824
Train/Herpes/2024-06-26_20-15-35_8612.png,Train/Herpes/2024-06-26_20-15-35_8612.png,1177557,c211da0662789059ded775dfd86900062cb2809de3ee2feac942a7449887bd4a,Train,Herpes,True,896,1152,193fa54f44c5ae9f73f8f38838fc7d1c699deda363009c070a2a1b37a07ea626,fbfbf2e6808880c5,116.52752588665675
Train/Herpes/2024-06-26_20-16-00_3693.png,Train/Herpes/2024-06-26_20-16-00_3693.png,1388814,be7c514621683d8ab20c136c8577e72cfbcd672d6625197dafb6b145a74bca1b,Train,Herpes,True,896,1152,3c2fc531918f06214960b2bd2b7e1e4b68fdf6c846fc817c86ab31225c6c80e1,da4ae8f84a38cb65,116.24050951760913
Train/Herpes/2024-06-26_20-16-27_2419.png,Train/Herpes/2024-06-26_20-16-27_2419.png,1373540,e08597f2b4d9a714bb52983d5ee92609b0525e1ce4a108681ed4ae9dacf467f9,Train,Herpes,True,896,1152,f1b1ca61e1ebc846cd0011cc5e24b538085952d2fc26a17289cdb162dc59a507,0fdcb8c1079e32ab,107.70982336619544
Train/Herpes/2024-06-26_20-17-00_1447.png,Train/Herpes/2024-06-26_20-17-00_1447.png,1272657,caea9cbb2c87e12e9b4fc69c309e7427ec36410690f1bd79ca9c41dd5828f82d,Train,Herpes,True,896,1152,606df7b545c16e68c6660359438ada0713e8dd0e24ad5a457de033c283cd95c2,9f5e382c351e0ec5,151.81178211030505
Train/Herpes/2024-06-26_20-18-19_5782.png,Train/Herpes/2024-06-26_20-18-19_5782.png,1235356,b65f9c2a3c06b8477e06b66af6859b757d1c066c78565b2d4b24a61c61f00523,Train,Herpes,True,896,1152,f5b3dea78da50f2c57940515d2d33e43652b6d1639f1b3bb9d97b0df11836e99,a646a4b606be8f65,145.24694146050348
Train/Herpes/2024-06-26_20-18-45_1681.png,Train/Herpes/2024-06-26_20-18-45_1681.png,1163965,a4360d24dd294c7deca7de71f49046575aee7c73fbffb51427e42814f00f06aa,Train,Herpes,True,896,1152,53e4cc1d6199dd75e0c5d20fe745e11bc093c6db87ff4b49c82524b6839aecd7,9f78c00e7f1e1287,131.13084387400792
Train/Herpes/2024-06-26_20-19-36_7344.png,Train/Herpes/2024-06-26_20-19-36_7344.png,1268160,475863e37c0d886f55dd47401f19563b38994669e12bd1aaa1411513b23128a9,Train,Herpes,True,896,1152,f9025e5cdbdbcb72452ab1bfb08ba279fb2e983763204d3ba4c7f94606ce79a3,ea0a7af0c20a65ef,129.04016694568452
Train/Herpes/2024-06-26_20-26-41_3626.png,Train/Herpes/2024-06-26_20-26-41_3626.png,1348548,74a09b0d624eed76224373062397db089751531b2d23ef6cffe20ea77556c267,Train,Herpes,True,896,1152,07124c21f3b5abc02dbd9c5ee86f20aa462bac7c7d1f596508beed9761bebeeb,1349dcad8b19f44d,118.91251821366568
Train/Herpes/2024-06-26_20-27-50_6055.png,Train/Herpes/2024-06-26_20-27-50_6055.png,1285491,f12a92a6375cd354d83c2c91ee9b4a02f153823199455f3c30fc83d8a041113d,Train,Herpes,True,896,1152,5c4840f9793491719f9189085b56008c01b0dfcc8f28417e0a8fe85c64145d21,499d29e1d98a7617,138.40652998666914
Train/Herpes/2024-06-26_20-28-42_1276.png,Train/Herpes/2024-06-26_20-28-42_1276.png,1282997,06e6b223894f25e5523f91b5e311f99c4ddeb68204ab15cedcf65ff19b54a66e,Train,Herpes,True,896,1152,e9b5c66245a5229b329be5c3bc53f3ed480b8e560ba4b531b5803020cb5a5be1,847267e725385f89,114.20268225291419
Train/Herpes/2024-06-26_20-32-05_7003.png,Train/Herpes/2024-06-26_20-32-05_7003.png,1252307,68066725f2fc9d9ab723e32d829ab876a9ba798eaaa7749c513c60dbb728bd6f,Train,Herpes,True,896,1152,160f79a97888e9ce9a1c84c1ce86dc2928e669a4a57076391a16126c9be5f2c4,f1e8e4f018c9873b,121.07639663938492
Train/Herpes/2024-06-26_20-32-30_7417.png,Train/Herpes/2024-06-26_20-32-30_7417.png,1224191,8603668bff53084b33826aefa2caf85b851bc76b066d457c09b274c9a42d70cc,Train,Herpes,True,896,1152,0b0d5e92838438c9c9f8f86e444c879a6a5aa71bff99881fdc2e393d799600e8,af020116a97bf5e9,125.80746895926339
Train/Herpes/2024-06-26_20-33-21_9436.png,Train/Herpes/2024-06-26_20-33-21_9436.png,1192729,cf466a464da8bdd711eabb0346e1113b9225611fe993b8f9ed7e12c46f3ddae7,Train,Herpes,True,896,1152,a0e7a167791710b3c375db705bbe061c349c67d65888cbc2b23956e67ba2fb8e,3426b116f7528ecb,116.28924269903274
Train/Herpes/2024-06-26_20-33-50_2759.png,Train/Herpes/2024-06-26_20-33-50_2759.png,1176146,d182df69e16ef07771f8daea7c90bc770c0306a31ae2170a7d31911ee2611e81,Train,Herpes,True,896,1152,16f069c3182144b09229c99995b2db44c22d6603da232f0f560c72fef3b91e79,893144acfff32507,128.5433349609375
Train/Herpes/Herpes (103).jpg,Train/Herpes/Herpes (103).jpg,4126,c00aa1c0751d602381077405bc70188c7bdc3efe5b271c5975d93611e85ae4db,Train,Herpes,True,300,168,9ed1c175823ae94cb70add4e6e8279327b5013725963d5f323486e9747f4cef8,f51c7eb90202dda9,153.20367063492063
Train/Herpes/Herpes (104).jpg,Train/Herpes/Herpes (104).jpg,4046,47e4df3f86d6ecf41c4d7ace7e5d776041ea14a757cbfba9fab07ba1acea7976,Train,Herpes,True,275,183,9cc712504297f867e7513612d6c0f952c36f51ed9fb13fbdb8c72b1003968e6d,266d61b293d92f45,144.13408842523597
Train/Herpes/Herpes (105).jpg,Train/Herpes/Herpes (105).jpg,4362,f673617837a555700ec2dee3593951df68a999b9064b23283a2f2fce683ea4ba,Train,Herpes,True,225,225,ebdf308e1026383811685dbca73fe05b01f35643fa3957431a1263086de92bac,9c590f13338aadb5,136.65147654320987
Train/Herpes/Herpes (106).jpg,Train/Herpes/Herpes (106).jpg,4582,8d2869623d8d91a959b5c0455cd9b66f50106125dca62ba07f69b9f27c1a8c87,Train,Herpes,True,225,225,cc2176b773bd1a018cd6270b34b484d8d80215ed32617114df619acc2e549c6e,9d6a2fa45c69e115,152.93854814814816
Train/Herpes/Herpes (115).jpg,Train/Herpes/Herpes (115).jpg,6901,bd71a09e3423f0427f6de4522dfb76ef2c69be310fc9b00cdbb7105abbb5aa0a,Train,Herpes,True,232,217,8e0c4e87fdb0aa7eb844eb84fceb20f36b3d6b325ad9e07209f8104dd4b033a5,a4951514167e5ef9,139.1183060543461
Train/Herpes/Herpes (116).jpg,Train/Herpes/Herpes (116).jpg,5873,a0ce60572d74b8b48b03c1aac2768158d5d9ce1bfe7626cbbbf34f864b97f4d7,Train,Herpes,True,177,285,6c1b1ac5ca7af82e00c664d6d8b282f260fdbd348ccc0e6e1a955e1c142be150,033ce3ac4bb4f583,125.44321538309049
Train/Herpes/Herpes (117).jpg,Train/Herpes/Herpes (117).jpg,3424,cf9dfeba664ca06794a7da0ef2cec387e1d95687ba424808561e4093199dff7f,Train,Herpes,True,275,184,1875fa70a488d8fb428c7a3cd4f8f6698fdef4de7b7fc5254d7f7a773be99c43,16ad568c61d26d9b,152.03316205533596
Train/Herpes/Herpes (118).jpg,Train/Herpes/Herpes (118).jpg,3276,28fbfe246d0936f95b32cadf330a0ea35e6fe196b37010e5c06baea6fba155e5,Train,Herpes,True,225,225,96e652695c20d365d2cdff051578411362344cee98f09f8b388bfdb97b361038,7cfcf8f0ec0017c1,117.40136296296296
Train/Herpes/Herpes (127).jpg,Train/Herpes/Herpes (127).jpg,4096,b14655af1441830843a0560d71a75c83d3028422dcc7a99266b0637cda30ff72,Train,Herpes,True,310,163,207dafb7cb19817b2d123e1a272068c88487b9abe4c4bf919bdb09d11f786ed6,eaaabaa2eafa2a01,150.57261033049673
Train/Herpes/Herpes (128).jpg,Train/Herpes/Herpes (128).jpg,4730,c0e0fbf22568bc31f99b46dddabce1a9995dd717ca7fec9d10079e837b83e64b,Train,Herpes,True,299,168,f068ade3ae05e4882a22a26385efbcd77954de08dcdcfd3b7a072c032a309e95,1f9ec100e17c877b,123.65247252747253
Train/Herpes/Herpes (129).jpg,Train/Herpes/Herpes (129).jpg,4056,cb332fe2f640fc5638bc0f725ee5871165ba5a28ef77b066b2caa05bd7190970,Train,Herpes,True,300,168,5f97d8a9b1f173f3778992021ea4409d7532317ab06b01fa58a650dfc2105f86,c6234af65a767521,90.56751984126984
Train/Herpes/Herpes (130).jpg,Train/Herpes/Herpes (130).jpg,3600,5428fbfef5df563f088d4dc0f30b2878b223d6752732f00f3286dc09cacc9791,Train,Herpes,True,241,209,4fddf0e96d982f9b9e8dda144bf18ce679e917120daed307d2478c364e6875db,1336cd8c7629ddc1,135.57267366832775
Train/Herpes/Herpes (131).jpg,Train/Herpes/Herpes (131).jpg,6752,639fb04c102b70816ad4fb826f7ff9e6b9472a880facce9a1bad412b584b7ef4,Train,Herpes,True,308,164,204fd4502d620c120640fd4a726bdb4ed591e14d32d7277a1fde924db9d4808a,608fb027e75813d7,196.97762907823883
Train/Herpes/Herpes (132).jpg,Train/Herpes/Herpes (132).jpg,6729,3a7b8db849bb7b0ef04894df90e1cb79a0edc1783192c00ee5d3ae6033ee651e,Train,Herpes,True,193,261,7654cefd3fb6d97823a46ee44ca5cff45b264cc86ff07e1ac22dcff01bd23e17,4a354a9c9df01f4b,113.46564627876045
Train/Herpes/Herpes (133).jpg,Train/Herpes/Herpes (133).jpg,4297,c46d363f51acdd2dea34ea477f7b35ff14f946196cb8416d5c409f20902d30b8,Train,Herpes,True,275,183,bd67acb0bed2cfb6e738246d7ad15283ffef59fa1b3de971db3ee8ef00a28361,521e7af085859797,167.7841430700447
Train/Herpes/Herpes (134).jpg,Train/Herpes/Herpes (134).jpg,5688,306805b21d53be6d45b4a18e374c4f6d5fd37e3235ff075cba95f33f4c65efb0,Train,Herpes,True,282,179,114f89ac0aa13a28d24fe760ef98fff0bf8135c51e48b3476be00106f8f0a6ee,b57a98d472d68d09,101.12966044613495
Train/Herpes/Herpes (135).jpg,Train/Herpes/Herpes (135).jpg,3367,4d4ddc2e29a69b3e66643956d2f1b992a35a3c10428d2670b08711f127e75736,Train,Herpes,True,320,157,c6c6f453e0ce88538c028711c5d9ab4b1776433112e080709485f9af7bd70deb,fbdde73c98930101,201.07203423566878
Train/Herpes/Herpes (136).jpg,Train/Herpes/Herpes (136).jpg,4113,74241cc745b87a655de11b1df6af1721ff2ccb90553a81e9c87cc362331fce89,Train,Herpes,True,277,182,d6f548808b776c9079aced2b9dc5ca6628b55713789a6c738bb8995a806f6cec,fca65e1cd8e87403,157.52836513666838
Train/Herpes/Herpes (137).jpg,Train/Herpes/Herpes (137).jpg,4118,417ef303430ec0996f4d62d4a4ff0cfd4470cadac7c8d7c996beb5b77a437cde,Train,Herpes,True,259,194,85d7bbfe32c42611d4c02cd6b0c68b5d562f3c70565059903e378f79c337dc1a,d3f8b42464d8bca9,137.21502209131074
Train/Herpes/Herpes (138).jpg,Train/Herpes/Herpes (138).jpg,3253,d2034b8712f525c06a604424987cf1baa3dc8867c2cf4758b9b80dd49d3c581e,Train,Herpes,True,275,183,bdd7765f3efa2d3815b3a9c9bdd826c1596506d21ba450599283881399a40f47,4d2d969a6549a9d3,177.6010531544958
Train/Herpes/Herpes (139).jpg,Train/Herpes/Herpes (139).jpg,4320,7e22aa3b60fe36ea81030edfca1aadd27b06c8944fabfa1016f74829380bc5e8,Train,Herpes,True,259,194,dcc930c41a431a18e1d670b28da7c1f598b22cfeecb3704626403f91acdc68f2,2a4e4cbc6ad6a54b,114.56484098236676
Train/Herpes/Herpes (14).jpeg,Train/Herpes/Herpes (14).jpeg,3843,d6b137791f702c8feef8279ecbe8f027ebb1d140b89f7d9aedf077719fe99700,Train,Herpes,True,301,167,c91576ec15802e423b48bce88ae96ff0a95f8f266179ad81b6feb23f527493eb,2d69a6346be15317,173.9245031531621
Train/Herpes/Herpes (140).jpg,Train/Herpes/Herpes (140).jpg,4323,50456de73af888b98b85e1aa8c81e0b63378471f73140184c1d5697dffc5442d,Train,Herpes,True,259,194,a51c8d8d782c2865cc086808563fb42b99a3425823211171f3ec65d377ad803b,4100055ebeff57e1,88.00441826215022
Train/Herpes/Herpes (141).jpg,Train/Herpes/Herpes (141).jpg,4138,db73c928f60732f1d6f876dda73a8be105146684ab733650f9e2672f6f9e8536,Train,Herpes,True,194,259,de11f4d6bb8267615434457b1958d4c9852a0be41b647716790a6a4942aba7dc,07ffece0e0607079,172.81648290411178
Train/Herpes/Herpes (142).jpg,Train/Herpes/Herpes (142).jpg,4829,ccf5a5cd865aeb99ddf1c9af3d4676824805eef8a09d544eeed5e3932aa9b3b2,Train,Herpes,True,258,195,e029fc40d88dd8d9ab31bde8ad969f897edd8c26d93b751dd9945f7ac54c5f33,a7a0bec46e605cab,134.00560524746572
Train/Herpes/Herpes (143).jpg,Train/Herpes/Herpes (143).jpg,5873,5f6c001dfd6bacdfd9e5c9f0767442bbfc8829dcaa42a8ee27db53c7f74ca957,Train,Herpes,True,275,183,453b50139de713a6e085df1cd91613f6dad6d681b5c0768845d62fb7484be563,62ec3654f4685a57,137.5974565325385
Train/Herpes/Herpes (144).jpg,Train/Herpes/Herpes (144).jpg,4097,59a8b7011b18c3be49fec7b4bc8b7cd3eab5d0742911b5da45d638d5538e382f,Train,Herpes,True,280,180,5240dc2ac8351ba5f7f7cdba21713f5e6b41bb4254b5a4e148744aa844e3560c,f09893075d8b0abf,171.91113095238094
Train/Herpes/Herpes (145).jpg,Train/Herpes/Herpes (145).jpg,3322,8a527e61495eaebcc3f2f51914701fd12b5ff428eabb817025695e772f8b2a21,Train,Herpes,True,275,183,bf1f93d91d55703f0a8e2705ba9f1689facbe5292d6e529a3586f926b4a8933d,c1869f0e6dbc3e21,147.65381023348237
Train/Herpes/Herpes (146).jpg,Train/Herpes/Herpes (146).jpg,5522,e949579fa1f4f3586e6f24c18dc08980e0ec4660ad152dec2c860b09bed92fb5,Train,Herpes,True,254,199,e9830901da99fc4a18f26ecfaf403f526f15116a526d45eddb71c2ffd3ad830a,2987d30f890f07f9,126.77972539864678
Train/Herpes/Herpes (147).jpg,Train/Herpes/Herpes (147).jpg,3590,eee9840f2bca54196a71b769332251a3a52863b468c25e67b03f9004df314a42,Train,Herpes,True,279,181,274bb0a38b64d048cd6bf6dda5388e35d07b015df73367d961ba3ab67c51294d,a7387947ecabc203,131.05168419176618
Train/Herpes/Herpes (148).jpg,Train/Herpes/Herpes (148).jpg,4157,5479c174329ec184b604c11edbc51c103673a268d1351febeb4b31fbd753b20c,Train,Herpes,True,194,259,fbefb01abf5bd64138882aa21de9d0d5a75cc82a4e142482bc7a5a1552703561,7e91619a4f309d69,117.93388528440074
Train/Herpes/Herpes (149).jpg,Train/Herpes/Herpes (149).jpg,7664,562b08969b2c9ec64aff2b914ed82a6caacf0ed27261deea5ba290651e60f737,Train,Herpes,True,282,179,9de8e3622396421d9e5039ab44751f8d6e6782a601d97baa27a8ea812ca6a794,f07272d2a21af52b,144.86606046198344
Train/Herpes/Herpes (150).jpg,Train/Herpes/Herpes (150).jpg,5642,dd05bc44231fbc9e0b22b86d3162b357c37f8f428e6f50b0579a1a4865cf5f93,Train,Herpes,True,300,168,d7fad577a88261cef9631be3178f341a5c32c503fe3b854d301c6da04d30edc1,19b5cd4031d35eab,154.84755952380954
Train/Herpes/Herpes (151).jpg,Train/Herpes/Herpes (151).jpg,3874,60204cb30d252343c6ed47b88fba689021d84d2e5a7bba08622911781b7cf67b,Train,Herpes,True,331,152,c69de9231aba0fe60c8b55d911b41c203f05687afb5064808b46805336f9d705,b18b6cd25ba92751,175.73338368580062
Train/Herpes/Herpes (152).jpg,Train/Herpes/Herpes (152).jpg,5288,b50fa5a610ca43028dc60cf8a62474a8de223587990d6ac93f7a1a0aabd1fdb0,Train,Herpes,True,283,178,f897a0a99cdd52391971870edda36462e9c876c584c5ee06333b0143a6d0dc94,1b86a77ce523d701,182.02983682058203
Train/Herpes/Herpes (153).jpg,Train/Herpes/Herpes (153).jpg,3617,a769bcf9e9ad67d34c42d8635368e0a5df92aba2ac083726357cce06da24cd72,Train,Herpes,True,326,155,d0eb969674ab6813b9c73b85eb337e66bbec74c8629a4793b23be9130002566e,396dedf4c9a90341,118.73853156540669
Train/Herpes/Herpes (154).jpg,Train/Herpes/Herpes (154).jpg,3395,b8d8a4a81783fa5bb2e626774c1381bc77c9ce41d17aae3ad632f3c2665bfea2,Train,Herpes,True,225,225,b0f8e3b6288b431a0ff743900f84c230858b3319240a0b19ddf3d9d594d9f470,a6c14bb4e6031de7,188.00424691358026
Train/Herpes/Herpes (155).jpg,Train/Herpes/Herpes (155).jpg,4148,099f013494fcf31937b58087a5210ae9b5251ae5a8096b2dc479fd25427949d3,Train,Herpes,True,275,183,493a45dd8c8cb9d58b24f6959852b1227f04b633bfbd4b47b0227e7c2bcc0a5b,58787a7a7afea001,134.49086934923
Train/Herpes/Herpes (156).jpg,Train/Herpes/Herpes (156).jpg,4745,5773e25cdfa887ee47af982245f731e52af8ce96d588772153b8cd7e1c5e337b,Train,Herpes,True,300,168,6fc16484b1fece4b3d68d8138593fbf6917e936770911feb48c3b6f4c4a28646,97c6d3282d21c0ff,168.21847222222223
Train/Herpes/Herpes (157).jpg,Train/Herpes/Herpes (157).jpg,4653,47b5a5459ee3eac6c4a9a8d60db16756acd2e47b4ce4af7eca7bc1868e25f6c5,Train,Herpes,True,194,259,08eb59796442347bf0261bea875e99c362d0b6b09eeee8c833d9b7518966cccf,058e0509f6fff701,172.3109501253831
Train/Herpes/Herpes (158).jpg,Train/Herpes/Herpes (158).jpg,6530,abfd0b256ac3e8269eb2a65658507f411398209ed5835d91e8e90a6fc99c013e,Train,Herpes,True,318,159,65442d54fe913a12aefbf4dfa42b59a96a386c7b080a321da1958def9db6b279,4717acca540dabf1,168.32516514378386
Train/Herpes/Herpes (159).jpg,Train/Herpes/Herpes (159).jpg,6890,97e55bbd067422608640a33e3e711eab0fbfcdc134b0cfbf7dd91935c71905e2,Train,Herpes,True,300,168,534659e6071a36588d52fa509be4508ea40043ff6818263373d9dac6e64a493a,9bd98dcd6d045471,125.33130952380952
Train/Herpes/Herpes (160).jpg,Train/Herpes/Herpes (160).jpg,4916,c24024f81632656cb9c10abd018cae7aae7deb0aa8c514e9f5f181694e7158d5,Train,Herpes,True,251,201,5e54dcdace4734138370478d8c48d02f48259fb4f3cd0c30186dcbdaee56dbb3,86171edc5a7a58a9,149.8868010544885
Train/Herpes/Herpes (161).jpg,Train/Herpes/Herpes (161).jpg,7561,cc17dcb55916ea39a08e5f8d5549d35b376203bd3956b87701331cd605c1ba80,Train,Herpes,True,299,168,17263a39c70768776abde67373e5831f04336928c653359ec1149d6b1ade4fb2,0c9e8cccc4e673b3,74.3052038541169
Train/Herpes/Herpes (162).jpg,Train/Herpes/Herpes (162).jpg,6029,dcefac8d12e567c67a61a81b25469e65de8f811f9e23cc4c8282683b96f341c4,Train,Herpes,True,284,178,841bb9bb3bdc0e1385c96ee30e6da397b43108cd700312f9eed5c392f7dd2b33,5ce0ab12cd2ddd29,188.89776863427758
Train/Herpes/Herpes (163).jpg,Train/Herpes/Herpes (163).jpg,4192,4c326e7ca513dd0a783295d7f59c5379bfd11658bd2a49fc6a0b8bf2911fb53c,Train,Herpes,True,299,168,f12fe126f49d95b4fe6889abc2c3ebd0f954daa8a74672b646f91f595b9fbca7,f970c78d6983105f,171.74544115304985
Train/Herpes/Herpes (164).jpg,Train/Herpes/Herpes (164).jpg,4469,58178970a08cb494688f2ee1895a6fc34f41fc1bec5bb5cdfef49ccb7b157018,Train,Herpes,True,225,225,498851366e9fb74a06f6508e63c0715f59a1f0abc7853e0287bdad8e277d85b3,8af14eb496c3d90d,180.7876938271605
Train/Herpes/Herpes (165).jpg,Train/Herpes/Herpes (165).jpg,5912,f9d12dd2dd37e81e97ab0b0fa74e9bde537cfce7341f42e609c306ecfbe92672,Train,Herpes,True,261,193,da3963a4acaef1f6dc6abd0d51514fe9d3a8757705e1ded0b3664845577afdf8,66549aa61e69e18f,163.18831516884046
Train/Herpes/Herpes (166).jpg,Train/Herpes/Herpes (166).jpg,3817,655e0a32c3c145bea1c2a607804c42078490dbb152d859b42def6c09e1831331,Train,Herpes,True,275,183,7dc6e512c1fbd06b021fb53d571e1b86590eadf9956eadad6a6c103e5fade0fe,4aea4a8a6b0efd0b,170.031217088922
Train/Herpes/Herpes (167).jpg,Train/Herpes/Herpes (167).jpg,3485,16143da0aa8d2134aef8db902da7d44449ef379a24146e73c41dcaecfc08c6ca,Train,Herpes,True,281,179,15fad5ee7beaab7f8ec83013f7b9f8d534db9915fe9ccd2cc9206231b4dd480a,974ea83649a95753,168.0810950515915
Train/Herpes/Herpes (168).jpg,Train/Herpes/Herpes (168).jpg,3800,f1da859de871405a1b14cd570eb998071b9d05f57b91db93627b0591f0f91ed1,Train,Herpes,True,300,168,0aa505ba6ce6ae090e3236cacaef46c358c6ed2d676f29b335533669f6327b9d,020a252f2f156ffd,154.54281746031745
Train/Herpes/Herpes (169).jpg,Train/Herpes/Herpes (169).jpg,5310,5f108e1e8a43a214d676ff3b9ecc3d70841c0fa0efb7b659915941652309a59f,Train,Herpes,True,250,181,d516d6e81bee79d7903b8976234f62442c282d9992ebd3b5d9043128a261108a,860cf3c60e6a7f83,165.271182320442
Train/Herpes/Herpes (17).jpeg,Train/Herpes/Herpes (17).jpeg,4393,98652f3a17997723f1f91270550a78ac3569d5cbefcf99f6c4727a364801edf5,Train,Herpes,True,268,188,1b2b08827f2f9e17c65c5b40c36a38013f5e753db713b1bb0bbb0b869572a692,9e274a96cbd6c581,102.93819466497301
Train/Herpes/Herpes (17).jpg,Train/Herpes/Herpes (17).jpg,77296,5be6b3789b3b0df75fb41c808855a81d2dc3853a43e13d704a9d3e3ddbd53ddd,Train,Herpes,True,800,825,7de6a0797a3340cbae2c7fe1ea22f048d06b2e0d194e353c34e5b305db1a16e9,ec1e062983c3b9dd,160.46130454545454
Train/Herpes/Herpes (170).jpg,Train/Herpes/Herpes (170).jpg,7539,e5f806c410fdf588285ce4a172a42a07469f4e5f2814fa36149d747755a30114,Train,Herpes,True,214,235,6b46f50b39a93d33797e36f883978acea702bf77b0f3e9ffca8d32d071a24a6b,61fd85f5e061c117,101.29182740107377
Train/Herpes/Herpes (171).jpg,Train/Herpes/Herpes (171).jpg,3408,87c9f10941f0d510e6a73ff42148a7598eeacbb3c8cde6861100ebd502eade87,Train,Herpes,True,277,182,638fe16e849568767da2a690453c01b21617bb9e25347a3f963569d00a7bedbb,f66a96b46a822c5b,127.61268695203714
Train/Herpes/Herpes (172).jpg,Train/Herpes/Herpes (172).jpg,2904,d0bb9c2cb635f45ca8d7b6ba42a5b44dede00d9a1549e9f3d88d1dab4022bfff,Train,Herpes,True,275,183,3afbb004712ed15c5e871174d6e6c75bfd8b8a27bbc184e3b9d65d0c71190faf,62d31adcc9d14b2b,156.97063089915548
Train/Herpes/Herpes (173).jpg,Train/Herpes/Herpes (173).jpg,6331,65b8fabc053a9ff7d3f2eed3954abd399ae78a53a16addb3a1e6924bed26ffe8,Train,Herpes,True,270,186,0585e60d2aca90eb3c499adb9173f5ebe6799d02aebbbba7e744b554cdfc79aa,a45a9826c38b1dfb,139.92837514934288
Train/Herpes/Herpes (174).jpg,Train/Herpes/Herpes (174).jpg,9066,ef0e1c0ab37818f3826bdeb9169233b08dc0e4f339618fe4acc26f6e5ed31b94,Train,Herpes,True,224,225,69c45eaf0ef85b05ba9ed3ad1a394627f38311b8bd3114a713d34f0191229a34,27c433b6c4093bd7,150.6587103174603
Train/Herpes/Herpes (175).jpg,Train/Herpes/Herpes (175).jpg,5715,1dab6a8b1cb6f135938e494bd8ee0f0171171d875d35950311f785d240101b4d,Train,Herpes,True,311,162,fec70fcfbe29d8c00fc5782bb69faeb5a1f69984af2ac10fbad156a9e7dfe2a3,964a5a2a58a529ff,147.15515461871303
Train/Herpes/Herpes (176).jpg,Train/Herpes/Herpes (176).jpg,2787,d1d2bcaf66654964dc5ca21877173d2e814d8fa21a24ce0fe186b1eb620338a7,Train,Herpes,True,301,167,d4391060ed6419b15e1866fb3449262c179eaa448ba2e665143079776a63983d,21a4b6b9a6935aab,128.00145224501165
Train/Herpes/Herpes (177).jpg,Train/Herpes/Herpes (177).jpg,6910,8421e6589dba54b823c2eee05ddb9f8941f421d3a1e43d7376443cc2c30486e7,Train,Herpes,True,279,181,a66d41072949590b59366d83534cfe1954ed6dedafadcfb6d6a5377ee4e25d62,b5e2a5088ceb7b43,156.0709519000376
Train/Herpes/Herpes (178).jpg,Train/Herpes/Herpes (178).jpg,7604,f4151cd1fdcc3c9408fb2ede0c4b602807685710bf2e52521294b8bf0cf9d90e,Train,Herpes,True,259,194,8e71b96b684d3d74c11cd00b4402b6c7ba32cbb1f235a9bbe085bf1856c2f31d,886bf8211e7783ab,131.02917645185687
Train/Herpes/Herpes (179).jpg,Train/Herpes/Herpes (179).jpg,4692,e8234bd0d2e3a4765a42d26a1b2e88b3347ec7fac29541e333f5614abf02819a,Train,Herpes,True,300,168,5fca78d4b1aecd3ac84d22505e2a6991e27de07c06f170379531b6716ba326de,b3d54be925243633,144.22162698412697
Train/Herpes/Herpes (18).jpeg,Train/Herpes/Herpes (18).jpeg,3671,2eea375839defd5e838184b7d2c217188099c9b449c416232244157aadfc9017,Train,Herpes,True,273,184,4d6b1bf5a01e871f3aa7605cd08b01842d5f59772a63d85365fce2c361002f03,58a7e487c81f07f1,158.7396878483835
Train/Herpes/Herpes (180).jpg,Train/Herpes/Herpes (180).jpg,3464,fed27fafe93a3bfe3055221076566b1c8accd7c71aa059a164701bac569de765,Train,Herpes,True,305,165,08fa8c4a7a5fe23f4693067ed018ba3b31ef8dcbd66365801ad8aefe85a5ebcb,610c3006eefbfba1,109.5470044709389
Train/Herpes/Herpes (181).jpg,Train/Herpes/Herpes (181).jpg,4047,20234d4abf2adf6e186ce9e4703bf5f30e5d70548b4153e7d27daedbe8bdf5b0,Train,Herpes,True,275,183,a84c51ec3cad11ce166391535081a239d7c18d300b9d973c697cf46bf6778bef,34c5771aae43952b,170.65718827620466
Train/Herpes/Herpes (182).jpg,Train/Herpes/Herpes (182).jpg,8009,b3e2dcb73d200cd6ec9d00a7908cd2d189fe122524025b80f687e06ada3c1b7f,Train,Herpes,True,275,183,5584843ce1dd7368f2be181a7c14d65e0254dedc7f3e4f74a915f23533a691df,0e5921839db1d36f,189.27598609041232
Train/Herpes/Herpes (183).jpg,Train/Herpes/Herpes (183).jpg,4920,7a2ad2c9beabaa13c6591caa067b9c61be205b123f42088a742f51eacd374deb,Train,Herpes,True,321,157,40be39580b4915d1daa93612b2715156fb9e15597ed9484e0b84dee4f89cc5e2,4ce1f5a5a54bcc89,127.62660475821974
Train/Herpes/Herpes (184).jpg,Train/Herpes/Herpes (184).jpg,4087,8086acc00d63ee537ef476c9de8cff6aa8ed0748b4027971ef4ef955dc4c3c70,Train,Herpes,True,300,168,7e7426c01935bf3bd1ed8ba6068c6691689107d7de0a44253a497273e9d862a0,7ac4ccac4a866dd3,110.75603174603175
Train/Herpes/Herpes (185).jpg,Train/Herpes/Herpes (185).jpg,3842,995e0e78cacb67e36a67175d82c4f463105fd407ae9690457d7172d45d49589e,Train,Herpes,True,300,168,20700d0eb4bd421222ba30c92324237a5b96661e6fa7913b7217a87ea1aa9b6a,e7cd6cac5c884969,180.39410714285714
Train/Herpes/Herpes (186).jpg,Train/Herpes/Herpes (186).jpg,4802,da6867e175bb122a41534f0ce74f42344bf357d8edaa0647cf0269762b338c1e,Train,Herpes,True,210,240,232c2e03c2a8e70b38749b8e3729b6f3e3a89a8dd351a0a1f57cec48617bb953,9f18e7cc3994c985,156.08954365079364
Train/Herpes/Herpes (187).jpg,Train/Herpes/Herpes (187).jpg,3819,a5dcd58ee9f66d47a8deb4a42b299271e98a8b68dde5a328fc3402a9c518ff61,Train,Herpes,True,275,183,aa5ea577b8e1bf81d54b95315ba2297fd2c435189370c9ef1ab420850dfe7182,875a2c762538d3ab,175.02245404868356
Train/Herpes/Herpes (188).jpg,Train/Herpes/Herpes (188).jpg,5270,6b52ab44cab5827f8f8fb6eaea3d0c304b5dafcc329741626d6f6491d70b6ca1,Train,Herpes,True,259,194,89b722c1a7c8aee3dfaee28e1f1f51f4f1adb0bd861276a030acb67cb1cfac35,0bbc4956052a3f7b,142.4763165227083
Train/Herpes/Herpes (189).jpg,Train/Herpes/Herpes (189).jpg,5342,32e72f22d2acb42c9714f0ccc6a0337e6a0156e9a3bc848799e0c48012281627,Train,Herpes,True,261,193,59898b8f783abcb4f100918e8b241b7bc087ef731f311dba3fc2e9d068fe9ae3,7ae57c100beccf21,143.88739999602961
Train/Herpes/Herpes (190).jpg,Train/Herpes/Herpes (190).jpg,4141,4c61e6f85db1cd8b97fdbbe7b74afde642045b0805b20f6d05367c9b327913c3,Train,Herpes,True,275,183,11191e5c2a61cc31fe2ccc3ef7259e39cb3c711be69958ce2983ef0877a7daab,c9e3838b09073eeb,152.93204172876304
Train/Herpes/Herpes (191).jpg,Train/Herpes/Herpes (191).jpg,6576,a077a7c0355159336a6adbe646175ebfc2cafa91478d69e89ab9c02ed0487485,Train,Herpes,True,233,216,0fd47eb981be19ae2e614de6c96ec95733e0c1e9965e3b7db709d5f6ca2c9585,be70965c745a42cb,117.51959147989191
Train/Herpes/Herpes (192).jpg,Train/Herpes/Herpes (192).jpg,10401,14e9806be58f77c970b0b3b1816557ca86b24e665cdb6628f234fab5b3d72b41,Train,Herpes,True,220,211,1f3e09f26d6b8804e82e122c89a58bff42744251153288f3ea179fc0bf6aa89a,569944735a5e0be9,143.51264541146057
Train/Herpes/Herpes (193).jpg,Train/Herpes/Herpes (193).jpg,3796,39a4b52ed74b80b3f6f2d0ba1f3c3c70cdd0c4e4a38f259e142d4a1945d530d1,Train,Herpes,True,222,227,cf04475c6ab337188e3cb18978e6443d64b41bc63ffb1b44819dc6073cc5f579,844a6a9834b1f97f,176.50611183871095
Train/Herpes/Herpes (194).jpg,Train/Herpes/Herpes (194).jpg,6068,a4d04ef926e3e0b5e95db50a6cd5a85b94ba1effe4f2f72682e5b2231e51151b,Train,Herpes,True,283,178,2343dd84db21aa2349b5e4a9691052886bfb3a6e259d4634748ec334e5a2f3eb,93169b471e16c3f1,141.3367411760035
Train/Herpes/Herpes (195).jpg,Train/Herpes/Herpes (195).jpg,4799,ce88f582f4635304c2f6e45c16096d6a1ab67c82cb809c730244006663a14f24,Train,Herpes,True,194,259,ec7f17d6a589e5e9dd361fc55ac77399f425c1f9a0c5506d0f1ea8062c19446c,5b1369a9690d7995,137.17549655693986
Train/Herpes/Herpes (196).jpg,Train/Herpes/Herpes (196).jpg,5362,8711a39859deff782929b3565841ea80f43ae38fd3ff7d2ecc847608f7229dd0,Train,Herpes,True,252,200,6a3642f2b2e451bbfcc8f8323495102c8fb3a57cc9176e0e5f42e45979341853,61b92653e6667591,125.85454365079364
Train/Herpes/Herpes (197).jpg,Train/Herpes/Herpes (197).jpg,4143,3201074d5baee18aef15dabcab0589f22176bd3f3e56336a32d2f1afc3952f8d,Train,Herpes,True,272,185,76599941b62adbf7b0f0942dff7473a281fa3fc9db874d88fbd4fc877deeb0fa,70014fe71ed4e85b,165.03469793322733
Train/Herpes/Herpes (198).jpg,Train/Herpes/Herpes (198).jpg,6592,f3fdd07a33f81f76c623c44dd370916c88079005596c6186a80dcabdd9e1c0c2,Train,Herpes,True,259,195,19226ef7e22dfe8525ef5ef3f760d31b3f70090b042ad0e792897b54beacf9fe,a9fcde173489c0c3,148.2195624195624
Train/Herpes/Herpes (199).jpg,Train/Herpes/Herpes (199).jpg,6498,df171321eb71f36e66ef6f5fadb2d8e4c71b56e91ae227fa0565f5b008721859,Train,Herpes,True,293,172,0429bd92d10a500d759ef450d024a69d904c436ebf56a7b6cafa930d49461fc4,fe80fe005f4bf421,156.8616358441146
Train/Herpes/Herpes (200).jpg,Train/Herpes/Herpes (200).jpg,7026,fc9d0aa407d95c248d3cae80bed34227080c85a7149ad964f14d75f895388531,Train,Herpes,True,305,165,d879c94e01d02d31a0560bfe3137a1efbd71e4fa69c52b90ca02180c6977dec5,1e4949f0bd4f03ab,139.13971187282664
Train/Herpes/Herpes (201).jpg,Train/Herpes/Herpes (201).jpg,5685,2e45624eb0f88575f150731d6c20c3805e7afa0d14afe117076b4a872845da3b,Train,Herpes,True,370,136,d35242b1d5c5361e3527357a32cbd5b7d32a4b236315e67e5ebac3864077b2d1,4910277d7faca153,164.74366057233703
Train/Herpes/Herpes (202).jpg,Train/Herpes/Herpes (202).jpg,2604,e4c086eb816875a54f1338cba92b51f90d1e6bad38e7229a77854fa9f442d361,Train,Herpes,True,275,183,bb40509121f6bda7bb93f5d52b67a86f3db27f3dc67403c067708c3dc06544cc,26861b26e6da9cab,132.43835072031794
Train/Herpes/Herpes (203).jpg,Train/Herpes/Herpes (203).jpg,3066,16814cfe2ae8c7c254d72eae3dd1526b33be78a68b299770b70a7ddaaf80068e,Train,Herpes,True,275,183,89a9e8d6331bbe6b69801e1ce8ada78db42108d6f60bd24171ceb8677269b4bd,c2727a4ac9ccdc55,122.92284153005464
Train/Herpes/Herpes (204).jpg,Train/Herpes/Herpes (204).jpg,3558,c854107cd43c0bc226aadfece4079985bc065f275da463b1030d1cb703e283c2,Train,Herpes,True,221,228,ba90d9b689802521b04d41011b9eae9ed55d45f4bd4f6dd660a2db4f64da6f5a,ad25257c64d29b8b,155.9566563467492
Train/Herpes/Herpes (205).jpg,Train/Herpes/Herpes (205).jpg,5123,6eaf7d21d9f89bdbcc20b7b1e75e7fa9657dcd6b1d88d697e24176d22586e821,Train,Herpes,True,185,272,02cd36bbe0a39b784660bc1c3c97c8a5e9c8d5555b1598f4795d600bd165be57,f434d633f21f2a41,156.22637122416535
Train/Herpes/Herpes (206).jpg,Train/Herpes/Herpes (206).jpg,4839,a0cfe996dfe594cacd7919ef1b26ad99046bc2439b9f25765f47bac568323e4c,Train,Herpes,True,225,225,c7687d82b0ae7ebcf2c8a14a5504c30784741d3667357d62e6685c5c653bcfff,5cf8870ef88603b7,171.39253333333335
Train/Herpes/Herpes (207).jpg,Train/Herpes/Herpes (207).jpg,2495,e1054a5021ba5f9fe68f7584055aca4ceb86ace1a5f0434656f1c6ee5218c2c3,Train,Herpes,True,275,183,b1cf8b9c3a030e71e22bec8701e3197d6668d980e0ad409fa6b2c16d4790e010,9596ada54922db2b,206.44566318926974
Train/Herpes/Herpes (208).jpg,Train/Herpes/Herpes (208).jpg,5661,76235c0b33b753f435817a83d3b112475a9e4b1e194a78f096b37fd594ca5a59,Train,Herpes,True,259,194,48da33a5270fd4d0801ffd589c8d3e161acf856d8d2fbf69f1e9314955c45160,c9b50d28f343aaab,165.4389006090037
Train/Herpes/Herpes (209).jpg,Train/Herpes/Herpes (209).jpg,5654,e5e0a745b76f23ab696187d1290370b2d002f402eb93674ef1ae496f58c5be0d,Train,Herpes,True,281,180,6bc756928cf1b91dcfcd42770e386652a2fc7db6c8a11b17969ae72f1d730427,86590396157755eb,149.96532226176353
Train/Herpes/Herpes (210).jpg,Train/Herpes/Herpes (210).jpg,5804,2712cf6ad432a640f2c097ce10d6a168fb991e8d09446f89fb1bded1fd282057,Train,Herpes,True,275,183,e9b73e1e05dc81807363527c100bbed3c5678f7ad1b8589f1ac1bb24beff8816,a950af5225bb9d61,140.86310978638846
Train/Herpes/Herpes (211).jpg,Train/Herpes/Herpes (211).jpg,5716,4a5df6f821c38da03d19ba0cda549e7048aa25e52451ec009c4c459a8003524c,Train,Herpes,True,262,192,a7a0e38ed8fe48eeef2f561ff22d08a127339c23fd5e60fce9bac52a63cf1260,c3ae635e0b54a1ab,144.62195849236642
Train/Herpes/Herpes (212).jpg,Train/Herpes/Herpes (212).jpg,5925,87a69cef5b912588d90e15ea7c4903c2080757196819a8a5d5e948466df5ca57,Train,Herpes,True,355,142,9b910eebda315247926d07bfa1b038ec74a96480cc9b023c3562ea48eec11355,5f55757574b8a801,133.17312041261656
Train/Herpes/Herpes (213).jpg,Train/Herpes/Herpes (213).jpg,4226,1153453fc12ebcd59f05cb470b4eab313a429588a5ab0133260f6e4f1684f15b,Train,Herpes,True,300,168,81911523e1c92ffc363d6aba7dc676dd268927f9ab28815fc5d57be0003f527b,c33c847366c6fc0b,152.64315476190475
Train/Herpes/Herpes (214).jpg,Train/Herpes/Herpes (214).jpg,2878,e8f096c2cab875d08cab37f3afdc28c5549d46f880ce98376d26410f8e80730b,Train,Herpes,True,340,148,05e6ebf9afeffabb84a2b521b1677730b83ad8d3c4c3aef4ed815d6acebcad76,99654e1d1ea49557,144.90874403815582
Train/Herpes/Herpes (215).jpg,Train/Herpes/Herpes (215).jpg,5324,7af4d96e9d213daa3b2ca6ff79e0f1f8640d2dfae2d54348cbed3b375a64420d,Train,Herpes,True,299,168,29c5270234e4824a75bf94b325cdb48b5f895d1f7d5b3bb3cfcd2c30fd7f4418,c9b63364c3bc09cb,137.6947563306259
Train/Herpes/Herpes (216).jpg,Train/Herpes/Herpes (216).jpg,4116,16367e674ece7169308a7de2298aba08733ccc0e330f394f06c8790b457e48e8,Train,Herpes,True,277,182,7c720810b41589c4acb6145f888039691a989accb091ce8ccd7fc2df31c76268,fca65e1cd8e87403,157.51352798825724
Train/Herpes/Herpes (217).jpg,Train/Herpes/Herpes (217).jpg,2850,ffc8bb8b7a9d031b9a0a8db9cb93512667e708398e7f0152e56bb4263f49b810,Train,Herpes,True,300,168,922c553611385458987c08fbca84be10fdfa431c2aa53688d10af3fba25133c4,716e351d16a49557,145.32799603174604
Train/Herpes/Herpes (218).jpg,Train/Herpes/Herpes (218).jpg,4051,f307619408629f612948866988108420fe56d9f619bbf8f4299ca51ded871cf7,Train,Herpes,True,194,259,42f66cf6b6c566ec99872adfef83aed20631dbcaef2c9ada99a1e4119d970bc4,3cfef4fce0e00183,170.39465828125623
Train/Herpes/Herpes (219).jpg,Train/Herpes/Herpes (219).jpg,5570,1789fe953bc22489f297a51dd98d3758f0ef4c4a30ac2edf84794e1c64cbdd8f,Train,Herpes,True,275,183,493a3c33d8fa7eee1c06302af362b11dc8d2d1ac67c9057136f4c60c794d1b86,8326f8066dc38d3f,169.93941381023348
Train/Herpes/Herpes (220).jpg,Train/Herpes/Herpes (220).jpg,8478,d4c890fd53c81f812c350a3bbfdcb3be83f0aea6ed5920adf3bd9783e4edadd6,Train,Herpes,True,300,168,e805384ec7555d2d3b950af8c9c947cf890e3e306f37c061f41003e76f9f0840,ff60fede02010ea3,84.9174007936508
Train/Herpes/Herpes (221).jpg,Train/Herpes/Herpes (221).jpg,3502,188540073ea84c4d5842bfb5d7fb5328549e7059fc04585ff5ce696cf79c6da5,Train,Herpes,True,321,157,ee69f33faa259b74697ad093ac8f3554105d1626414c9c645865ce904a9f0a14,d83e67c7c3187047,134.61269520011112
Train/Herpes/Herpes (222).jpg,Train/Herpes/Herpes (222).jpg,3762,c66c65d9a6a12f996d03d718acbafb2d2883ccb3df3c05b06a67eeeb02f04811,Train,Herpes,True,225,225,e045abc7732c9d063ef1ed6314150334605d5ba88be2f36fe3b84865da6a19b8,e10338e31de2f70d,175.3630222222222
Train/Herpes/Herpes (223).jpg,Train/Herpes/Herpes (223).jpg,3115,5140f4f0b188310de50a941c6615af014d020cb456a5f905679ecc3edecdc62b,Train,Herpes,True,275,183,62d06e9208854e2e9af0fa44b2a4dc8734fc92adfeaa6df80985bafbea61844e,1306f81bc9c933e7,178.34720317933431
Train/Herpes/Herpes (224).jpg,Train/Herpes/Herpes (224).jpg,5088,537c55e3c83ed0ee67c43de379c5251d98b94bdd01226a21a76b70ebdcc3504f,Train,Herpes,True,212,238,74212de01139d8e313f58e3a187ab3905cd40c35758a1edb5c6592c7c29f2d04,6dd3965fd2b24181,141.34366576819406
Train/Herpes/Herpes (225).jpg,Train/Herpes/Herpes (225).jpg,4194,0238a27eb5f9327fef6dc4bf57f428ec69a08499175c872c974367ee07c0aa2e,Train,Herpes,True,194,259,4362492e23c314489a74707facf46b8f5725e918fd77fb6a09b423542c253146,07ffece0a0627079,160.24794013453808
Train/Herpes/Herpes (226).jpg,Train/Herpes/Herpes (226).jpg,4828,5fb0593a4e15d8355c7829671c107de7d6bde8bf7caa8f61f8a078a9c42f15e5,Train,Herpes,True,237,213,5e7301e8ae23130871d559b2bcbe4324fdabaccb1204078a58ff23dd32957398,6989f70ec11d81f5,146.23452388027178
Train/Herpes/Herpes (227).jpg,Train/Herpes/Herpes (227).jpg,4026,9485d106bb8ae45b73e17eb308e5cd4218d5a216b0d2210e582664ea84451839,Train,Herpes,True,259,194,937c740784e13876662e1010521ebdfcfbbc50e06cd51cca42844da0c5dc436f,2c8d36d32969c9ab,149.8161843728854
Train/Herpes/Herpes (228).jpg,Train/Herpes/Herpes (228).jpg,3482,25eca19db017119781c64950392b4ef45a2f7cabe456cfb2696701db335737ad,Train,Herpes,True,300,168,961b6cc38ee07461150ee04937f2ce3b96ee82627dc0f5f45e7593e8da0b7eaf,681cf38e1972a16f,191.70551587301588
Train/Herpes/Herpes (229).jpg,Train/Herpes/Herpes (229).jpg,3534,278d83048916d7ab1259bc65257900939a8575dc8716944cb0a20953907b2d29,Train,Herpes,True,300,168,6aca8200745908085635e6be4a215d7c8244963901b35436475898ef8f57faed,1651ab0c6cbb9567,181.59926587301587
Train/Herpes/Herpes (230).jpg,Train/Herpes/Herpes (230).jpg,4849,05ab0b93b2c2fae7edd75e70e1e8fcefb8a028b70fd2a7247491acc669a1a2dc,Train,Herpes,True,268,188,e9ea47e3e96fdb0614c8c55135a622c7613963e4692c3f31221f77b2a18718e3,b3a6f26c161ac9e1,99.72753255001588
Train/Herpes/Herpes (231).jpg,Train/Herpes/Herpes (231).jpg,4480,54f6c11cdec41556d2b2ce98fb8c7bb135dd766696465ef1eae49d4b9fd48e0a,Train,Herpes,True,275,183,8a8058f4c71b45f7cc20199b23a325be127dd98c679e6d0c0d65afaa2e5cebe1,c3c1c54d0d07a9fd,203.4686338797814
Train/Herpes/Herpes (232).jpg,Train/Herpes/Herpes (232).jpg,2841,24af44dc612f150ad36f1ccca9af5829d9b06c4b2939ccf456a6739bc7bdadbe,Train,Herpes,True,329,153,75c3d90300b2668fe05c76827274b120d97065f8459551e1ae646383c298ee2f,c9e359e36183c91d,191.80437848898424
Train/Herpes/Herpes (233).jpg,Train/Herpes/Herpes (233).jpg,4676,620b4b100218cfaa1320c0be4615ff061ec57c7ad10256654ac8bd45427ba7cc,Train,Herpes,True,261,193,3ec98a7bcb6ccf34077cf21d245c7db39337e07be92b0c54130d7b8f3ed871c6,02fd42bd3af7c103,114.77553451253648
Train/Herpes/Herpes (234).jpg,Train/Herpes/Herpes (234).jpg,8029,af3689d57c4bdb18ad57a74539e519636416be259975cbae13dbc009bbefc69a,Train,Herpes,True,194,259,1fef09aa00de28afe2e47e4d7d0c963cbc8f8453c49f316506766763ecd94475,f9c3172822cfb983,113.11793973649644
Train/Herpes/Herpes (235).jpg,Train/Herpes/Herpes (235).jpg,4815,8150c75b37caa311189339e30d124d6bba411a8669a566aa96333d8e5b869c23,Train,Herpes,True,275,183,24eb9abfa0f4f6e8b0dbdb6e819f486e63489334dc545a9345b2c37095b9396d,e59f37464c526a43,127.53575757575757
Train/Herpes/Herpes (236).jpg,Train/Herpes/Herpes (236).jpg,5676,1cf10fb8aec17a46d914f2231076bc6d8a1f342fcaece181f0538cdfd16dba0c,Train,Herpes,True,315,160,2644bdaad87c67f18f5046bc0e65b5ea8f789cd63e03240e761516c3f1cf4965,b6ec00fbe0017e79,172.13867063492063
Train/Herpes/Herpes (237).jpg,Train/Herpes/Herpes (237).jpg,3320,63206421af56bb6f2003789838901fb24ed5a408fff70b794d60c69be7991a4c,Train,Herpes,True,277,182,76566d8c35d0b44c426a905a0d2f50c74c179138b6167db142a5cefb3cb7cf65,5b4869acb55c558b,197.77161106041973
Train/Herpes/Herpes (238).jpg,Train/Herpes/Herpes (238).jpg,3990,6b978235b05551ed126f7ca8e3452e1e3359ca6fb4e12593f51fa2d2205ae3af,Train,Herpes,True,300,168,6c4561098912d6c0cde63fb518af92057cd52cbf6ffab97d39f483bd6e4c5781,2fc7c7913018f44f,163.88230158730158
Train/Herpes/Herpes (239).jpg,Train/Herpes/Herpes (239).jpg,6034,fe9f5be8bf6e6abae1ac495b41804cbdb9a80fddffeb4b8a30bb1fef34a3a479,Train,Herpes,True,259,194,0bae134bdd4a0783ba11cd7f7054f89998d730ce8d86a6d8ebc76efbdda0eea0,91ce13bad6829375,152.72302272817737
Train/Herpes/Herpes (240).jpg,Train/Herpes/Herpes (240).jpg,2699,547cd363ad562c3339585775bd2e6e4f64d8c2cfcaa82f76c5f85e4971d9ea92,Train,Herpes,True,300,168,e0c32200172ea5c19ec29fbfd8d50289558ce8806834b5666031fa71647e7741,b3199b4b47cb2507,103.78884920634921
Train/Herpes/Herpes (241).jpg,Train/Herpes/Herpes (241).jpg,4123,cfd3920134a2cd9d2aa282da4970100f8bc79555f35cf732f9adb4a1dd464f10,Train,Herpes,True,192,262,dfc74ba6d458e21bbc099f4440c798df0b3fc2832026f9b8278770b641ce27df,f28b6d1259e65913,141.31999443384223
Train/Herpes/Herpes (242).jpg,Train/Herpes/Herpes (242).jpg,4976,f7bad675bcc1221d2e7e8190a4e4e035f339a5a160c589ceb6e489ae41bf64ba,Train,Herpes,True,273,184,17c6eb99ea0f5defe38a7a04308f5839cfbe3960b4e4440604704e8df88beac3,3ff63784c140e31d,149.42699872591177
Train/Herpes/Herpes (243).jpg,Train/Herpes/Herpes (243).jpg,6378,9b10e3ffe6d4bd02cfad8856324f5a40b2f36248307fb833b6180979373e0ba2,Train,Herpes,True,259,194,744eaff87352b425ee002dde428acb435f6b4d3ed7ba78ae5eb1da23910bccd0,f0bd4e8720c19f71,173.3257970783744
Train/Herpes/Herpes (244).jpg,Train/Herpes/Herpes (244).jpg,4606,8c4bf9070b1a8b41d9f14d598d771d9b07b1d911b990600800c8b37bb3329f84,Train,Herpes,True,307,164,f3b0fe917c16caeb8714bab6dd3b133fd7a4b33604356e97ffba17cefeb899ed,391bb6659cb97301,173.8571343449591
Train/Herpes/Herpes (245).jpg,Train/Herpes/Herpes (245).jpg,5666,f6be73609c0de93ccfc29d2efa2f98f4b79c65c0e0cd58cb9d6ebbcf6f3f67dc,Train,Herpes,True,275,183,7b6853db34519ec4600279c13db65df89c8f0b59bcb6ad49b9978d81ceb76ff6,dae4e9d880f5c133,174.1749826130154
Train/Herpes/Herpes (246).jpg,Train/Herpes/Herpes (246).jpg,5045,a219ab40bda385e98d751c11f4462488df80ed58687f2319eb32ddfbfa7cc299,Train,Herpes,True,275,183,2c40ff5d9513b62d58c78e73e86e45f721e89af269c3d1389eaf8fa18e211f47,9c3b7d8ec5331189,174.43848981619473
Train/Herpes/Herpes (247).jpg,Train/Herpes/Herpes (247).jpg,4208,4962ab3518c68ec440a9fea934250e5fac8e6b2e6314d838827302c8852ef2b8,Train,Herpes,True,259,194,bd4b62cf713c04dc2b3b5ad860a3eae0eca8facb298b9b42a7c66a5418a40611,1334b95e435c4be9,103.74055646220594
Train/Herpes/Herpes (248).jpg,Train/Herpes/Herpes (248).jpg,7600,1888885ee84394a23343beb62e6f9e372f6fd6054327e725a43f725c77f0d7c8,Train,Herpes,True,192,262,f24f297acefd6992f81d5ac2f045f870e0dad9d6888eae54b2604b04e1ac119c,2d2bd0a395d552d3,182.92052321882952
Train/Herpes/Herpes (249).jpg,Train/Herpes/Herpes (249).jpg,4151,fb54f93de9cceae77b079cabc937be489636684ff418e7e05cf4961b5bb9316c,Train,Herpes,True,275,183,2ccb56a184dee98fac54a6aa9f23ddf4a81b430df32c8281f8dd608ad732c75d,028ae4e0f0f8fceb,173.72987580725285
Train/Herpes/Herpes (25).jpeg,Train/Herpes/Herpes (25).jpeg,5630,f78a6bbf1a7b7f5024513df23d0a435a2d6dc3c244e6ae23c00ab30dafa20793,Train,Herpes,True,299,168,49480339d51eaab555df5f7ac14e6b80c6bdd201cd8c4924c4c76161e45886e3,9696dcacad019d59,129.36912724956204
Train/Herpes/Herpes (25).jpg,Train/Herpes/Herpes (25).jpg,123871,78e8f24b06929b6ca71f7aeb97114b1578a5798733220e05f0d25786eb2513c1,Train,Herpes,True,640,640,ed55b788b5d9c1854434358f8af5d822dc022011dc28f88f3c974d751eb4a70a,0b8a72f819bc41fd,127.95276123046875
Train/Herpes/Herpes (250).jpg,Train/Herpes/Herpes (250).jpg,5116,af8a371c9c96f97ebad9ee33b03e73c4fc93fc3e9cb822adc1abae8a72a3bcd0,Train,Herpes,True,249,202,187d80671a7a7466cb33a6676edbda8b6f838d420bca9f0769f4f8ea1dcbb7f5,75a5a9bcb4e14c89,136.52998131138415
Train/Herpes/Herpes (251).jpg,Train/Herpes/Herpes (251).jpg,3352,352dc0f3eb1ffb341b4a9f9d037576afbe01f619d1c511b10187bfe0490e2a43,Train,Herpes,True,312,161,1fdfe92d638f94ec8ee926df130671292028e80fadb0bf17bd09f3928e795bba,c734c1b87fc9b301,190.34249084249083
Train/Herpes/Herpes (252).jpg,Train/Herpes/Herpes (252).jpg,4119,64f9d7856e3528ef61c6ea17dfb092ca2033f430acf6eb0ce713b64ae5e3b9c9,Train,Herpes,True,300,166,82c5f03d1ff0372f4dc12c6a9b01d892b00350cc5d4b168231f44ff9e9dfc26d,c999bff740d80343,95.73626506024097
Train/Herpes/Herpes (253).jpg,Train/Herpes/Herpes (253).jpg,3401,107071b17444eb95bdb23be5aecf575817a58c3be0c7207c7cedb1654f00bb44,Train,Herpes,True,311,162,4710ba0e3805d96520a992d8e5b379a871ed72f675d9d834071b0b9df9cbb8d4,3bfc84000b7f7c39,170.63796594021673
Train/Herpes/Herpes (254).jpg,Train/Herpes/Herpes (254).jpg,3583,0e52f7487108cc8738b05de1192da89dfa9af674b317300655391053cb44cae9,Train,Herpes,True,300,168,4d099c5229aa54f575c35ada627353e9a2860d9a2041deeb79973a9b3c1cea54,40c0a0742f7fef99,94.78950396825397
Train/Herpes/Herpes (255).jpg,Train/Herpes/Herpes (255).jpg,2894,4276b707edc0dbacdeb78f7948eaa372d4e5ea797f69bb020c47ee6a285ddcf8,Train,Herpes,True,281,180,57833aa66be73a70894844c0833d6a3a632ee6cdda77f64a5832bac3698fbcd1,294ed62d9b32057d,211.29157769869514
Train/Herpes/Herpes (256).jpg,Train/Herpes/Herpes (256).jpg,6262,1151026d6b5d1b49d5bec3541b5fdb6c17ec4cc9cd3bff70bce9a450caebbb65,Train,Herpes,True,242,209,05f3040d9b9490da666b9bd96b98b541dd835def17b2ce4993771d29877ed549,72328fb9348cb663,137.35750721657638
Train/Herpes/Herpes (257).jpg,Train/Herpes/Herpes (257).jpg,3829,702c2746df3567875f23e412773b3b25b469c4c98c299201f2078e9473c57b62,Train,Herpes,True,275,183,dea06dee181e3c9b5fa40e74238f660b9520583fd3f3662f075cd7fb649c3111,2ba90d09aba595d7,152.1918132141083
Train/Herpes/Herpes (258).jpg,Train/Herpes/Herpes (258).jpg,7468,5f21a01c51ab18129355ff496b452f7cc117d8af9d75f3266f99bd1daaaf930d,Train,Herpes,True,299,169,910ab5abc11c0c0c0cf6e9424e2bc92cb475af1af9169641427c5087b2a38e22,552631110e937ff9,121.88810828996061
Train/Herpes/Herpes (259).jpg,Train/Herpes/Herpes (259).jpg,6250,be0bceec39fd3197c793243d577ccecda433f2d87204a97d401ec228c26440f5,Train,Herpes,True,259,194,451cdb566606f239045b93d7b2392e600e22663dfd2fdb3bdc49764c7430e125,c60c5ff62486b45b,127.90560442622298
Train/Herpes/Herpes (26).jpeg,Train/Herpes/Herpes (26).jpeg,28442,38e6518341b10d513e16d363d65c24fb4be059e6701d64bf58541fb55a65ff0d,Train,Herpes,True,474,314,5e1212afb92d7f67966fe4171215c2e02589347ecc9f0ee5292c2d57a97e6470,fc907c50dc187e8b,118.22969577252815
Train/Herpes/Herpes (260).jpg,Train/Herpes/Herpes (260).jpg,5302,24b7813b2f749df73b4017589c34d8c2b520515d39dd5deadc48a86e77193f29,Train,Herpes,True,300,168,5f4b7eb06c2e038aa9dc8acba10efd7372f1d6ea9c3d8c241a2e53ed6ea9018c,925571375959c5a3,127.3740873015873
Train/Herpes/Herpes (261).jpg,Train/Herpes/Herpes (261).jpg,6505,5e6e7839eec9b00f425fb4adb990e07e02661a03518af61ad29c519e713162c6,Train,Herpes,True,214,235,b939ee9d4487f588afe2d4af288a1caa576e8dcab04cc5508e1c8f83b3eb12d0,ccfc2cf00c6cf613,101.4739908530523
Train/Herpes/Herpes (262).jpg,Train/Herpes/Herpes (262).jpg,6899,f48756dceb61c3644501564ac3c38af55e65b2b390c719a49c8a6cc5bb0cbe41,Train,Herpes,True,262,192,3b3a7bfaad399f44b5801b9feee08f09eaea3ed0d492297f9ab47447cb7a8b63,219e615eb1c68db9,94.05049300254453
Train/Herpes/Herpes (263).jpg,Train/Herpes/Herpes (263).jpg,4924,f8cd8942d4b7f23b0760605616faad7b940c0525fa4640093594229679094ac9,Train,Herpes,True,259,194,ed209a7687013e8bbba71a4250f90956b92079eb01595fe7561bff32a7c750cf,d1b64b9e619e620b,81.83407634438562
Train/Herpes/Herpes (264).jpg,Train/Herpes/Herpes (264).jpg,5841,00377e076e3c92a7a45818660ef8035c0d50c398990aacbd6cc0dece616a648b,Train,Herpes,True,265,190,7aae40fd830007fef3bb02e6e75170a6a857b917e46d25303bec32ddbe3dac7a,52257abd08a1f87b,139.2811519364449
Train/Herpes/Herpes (265).jpg,Train/Herpes/Herpes (265).jpg,4581,b4a4b7f07a0d4c67213be546a30b0adfc76421e1e35bf058ff2bae392c7b4431,Train,Herpes,True,353,143,4fee296766ff0bb8390f677a9bdb7d654401207da9ce710bc14f8cf96ce131d7,8ecb5911abf95443,156.23819806256066
Train/Herpes/Herpes (266).jpg,Train/Herpes/Herpes (266).jpg,5636,8c271788147c349ae17b1d8be32485e57c9400cb32bf3511b7d85e9e3ccb4112,Train,Herpes,True,275,183,08df79ddb598864700187b4ea38fa6fafab4a57c4d39ac392909d329296d3c98,43213956d7f2f981,168.21019374068555
Train/Herpes/Herpes (267).jpg,Train/Herpes/Herpes (267).jpg,4462,bada79e0b2d383a52f497888215e2ee3b0d445776c0d48e10e025cc8a7c7cd5c,Train,Herpes,True,328,154,bc4c1acd952ac866fa638e2f421e81cd4f1b62e7387039ee4bac54d047698cba,84a956a13e4fe995,160.83526686727907
Train/Herpes/Herpes (268).jpg,Train/Herpes/Herpes (268).jpg,2402,0941ebc975169b4a2aa26b88f01a57e6c312d88949d090a0a9659488823e9020,Train,Herpes,True,275,183,4a269b0ba5f38b4708a708477faea61730a8dd48fb4a661c3c80e847035da3bf,993466a6dad2a52b,121.91962245404868
Train/Herpes/Herpes (269).jpg,Train/Herpes/Herpes (269).jpg,6965,e86dc7157e7e9af3f17f644208b59b1214b56f0c2c22715f911d0466d82e1460,Train,Herpes,True,275,183,713e8d936317eea5f5494b4e9bc95addafa61e6a8c1d1ea099a16d95a5aa061d,4f14f3ec2617b02b,149.3950521609538
Train/Herpes/Herpes (270).jpg,Train/Herpes/Herpes (270).jpg,3585,d88c3fbb7da4a150918e119c726fcca26f782bca6de3ab59a0ffd4e6974ef3bf,Train,Herpes,True,275,183,48fce01c8422795b92c6448055d09b6cb6133b53218721328d95e726b26a38be,5395ac0b54cd8b2f,183.69071038251366
Train/Herpes/Herpes (271).jpg,Train/Herpes/Herpes (271).jpg,5632,5e26823ed8200612f78fce0a30b7f0f8c0dc3322ab4bcfe89ca60e86377a8a97,Train,Herpes,True,225,225,af3f06fc14ff769d26f37caf5847e8d356946029ff89411ccc723b55f5a2f66e,b44b30bb70fb0a4b,141.18202469135804
Train/Herpes/Herpes (272).jpg,Train/Herpes/Herpes (272).jpg,2825,4843704c75c6a260ce5b6f66583316b54898bc2e7bc8385a86b85b1f8aaa22f7,Train,Herpes,True,259,194,754a4aff383f022b6f455b64e5b7ac99fe5dffb7f5583aa1c1c839eb0219518f,7ad52a9154a9c58f,181.95410579946662
Train/Herpes/Herpes (273).jpg,Train/Herpes/Herpes (273).jpg,2839,6e6f37d1cda489f5d787937a9c7f0bede0054ca2cc5dbfe33fdf37da1ec67f19,Train,Herpes,True,318,159,b58fa10daa0d76976ed6ef6863d4a4cba7868c6a44776eb70927d537d3103b9c,91616e351ea49d57,145.53730073968592
Train/Herpes/Herpes (274).jpg,Train/Herpes/Herpes (274).jpg,2701,0e9010631845c49d33910038aba0090b2e65ffc7207fc807c451a24396c83f68,Train,Herpes,True,301,167,b1c059123f0e4312257c126e45dd01e6b6588f43dda3180aa19654d10c4a3d15,a1a4b4b9a6935aab,128.165575825094
Train/Herpes/Herpes (275).jpg,Train/Herpes/Herpes (275).jpg,3852,76571a96e4e77ac71b4c102bf6f2cdbe1af451eb00c11aa3b2e52ad72e7cce86,Train,Herpes,True,275,183,1d15fe478ea03332b48bfdf2a6084ac1aadb076e31836f2be64b98d83d854341,6b290d09aba595d7,151.91419771485346
Train/Herpes/Herpes (276).jpg,Train/Herpes/Herpes (276).jpg,4444,8e1270f9367f05b239d4d02af6f5f12cf02512b66e4b9d022ce8fb09095803e7,Train,Herpes,True,275,183,c93b4714079babff9e62a31cab0010666bdc6cc0e7117246cb5c01c8add46121,f9f641fc81fcc101,130.9714654744163
Train/Herpes/Herpes (277).jpg,Train/Herpes/Herpes (277).jpg,3060,377416bd11d0f8e30f43a3378840eb2f94b02bbe0aa4a1e2d48ac15ae436eff0,Train,Herpes,True,305,165,7fc1325230eb69738ab9c98f7e710018fa7c9ff909f1b74bfaaa0d270cc057a3,faacb219565158ab,136.1721609538003
Train/Herpes/Herpes (278).jpg,Train/Herpes/Herpes (278).jpg,3913,fcc339f6152e812aa95b61c200702612e7d8cace5295a02717280087d2a0cf68,Train,Herpes,True,259,194,d3ccb4e4dc9b23fb03f89396b6b664936a8c889f393eb9473b4c5d4f266dabe5,939973588c526bab,172.3101540421128
Train/Herpes/Herpes (279).jpg,Train/Herpes/Herpes (279).jpg,3320,63206421af56bb6f2003789838901fb24ed5a408fff70b794d60c69be7991a4c,Train,Herpes,True,277,182,76566d8c35d0b44c426a905a0d2f50c74c179138b6167db142a5cefb3cb7cf65,5b4869acb55c558b,197.77161106041973
Train/Herpes/Herpes (280).jpg,Train/Herpes/Herpes (280).jpg,5848,3447449ba79aea7deb2dbeb0e3d36bbfdf982a161f2547c5029fcf19c81c5e9b,Train,Herpes,True,281,180,c821f88696ddc155f928d76f8f56c68bb45c3775a52f19340c253a95997318b6,1764a55dd6a46d43,177.2047844998023
Train/Herpes/Herpes (281).jpg,Train/Herpes/Herpes (281).jpg,5045,a219ab40bda385e98d751c11f4462488df80ed58687f2319eb32ddfbfa7cc299,Train,Herpes,True,275,183,2c40ff5d9513b62d58c78e73e86e45f721e89af269c3d1389eaf8fa18e211f47,9c3b7d8ec5331189,174.43848981619473
Train/Herpes/Herpes (282).jpg,Train/Herpes/Herpes (282).jpg,5781,4198cf7944b55c5a0172f244d333cf65da52194bc2a6afbfdf5adcd733c8f062,Train,Herpes,True,263,192,93f332180a4157b5822a5a8c4c975ee990c0db6a58e2228ed40b6cccd4897342,5f14fd6a94e87203,121.96659141318125
Train/Herpes/Herpes (283).jpg,Train/Herpes/Herpes (283).jpg,7379,ed778d827d7bbd16abe2ad51d79ba180e755a361f136d11e1621ccfc712ed56d,Train,Herpes,True,241,209,00fa891251487b5a2c7f5c9a6ea454e8f31bc1e2802ad3289a912583addb1b5c,f95ff02e4970092b,114.95858563799162
Train/Herpes/Herpes (284).jpg,Train/Herpes/Herpes (284).jpg,4535,a847b075c21e13a441ebd82571080d7b228a0aa5f8e215b4806c5f5737edc616,Train,Herpes,True,311,162,80fcf016112222cd909f572e823d45623e046dc9b632d7eb1f7ad7350625aff6,d13b0f0819371df3,149.2132507641618
Train/Herpes/Herpes (285).jpg,Train/Herpes/Herpes (285).jpg,3505,5b85930cc301619f20a7bc08dccd871797e6f1309e90de036c5ea7700b9617bf,Train,Herpes,True,245,206,ae65b088f8f718cd14762d71f8b1668071b382d9f6887d6a1142da1f8e6a2ed4,99b9412c29ba7f83,121.17675847037845
Train/Herpes/Herpes (286).jpg,Train/Herpes/Herpes (286).jpg,4844,e45a0c83418c883c2520f29e5cfc5d0fadfb5c2778396025a460be801fbb9417,Train,Herpes,True,271,186,35869f528762c0b1184a555ed0bc094960f4753745956fb055b1561a377b86b6,71c2497667f2e829,131.429889298893
Train/Herpes/Herpes (287).jpg,Train/Herpes/Herpes (287).jpg,4942,cacf999e979592998b39f60229a3b2378145754d5855de5d15fd79ece4b15f61,Train,Herpes,True,257,196,ad49a7ac4b4d0e5d61c88f4f9dfa9936a58d954e6e0405ec8bee282566cad05c,3ac83e0cb673e907,166.75246168506314
Train/Herpes/Herpes (288).jpg,Train/Herpes/Herpes (288).jpg,4194,0238a27eb5f9327fef6dc4bf57f428ec69a08499175c872c974367ee07c0aa2e,Train,Herpes,True,194,259,4362492e23c314489a74707facf46b8f5725e918fd77fb6a09b423542c253146,07ffece0a0627079,160.24794013453808
Train/Herpes/Herpes (289).jpg,Train/Herpes/Herpes (289).jpg,2894,4276b707edc0dbacdeb78f7948eaa372d4e5ea797f69bb020c47ee6a285ddcf8,Train,Herpes,True,281,180,57833aa66be73a70894844c0833d6a3a632ee6cdda77f64a5832bac3698fbcd1,294ed62d9b32057d,211.29157769869514
Train/Herpes/Herpes (29).jpeg,Train/Herpes/Herpes (29).jpeg,43656,b0e4e34744c085dcefe23e6f0d45daafa7295057f916598ef5d5096573500ffa,Train,Herpes,True,474,319,76823340ca7673e7f1639763c39aeb875f3efd62c3272e39c02b1c46b2cd860f,7b505f501f41b4ab,141.2720196288507
Train/Herpes/Herpes (290).jpg,Train/Herpes/Herpes (290).jpg,5137,7210a69519254548c0877bf2f9e51420154fdbfe4af5166ef72ea40b7b8812a5,Train,Herpes,True,300,168,f1c59691101b5b81924d134586b8b3dbd8244a0b0d19f6d91646613e9f2b20ac,5ec955e5a54b4c89,129.3060119047619
Train/Herpes/Herpes (291).jpg,Train/Herpes/Herpes (291).jpg,5540,0c3d346f6d52ea745dc6cba6a16a9326cfb3915237d1378c75f50edb130d037d,Train,Herpes,True,258,195,99fb3ed3c6f84011ef0f6aefa3efc9c49d4bb52cc9a571977b54068891f8e444,4a5ba2cb8a39aba3,168.0353806400318
Train/Herpes/Herpes (292).jpg,Train/Herpes/Herpes (292).jpg,4109,a66b509b17fa680d04fbbbbf7e0f6a23ddd527d3c8805bd76bb7cecb6ca0a145,Train,Herpes,True,259,194,7743e0210ce914358aa9bbce9f907023cd6390dc05ab39941278726931ef761c,4b942bd64d52ada9,129.01504597380887
Train/Herpes/Herpes (293).jpg,Train/Herpes/Herpes (293).jpg,4953,4783673683443d13423da58d2c3e667da83dbaf32964ede4de4cce9f4621b87f,Train,Herpes,True,327,154,8da03ae4088003e03794689244c2a98dfc78024430b2af75b6a928f7ecc3936c,b89f3e9eb4844863,115.78438381190675
Train/Herpes/Herpes (294).jpg,Train/Herpes/Herpes (294).jpg,3671,2eea375839defd5e838184b7d2c217188099c9b449c416232244157aadfc9017,Train,Herpes,True,273,184,4d6b1bf5a01e871f3aa7605cd08b01842d5f59772a63d85365fce2c361002f03,58a7e487c81f07f1,158.7396878483835
Train/Herpes/Herpes (295).jpg,Train/Herpes/Herpes (295).jpg,2402,0941ebc975169b4a2aa26b88f01a57e6c312d88949d090a0a9659488823e9020,Train,Herpes,True,275,183,4a269b0ba5f38b4708a708477faea61730a8dd48fb4a661c3c80e847035da3bf,993466a6dad2a52b,121.91962245404868
Train/Herpes/Herpes (296).jpg,Train/Herpes/Herpes (296).jpg,7379,ba70a79439789005e322b5bfa4bb8a9b18ba2f3d0589c3ea02917204b42156e5,Train,Herpes,True,274,184,e8774afbad90a69b158db1878b17e8d0295fcf4065295edcaa602cebc296857c,44a31599a743f56b,157.32180260234847
Train/Herpes/Herpes (297).jpg,Train/Herpes/Herpes (297).jpg,7107,7d386aa6a1c3250226219f77bc7b2c5364db2d0afe7faa98e3f8e95784c33f6c,Train,Herpes,True,177,285,a9efa93a7df22fe0f478ad6a648aa8e16ee59e959bf0a9365514758aafc253a1,d390ed6ea34649a9,125.02795123401725
Train/Herpes/Herpes (298).jpg,Train/Herpes/Herpes (298).jpg,3905,2f17caf45a4b5a4833da64b0251564ea665a6ca9930b149e0fe54f2568e4636b,Train,Herpes,True,300,168,f09a5ffe99810f9892a4448253ee90863f53d54fa4c152f713f9c3904fd26d26,fdb69a58d8e16403,158.72478174603174
Train/Herpes/Herpes (299).jpg,Train/Herpes/Herpes (299).jpg,4759,6714813b3b04df0ca5eb4d5f75217685d0305c0d9b5ed74027f14bceed32d601,Train,Herpes,True,272,185,e6a9e8fe09fb615b2c4596c696b3b01dff73947e063de9697d4eb2ca88ccbcfe,ce8c6eea338aa325,129.0968998410175
Train/Herpes/Herpes (300).jpg,Train/Herpes/Herpes (300).jpg,4673,3dabb6c640e7c48b1297b5792a897f6b3b2bbbce694f36339a182c53463253f5,Train,Herpes,True,260,194,d72d2e2c6a6c3f1ae537e249680a9415f69019944f2869e6e6c99eb874c2141f,122bb686c5c62df9,106.20527359238699
Train/Herpes/Herpes (301).jpg,Train/Herpes/Herpes (301).jpg,6016,2ae89b9e1fa4cabe26f9b9da3d4944a8dec2f6b052c84080f5c40d3907ea5fee,Train,Herpes,True,195,258,4609891d3419edc341c365d89206e1ad9de4d82513fcda2d95f3c9c04da3f3c6,e34584f8ba1ac739,161.1943351222421
Train/Herpes/Herpes (302).jpg,Train/Herpes/Herpes (302).jpg,31274,0376699b9237cf9f80ccf242e55be5153cb1c915099ca2ab874897229fc1b1f6,Train,Herpes,True,540,350,09b05ba4256b0a21ce45b8011a8197fc38df0aecd836f3117b98ed3478464222,a7387947ecabc203,131.02465608465607
Train/Herpes/Herpes (303).jpg,Train/Herpes/Herpes (303).jpg,34735,ed244447eacde0ea5e68ca9580b1dd0d0884cfaa259122ab4729395a58340ab6,Train,Herpes,True,720,355,5127c0cd4de29337fdacf5678710b78ff6203398eb8961a1a64b3d92b60f84f0,fbdde73c98930101,201.11165492957747
Train/Herpes/Herpes (304).jpg,Train/Herpes/Herpes (304).jpg,136058,ffe96010d42c7e13f7509f6bf2446561b923dc59d6ca2fb55d11530be3e18905,Train,Herpes,True,1300,957,9d42d4d108ff4a1122b02cbc108b2dfca95e1dbeb89d9bf990e869473b1690df,3f0283960bc2e37f,148.9202226509123
Train/Herpes/Herpes (305).jpg,Train/Herpes/Herpes (305).jpg,127199,bb3fe8f990589036910451285f53290f094b198bd0f56b6f0da1382174720eb4,Train,Herpes,True,1296,728,76651e2e16213c7141a6e4f3e2966d3d871e2c9e3896f2db29b76620b46ba2ee,2fc7c7913018f44f,163.95917807115723
Train/Herpes/Herpes (306).jpg,Train/Herpes/Herpes (306).jpg,601100,22dafd7b68589fe7f5fb4b26b639d69d20af888835ee61028147c3a31fb3cdba,Train,Herpes,True,1416,740,3109058d937bdf4ec9991c74ebbec6e94f7ca15ab9c3d6435df5d161adcb8a7e,d13b0f0839271df3,147.65229710642845
Train/Herpes/Herpes (307).jpg,Train/Herpes/Herpes (307).jpg,173447,f61818263401c9bcf507394ef26f3e0306a6a9af4322406b04fb2c51882992fb,Train,Herpes,True,1200,1200,7268ee5b93bf1fe2f46a67d55be70452f7fe56693e2003233006952c7c5ca3ac,aabbce053071ab4b,138.71732916666667
Train/Herpes/Herpes (308).jpg,Train/Herpes/Herpes (308).jpg,50828,15b3fa84285136281dddea67e7cc663f54f6b732a7647f01cbdc07ab0aff157e,Train,Herpes,True,1140,641,37dcd400a08c0dc3eef6e506515675a2091fd398f6665e76d103fa222c6f719a,0c7cf6e383ce1c31,130.88728685989545
Train/Herpes/Herpes (309).jpg,Train/Herpes/Herpes (309).jpg,179956,b5078ca083a2c46808b931ffa000881bea3ae9d8c9b6d9eab1d9094e91384e1a,Train,Herpes,True,616,720,36612b2487cc17c90bc32cd71b1e8f02825346addfd9d32b440586aab84dfdc8,54286a74ec45a7bd,79.79302173520924
Train/Herpes/Herpes (40).jpg,Train/Herpes/Herpes (40).jpg,1414206,9ea0915b40c25f72a1f643e0822f61c9a54faa19927791e9a1e75abb71ed6641,Train,Herpes,True,2000,1500,d46d45208554a60dd7f2f351c88c8db2672f4e5e006c04fd101015c831acd971,9512ed14e67901fd,178.779043
Train/Herpes/Herpes (41).jpg,Train/Herpes/Herpes (41).jpg,156468,7a09b1e5b6da8f716abd9ca2a23114eccb7bb59db95a9fb0953c28f28b874e82,Train,Herpes,True,640,640,ea5dd20c0ce8e2da6560e0283c2be880cad1856c950a3506fbdd1d72c8bc80e2,f09ccf3724da13a1,126.19814208984376
Train/Herpes/Herpes (42).jpg,Train/Herpes/Herpes (42).jpg,2526818,a9fb6c6ffaaeab2211d4c7c1f6133c161ff8d2d6eeae51243b8a51bca02927b6,Train,Herpes,True,2121,1414,2a41424c094280f8e168644740f987dcda2f5a641bff61bd8542ff0d1aeb27b2,6b1cc4c7d8e58d89,178.09418310996588
Train/Herpes/Herpes (423).jpg,Train/Herpes/Herpes (423).jpg,117397,13158e3983a60b7e2b6e33c65e59e8299d483d4526c13a9e13576ed48fe47ed9,Train,Herpes,True,640,640,ce006301d4aa1fc4ab14aa02f7c68fb8653fb93a3add188d4f3777744aeccf2c,263b02b1b507e5af,152.89626708984375
Train/Herpes/Herpes (424).jpg,Train/Herpes/Herpes (424).jpg,140302,9eb90cfbe1772e2ad256311cb025e366bf590cc3ef33081bd8577e823bb03a91,Train,Herpes,True,640,640,ca621b66fef98d307f89706933cfd0cca80fde0527c99313416e38bb9d7f4255,d7986c6c13e8a729,160.37822509765624
Train/Herpes/Herpes (429).jpg,Train/Herpes/Herpes (429).jpg,121551,67bb584182eb06ca31215594c8955ecc39b4ea7a6217c8885420bc47a7eb254c,Train,Herpes,True,640,640,c17d60f7f118c349e390e09b7db3f1fbc92baa30f18e104ddf47a30a7b001562,d6986dec13c8a729,142.33423583984376
Train/Herpes/Herpes (43).jpg,Train/Herpes/Herpes (43).jpg,1633946,c32b30775834cb21700b26253fc3c91b32fd6fc4b61beb548dd7798d0e4c3090,Train,Herpes,True,2119,1414,e20f368ee16b39ed3b2b1bdf4bf83af60168a604d27630884931e67b4704db9c,0288e4e4f0f8fceb,170.3943234679431
Train/Herpes/Herpes (450).jpg,Train/Herpes/Herpes (450).jpg,72125,fad8cb9edab6218d5c301f12cd5e0155c4c4923d292bd8c111b1149b4cda4983,Train,Herpes,True,640,640,6412892c6b8192be0a181933a691b9caf81a3da26d40b0019ab7f13b958d507d,c6d0372cdad6892b,132.01278076171874
Train/Herpes/Herpes (460).jpg,Train/Herpes/Herpes (460).jpg,129605,dd4309f8bd79ccd014f3e5c27cdfa4b81476da69ffb65073a3dd1baa2df94a9d,Train,Herpes,True,640,640,274cd30cf1846e7900c665eedc2c76e9b7595f144a1cc55aa624772c4a348b18,5ea333258b7612f1,139.79870849609375
Train/Herpes/Herpes (510).jpg,Train/Herpes/Herpes (510).jpg,109258,3939272aa46d07edb517530072395a373e05d7b19b65f29a375e844290afdf61,Train,Herpes,True,720,483,c546447e270362d69129ef81b5345b35ece2b36fc7703b202ec2571ba2c2af4e,b3a9d62752f4640b,92.11036634460548
Train/Herpes/Herpes (521).jpg,Train/Herpes/Herpes (521).jpg,114766,51015a01d97331121f0ff1363e0e363bac6fa3180a33ab1ad395211c28615513,Train,Herpes,True,720,470,ba654b61695d097832ecbb30e37e8f10aecc100e4d68b82df1eef589e9f60380,6c41ec2ff0bc7341,87.81014479905437
Train/Herpes/Herpes (530).jpg,Train/Herpes/Herpes (530).jpg,127742,e73d5cd04e4fa8e3f025415443c8f7cefab17113adb4bdd2cede6d8c7196622b,Train,Herpes,True,640,640,3bdf7edc139cb8b116bb49ee71ca2596fefcf12362897379d5bd712d79ed5573,7171ab4e1eaccd03,89.3058544921875
Train/Herpes/Herpes (533).jpg,Train/Herpes/Herpes (533).jpg,146398,3c58086d528a68219a88aaaae202753f485a22c39eb26414c2b8eddd2eaf5151,Train,Herpes,True,720,481,d45296e0625493976a7e706f228a543f370dbd19e533398d2bc773811a0a98e3,34fb004db86795f1,83.83413028413028
Train/Herpes/Herpes (544).jpg,Train/Herpes/Herpes (544).jpg,104621,71d92b119ecdce3aaa41aa2150a4bb7781a51c5dca6455bad8f2a23ab1802bf8,Train,Herpes,True,720,472,b4e94b50392ab3b58772297c35571367ad65fcc0dbfd93a69fe221671dc30266,edeceae4c4d4d003,121.13528719397364
Train/Herpes/Herpes (556).jpg,Train/Herpes/Herpes (556).jpg,133008,b3cc25ff75dfc342ad7bec882d071a480ac36e178b88ba2443458973fb7d3e47,Train,Herpes,True,640,640,66d912c88c221c0125d0979b85b85cbb3086872e51e7fdc9e730b4fff659b447,8ea67bac94535865,100.03279052734375
Train/Herpes/Herpes (559).jpg,Train/Herpes/Herpes (559).jpg,95076,dcff1b8089c2fb8d5bce96f93f08b1ec5c1fcbdee8f549453ade5dda70602141,Train,Herpes,True,720,472,5f02b9319aca7b23c1ea947c3e27223e4f7e9488d875bad9110e7cec9c235dc9,4c35504ff4736173,105.72437911958569
Train/Herpes/Herpes (563).jpg,Train/Herpes/Herpes (563).jpg,86665,e5e6b8370143dd1c6db9bcb31201dafa2b3434e1135c551e4f088c228d1e97b5,Train,Herpes,True,720,480,3a5da4499c5a24f4324f994fbdbd0363a478edf355419d6073cfc16e917a7cc0,96ecf94903b9fc01,126.38216435185186
Train/Herpes/Herpes (564).jpg,Train/Herpes/Herpes (564).jpg,55615,a80db2addb52a8d88b8739f340c1ddb2e89952e7dd8c9f024e44c2450a130560,Train,Herpes,True,640,640,78b7e9917a3a80d4c4bd589cd90e41cdf1a3252ca8bc39ff259385c4fd8ae489,96ecf94903b9fc01,125.8822216796875
Train/Herpes/Herpes (599).jpg,Train/Herpes/Herpes (599).jpg,14424,ec7a9a47ff284ab2e78d991ccb50be18950ceb346a812728046751000bdd4aa4,Train,Herpes,True,474,272,e9d5ff4d2b770bedd2f765799edef4e283fa62e023508dd68d071f1c13a89fac,f3fdf07818183919,169.17990661454456
Train/Herpes/Herpes (600).jpg,Train/Herpes/Herpes (600).jpg,16651,c163744ef8f94582d11bfdcb8c07673bd40cdafab1839027c3d02a3bd069ec50,Train,Herpes,True,290,261,8ddfd2d1528e894e58bb67224bc551430c247d8eeacca4df01d332c1bed87597,c34c69a1cee1a54f,159.36168582375478
Train/Herpes/Herpes (601).jpg,Train/Herpes/Herpes (601).jpg,23066,2669468c6281df7a6d8fbba905be1ba930b4fecef72cbc2a8ea712982e589038,Train,Herpes,True,474,269,1a882078ad5a7f74cc1e1d0c3a289d7fc73277703e298373e907da9e8cb1154c,c7d3830339d06d3d,162.36333976440324
Train/Herpes/Herpes (603).jpg,Train/Herpes/Herpes (603).jpg,21935,02b35b2f5a3a9ee842abd08bf9f95160240684561b507eb9179778c9b9b24cef,Train,Herpes,True,450,309,90ada8f0036482fe93bd788bed081131e5bb24a1ff54c652004040e09cbefaab,0c0e5e3eece82ea9,158.12115066522833
Train/Herpes/Herpes (605).jpg,Train/Herpes/Herpes (605).jpg,34501,cb2e7cb04011e6dfe1d1441f4fd8d7650a126fbc71db39864fd837105f50960f,Train,Herpes,True,474,316,d93615feed04fec3977201dc527fb24d55431020fc17ac4abc695c150db06a63,13989936bd3147cd,172.29199380441167
Train/Herpes/Herpes (607).jpg,Train/Herpes/Herpes (607).jpg,44541,be90162f2b88351e0175913b1d4367dd18cfae214005e5b4a229f2eab47389c5,Train,Herpes,True,474,353,4d7be692559b056aa4c0df0f47929bfe663f72759e59b1bb81fd8928916bc629,ac828c9e524bdbab,148.013925245933
Train/Herpes/Herpes (611).jpg,Train/Herpes/Herpes (611).jpg,115340,7db88055f0cda0308e34bf74d3530a6ef2e22d97f389ca2df6dbb1a24a33f992,Train,Herpes,True,640,640,6eeeb6e62b127fb023dc520ae24e311a674d0f00055b33b6f9500be5b1ff1c38,3946695e6b2a2aab,144.031806640625
Train/Herpes/Herpes (615).jpg,Train/Herpes/Herpes (615).jpg,81665,08ffc7cdb321d92f21423e045c964dcf6fa50c2313c3d1ec9de7227e91b68d43,Train,Herpes,True,640,640,19d5b84573605a104b247742cf9bccd7aa5b85dcdc6f8b61baafc826a80170b9,3e5268ba74eaac23,173.7815185546875
Train/Herpes/Herpes (616).jpg,Train/Herpes/Herpes (616).jpg,39747,3fc458fcdeb96f1a6c8a891b222f74b7dddc9989af37f856fc717c9289751626,Train,Herpes,True,640,640,e39be481f4bdf5e7c6a718a2d874173ca355571c75908605362ac09283b6fce8,34d264be74eaac23,99.65708251953124
Train/Herpes/Herpes (619).jpg,Train/Herpes/Herpes (619).jpg,49141,da1b2218eccaf01ddfb5ea098aa1b1d1518ee85cdae029df6061daeb271d545d,Train,Herpes,True,640,640,3fba7c6f5512553f90297fdda201430e71e927c02f1be4f0dd8ce3640d332698,669199643699ca6f,107.69517333984375
Train/Herpes/Herpes (62).jpg,Train/Herpes/Herpes (62).jpg,27213,5c98638a8d3fd363a04244df6f5f8ba1914f9d3b8ec9e68d830addaad045e662,Train,Herpes,True,474,374,35cb0421420cc00a29393c56fb17baabd31d6fb0c326d3688c8bbbc3b3203159,8c9373cc2d3bb143,183.9415318486428
Train/Herpes/Herpes (621).jpg,Train/Herpes/Herpes (621).jpg,131705,f44563d8300fd22a6703813a7c7c30a210d78be5d11bab0d3a0d63b6a8c97196,Train,Herpes,True,640,640,ae65ed48085b00a872fad898d78f8c74315b69814d0cec75f87159db5e5ad37d,cce632c8865c7a8f,127.65970703125
Train/Herpes/Herpes (624).jpg,Train/Herpes/Herpes (624).jpg,76549,b5797e351dff8d374c89b9afb4dc92d88c54beeedf718dee271db0f26ac777c8,Train,Herpes,True,640,640,e573e595b13fdc07911b333134712b2549e394f4370b15af31d803262eb91ecf,0e667906b7d8cb23,163.2372802734375
Train/Herpes/Herpes (629).jpg,Train/Herpes/Herpes (629).jpg,93809,c85714ba4c1eff30a9e9c10af043832958d6f6de03079e56147bbbea82114884,Train,Herpes,True,640,640,3e27c9cb3a6ee30825b485775e494160d64cea6ed1f0600f48baae2142e255a5,4699214e55b8d74f,138.8405615234375
Train/Herpes/Herpes (63).jpg,Train/Herpes/Herpes (63).jpg,19714,c9bb3aca11d51ed1ddc662681508a53d5c38bdd60e72820b9cc87f6838fa8ed8,Train,Herpes,True,474,315,c0c263d579595d0eede3b4cf10fd3d2d58ae486de2ca4aa2d724eba9baccd5fe,425d4a754b54d3ab,190.2383899269975
Train/Herpes/Herpes (630).jpg,Train/Herpes/Herpes (630).jpg,69910,4b14dd34200800a74fe5c10789a8f7a3c3e184a72aa218571282c48fecb4b98c,Train,Herpes,True,640,640,1c4dc610fbce2799aeffd40e15d2d9f05c76f114e2096bdb5c6447e6a521dc58,4699294e55b8974f,150.6043994140625
Train/Herpes/Herpes (636).jpg,Train/Herpes/Herpes (636).jpg,35111,e3c90836e6516e9ffb5f4be782e4c8cd69031640fa232ba3e2022e82598cbbfd,Train,Herpes,True,640,640,af06347b9ac6125a67351193b3db0ded69c6ea00acb63347736955c63abcaffe,380039ff0703fdcd,155.4540625
Train/Herpes/Herpes (64).jpg,Train/Herpes/Herpes (64).jpg,11864,cf64ab79390bc4d450dae8f9eb5c9ad2697a63b0a1a346fb9d40776cda28e919,Train,Herpes,True,294,222,b7f1fbe6aa65710a2735ef1bb67bcdaad3be7cda6750b6b9f93fd8e027934fb2,858587e699987e2d,147.6378010663725
Train/Herpes/Herpes (645).jpg,Train/Herpes/Herpes (645).jpg,97800,5d69e713f00b80d65bb67a4f2c66b1f62a23040a226a1af375e1436e185c1e5b,Train,Herpes,True,640,640,619f19fb1a58d0d6daab36defe6a4f541055bb9ca6a8257c03c77fb2053bec63,dc6d0993661913ed,175.6299365234375
Train/Herpes/Herpes (65).jpg,Train/Herpes/Herpes (65).jpg,135566,ccde3b91fbc47d71d27f03fc2eacef293cebcb3a6acbd60d584f116a1c1a73f5,Train,Herpes,True,640,640,fb568fb156a9afa781a489e9487c19bcb0662deb6ee8448734605a59edb053d3,8f561c46585e2bcb,107.58525390625
Train/Herpes/Herpes (654).jpg,Train/Herpes/Herpes (654).jpg,99451,d0c89ba831f265087f697e5d89924199da4f15384410a7e5cbea4cd3c9f2ad8a,Train,Herpes,True,640,640,b8eeb6872ddbc3fb5301effc90647fdb02443b20363204812fcb5e9e83193ae5,6cb99b6c6d78a901,95.9142041015625
Train/Herpes/Herpes (731).jpg,Train/Herpes/Herpes (731).jpg,107824,bc6467d2a307f16fccf4a52688476007000d3b513c4fa7f5906432523b5c440a,Train,Herpes,True,720,481,c84644531e5bac3c5dea97027c38e89108a07a62ca465a668e054af1fd0ba9ca,962bd42f18f4f831,98.28339397089397
Train/Herpes/Herpes (732).jpg,Train/Herpes/Herpes (732).jpg,97450,92828ef3e1daf6d438b2ef899e47422c1e212578981c12855bdc645c62f96d71,Train,Herpes,True,720,472,98e10e91917015e61ff92d13e146dcd669c4f0374aef46932fd854b020a452fc,997c63565871c46b,124.1959834039548
Train/Herpes/Herpes (737).jpg,Train/Herpes/Herpes (737).jpg,81142,fea2aa2ea47a62f84354260dfaec162b336ec246cafaa0a101f1af84a442c107,Train,Herpes,True,720,464,42b8cb2d04f312f2cf3c2e2190302c68a470978df5b21f92e1c2cc5f6085170e,a4ced43b8dc3d849,62.574548012452105
Train/Herpes/Herpes (8).jpeg,Train/Herpes/Herpes (8).jpeg,24486,3887e566fe4aecce9662e1b3608f6b6edc5c7cfdf9997c4d633cfcb9b1ce506b,Train,Herpes,True,474,315,04e844066f3671f747c4bfa7e8594da547f794e55cdad722377ad510e89513c1,8fc14be0fca424db,75.97270109168844
Train/Herpes/Herpes (8).jpg,Train/Herpes/Herpes (8).jpg,212617,6292c23f8b11733b40f2c0786b8c64edf3144cad7d9d347640b5870e0f1db043,Train,Herpes,True,1116,830,a83b2f2dca11b9cbc85c774641532f65a44cbfb500505fa0430b20d29e10c639,964996ec1a94ad79,140.94747160685753
Train/Herpes/Herpes (8).png,Train/Herpes/Herpes (8).png,604884,56bf4be2deee427bb7d2ff696b06695f8e87b38bb4eafc594e03d2085c33cb80,Train,Herpes,True,1024,487,2dad916947121cb851aefbdf891f99aa4dd9d1ced385483a8966b39b4391d9a2,396dedf4c9a90341,118.72376315451746
Train/Herpes/Herpes (82).jpg,Train/Herpes/Herpes (82).jpg,6182,9730de42082377018a497cd5ed77633a5e2f8bc3902a22176495f5ca7bfbecc1,Train,Herpes,True,261,193,aac7729c5aaf34f0ac1937b7f92302c48ab5ef788107dd43677fbe6b2fbb5224,4d649127d39b68d5,142.82274234212773
Train/Herpes/Herpes (9).jpeg,Train/Herpes/Herpes (9).jpeg,62464,b2fd0f77995f53f594f8f57050c69e7a9c750401efe875fb1fe6986d14bfcb0f,Train,Herpes,True,900,680,f5d62bf1a9ffbbf9c2d1755508ff5b83ae44659a3f4ac48b52973caf2fcc9e54,959dcd4d05acb44b,68.48663888888889
Train/Herpes/Herpes (94).jpg,Train/Herpes/Herpes (94).jpg,4108,9f3f550a61c395f6ca42a06c9e0ab75bcd7d8ae58bd5cf1a5c37f7aed8fadfdc,Train,Herpes,True,300,168,519eac00ea78e55664b28b1d486df2b66f22f0d3f64a3532ce1ae4db893117ad,c31c847366d6fc0b,152.5949404761905
Train/Herpes/Herpes.jpeg,Train/Herpes/Herpes.jpeg,58158,7e3034feed1df90e37f639252af6d68701c23c51640bd95a642b82a20fa9fe9d,Train,Herpes,True,474,374,c0a109c3d6f1d229473906c1e6f62ab9d85e7637d0976627bbf893704f6a8630,5738bfd8cb0d2603,188.5210632008845
Train/Herpes/Herpes.jpg,Train/Herpes/Herpes.jpg,29611,fc3c31af9b4695c68bbee942dee644f5548808c2e7ef68c6dfeb3e42539c80ec,Train,Herpes,True,300,330,eba055e9a1d0bb6f7a7854c2ccff5fba4a901fefc787edcf6f5244496f53348a,4be378a18985bb55,145.4170808080808
Train/Herpes/Herpes.png,Train/Herpes/Herpes.png,677903,3e2082d2f9cd78fc5ff4c84f46edf87dc2db6c88ca5f79de758f0c1f303923db,Train,Herpes,True,780,439,8ac52d4d96a3c16a38a67c7b4664b6856e7fdf90e7165b96dc23fed58fa04895,19988b169d6f4733,141.31065942409907
Train/Melanoma/Melanoma (106).jpg,Train/Melanoma/Melanoma (106).jpg,212424,3acf322b8aabb8148019457cfa1a2c50b28c1bcff9b6c782be22b8caa6c610c6,Train,Melanoma,True,600,450,03c36dbc0d5da2225ec34018345ff965b792a3cbe51017109bcebb8334a8cc37,9b3344cc19336dcd,184.17283333333333
Train/Melanoma/Melanoma (107).jpg,Train/Melanoma/Melanoma (107).jpg,293790,185de04cc5471a61029b0c86e23a9a4555d69b000c2b6c9d8d43caf411505822,Train,Melanoma,True,600,450,870352cf7c86a34b0928fb011edd6135917bfd5d926c223cd3b3391efa7c26dc,6fe28ea8c98837a3,137.36018148148148
Train/Melanoma/Melanoma (108).jpg,Train/Melanoma/Melanoma (108).jpg,366281,7d4c88f62d51707739df40703d7554c7c049ad6410a684e4124b561b69dcc552,Train,Melanoma,True,600,450,7ae96d8b3d745a1c13c924c2ad2068f60a95d0672bfdb9fe03d51d4c994a5db6,3fc0a302a70ef9ab,121.20744814814815
Train/Melanoma/Melanoma (109).jpg,Train/Melanoma/Melanoma (109).jpg,208912,3e90efe03fc06b15814d17ef485deae46ea4e1def99d5fa1776bd2832d4f8396,Train,Melanoma,True,600,450,5a73d76031ecf9fdaf10abee7618aacc68880d14a2d973d9e41efbd4ec1df185,6c49f38e1ad3530d,173.40933703703703
Train/Melanoma/Melanoma (110).jpg,Train/Melanoma/Melanoma (110).jpg,332211,bb9e044fd347ccd5180b480339a10a4798b34bd3d43e874af11550bc5191bc54,Train,Melanoma,True,600,450,5450e8908a22c6da5251824e97629f136ae6cf4d31aa8a395e25f9917bef48f8,811135ced53a55eb,172.2243777777778
Train/Melanoma/Melanoma (111).jpg,Train/Melanoma/Melanoma (111).jpg,243414,55297504fcd04a3549b6a443d59623300614098ebd20aa4f2bd6da10fdd99e16,Train,Melanoma,True,600,450,d454592c3e00781229fc47386a06671abbdb1bf61ce2b34e5b7e3f86dd9b7a9e,81b1a3c50387737f,58.22232962962963
Train/Melanoma/Melanoma (112).jpg,Train/Melanoma/Melanoma (112).jpg,261882,89beb080bc65f5458b9d31764b7917d3ef38bdd835383ed1c5edd85c8bdff58e,Train,Melanoma,True,600,450,dec4ec967c68567f9038ae4109b3d660b9dc3bad6769407dbcee1db322515d06,999964669d9a54e9,187.22537777777777
Train/Melanoma/Melanoma (118).jpg,Train/Melanoma/Melanoma (118).jpg,292686,d37127a4da2610dc90f5ece70a69239b87c7020e064cba468f1ec3ad029a6b30,Train,Melanoma,True,600,450,aebbb3f97630d921866e7be32e0bd13f1daccc8745d84b323d0ac2dff8218818,f3f326432d21b915,130.09537407407407
Train/Melanoma/Melanoma (119).jpg,Train/Melanoma/Melanoma (119).jpg,304967,04708934435b6cea7c85e1a73df1992de2206f5e2facc7e54cd20c348e60dd77,Train,Melanoma,True,600,450,790da9bb869b739e3d85d231390ca19f152281665b4d081a7a1be6861e70a1ee,c73298f16c8363cd,174.44186296296297
Train/Melanoma/Melanoma (120).jpg,Train/Melanoma/Melanoma (120).jpg,273224,0b4be71c72b8de9a714e551f8c478a5a2a3f93aba93d33715138cbae8d4f78c8,Train,Melanoma,True,600,450,4b187d7938b0dd989aaf4a041e210795b8473b387741fdf032d833fbad8c0253,66090c66b3fb6cc5,156.20848148148147
Train/Melanoma/Melanoma (121).jpg,Train/Melanoma/Melanoma (121).jpg,266720,6955fd789c864e9218afa6c75910221609c2b02414c0981991c8a41c2761cd64,Train,Melanoma,True,600,450,0e06c8db29a661ebaec142aea5dc5d4e780775ea8c50b614bcd79277ab136323,62e6369c9933648f,181.33061111111112
Train/Melanoma/Melanoma (122).jpg,Train/Melanoma/Melanoma (122).jpg,294199,ffe8c6dbb653622eabcaa1c052ccbaee2570f96b21df1c147b81dbe22317356f,Train,Melanoma,True,600,450,cfde1ca6f5f5dffe57cc657fe8dc22db152c6fb686bf785bfe0f1752b05ef61c,3944e3264cb3732f,145.9117037037037
Train/Melanoma/Melanoma (123).jpg,Train/Melanoma/Melanoma (123).jpg,298951,567f142ebe2b312317ef0d63ecb4213c1533add0d700006426c2f5534f98884d,Train,Melanoma,True,600,450,318a8f1190db85eee27abdc3a6da723ab8d5605e2020946bbfb223de59d138a6,33c69d1e1973530d,176.15115185185186
Train/Melanoma/Melanoma (124).jpg,Train/Melanoma/Melanoma (124).jpg,310765,9440f352486db1e4a99c8cf011ea31694f77343c0397e68a76933c3bd3d3c02d,Train,Melanoma,True,600,450,1dabfc978e8ab7914eca596ebabac62db6e158b55e70781a136d0907c842e2de,713423f3f2c3cc0d,178.67502962962962
Train/Melanoma/Melanoma (130).jpg,Train/Melanoma/Melanoma (130).jpg,257959,e82e303e23073b8f8c8737849f7ed755ff5ff65cacfeed3a5b1046aa4c49c8d8,Train,Melanoma,True,600,450,378e6993bf85f818f68f13c5f2f3195f650d476ca4c94423dcb4fa461b6dbaa7,26cc9a3ac9f3268d,201.54422222222223
Train/Melanoma/Melanoma (131).jpg,Train/Melanoma/Melanoma (131).jpg,257078,f698cc251bbb5d6117f6fa2c2e4883af2c651a0c061f60ac427d3a8980e8938c,Train,Melanoma,True,600,450,3f0c4ae6ddba27a55fe038cb23e5524213a9dc4c9a3d428a22e2a7c354aeef86,63c61e32a9b9134f,157.8929925925926
Train/Melanoma/Melanoma (132).jpg,Train/Melanoma/Melanoma (132).jpg,219744,9c817a34b3d84fb413b3d726801121415f7244f8ead1f4a4706283c141cd43b5,Train,Melanoma,True,600,450,1eda298556d3b41a30b8cdc829f37c52a471bde992cde922e0df53aed161f99a,803b4cee12bac9eb,152.75122962962962
Train/Melanoma/Melanoma (133).jpg,Train/Melanoma/Melanoma (133).jpg,248527,656a3a6d62e6a90d1f1e26fcffad2d1be580a4d7c5b7d97cfdfbcdd4ea27d544,Train,Melanoma,True,600,450,4772951baaa975c744ea16210ba95d228943e9595cef7503b3cc5c34f57d4e42,d94c6131b679c987,176.57471481481483
Train/Melanoma/Melanoma (134).jpg,Train/Melanoma/Melanoma (134).jpg,249114,d5f7aa0ee673760509583edf303a3de98e1377fa7b2561e8384714d0c8a3248c,Train,Melanoma,True,600,450,a55b21301d8e2724c1de8dd38ab8576392387d91f23b5803333873b91947b33b,1199e4647998fd63,157.79725555555555
Train/Melanoma/Melanoma (135).jpg,Train/Melanoma/Melanoma (135).jpg,240524,f9acb5acdbb0d731707d08f56d7c329513695c78a321fea27c6dc2f4eceac5e5,Train,Melanoma,True,600,450,8e5f56c44fc129132bac7ef5168779c587a974002d2a6cb70ef42dd82519de06,69f1868c3bb3868b,170.35813333333334
Train/Melanoma/Melanoma (136).jpg,Train/Melanoma/Melanoma (136).jpg,257568,dd637ea8a621fb606efabb158e85369966e835039bf94474da789c264ca4cdec,Train,Melanoma,True,600,450,72a9174dfa15862fb0dedba884c8cdc7480e0abe7a92be0bbe75189639eb7f25,c9992666d8db3721,139.25335185185185
Train/Melanoma/Melanoma (142).jpg,Train/Melanoma/Melanoma (142).jpg,313776,aee20cca5d6b1e1d841b6b85fea18e96ed2577438338958059c2ca28a2d9a842,Train,Melanoma,True,600,450,75912622ff2d4334994f5408e1fca6373e43b06d3c2e8caeebd3a3863634ef99,49983626dd997761,141.70103703703703
Train/Melanoma/Melanoma (143).jpg,Train/Melanoma/Melanoma (143).jpg,322487,f11f76d3654ac691f5e85904bbc58297a982a11e447aa6a7e3c09f4babbf66a9,Train,Melanoma,True,600,450,f3fff2690359d50d2423d71393bbec917eceeb218da070c7c891cc0e4c3a1eb7,831c56d3a969c69d,144.06356666666667
Train/Melanoma/Melanoma (144).jpg,Train/Melanoma/Melanoma (144).jpg,288414,7b86f1f5a3cb9a29f8c5c215b7bb0749eab573337416dcd053a1e9dc3a1685e2,Train,Melanoma,True,600,450,ad5f75421c2416a89193f34e723fec1861b3de074a36498814826de83ec940ad,2dca46898c297bb7,175.4955
Train/Melanoma/Melanoma (145).jpg,Train/Melanoma/Melanoma (145).jpg,300781,ba9e5aaca90f922419ff45819e29b41d2419c3872201c3291bf2a9f22d214ae1,Train,Melanoma,True,600,450,9484c532b5411a4f01503bf76f04051feb49ac814ec5e7bb6aff045a857c4327,63e40232e7ed3d83,114.4847925925926
Train/Melanoma/Melanoma (146).jpg,Train/Melanoma/Melanoma (146).jpg,259823,bc774e4d3240a87ddd4bf9af76b4926d6266ea05471a866b9e982cbe616a1c88,Train,Melanoma,True,600,450,ffc8b92b9dc53ef668a559c3ca3ca9d4424e4acfefe032bae0d55a7d7c87ba45,cc99c31b1c697327,152.01442962962963
Train/Melanoma/Melanoma (147).jpg,Train/Melanoma/Melanoma (147).jpg,302255,9317c6ebf1b7f47d48dae204a34ccb13e4fbc947726a5a81f51a3f41e4b81496,Train,Melanoma,True,600,450,bd2712bb15fdeb06bea4c58a02d0dcc51ba8606ff76c4c2e04a53339baa666f1,966399334cc9e60f,144.62185185185186
Train/Melanoma/Melanoma (148).jpg,Train/Melanoma/Melanoma (148).jpg,170736,0ba0262c7357ccc887acd407e37841ef0d62d1620e703eb15fbabcdf6f2d2e2c,Train,Melanoma,True,600,450,c32888995ba79cc34a39238809a714993c494024e29f79da6ac89d0a015731a7,33664c8c9993666f,191.87115555555556
Train/Melanoma/Melanoma (154).jpg,Train/Melanoma/Melanoma (154).jpg,315202,753bc1b644a47ba7b1b2ece1c5d75ffe23102badaf0ba267a965fdb0255ce115,Train,Melanoma,True,600,450,56b574be40a589406b181144474dd9108ce8c8512653f36d1e34807791c85480,25369691f269ac97,151.69116296296295
Train/Melanoma/Melanoma (155).jpg,Train/Melanoma/Melanoma (155).jpg,293678,c0712502afa2e337810638d72cce1e834a178efcf93ffff2ccc2649c6e51c9bd,Train,Melanoma,True,600,450,43dae0d9aece0d692aa53ee4501b106fc967e758c82009f42c486d6b3fc2b4ff,045619cc3133efcf,169.4338925925926
Train/Melanoma/Melanoma (156).jpg,Train/Melanoma/Melanoma (156).jpg,346665,b7338268022a893d4ff4ec7c5dfe6d695aab0ed327f6908a8cc0dd3003c50c05,Train,Melanoma,True,600,450,9616d453e9e4a49a790d0c9ec8995c12b03a6d73ca844316b6b4abe70aa8f9df,3232d3294b69acd7,152.7195925925926
Train/Melanoma/Melanoma (157).jpg,Train/Melanoma/Melanoma (157).jpg,300588,11ffb427026194e5da78c39ab4128d3d6ba529bc464c4f0762a8e4f62ccfe38f,Train,Melanoma,True,600,450,06868e0921787f21b9c49862dbc8dcdfc1aade72d69220f6f2bb0631b38a7c8b,6764180ed2d97e27,175.08475185185185
Train/Melanoma/Melanoma (158).jpg,Train/Melanoma/Melanoma (158).jpg,258175,8d17b4b4ef62a90720b11ce732414713e7595af3d2d8d4c3b18c4197656988c1,Train,Melanoma,True,600,450,8dcb879d912c7a5f541497b1816b6b6d5c12a027b2149e828ca950fb0714a425,1c98e16c99f3648f,152.38407777777778
Train/Melanoma/Melanoma (159).jpg,Train/Melanoma/Melanoma (159).jpg,236778,f1cf2cd00b0a8639d2dc71571df81808859cc29147443e4266c309f17821bffc,Train,Melanoma,True,600,450,e9f32dbf4b213f53d35202efa52fe8550bfaac7b844d7e50da9cede06abfe0ab,90e6cc4e71f31d29,160.69444074074073
Train/Melanoma/Melanoma (160).jpg,Train/Melanoma/Melanoma (160).jpg,309583,3abb336c40365892f1d776594bc4cdbb60feece37094c34d23754def5672c532,Train,Melanoma,True,600,450,6feacd054d1d1d3736d1fa67720b45f59a9f061f4759bffd57c455d2d7d0cc04,8e0d79b4860979f5,137.2814962962963
Train/Melanoma/Melanoma (166).jpg,Train/Melanoma/Melanoma (166).jpg,227223,9d70e26692063d3a529f888f0bebbed7b6e4883fe57051264c384454e598507b,Train,Melanoma,True,600,450,07968cea16aefb5e1cfbe5f3b3994f6d45ad4d8a4995f74b2282ca603da2a03e,f4b32dd8b7030c99,144.36256666666668
Train/Melanoma/Melanoma (167).jpg,Train/Melanoma/Melanoma (167).jpg,331947,eae1dec24ef13f779593ecd42526036909593dc72756ae64686535ed0144848d,Train,Melanoma,True,600,450,1753e7b97cb552b2e600b7629e833094c24febf4e095a56cf171f467812e61ba,eb2b9301b52ba837,127.41412222222222
Train/Melanoma/Melanoma (168).jpg,Train/Melanoma/Melanoma (168).jpg,297310,8ab1721cef26e79aee98198b5cf5cd83f3e221f695b472c9257ac9e155001434,Train,Melanoma,True,600,450,4977b4ce045341329bd5b93dc2469c85bc1d83b7243d4b222aa5963e9a416817,2d855bbd0c2af3a1,145.22475925925926
Train/Melanoma/Melanoma (169).jpg,Train/Melanoma/Melanoma (169).jpg,372389,1e24f4b3ba9811cddc36c5365ba64a39f3b3e0983264a2c8b824cdbfbc9281d3,Train,Melanoma,True,600,450,b14c8900cc84eec1c9c215096381b23d20c9ff27d475ee590019e131ba078013,7330f3b386c3cc0d,142.6527111111111
Train/Melanoma/Melanoma (170).jpg,Train/Melanoma/Melanoma (170).jpg,236566,448c60225c9c6d5a15b4c270f1741400e6403e5eb48f44e752098bf67aaae26a,Train,Melanoma,True,600,450,4a353f22606aa9ceb757e5b6e750dc14c5fd112c69a2e8c0499535f54fc08915,cba3342c4bd1272f,164.82305555555556
Train/Melanoma/Melanoma (171).jpg,Train/Melanoma/Melanoma (171).jpg,318532,f4b7974e6cf24dac036c7e26176ac721e375162fb328fea0533d4b9f8fe04e13,Train,Melanoma,True,600,450,c222e07d8707c7e1d20e5cdb8220ae7ee357c70fe9a3aeff4294bc695f8e4c95,7cd24b66948a4bab,147.36356296296296
Train/Melanoma/Melanoma (172).jpg,Train/Melanoma/Melanoma (172).jpg,277691,2474a30a5eb0ad7a6662b89fe73bd8cd4dd43b821aeea7d3cb7523ef04e442fb,Train,Melanoma,True,600,450,30611796c0257a168cbb169b5bdb0131a2de1b525ce5ca83c22bb47fb267beec,1639b8f1070339fd,137.06178888888888
Train/Melanoma/Melanoma (178).jpg,Train/Melanoma/Melanoma (178).jpg,276720,3e20b69ca33f0a0a17cd21c7252ed62adffa5aabfe5a831378c42b9a9ac6aa44,Train,Melanoma,True,600,450,125ccb72a7a39b0608ee4bf7767b979931b175af3a3493f9dbdaa808a40be82d,99130ce4b91363ef,190.34105185185186
Train/Melanoma/Melanoma (179).jpg,Train/Melanoma/Melanoma (179).jpg,304858,30481e663f69e32c5aa5fcd8a159799c0e94d1c5c432c99f55de0006f1257327,Train,Melanoma,True,600,450,b7081e61e32881f4cce07ee81209ec08f943e09b63043f50013ca1e9c300cbad,374af1d83ca3843b,124.12366666666667
Train/Melanoma/Melanoma (180).jpg,Train/Melanoma/Melanoma (180).jpg,311251,956a0c0ec2b8ef30da4cc167cc3571203e69d88901cdfa7979d651db912d6ddf,Train,Melanoma,True,600,450,69fbe4ff29861d75cb01ead27c307f448a757bd8a58189e1726e8d9bfb04cd67,e72b693113c2cd8b,153.22463333333334
Train/Melanoma/Melanoma (181).jpg,Train/Melanoma/Melanoma (181).jpg,316269,b32224a7b2acaf4867353daed338b079d6f216bc3ca4e58f860a0888e67d3bed,Train,Melanoma,True,600,450,e1f1e8764d0e140fd6d8d8e1f4900551b6730501fe737263095e4fa18aa42576,1ed8b3266c938769,161.60135185185186
Train/Melanoma/Melanoma (182).jpg,Train/Melanoma/Melanoma (182).jpg,299562,eccabdf7eea91da7badc0f3ae5b01917c6dfbb6b153fdac8c740a647b72a80a5,Train,Melanoma,True,600,450,d4353ee3869dedfed7fcd119adcba0d8d8043d1baed427f46d9a4bbb9f60896d,6ec11f39b823c335,125.03216666666667
Train/Melanoma/Melanoma (183).jpg,Train/Melanoma/Melanoma (183).jpg,300772,6a4c659e20cf7a80a4efc698f9bb0c602d713720c71cc6f326c959b3ed2015f7,Train,Melanoma,True,600,450,9ede1648d7edf41545b1c7df1e35db666a2bcb4f5c75604b45a01a9f6d45ac0c,6b32c75ca978a583,109.59167037037037
Train/Melanoma/Melanoma (184).jpg,Train/Melanoma/Melanoma (184).jpg,223297,01f264a812b558f0a013d9fef2b55ab13f8adb8ca819518ff28114e089dfda84,Train,Melanoma,True,600,450,50254410e0b1773c9cc8e5bf28bc21c761629dcf4f4aec27b286d35daf340d07,59266196966979a7,195.2687185185185
Train/Melanoma/Melanoma (190).jpg,Train/Melanoma/Melanoma (190).jpg,288731,97e2f5d92c68e8d788257525d7b0e9cdeafbbfc664850136904d72af7c0ad2e1,Train,Melanoma,True,600,450,81abe72aa3fde2e49da81293e5efe4627065116b0fad70b76ac1c23c44deb951,cc983366d690fd89,140.74306666666666
Train/Melanoma/Melanoma (191).jpg,Train/Melanoma/Melanoma (191).jpg,276897,4df209abec6108ad88d36b14331c504ba10c5ecdbe8e7cb6daae5dbf784a1ac3,Train,Melanoma,True,600,450,086c24aefd6e40c253ce8c5b9a2bf4fce246be714bee1c27e37aa88e2ec93659,d81c07f13043c7bf,130.45043333333334
Train/Melanoma/Melanoma (192).jpg,Train/Melanoma/Melanoma (192).jpg,297100,62309ce0a3d0bd342c8989ee7d66dddb12e037ed13fdd1a0812d4bab58acc08c,Train,Melanoma,True,600,450,cf6413c91f99c83f083145194e0b91c1fa8263dea80bca216135b73d5061b84a,b32a6b49837b98a5,164.38447037037037
Train/Melanoma/Melanoma (193).jpg,Train/Melanoma/Melanoma (193).jpg,315424,aaf89ce3cd54590a1baab22d57526ddf62342ea7a95e0ec83668b9f94569eba6,Train,Melanoma,True,600,450,8879a918c6d217002fe627ab4ed90b9c8cd9867ff5fc2eb6d9f40b1dac009d49,79cc4934b6c3592d,183.10222222222222
Train/Melanoma/Melanoma (194).jpg,Train/Melanoma/Melanoma (194).jpg,292429,2f7196afb852c0c82526146b2d06a30c98d2ebdd41bf360da457cb3b1a650e08,Train,Melanoma,True,600,450,9affdebc71b0ec91284f9d39e1c7012bf036e6b652e83645191299b56e299956,71b0e3d3c7631c0d,151.55581481481482
Train/Melanoma/Melanoma (195).jpg,Train/Melanoma/Melanoma (195).jpg,211562,c5f756442a9cb5fc44956e8b2f45f5bfd9189358bccd651cbfc3f4fe1663f574,Train,Melanoma,True,600,450,f463d3187da562df0c4766654a116e7acd1091f357d61fcef4d46bcaf712b82e,99ce4c4ce33392cd,169.94455185185186
Train/Melanoma/Melanoma (196).jpg,Train/Melanoma/Melanoma (196).jpg,301460,bc65452e6a7ca8899d7a542205b87e34aed87eb8169598721d55d6b5fe6ecafd,Train,Melanoma,True,600,450,adbf00cebfb6ec2d5fb1ac70bead4637e51e9e4a13079cd0319ffe8749e8486c,f6b26a5c39a18927,130.80986666666666
Train/Melanoma/Melanoma (202).jpg,Train/Melanoma/Melanoma (202).jpg,256606,434e8fc3f15489a2305896759df452f236d538567571b28a5a47df541de22ffc,Train,Melanoma,True,600,450,19259ea80165a5e90dbd65a15ebce4a3153f70cca09e04b26c9abfb67740d334,2e8a232e8abb28ef,182.17597407407408
Train/Melanoma/Melanoma (203).jpg,Train/Melanoma/Melanoma (203).jpg,236513,e59abd07f9424bb3ec8d480447a46dab244848dea8dba199a1bc6f3f3f3a18a4,Train,Melanoma,True,600,450,e3bd5fef034b5dda869e77a52e17511c66ab16fd863f463e210d82e6ffa74a31,3b6a7354cc713389,157.84634814814814
Train/Melanoma/Melanoma (204).jpg,Train/Melanoma/Melanoma (204).jpg,276920,564180ad823171f591d70b925f688490149ad582a2c5ed517a42990e657f40ca,Train,Melanoma,True,600,450,02c3efa0d58437ba747a12b74dba420587894dae2437a6376951d3cae37c7adf,6c3b9d4c7c3215e1,166.21502962962964
Train/Melanoma/Melanoma (205).jpg,Train/Melanoma/Melanoma (205).jpg,296294,dca9cdf78a7db09fff88879b3bdddc2c66d520bc80c8f8397bc1882d45647305,Train,Melanoma,True,600,450,492db7cd41dc32c9abb63ead80187ccafde088baea4bd5cdb74f5eb5471d983a,3678d31a3ce3cb81,184.13605925925927
Train/Melanoma/Melanoma (206).jpg,Train/Melanoma/Melanoma (206).jpg,328636,e5c8a7c829e06fc46036100ed34ed3ffa10c891fb2d0164b788ed00ceff2e00b,Train,Melanoma,True,600,450,233968f99f60b07708e1fcd14cd7bc882ff1e6f183cef2f30dc3747aa736022a,2e4dc953e9a72631,136.3917148148148
Train/Melanoma/Melanoma (207).jpg,Train/Melanoma/Melanoma (207).jpg,384809,0a62f8f153adb9a0560d54ecec14ad43c16d8da7551acea89024a9120affe957,Train,Melanoma,True,600,450,0b1d3f3e5fe8fb1e8943b14af53ec70461c471e0f19a9a7dd65092720487f74f,9931499b2d697687,181.22934814814815
Train/Melanoma/Melanoma (208).jpg,Train/Melanoma/Melanoma (208).jpg,301253,79f94f0fe2ec2857e1157ff968d624e569e7072f853ce1b50ed4e3de183e3bc8,Train,Melanoma,True,600,450,e9c1515f251672c6cb6f509111f22eb9a19353cb8f9e06aa2dd8029fbee8d5ea,393364cc99b96167,144.33120740740742
Train/Melanoma/Melanoma (214).jpg,Train/Melanoma/Melanoma (214).jpg,308097,a2c5355ca38ba526df7ac6a4171f96077a06a8c8f72ffd6098fb3485ab50e05e,Train,Melanoma,True,600,450,10869995aaa40cc1a1d09d8e9e2e87fb020d2ef2eac5c2cc702512c952b9974d,5c52e3590c69f387,163.38816296296295
Train/Melanoma/Melanoma (215).jpg,Train/Melanoma/Melanoma (215).jpg,285519,9120a696cc7e93444f598821ab1c5a56c5bca15798f3d1aa93fbe9d2143addb0,Train,Melanoma,True,600,450,bb250a196ea97deffb0eeb8433d860fde903c84e4d810196d0142f2cc979fbcb,24c96e3ca7b3924d,164.57412222222223
Train/Melanoma/Melanoma (216).jpg,Train/Melanoma/Melanoma (216).jpg,287843,b03a3833bb78c2272d7ea79e3353aa0c9473f5a7db1ea963b7d3401b055dd65f,Train,Melanoma,True,600,450,201f1ac567419dbe8810a9a01ad77e5d56ceb786aa175a78b4231d02a696e75d,83d9236394c9d8b7,158.03385185185186
Train/Melanoma/Melanoma (217).jpg,Train/Melanoma/Melanoma (217).jpg,273080,6f293e4339414bcbe7d49b5866fd820eb48ec34257aa9b2558f13cf885ac4396,Train,Melanoma,True,600,450,9687b30514da5e91c0851f07256717449c31ef235235504babb57d76b46c5b72,9966639c26599967,137.05456296296296
Train/Melanoma/Melanoma (218).jpg,Train/Melanoma/Melanoma (218).jpg,298385,2f61edb7cfb8f3ab2e0a1820718ab384f4de2862b542489bdfc4a68b647c467b,Train,Melanoma,True,600,450,ab7e76dce9bf57cf308dc546733255fc7637cddced1c4bbc8cf6ec37563b0b01,2c5adb9c2dc32635,144.13322962962962
Train/Melanoma/Melanoma (219).jpg,Train/Melanoma/Melanoma (219).jpg,274243,21172501c17eacf633db06ad5f3f68388c72b7cd88fe69b6c98cfa80ab991afc,Train,Melanoma,True,600,450,d08c61535ac6c815f84a9e708ba04b18c1db109a25c9aa6593a2b5fcc0c4dd30,feca59ace223a889,165.31050370370372
Train/Melanoma/Melanoma (220).jpg,Train/Melanoma/Melanoma (220).jpg,252547,587b556c07254ed06a53d9313a84fd7efda3ea17defea2ace21b8c3721471618,Train,Melanoma,True,600,450,affe52c45b0b9af4b8c103e2edfb57f26d42e77c6d899cbdab9193c0a2b1efe0,d82b07b23883a7af,139.3895
Train/Melanoma/Melanoma (221).jpg,Train/Melanoma/Melanoma (221).jpg,205278,278a419262a3aac790ca4673b4177be15c27461a5f747fa8908dd96f47ac1c42,Train,Melanoma,True,600,450,25287350b358199d0ef782c01b1ff75bead8ef4d0bcfddbc644e391c8d648d52,9991666699b34c67,201.11239629629628
Train/Melanoma/Melanoma (222).jpg,Train/Melanoma/Melanoma (222).jpg,277277,c7264dcbbcd0003257191b9b680965b5b0e95d51a86a5fce8169918281c8a4ce,Train,Melanoma,True,600,450,ac73166107f450c1550fbc4136749bac02303ee4fcd33f197497f842bbdf8d9d,e436fc1e4579a581,145.90074074074073
Train/Melanoma/Melanoma (223).jpg,Train/Melanoma/Melanoma (223).jpg,167016,31b728628580a4a81fb8f78f2d03ad36cf7ddde3b6de0d1e51f83b1fcb1a506a,Train,Melanoma,True,600,450,621fcdbdc5557c4f227b957a171aa6432acd0432a0e5fed9bd86d82c7b38d439,598ccc063ed3d12f,155.35173703703703
Train/Melanoma/Melanoma (224).jpg,Train/Melanoma/Melanoma (224).jpg,247969,1b90fb342a089390f553c043b8c3f65747e45c7abe90c1894bfe93fde3c9730d,Train,Melanoma,True,600,450,22bd40509527fe86397eef0638c087ae84e71b22d4ff403681e32da58a9f6edf,cdcc76262c3b56c1,152.82207407407407
Train/Melanoma/Melanoma (225).jpg,Train/Melanoma/Melanoma (225).jpg,382307,c7ef28b6f2c827e44cd6ffe6d0048a18e73cd3e14456e29e3fdda15722376d3c,Train,Melanoma,True,600,450,bc2d25a553826530210483f955e442032a640e5b13c11f6533c8f1a5ffa968bd,7899d88f431725e5,155.06383333333332
Train/Melanoma/Melanoma (226).jpg,Train/Melanoma/Melanoma (226).jpg,255397,c57ea4762286bbd0add35f81beba0220c60e19d4a508a794f42338d6eeecc534,Train,Melanoma,True,600,450,4ed760c37306a5cbda6ecf31a85e90bc921ec6b762dd55d4e2991038aa4f9c47,7115da693b51e705,156.5972888888889
Train/Melanoma/Melanoma (227).jpg,Train/Melanoma/Melanoma (227).jpg,298521,67fdcabc747dedbb7d19ea2dd5cc0a37f38a38cfab3d95c166f1f44f9a6dd319,Train,Melanoma,True,600,450,728deea60cf050f683831fa2ea5ba5701709f9eb0838e068deb2efa478a4f23e,6c86990c5633e6cf,176.0443037037037
Train/Melanoma/Melanoma (228).jpg,Train/Melanoma/Melanoma (228).jpg,325445,887a0ea3bb9e04a1453953ce1f9789d11c8713daa47aa815495a4c99627e2ac2,Train,Melanoma,True,600,450,8f36f36cd16e746175b402185a84adedf9548e7676b243e47e31a79ba5f6ea7b,244dd9b6c7c91b0d,166.01085925925926
Train/Melanoma/Melanoma (229).jpg,Train/Melanoma/Melanoma (229).jpg,265608,90ebc39dd476051295bacdcba6020c1475a902686576e2b1fdf6910ba3561d02,Train,Melanoma,True,600,450,e5f286fad9f6c0d78842db8bb727d1b481e7e5afd43eb3a1b18a18081c56c16b,b6e34d86e269188f,173.1680074074074
Train/Melanoma/Melanoma (230).jpg,Train/Melanoma/Melanoma (230).jpg,310046,2541aeb714fd0c40b172f4a36629777c90ef6b1b519a61922897c10c35be2631,Train,Melanoma,True,600,450,15bf5b0dcc7cc36ec866aa7d84f48036713923e8ab07345555a5f839de284f8d,5c607706dd9a7529,152.02493333333334
Train/Melanoma/Melanoma (231).jpg,Train/Melanoma/Melanoma (231).jpg,290835,63cef161147aa576e6e8f2b811f8428ecf03681cb79ad4ad09bbd7a8f9fb59a0,Train,Melanoma,True,600,450,6b72261f6b3e07a30fe7f8d7cf19a3e0fe1439eb2d34aedee49e13359e29d5c5,9672ddce8c80978b,133.92925555555556
Train/Melanoma/Melanoma (232).jpg,Train/Melanoma/Melanoma (232).jpg,279682,371f8ef861129b593794316a4657fd50d8c68c05779a8d55a68646d2db15dc4e,Train,Melanoma,True,600,450,52e2ba998b5ca6aafcf9e10294d587b1a66433d87f4cd65ccbe99ca6a308d078,5c22d5cc5433d7c9,164.35611481481482
Train/Melanoma/Melanoma (233).jpg,Train/Melanoma/Melanoma (233).jpg,247580,8960b7878bb91b2b566670697298f426e8c2d5ad8afcd1390ab61b005f173b6a,Train,Melanoma,True,600,450,7bb6cf69865f225f36d79e97a817b54d1d41807b7360d91fb61802af95713812,6bc3cc1c79c3832b,149.02825555555555
Train/Melanoma/Melanoma (234).jpg,Train/Melanoma/Melanoma (234).jpg,316366,c3e190d3ece71b537a6151b089956d1d00bb4b416a34c9a4751083292406abef,Train,Melanoma,True,600,450,9cd827cb18151de7e3168b07e8a6dcc4f5ef26fe5297ed93f433c09d982c846a,ed1e92b956693581,161.98017037037036
Train/Melanoma/Melanoma (235).jpg,Train/Melanoma/Melanoma (235).jpg,362285,cfa1b4c767f8a36af02bd06133bd93e8afc7c889101df0bf63dd3abf4aba3b59,Train,Melanoma,True,600,450,0b16678e2ba61500f860c8b45614b01d5fa38f095689954b79dc17df8822d586,cb312606b31bee4d,190.24613333333335
Train/Melanoma/Melanoma (236).jpg,Train/Melanoma/Melanoma (236).jpg,305500,ef5a4f21b3a026e0a6c642bb5509f01952d7e2618fcb99602fd7291d2aa7edef,Train,Melanoma,True,600,450,02673c25879b2bafffb03034a755a30c173ab75aa5eaa713253b963c66a2a095,ccce492e31b3cc8d,181.7644962962963
Train/Melanoma/Melanoma (237).jpg,Train/Melanoma/Melanoma (237).jpg,304683,610f2f9a62ca9186cd31d3c37de77dabece682c1dea203f831338915a00b1de3,Train,Melanoma,True,600,450,981234914d40e4ef51c1e799389aae0bd6f57466e47d13120cab1244e2c536af,8cb11cf3f24b0b95,141.83448148148148
Train/Melanoma/Melanoma (238).jpg,Train/Melanoma/Melanoma (238).jpg,307977,f92c0154d905f5607b16eec88ed12c5e93b3c188c07c1b13d694dd4ce13de779,Train,Melanoma,True,600,450,c5cebf1a15282d363f74fd30bf6d750c58054462577f3c6171a28979c9617469,b1314b7aa5e95c07,144.88757777777778
Train/Melanoma/Melanoma (239).jpg,Train/Melanoma/Melanoma (239).jpg,297531,c58e38eab8543ade2a5b4f3bddebb620d8f6c40c04af4d54812558ce0b1712e4,Train,Melanoma,True,600,450,e3a449d2a7e195160a4c16010eb51f29f3f130d7ad986593ddef37a33e2baf77,da64a5129ab94bab,137.7552037037037
Train/Melanoma/Melanoma (240).jpg,Train/Melanoma/Melanoma (240).jpg,328392,339ed044376504faa7d0573dc6cd15e7ed88f997459d8758c3261a19958ce126,Train,Melanoma,True,600,450,178bc15cb129bb15d10219d41125f0ec0e735e65844ec46ce8c24d1f60e7cc9b,33f3190c64b3974d,188.7134074074074
Train/Melanoma/Melanoma (241).jpg,Train/Melanoma/Melanoma (241).jpg,278798,88629df157cb002fc03b8b5cfc981e6871b837c690083e8e2eb5e7e555f90ddd,Train,Melanoma,True,600,450,c23ffdb23d37e3a0097db6d677e9fdf197dbaa397da1e5ba5acad5954e2a5dc2,c9990c66f11b23ed,171.18076666666667
Train/Melanoma/Melanoma (242).jpg,Train/Melanoma/Melanoma (242).jpg,292244,6ab67a8408c3eab93e81cb29bcc2b0a25f8e09b8bb900be4a2f90b5702c07f23,Train,Melanoma,True,600,450,5224993c890a9a2ed7a3ea9d3cae3120fb6ea1b0fc4dcb73634725bc9713e1cd,6f2d81c10f1d58f3,149.52344444444444
Train/Melanoma/Melanoma (243).jpg,Train/Melanoma/Melanoma (243).jpg,292636,740f86b0b47552254125e96a5e39b17d527bf80671545c01bbe4103dd14acf78,Train,Melanoma,True,600,450,ad3c282bbd36f39f463e319fee085b770e710dbfe449335ca07994ce3c6ab89d,1839d87107833dfd,148.5132
Train/Melanoma/Melanoma (244).jpg,Train/Melanoma/Melanoma (244).jpg,241635,2b66c565c645b35dba8ea5ebbf13072b1f93853f58563ea8d494a7b4d22db15e,Train,Melanoma,True,600,450,514eeb1f8e3f4012dfcb77e888eed0ae9fb7082073ad40ab397b4ea4d6b945d7,ccc89c6673338ccd,156.47433703703703
Train/Melanoma/Melanoma (245).jpg,Train/Melanoma/Melanoma (245).jpg,280879,659be340e43738b8b088fe120676db6cb9ca6169f9a7b0c13f458ad1cd6480c2,Train,Melanoma,True,600,450,10f6c268b39b83e384ee1b2e8d3814c987bfa7ffc58b597db28b04c596418223,5bd3ac64f619a8a1,139.1913
Train/Melanoma/Melanoma (246).jpg,Train/Melanoma/Melanoma (246).jpg,224737,0fd767b96923a9b100cc8efb41a05479135892066454b3ccef45396d23d2f2dc,Train,Melanoma,True,600,450,2837f123067d7bbd6318c1e89dd9c61a37fb004bbb613a6cf92c4e137c926319,d9992666d93164c7,167.07107407407406
Train/Melanoma/Melanoma (247).jpg,Train/Melanoma/Melanoma (247).jpg,243407,d17841c52e28c2f84dc9c884c743b702ccc8f27fdecf7e64163c36d5b80a6a55,Train,Melanoma,True,600,450,532606376843d28f660bc055ba8971c1b0f533676be055d5024cfe1e89cc6ecf,93869c382dc3f38d,178.4267037037037
Train/Melanoma/Melanoma (248).jpg,Train/Melanoma/Melanoma (248).jpg,309018,4b443e1e13f98d1639971f091f9c1ee2492c232b9ce55283b0f318bdf7e95fa2,Train,Melanoma,True,600,450,17f9835c379836db6bb4dfc544903864adaf1858e10016d9640d20aa54970b98,d831609a966b6cd7,132.52208148148148
Train/Melanoma/Melanoma (249).jpg,Train/Melanoma/Melanoma (249).jpg,274491,f0b6ec891e9b53b48e55217d962529cd9d7f060b89dae879ccf3c2d83e267a86,Train,Melanoma,True,600,450,94aa638325493815d66e1c75d59d3ffcb8e20e5d2ad7ee71e439c99b2d576605,67384c92f26b2997,164.44922592592593
Train/Melanoma/Melanoma (250).jpg,Train/Melanoma/Melanoma (250).jpg,357958,e7f79a3fe1efb5a3ba69827c7f619043827b2da424df1eca60374c25a485446c,Train,Melanoma,True,600,450,532f7e9a0904ce10999f4f6eba32ccd9af451b0f8266debb56846430bc942949,4f269d2447939f29,146.39548518518518
Train/Melanoma/Melanoma (251).jpg,Train/Melanoma/Melanoma (251).jpg,321930,1326ea84e3ce0c55167c5bdf3f48298f34f45c3d8cdc299f41168db298c43159,Train,Melanoma,True,600,450,d8788f8d6f27a3ca0a4e96efa15b8f260a4a92d922ccdae2519d963f2d18274e,e42c26cdc893736d,126.69118518518519
Train/Melanoma/Melanoma (252).jpg,Train/Melanoma/Melanoma (252).jpg,402415,798103c1e62d70afb75ecadd92429be1bd7304ce854418b5db41dad03906d2cb,Train,Melanoma,True,600,450,7b259e65fbfb739ea9c622dc41fe5ef7cb6a1b3e911ebbdcef6899dbed3a9908,498a32bba2fb882f,182.41647037037038
Train/Melanoma/Melanoma (253).jpg,Train/Melanoma/Melanoma (253).jpg,255629,3fe1e6507bc05a191ea40b3c7467dc357a73e8db352d5b0bddcb80241c29db29,Train,Melanoma,True,600,450,442f4f3bdf73a759df10813d2f82c3c964a9c6be96b539acb63ae4f31a6abc33,71c7869c39a307ab,129.7684148148148
Train/Melanoma/Melanoma (254).jpg,Train/Melanoma/Melanoma (254).jpg,300626,6b1b54905da9fa03eefa13db8b4229f4fc847f75990c01f00ec2c3508be64ed8,Train,Melanoma,True,600,450,356ae1abd5645567b46a487954091f7a17f7ab9745ddc7220bf4894b3b3193ef,8ce046c37ba3c51f,154.11366666666666
Train/Melanoma/Melanoma (255).jpg,Train/Melanoma/Melanoma (255).jpg,273831,f2d936319492797df75b581d77e2787e803b0d1306aea948d99b5cd6c519c5e8,Train,Melanoma,True,600,450,4b13ec795842e380318d9cbb8f74f35b194cf07eb77acf603f9a8668f1944dcb,b6496cecb3391ca1,150.4013148148148
Train/Melanoma/Melanoma (256).jpg,Train/Melanoma/Melanoma (256).jpg,313070,171ada5798fc11a7a149ed9a955f21fd8572b351e08973bf1899e795c3c1e700,Train,Melanoma,True,600,450,798d019f3826b1a1ab18488f934480464976eb04d5a4bb02af123576b5225996,8b9b2746dd885f21,137.26307407407407
Train/Melanoma/Melanoma (257).jpg,Train/Melanoma/Melanoma (257).jpg,198675,0d83700965cbc4ff353447fe1b4b3e2ca5d01ee1318f156cbf1e8aa0f220535c,Train,Melanoma,True,600,450,420d2c60867f50fd7cfd784667b7d51cd7d54a71cdc9614383a372d15afab118,741ccce6133be88d,154.21632592592593
Train/Melanoma/Melanoma (258).jpg,Train/Melanoma/Melanoma (258).jpg,267591,88a4f1df6dbff21fb06193862dc6ee41781df17a9318e3306e6514907e717c47,Train,Melanoma,True,600,450,9a245037aa8a8c78fe76edf9defb58c5e4f7b52018ea8d02d89e2f30d4ea6f30,8c3331cc6633d1cf,171.02176296296295
Train/Melanoma/Melanoma (259).jpg,Train/Melanoma/Melanoma (259).jpg,293635,ab83cbbf95edfe9352c1a8e4bed3b05fb17febab81e953e91a607c7378d27f06,Train,Melanoma,True,600,450,7b289d66a39ce5990a2db4a46322a9442ebe1fb48df205536a8fdb733f58fb4b,c666989c66c39c37,150.04272592592594
Train/Melanoma/Melanoma (260).jpg,Train/Melanoma/Melanoma (260).jpg,298986,f6e6d0a30d98ab315e3a2d12bccd604f413a3432c7de8e677fd80b23db9c83bb,Train,Melanoma,True,600,450,19130f10765cb844f3d0f255340e9a2ac5775c59d926015b66c6d79cad4cebeb,7231a75bc3c91c0f,121.37401481481481
Train/Melanoma/Melanoma (261).jpg,Train/Melanoma/Melanoma (261).jpg,338773,abc252bd88a2de5cee077f7068eff5012d55b56ad79bbb52f30caf394881b370,Train,Melanoma,True,600,450,3b0170520089ceaf7cf213fe4eef15e05019f05ee263876a37755578cc15db39,cc4c39b2f319ccc5,176.4553962962963
Train/Melanoma/Melanoma (262).jpg,Train/Melanoma/Melanoma (262).jpg,289525,ecfe81575207e1b1f9c1ad2ee6d09d711f6889e1cc3954deeccc345bc049d652,Train,Melanoma,True,600,450,7fb36f57a688f02fde3adc3fce354e8e8d34b1c1ed3f36bb19b577af943d5498,4ee15834e3c3783d,172.9774888888889
Train/Melanoma/Melanoma (263).jpg,Train/Melanoma/Melanoma (263).jpg,306053,42b271e10e679bec5d7f563ea7b3c7a8e94e2574104b2c50360ffec9b6f7307d,Train,Melanoma,True,600,450,975e7dc84f81a0b38602bf7b5aac1911ba19c4cf0be4d0e67e49a047b23d4c85,f3fa2ccc30638d0d,167.3591037037037
Train/Melanoma/Melanoma (264).jpg,Train/Melanoma/Melanoma (264).jpg,253758,dbb6464da96d7461c68904b7997fd3fae7646ce9dc195c0500d16a7367f5b4f7,Train,Melanoma,True,600,450,1dcd04ae9bce7e03cef987c708014c3103321d14c4cbd131f91496ad57806b2d,6672c60c3ce3c31f,168.2174777777778
Train/Melanoma/Melanoma (265).jpg,Train/Melanoma/Melanoma (265).jpg,270677,10a47033cce2073f7fd57cedf5d3e4af1d3481bbab07ba9489c3931d100857a6,Train,Melanoma,True,600,450,ec695465b2b1295330fc405dbf58450d09891e1e00b6d5bf048b054bc3889156,cccea7163c5341ad,148.23743333333334
Train/Melanoma/Melanoma (266).jpg,Train/Melanoma/Melanoma (266).jpg,310075,d72fbe797ccca118e6061d5a78c08e593fe7c8c3a555f951ab48ef1630acfe03,Train,Melanoma,True,600,450,87580b04ac2777b5cb90f5327ca5160f6bc719ed02485d41b5eb5af3fe591c16,42da2f06ea3b2aa7,172.17732962962964
Train/Melanoma/Melanoma (267).jpg,Train/Melanoma/Melanoma (267).jpg,255442,610df4000373213fc1e4a725af882c448a157d014bcc6fcd35d5d64e8427aefc,Train,Melanoma,True,600,450,9ebf5bfdb2f8e5a576b871ab8450d090e714b9c42d07162e6de8e5853b916b6f,9898b2792b4347b7,171.74315925925927
Train/Melanoma/Melanoma (268).jpg,Train/Melanoma/Melanoma (268).jpg,293493,fa0debf1f6d332bba51459ef4da534d27921046121938f46fe71fb3bd25b1166,Train,Melanoma,True,600,450,c0fa2e5be80ff3aff14ce82a12247fcb25cae9c754c7c696383aec0004a6e5ae,31cc9d99c3c37427,175.92717777777779
Train/Melanoma/Melanoma (269).jpg,Train/Melanoma/Melanoma (269).jpg,259698,d7f92d7c1bdbd32f023386f3eca314470c1dd595373f3f4eb4c88fad92e611ac,Train,Melanoma,True,600,450,fc261ee7f5a1bc1c7a38d1cf56b42e97093e91fae87f00e641e149fffd493988,4c9933cc8c3373cd,189.9293888888889
Train/Melanoma/Melanoma (270).jpg,Train/Melanoma/Melanoma (270).jpg,303172,ae09f5b93e7fe9051518edfb5c6ad4a081a13bf358667eebe9f4fca04720c02e,Train,Melanoma,True,600,450,7357f50a39cea365b013ddf64522425b4509eb29bac0fb0ac57ae16fe8126a4a,8bb64c0c33f129af,161.2819111111111
Train/Melanoma/Melanoma (271).jpg,Train/Melanoma/Melanoma (271).jpg,279338,646aaee43f010a3c46b80d8412858439772209059fb3fb324fa2d2381f99f8ff,Train,Melanoma,True,600,450,50dbe54889b7dac95890207b5ace597cacb82dd6233c6e4cdd55ba2c99f1591d,471ad8d92d23d237,143.06855925925925
Train/Melanoma/Melanoma (272).jpg,Train/Melanoma/Melanoma (272).jpg,335736,f11df66dbdca3de0b7fa44a8a7c8eaaa80ef55c8eaa699f47bb1533c33742ed7,Train,Melanoma,True,600,450,c90f5279dcf018b722ea83606750a05ff46c5fc5331fa9c1e9daf2d56d5b2024,19e6c9a426fb8927,195.91708888888888
Train/Melanoma/Melanoma (273).jpg,Train/Melanoma/Melanoma (273).jpg,286768,63d112013fd9756ed1a46fd48c69520b7833149909f7eb363315c2d9ff747846,Train,Melanoma,True,600,450,05fa96947ba4e32dc72bb95c6389080e902cd12a91c0db2b95a9b7778be544b7,d2bc2d29e8a35715,157.74485185185185
Train/Melanoma/Melanoma (274).jpg,Train/Melanoma/Melanoma (274).jpg,266062,b34b39e5a3db6127756228dfe9a29fbeb907b79807fa89faccb272d6717564ec,Train,Melanoma,True,600,450,101d404d561d7ba22929c62f7494a8fc34a6536eb76c5c14d9513a04ac8da6a9,2d33784b8c09757d,128.6481
Train/Melanoma/Melanoma (275).jpg,Train/Melanoma/Melanoma (275).jpg,350211,d3b7d79e7f28b3b03dd197b181135e4dd9373e4d14bcdcdc976b4d780c8ad06d,Train,Melanoma,True,600,450,5aeb683b2c9a3beeedb6ddc4d24285702e39e6a2e3aefa31c27fcffbdabf24bf,6939d9f1a5c11257,121.19751481481481
Train/Melanoma/Melanoma (276).jpg,Train/Melanoma/Melanoma (276).jpg,292584,fad2d6fadcb2bf5545fa700d95630396626e877fc0606ca968bf0b165e01287b,Train,Melanoma,True,600,450,073a18d6743d591f19dd0e9b156d26fca9e011fc5d1500e250f8b3a74face21e,e4d26393502969fd,165.9222
Train/Melanoma/Melanoma (277).jpg,Train/Melanoma/Melanoma (277).jpg,307918,b5e7bb67ed7f5c4ff008783112fcab17e5f93b79e5add11ae7fab9e9537579f1,Train,Melanoma,True,600,450,e4aec7654b20a709313b8c43b9a2419d9f07814e75391fd2318d247f1c332994,9b2063a8752ad7ab,139.6206925925926
Train/Melanoma/Melanoma (278).jpg,Train/Melanoma/Melanoma (278).jpg,231298,4a1b2c6347a8117ff3904ead612b6c5c6ecae3bfebe47e1f99ffba376d9e0fd6,Train,Melanoma,True,600,450,344228af008e64cd845131831bf745a48ae897ec75d47892b93078d617d9313b,272cd8d62329e9cd,149.67513703703705
Train/Melanoma/Melanoma (279).jpg,Train/Melanoma/Melanoma (279).jpg,271529,1c315072366838c1cffbbefefa5ff646de57d1455311681ec6f813d7f6744c9b,Train,Melanoma,True,600,450,e40bca6a7e727aa5e7d19365158a28c65a12fae59c744f4ba471b1393ce49a95,694e864f33d198a7,152.02658888888888
Train/Melanoma/Melanoma (280).jpg,Train/Melanoma/Melanoma (280).jpg,294978,3cfe8e1b0fd702a056d203dd888fb464a569e1af352749c15567c1aed2ba9376,Train,Melanoma,True,600,450,795f2501208879add9738f5834961667174be307cd40c1ec462eeef2ab447d5b,e83be6c4d4105b6b,152.97335925925927
Train/Melanoma/Melanoma (281).jpg,Train/Melanoma/Melanoma (281).jpg,300286,d1f6720e85dfd59481f72d3b720e24e22d6ba7e58c03ec75f7b57b9b5cc0bad0,Train,Melanoma,True,600,450,e50d197c697ec127e99a9930c86e62589d542c25a0f0fa2c22acea05fe0a4f3d,9c88c9d44f4bb725,143.7854037037037
Train/Melanoma/Melanoma (282).jpg,Train/Melanoma/Melanoma (282).jpg,288816,f1ec5e17b3da2de9b8728b351659ced220cf996ab75fa5506b6db620d91c761e,Train,Melanoma,True,600,450,392dd16d16eed8be84723fb45de6a74fd796af65b39a3ca76e4308c73e4d5062,67845f14bf01f703,154.18589259259258
Train/Melanoma/Melanoma (283).jpg,Train/Melanoma/Melanoma (283).jpg,276233,44ebdbc2dbae03cbd40aece956fa1021d627ac619b0465c6cb8e80c76d90a522,Train,Melanoma,True,600,450,6b3e03ffba7cebdb33b9b31499b86fe456f5428586ad871ac4a9ec5e90268ffb,486d33b3accb862d,162.25933333333333
Train/Melanoma/Melanoma (284).jpg,Train/Melanoma/Melanoma (284).jpg,263404,647a332de3e945cc8850a6837ee8a747ac11633c387840b411595021f3a03e86,Train,Melanoma,True,600,450,48f98c2bc76a6c8c512081f7a0d363f057f07e1363fabfd304acc81911086565,f89207f93c6293c5,146.81095555555555
Train/Melanoma/Melanoma (285).jpg,Train/Melanoma/Melanoma (285).jpg,301585,d9d1547002f5deda3ee845767b6244e5f4692e90254e5e820196e6dff8f5db5e,Train,Melanoma,True,600,450,a679498a16993604561ddb22bb522c8d56a757f6870790749d3b815c4966eca8,498ead097903f5a7,154.0903148148148
Train/Melanoma/Melanoma (286).jpg,Train/Melanoma/Melanoma (286).jpg,191440,bafeba218354f96403edd686861591af627b866b311043e11913cc0881437059,Train,Melanoma,True,600,450,883a0396d1420d40c76b2049825bdfc53f2e47831878bc1aee810d28b3ebdf6a,3b3cc6b0ecc3322d,155.0063962962963
Train/Melanoma/Melanoma (287).jpg,Train/Melanoma/Melanoma (287).jpg,295751,100ad738aa2bd335557c7af0901585efc4d8f450120cb2e2a45787c7b0a74366,Train,Melanoma,True,600,450,1e1011f283c8ac25622758452cf5694f7ee3424dfe847473c8304045e726bfa4,0f6ce73a18f320cd,171.1264111111111
Train/Melanoma/Melanoma (288).jpg,Train/Melanoma/Melanoma (288).jpg,311640,69203b86e95c7432332b01551ed804535f9f5313a9a6108474746f1fe92b7754,Train,Melanoma,True,600,450,b9d986b1ffc5a6cbb903151f94959b7b4b734e5d36cba034989e823dbfcb23e6,89584f6b49a9b457,147.78745185185184
Train/Melanoma/Melanoma (289).jpg,Train/Melanoma/Melanoma (289).jpg,261327,109ae22a7a29f59a29085057738ec57b56d5cb9a5acf48cec3bee41fd8be933d,Train,Melanoma,True,600,450,3a3b7e25ce8dee56ce097ca3f2262ddea34ea8fa5d8cae7b7ebe0c8f12908a66,de9cacb91683e145,145.84879629629629
Train/Melanoma/Melanoma (290).jpg,Train/Melanoma/Melanoma (290).jpg,294489,9e0470ef4d8353791427b2fc55ca52f151b9eb266323ce40be89f1424d5dcdc0,Train,Melanoma,True,600,450,976afc913cc6874cc9c0acb3f02a62937b24ea7746d4509e17ede3f53824ecb7,633cb718d2cb6915,166.29812222222222
Train/Melanoma/Melanoma (291).jpg,Train/Melanoma/Melanoma (291).jpg,270674,bb9c0183c8b7e5542dff94741f496418cae3124a12b3c17788439effaf476e5c,Train,Melanoma,True,600,450,aea38d02fc623b07d8ad5b7ff8ac5ffd379349fe9f35ad0dd17c266c47284b27,c639354cc7925d69,148.29255925925926
Train/Melanoma/Melanoma (292).jpg,Train/Melanoma/Melanoma (292).jpg,292778,3983f4385fbc1d0fee5246216e7c8161ad24101c57e5c26e087646535263a3db,Train,Melanoma,True,600,450,d136486bca73f833d050026ba7967fc697937bd6e88dc7bfe24e8895d12b962b,8d9b22e69e19606f,171.94395185185186
Train/Melanoma/Melanoma (293).jpg,Train/Melanoma/Melanoma (293).jpg,323973,9ef0f897257effda0308bc537d2bb3b3bc68c07ddf4d1ccf9d1c8b2685a43c6f,Train,Melanoma,True,600,450,1953becd6015b3b2a31c2d88a82d851341f1d4b66c7a27e14356a22db7f699bd,ee6adb0624b9d027,167.6157
Train/Melanoma/Melanoma (294).jpg,Train/Melanoma/Melanoma (294).jpg,313077,f082635da4851e71dc006a7e8d81cc5114ce76425796a6869d6a941225fe7257,Train,Melanoma,True,600,450,6e5f0c15b19a47afb17da78519733f01e2793de8a02d4bbc8c50d7b18c4f8a93,483796c8e30b6a77,150.4431111111111
Train/Melanoma/Melanoma (295).jpg,Train/Melanoma/Melanoma (295).jpg,357470,7a36abf12d8e36fbd90b231dc8bc6474c91d906a04e4c26a2e7d422757e1de45,Train,Melanoma,True,600,450,ccc53676e3aa437d5b4fd2126d2fcc3ded5efe07cc28af835e794ceafce75433,3ce31cb32cc3c31d,149.50438518518519
Train/Melanoma/Melanoma (296).jpg,Train/Melanoma/Melanoma (296).jpg,275401,266dc4266844b6ae82a6aabab6ea57ca3838fa78f59f112c59d1ad8fc82918dc,Train,Melanoma,True,600,450,0249a2449e94ad6d469e23300f93ebe4315e57f2b0c609532bb89281f77116a1,2833c1333e93cf4d,133.91924444444444
Train/Melanoma/Melanoma (297).jpg,Train/Melanoma/Melanoma (297).jpg,336479,6219488668d7b0beaaf9c1c4b8bd004c9c8ef879b16f0a688254e434ee582944,Train,Melanoma,True,600,450,a395b8360892d8c3f29d0c8ce8c09472016f4485c44d9fc98af5e013d6921980,9991a646cc991bed,151.9634851851852
Train/Melanoma/Melanoma (298).jpg,Train/Melanoma/Melanoma (298).jpg,310462,a81b94e7ad0e515d302d5a8cb557b0061f76cdfd6e6213f1655db8aaa0d180a5,Train,Melanoma,True,600,450,1e2dcc850ca4e400204177eb8da342468b096b938161ca007e648b4423bf1bc4,9cd8a71ad229a8f5,154.31777407407407
Train/Melanoma/Melanoma (299).jpg,Train/Melanoma/Melanoma (299).jpg,350836,41048bc923404f67d5e5719cf0f10257e3dd0e41a107ffc6a3a2478806be44a0,Train,Melanoma,True,600,450,7aa51e767127008f380ecea7b02619274c3a4d246bc07ca1f05ccd83b54fac56,1638e4c90ba3fc1f,140.11532222222223
Train/Melanoma/Melanoma (300).jpg,Train/Melanoma/Melanoma (300).jpg,200830,b1534bf84af54b78ef4b7204b6162617cac3d99a1a8b05579da5fa52eca0977f,Train,Melanoma,True,600,450,098f4d272670344d949b195192f74e445e4309f152303a94afa71b9e7e8383ad,e6d9996664989963,182.20807407407406
Train/Melanoma/Melanoma (301).jpg,Train/Melanoma/Melanoma (301).jpg,156657,98387d6d98f640266b32537f441d87eb724549317c8ca0cf5addf8c8a2d24b96,Train,Melanoma,True,600,450,4ce65bb1470580699397f58b892e0d6bac76b36ce72e0b3a7442289c2f11c1e1,999944641399e76f,161.70304074074073
Train/Melanoma/Melanoma (302).jpg,Train/Melanoma/Melanoma (302).jpg,292429,2e5adbb4b9e6b22c80f9a28e67daaa3f897b1081de44aac19b781826ed3727de,Train,Melanoma,True,600,450,90b692ea46c95ecfbeef323ef51dbbb070232718ca2308a24776ffc6fc93ba0a,999966649999e665,170.11797037037036
Train/Melanoma/Melanoma (303).jpg,Train/Melanoma/Melanoma (303).jpg,308637,f34c55de6a3c4eebf2307891b693a344b9d7e05ee1c934479079923bdc23d991,Train,Melanoma,True,600,450,a94f75761d53589868982a5294a6ad4ada74c1f8afa7fbab1a572790ca3a43aa,9d42e40853aafbab,158.99818518518518
Train/Melanoma/Melanoma (304).jpg,Train/Melanoma/Melanoma (304).jpg,297129,5e849238ca2f32553bea6ff60535c8bf873e8a72fe5ddefff56bb79168502b21,Train,Melanoma,True,600,450,0a3b03f099c01177e52b88102dded3025df7fa9a07c83ee2a7b15ec070cd5b25,0b50af46ad0abdab,133.14225185185185
Train/Melanoma/Melanoma (305).jpg,Train/Melanoma/Melanoma (305).jpg,235723,f9dc594d97eba2660815706cb7098e0f00a664c24d45aec05259d8faa8461dad,Train,Melanoma,True,600,450,1eafdbedeb45b13d567978d3d12d89b62287611236b1aff0e9ae503cb5ef885a,49d964661b994767,188.9344851851852
Train/Melanoma/Melanoma (306).jpg,Train/Melanoma/Melanoma (306).jpg,344339,bead79b1ba53a579cbadbcf2aba381120cd676741869ffe37b005b4b30dc2012,Train,Melanoma,True,600,450,96b3857461a2aea574937faf7dcc517b10793fca2040075b06860dc53f19dd3e,4fc290bd58d3ad07,138.8625925925926
Train/Melanoma/Melanoma (307).jpg,Train/Melanoma/Melanoma (307).jpg,363643,140212cc76a1d662cf0f6f6e988675ae33dcc9bbdf41cb2c91f2d71332598e51,Train,Melanoma,True,600,450,3ba4d4ca53262f584c055c9b5f0f51068ef87698fd653255a4ef33e961ffe4b2,bbfa2e281d087f09,150.95185185185184
Train/Melanoma/Melanoma (308).jpg,Train/Melanoma/Melanoma (308).jpg,252518,f3020997f6a4e9577012805a1503bb26938b7403084241bc204e8b2919a038f1,Train,Melanoma,True,600,450,37aa628d367110aa982de72701988559bfc60cc3598e7f69579ea81985231f93,66de9964649a3b61,153.5573037037037
Train/Melanoma/Melanoma (309).jpg,Train/Melanoma/Melanoma (309).jpg,282837,759fd3de0349410a76266a4a011216a3795350abd0805490aac320a18c727a74,Train,Melanoma,True,600,450,0e4c0c4505313951cf199402aab35acdb2b24a9f01294803b521ea9d303d38ce,ca9b8ccc733388cd,148.9795037037037
Train/Melanoma/Melanoma (310).jpg,Train/Melanoma/Melanoma (310).jpg,303768,0daeb8ae73a7c0c2335d2163b8e456af2cfb806b931bd897b98a71a56ba99c0e,Train,Melanoma,True,600,450,e3fd9a6681c5015ebd9278d55edd22ab9ba2b7953d4e18682c59fc8a28c3f014,1b96703a232bb98f,153.8391037037037
Train/Melanoma/Melanoma (311).jpg,Train/Melanoma/Melanoma (311).jpg,331876,a684eee4758669a8e0647fe75ee96b38c306a5c263d3592635650fe5ea1d8311,Train,Melanoma,True,600,450,80eaf3920a08c1e945a72fdec65b41c494276612fae182ad9b0042f32478f123,1999d2e16ea1354f,155.44223333333332
Train/Melanoma/Melanoma (312).jpg,Train/Melanoma/Melanoma (312).jpg,315393,72346eeedeb72d3fc9c4666432b7f02aacd23511974a07ce48a2a179a05d75e9,Train,Melanoma,True,600,450,5a2df2df74514f70956313ea1e67b192660c2f6cd3d8b9d68c6a32b6cb07751c,362c526d33332dd3,151.9396851851852
Train/Melanoma/Melanoma (313).jpg,Train/Melanoma/Melanoma (313).jpg,275320,2905478ad119b458c238d63061e7c748b2756421dbda52e646cc16a03042ddee,Train,Melanoma,True,600,450,b7f722fdec96c4922cd064939eff8fd2cc3adc0efcfd5c58b8150d1f8caea6c1,66e32c4c99b3e14d,140.98735555555555
Train/Melanoma/Melanoma (314).jpg,Train/Melanoma/Melanoma (314).jpg,332202,75d06582ce9672d87e1a8a954529f08775992fc511d806ddad83007c0edd617c,Train,Melanoma,True,600,450,75ea00fae26eafbb5186facf4fa345614ae4b62ab512cddeb0a413fc2418da1d,46c6cc187f63998d,148.06195925925925
Train/Melanoma/Melanoma (315).jpg,Train/Melanoma/Melanoma (315).jpg,327596,791b12c1a4e983ad6c3b408549171a9f20d9fd7769b0dcc6be3284d565c4fa4b,Train,Melanoma,True,600,450,a1260a25c6024ab0ff60e37752103687aec57783afa807896e910eaf7c8a0202,73b89ed166e1118d,165.26407777777777
Train/Melanoma/Melanoma (316).jpg,Train/Melanoma/Melanoma (316).jpg,254226,01c3d05e76b8ee747b5726a9ff1ea67b1554da944f41801229d2981f23573712,Train,Melanoma,True,600,450,6f36eba67d86d44bb6b40087e1f04be0325276d4fa7232154ac2b2ad5526295e,fa63940f7c4303ad,175.55894814814815
Train/Melanoma/Melanoma (317).jpg,Train/Melanoma/Melanoma (317).jpg,289751,ecdbf2bfd10678e17d9b8d46eade3ab5745a4e26bde582239aa235531e4edbb6,Train,Melanoma,True,600,450,63921853d5cd9ef32a965d2e45fa534dbeab090067eb78292d3e3fbd4a58511e,6c369396194967a7,147.6593777777778
Train/Melanoma/Melanoma (318).jpg,Train/Melanoma/Melanoma (318).jpg,254471,45a7c33b30ddccffcaa180444ced5397a5ef055b4e993582cd6b9ed1428dfeb1,Train,Melanoma,True,600,450,a4e3004f7e5ca987f68cf23d862f710f84554e4f0ec388a3c1fd20a8fdb4b7c2,532666969e497927,159.3372925925926
Train/Melanoma/Melanoma (319).jpg,Train/Melanoma/Melanoma (319).jpg,282855,ac5140cce45c57d6398d86248da98d9d61961c623e1d2c0cf2547d0a4cdc562e,Train,Melanoma,True,600,450,080038fb965cf9bf0301473f1128a1de5a5df72b6d880de4529159417731f96d,09622e469d98ff2b,137.93092592592592
Train/Melanoma/Melanoma (320).jpg,Train/Melanoma/Melanoma (320).jpg,235562,9ae2fc0a39d386e0758ba678877205ba9cd4d29064c4ba75d097d6cb71fd7b45,Train,Melanoma,True,600,450,4caee7d6ea709545fde70dbec2f73529e3db1f2d2ed8990456718ea5fe0307e5,c790bb6470139dcd,186.98922222222222
Train/Melanoma/Melanoma (321).jpg,Train/Melanoma/Melanoma (321).jpg,251241,3f3ded673facbfd52b90c28787803e55840c800daba944e474ac7ef9cb280f34,Train,Melanoma,True,600,450,6a6f70576ab576bb7e763a5b879c73125e038578103b2250a851a2d2fc7ce94d,a3b23b325cd3d20d,156.94307777777777
Train/Melanoma/Melanoma (322).jpg,Train/Melanoma/Melanoma (322).jpg,355461,d4125cd0dc53be57cfe75a9cbcdad8c47e30f466404f5e1346040d7b03e68e0b,Train,Melanoma,True,600,450,d7e4a54ab67f54d5ee685ad281d69d2e3ff747b3fb91b0a4195c56e77fa84c94,8627387819c3d3af,154.7484888888889
Train/Melanoma/Melanoma (323).jpg,Train/Melanoma/Melanoma (323).jpg,325357,5f29ee76382409a6be28462d6904d89c4e67577d02192c4a603311faf5746ddb,Train,Melanoma,True,600,450,61378146a84cb6e90d8ea3759ce109519cb26ee0e004b93e9162f548111b6f1e,a52c4ab2ad83372f,140.71492592592594
Train/Melanoma/Melanoma (324).jpg,Train/Melanoma/Melanoma (324).jpg,305062,d49e29b1079ceebaf50eb158133be502770eb5e3306bf7775120c1ffd32279c5,Train,Melanoma,True,600,450,82207b5afd042f975910790103b54ed39bf0d40d28c00188e9a9d62f30e3c817,db882d0b2f8bf0a5,152.69677407407409
Train/Melanoma/Melanoma (325).jpg,Train/Melanoma/Melanoma (325).jpg,334811,502f3f39fb5e7e7e3152f3b651ebeea1d03b91f32ad44347e5d2c2b37a74d810,Train,Melanoma,True,600,450,c4157ba3c7e22ee9f04df5fc4771b951170cd25286528b67370ab5388a382eb7,f471c36330631e9d,126.99188518518518
Train/Melanoma/Melanoma (326).jpg,Train/Melanoma/Melanoma (326).jpg,273353,bf2797c5bbb5dac06b7eaa76d0acae268455b2af42c0cd0f8c5e875463a3d2bc,Train,Melanoma,True,600,450,591bdaa800abdf7b15355994896cfd1d8a78937e6fdbf1a6218785fca00b34a4,52a4d245c76397c7,101.54855555555555
Train/Melanoma/Melanoma (327).jpg,Train/Melanoma/Melanoma (327).jpg,226767,eda4d7bbc3654483cee5a7f8c10b780e19fe7bcba30bdda7fcc702ffbedeba19,Train,Melanoma,True,600,450,9940fe2c3344be589f5ba37c39e00b3defe9791b95ad838c9c7d23bf8728201b,6cc693984959e6a7,153.56212592592593
Train/Melanoma/Melanoma (328).jpg,Train/Melanoma/Melanoma (328).jpg,291653,2f9d2fb2fa2d652fe1b2375266b81b610b8f7ecb8f8f1dee7866526bcc69c89d,Train,Melanoma,True,600,450,de7710ad42923ae955e32612955b6c263191a7c5c04a8d947fcd9b2864df22cc,6c73b2a4593960eb,153.28234074074075
Train/Melanoma/Melanoma (329).jpg,Train/Melanoma/Melanoma (329).jpg,285503,f7fb99b01b2842e382f147478081ef17e603c4f7173b1033a9f564096c68988c,Train,Melanoma,True,600,450,203263c6b04430755982f09fa2bdeb4b376ae7dc1a56db5147dc0a489a9ec7b7,839c1e3bf80307ed,163.94482222222223
Train/Melanoma/Melanoma (330).jpg,Train/Melanoma/Melanoma (330).jpg,311604,354ab80b245e665e744e98a5a9a3d76ac1f196cb62bbcd2ef4e503c26b794b12,Train,Melanoma,True,600,450,4541ec82f4acbf193d1b2b21f79c81cb5d5aee286fc4ec33a2b844191692723c,19696429df83353d,137.08037777777778
Train/Melanoma/Melanoma (331).jpg,Train/Melanoma/Melanoma (331).jpg,212521,59d8bc6f60343bbb6c5c59aa096baae3093a6db81840ba4b34232c983f9b6c2b,Train,Melanoma,True,600,450,09fbef6f55d30a1d84a31977b6b8aec430f4ce5fc7519c74fa284791ba8341b3,3967869c38a3a2af,168.5856962962963
Train/Melanoma/Melanoma (332).jpg,Train/Melanoma/Melanoma (332).jpg,283086,cc4fdaf195dcd9be0f5cb9e849b2a7cf4fad966fd617c0d7df2d1b8d02df60cb,Train,Melanoma,True,600,450,d850f28c109b8f3f34a3b85e358b2a90ed1e43509d26e7384e2ea85c25090c59,221adcacf3739c83,133.4202037037037
Train/Melanoma/Melanoma (333).jpg,Train/Melanoma/Melanoma (333).jpg,303233,92da28dae182219332ae7bf5acf886c247e14ab2db00f23fa0ff59eee510525e,Train,Melanoma,True,600,450,14955622895856652d450f30d67ea5a3ee85e246b1c0b97aa686740be2c3263f,c5811b4ea18b1b7f,158.1424037037037
Train/Melanoma/Melanoma (334).jpg,Train/Melanoma/Melanoma (334).jpg,267681,6e0074937aaca3900658d72ef3e048c79a1d4c552667d3a34307bb469a91dc6e,Train,Melanoma,True,600,450,e0618c6723571bbfd42f48f688f14002de0b26f15f7256e21d08833376572918,dbb366cc8b30a2c9,133.83921851851852
Train/Melanoma/Melanoma (335).jpg,Train/Melanoma/Melanoma (335).jpg,295000,a82278d3ee4ecb2e06b5e7438b458d55d6466681535e340c440e1f66b06250db,Train,Melanoma,True,600,450,9acfa697957e58270d14cb24d1c4456f6527271e435f7ab9696cbc942f94def1,277acce1c503197d,148.90647777777778
Train/Melanoma/Melanoma (336).jpg,Train/Melanoma/Melanoma (336).jpg,284495,071bce54bdc9ad089c0a20331fbf2bbf482c092afa6ff23f95ece5876958bb1d,Train,Melanoma,True,600,450,2ab32364df9eae86cd7d6eb99129a2879c4ffe59568806a795f3f71d3d2cdf55,b149a60dc63969d7,130.81253703703703
Train/Melanoma/Melanoma (337).jpg,Train/Melanoma/Melanoma (337).jpg,282747,27c1c98b8e58a61b52ebc1bf22c5a214dd37e4eb1f60a30e84b55cc5d5e28523,Train,Melanoma,True,600,450,a94f5912b6bd03ae4988dd86763be5e471620762113d3843ae837a37f798c715,97ec08739a93256d,161.81406296296296
Train/Melanoma/Melanoma (338).jpg,Train/Melanoma/Melanoma (338).jpg,305086,eecdac6a3e053d0e743d66f44f56eeca749a098902458043dd34650c7dcae81f,Train,Melanoma,True,600,450,f896d7db024c382f22b231372111542be5667dddce928839de604f41d60873d9,a5ca32325e89ed2b,148.87133333333333
Train/Melanoma/Melanoma (339).jpg,Train/Melanoma/Melanoma (339).jpg,288496,75285f9abcbe39dc2cbcbcec3c319bcb17c9ca236d41b0c3e42b7b966993d16a,Train,Melanoma,True,600,450,2df8822e82e9f0207f3293cfa58885079594463f6e3a8d049d6ddc0fe76080d5,364c8fb399e96425,142.43406666666667
Train/Melanoma/Melanoma (340).jpg,Train/Melanoma/Melanoma (340).jpg,246572,f2b7036a28fcfdfe6b9fca754e038a18487a04899ee5246744a15b6751505fa4,Train,Melanoma,True,600,450,7fba6bfea3ff26bd2fb959f624c63b0347d7ca3f2d458bfa183a868934ed6ba3,41729c7933434ebd,161.90011851851852
Train/Melanoma/Melanoma (341).jpg,Train/Melanoma/Melanoma (341).jpg,302924,5b53abbd4ada7c4e1fded91ee4c2802c661e2c6287ff7ad7170f32c7a5b30011,Train,Melanoma,True,600,450,7b4284f7a7cddeb25e6bb4c8e8c5ebc4fe7c65565e2833a2a8d0e74552b3b2ca,8e186c6cfc981b6b,130.11548888888888
Train/Melanoma/Melanoma (342).jpg,Train/Melanoma/Melanoma (342).jpg,276743,ae2a83053e0f5ff56d67c58b26df7dab1e661de4090a241f78d4ed26f627e2f8,Train,Melanoma,True,600,450,7bf2d1666e71af57633589ed9162110cb968a3d0df4c4af56664861c1d9cc3b0,88a7e60c19f3e70d,159.6411037037037
Train/Melanoma/Melanoma (343).jpg,Train/Melanoma/Melanoma (343).jpg,319435,e4da1d49785803ed553ff18a57bc11282b880e724f97c217249042954c36988f,Train,Melanoma,True,600,450,bbc73fa6252edc9de50941b5c279ed5d1dea1b4e7cddbb9f49f56e317b74eb81,9c63c9ac33d98927,188.87796666666668
Train/Melanoma/Melanoma (344).jpg,Train/Melanoma/Melanoma (344).jpg,331982,5f4d5114f182c8ac857e0aaa3a47eb504440b05a9fda5211b0ae007d5c936a2d,Train,Melanoma,True,600,450,7cd1fddeacc137f99304bc6f3b9d06d01a9494f4d3c5bbd052db055be61914ef,99cc64939371d987,167.6165
Train/Melanoma/Melanoma (345).jpg,Train/Melanoma/Melanoma (345).jpg,235753,cd13c58774396ecb65a02d315ffc67ff9d473daad10274dc429a3116bf2e5628,Train,Melanoma,True,600,450,12b769d9b357c4552e409aad84af96c5f82fb10af779119e3ff89879c10c1a6c,cc536c8c33338d8f,166.12854074074073
Train/Melanoma/Melanoma (346).jpg,Train/Melanoma/Melanoma (346).jpg,300289,b3be4462162ed26c7fc10b1ed99651790ff47da2cdd12fda6596aae1ddfe250e,Train,Melanoma,True,600,450,ca7f581e4c206764b3f3c93429d4f48a067e58ed45540e6e829cb1b44abcaade,c76cc38278f3870d,169.3684111111111
Train/Melanoma/Melanoma (347).jpg,Train/Melanoma/Melanoma (347).jpg,350475,b19d6d67d88a8e70ed7abd1cd46a52a553423d94766da6622fe79f67c59c6562,Train,Melanoma,True,600,450,bbdc21824ba9197419f6fc0a822c60ba2d8d6fc363dd0c834f625703ba267e6b,5b986652729b9c47,173.51532592592594
Train/Melanoma/Melanoma (348).jpg,Train/Melanoma/Melanoma (348).jpg,299691,c4b87a486160b3cde114f2adcf761a714d33d43d6885c7d5f530df490ca7d817,Train,Melanoma,True,600,450,16984292c45907ccc7de8a847a1dc0abbabe01c89f1277d55f53b9aaef557bce,63729979714344bd,174.3204074074074
Train/Melanoma/Melanoma (349).jpg,Train/Melanoma/Melanoma (349).jpg,295742,dd5811ce3be86f281fd8f58ceae7a3fdadb86dd91e609cc1840eb266f20432fe,Train,Melanoma,True,600,450,a61208e6401632ae4039e03422fb8fbd4ef35420be216a42a199a2b447d4586b,666291ae51ba55ab,138.3299925925926
Train/Melanoma/Melanoma (350).jpg,Train/Melanoma/Melanoma (350).jpg,298973,bff1edb09ca5d8579a9e2b46eedf34f062ed5486b61836bb9943827be72a6a5e,Train,Melanoma,True,600,450,8bf5564a79a1212ca7cfb19f8064a010bfb652c04a3880a35f19131d35f64c75,8c88311ae57bbd87,164.67944814814814
Train/Melanoma/Melanoma (351).jpg,Train/Melanoma/Melanoma (351).jpg,200804,923ce79c2b24d6af4f1b533baba253f1157c1a2e626f77d3befac30c907d23a9,Train,Melanoma,True,600,450,42a1920ea28eb43cf7c0e69c66bc979387465c39fefc54d8a63a0f92751f4046,b966e68ccc19b227,140.20397777777777
Train/Melanoma/Melanoma (352).jpg,Train/Melanoma/Melanoma (352).jpg,329572,de29b7f8b947dcf8b89fc7bd363f8a2f35111acf394563adbb80d260aa880c1f,Train,Melanoma,True,600,450,e4bca2dc8a8a646c1c0443a847e238e3e9b9b115e93b36bb8f4e92c3390f5f9f,e6c63d5c4873a30d,130.2086888888889
Train/Melanoma/Melanoma (353).jpg,Train/Melanoma/Melanoma (353).jpg,148529,84f375b5ab7bbcb21267354d014b0ab9d9cf50b5331aa849060a56f718439e20,Train,Melanoma,True,600,450,66c565971512154a1442c8bbccfd4fea1f031a0c4c76cf279608b44ce7aeb98a,82ec7933c48313fd,189.60967407407406
Train/Melanoma/Melanoma (354).jpg,Train/Melanoma/Melanoma (354).jpg,212515,5f54b0dbb2fcdd1af274e1803b8a5f0533bd58c078e25f1fd8771f8a47596bba,Train,Melanoma,True,600,450,528c07ac017e7b44435acae8168243bf78b0c8919f8dd7e15e95801e3bca8eb8,2c6933a69c5953c7,170.4852
Train/Melanoma/Melanoma (355).jpg,Train/Melanoma/Melanoma (355).jpg,314528,f7d3e3d2f14b60a97a6b717b784343e51c3328d4c9337d6e501aa975d1c8ad76,Train,Melanoma,True,600,450,9c3f358c58e503467a5467b834d4c2dd1d62ce16f252276b7204ba1c8e93c3f0,cc66b40c99b36e4d,181.56364074074074
Train/Melanoma/Melanoma (356).jpg,Train/Melanoma/Melanoma (356).jpg,280046,f0ec3f11b692d181a32d46b8d4fe4c1b6800bce80270bc378d8571b0a5bd84a5,Train,Melanoma,True,600,450,97c97a4c2026fc38e8bc16f8b85daeb952322b6c63743a2faa2a35a92e800797,196e189ae359392f,159.6973148148148
Train/Melanoma/Melanoma (357).jpg,Train/Melanoma/Melanoma (357).jpg,324036,f35b5231072ec816c0e7a3b88b475b0e3ba1a8f556b0ace34d16ebfe09c6c16d,Train,Melanoma,True,600,450,f61a654bc8215295904e6cb807f91c619d2cf63286e22f323aebf09e32bf7520,f3330c0cf3335789,150.74036296296296
Train/Melanoma/Melanoma (358).jpg,Train/Melanoma/Melanoma (358).jpg,312703,023c3e4c7a30a84c7c0a625195733c100ad5743875710c56e055b01c0157447d,Train,Melanoma,True,600,450,3d3f48202b3bfbe2e52805ce695d7f5721a11d0c6a7a495a9ce1f3a752b06661,71b3cccc333247c9,164.0607037037037
Train/Melanoma/Melanoma (359).jpg,Train/Melanoma/Melanoma (359).jpg,275648,421b4193681b22b1f54ef4acdc302622c3921c8285ff58ba820755185bcb0ce3,Train,Melanoma,True,600,450,2e708b2a89bd03047e077dabbd35707d806bb53018a03ea9d448ff9258e79871,cfe45918b3c34c2d,132.3953185185185
Train/Melanoma/Melanoma (360).jpg,Train/Melanoma/Melanoma (360).jpg,311065,c3c3f4fe560be0e6932fa57092b888d44d762118711e9325c55256b09c6998c1,Train,Melanoma,True,600,450,297973f2ee2f5f83e4abc74b2e9cd9c73560d07dd6b9a60cc5afd4840ddf5f89,a9433649e3270e3f,110.99665185185185
Train/Melanoma/Melanoma (361).jpg,Train/Melanoma/Melanoma (361).jpg,303338,3c3bd9cb6a30b5de23b3c9b6e28c12df987e01c734aa5662d9ef9cb8571bccd6,Train,Melanoma,True,600,450,6d3a5a59c43a5d78d762b4ef13c68bc84c84fa552bd81a77f0518b9839507cec,a55734c37909037f,145.0560148148148
Train/Melanoma/Melanoma (362).jpg,Train/Melanoma/Melanoma (362).jpg,322749,3397290025e829b7f837d7cf3f01ffa5e31bd65c491cb6c68a12d1c93ea67172,Train,Melanoma,True,600,450,15fbdb1af902196872e66fc3408bbc8d241a5d144bc5f39daeac9e20799d524a,2487e84bf831177d,150.68054074074075
Train/Melanoma/Melanoma (363).jpg,Train/Melanoma/Melanoma (363).jpg,308162,f13eae3f6492de9177bb26a9d7ab0756232baf70dbcb5d19c9127eb41eb2bd13,Train,Melanoma,True,600,450,4c3acd8e0d458a50203f275ccf2527fe800578b37f090dee8209bf569034d28c,cc82324f38cbc7b5,143.67045925925925
Train/Melanoma/Melanoma (364).jpg,Train/Melanoma/Melanoma (364).jpg,307072,5cde8b8a03c03347b52cc24980d91cedd71f398be1efc08d14a3600a1465e852,Train,Melanoma,True,600,450,cb1f00200421b8695f2c29a7d6946a36c8cd5175e50f4786b532256356203008,623163db8ce9990f,166.61734814814815
Train/Melanoma/Melanoma (365).jpg,Train/Melanoma/Melanoma (365).jpg,303831,c784f5662908bc0c6f39b95ca4585faddc7dab12402d558183025dfa53f5af52,Train,Melanoma,True,600,450,4325c9467472da110a271ff97eeefdc94577adaba8d8320b9cac135bf33b6fec,321678637979878d,171.14484814814816
Train/Melanoma/Melanoma (366).jpg,Train/Melanoma/Melanoma (366).jpg,144616,7e0b737664d5f54e4ae491267c4c4cb597e8166c39b044e34efb401a3e8e4f3e,Train,Melanoma,True,600,450,d769e29440c093f372c77c187309c2df4a34089b3d7b12251e5ec8a77c0af15c,669199666699d34b,159.0189074074074
Train/Melanoma/Melanoma (367).jpg,Train/Melanoma/Melanoma (367).jpg,311213,1ae5217a6ae9365c74aeb3925a1b490b35c0339863aab0f44be46cab5a10b23a,Train,Melanoma,True,600,450,44f5d5aad133542aa90df948c9878e0e845060828d7139272d2f80ea000df32b,a7259bd2c4b9388b,146.20094444444445
Train/Melanoma/Melanoma (368).jpg,Train/Melanoma/Melanoma (368).jpg,256347,4f81072bc52d75f6639640ea9cba4b3f8987e4d85f082bac83f443fabe20b9ba,Train,Melanoma,True,600,450,602b2fa19bb745476c702ce356c5332b70bcc18d66f57301e631f112c1222325,27389d6a358ad52b,160.2447740740741
Train/Melanoma/Melanoma (369).jpg,Train/Melanoma/Melanoma (369).jpg,326779,73af98ae380c3afe69b10adfb6f4673872c0b8dfab5439317c7351da013bdac5,Train,Melanoma,True,600,450,31180a7823d0bcb91ddbdf4e4dc8e45e0169494947a47d2bfc3d5715835d86a9,f9d87d88eb222389,145.79934074074075
Train/Melanoma/Melanoma (370).jpg,Train/Melanoma/Melanoma (370).jpg,304852,8c4cdb496a7afcca781e987625cde9a3562e1a1333b81e29f050af532b666bf5,Train,Melanoma,True,600,450,4f9a684aa854bb24ec099abc7ac3d3d720bb048ac358370f988c846acec02084,38cc7076e3839c6d,123.8578888888889
Train/Melanoma/Melanoma (371).jpg,Train/Melanoma/Melanoma (371).jpg,306494,e72d82e101a8526c6410b984d12b473da71f93a4362e97b040c40d717c9e81f7,Train,Melanoma,True,600,450,786662b2951c2fa8482ea81d3aca9aa7cb714dabf3db9709f95d536a59bc31e9,4cf326c3f20349bd,147.2040111111111
Train/Melanoma/Melanoma (372).jpg,Train/Melanoma/Melanoma (372).jpg,258655,9d33a24a55a48986dec7b776f0651623d318e418f46e8e1fca20a8db08f42f5f,Train,Melanoma,True,600,450,f1ac52c6783bdafa04c13408ed7dc00865bc12b83390b54985751e19c7c2c91c,d44e712ccbb2a54b,146.36857777777777
Train/Melanoma/Melanoma (373).jpg,Train/Melanoma/Melanoma (373).jpg,296155,14d02308c4cddc7584d4f9252e0b5420f8a54e4cf09e20099291d00b2b7a1447,Train,Melanoma,True,600,450,4d9e35a4cf1ca438a18684caa2f5674694735e8cd439a15efdb84b0067335ccb,e3190e931979738d,156.49783703703704
Train/Melanoma/Melanoma (374).jpg,Train/Melanoma/Melanoma (374).jpg,311420,38b54d6a07b7a9571189f58d3737e01d4db60c56c0842bb21a0be33bc6afa394,Train,Melanoma,True,600,450,1a94455d65888d6897d8a8804e5352a18b357a0d8987407986f275e1bb89bd4d,ad6d70c60763a6a5,141.30452222222223
Train/Melanoma/Melanoma (375).jpg,Train/Melanoma/Melanoma (375).jpg,288206,b587d9b594b21d707cc100d64f4a73f7221cdf5a82c238eda3eeafa174445d17,Train,Melanoma,True,600,450,0eab513d0e29ccb0741d125721f6a248c669b6e7f5979ea48e7fdd49fa9330ba,5ad2f0a5ac61539d,152.86649259259258
Train/Melanoma/Melanoma (376).jpg,Train/Melanoma/Melanoma (376).jpg,227377,42bdecbb0c21c4a702e9a293402799a59887fd18dc59a4e9e005dbdc7bd6901b,Train,Melanoma,True,600,450,45ec55df4fcc2586fc53982540bab37059c5a44cd973cc587ac254cf63340b09,0cf3b34c4c3383cf,192.07644074074074
Train/Melanoma/Melanoma (377).jpg,Train/Melanoma/Melanoma (377).jpg,276569,00e387e00d532014b4db7c3136867360bbdb7cd3bd60470b18f0f2f17e44463b,Train,Melanoma,True,600,450,41bb0eca4328d17f0b04001a282f507395d772120e105c4bbb8b7bf1f84c43c6,d96e86cb622298af,176.14935555555556
Train/Melanoma/Melanoma (378).jpg,Train/Melanoma/Melanoma (378).jpg,326060,36fc0ac85306d715f538e88862d336b851ebbc6344acc1e52f7fd099efcdc1d7,Train,Melanoma,True,600,450,2a5866cc0d4b6b3d7726bc4cdf7d3c2e9853c2442ab47eb71cb8c3114ed3192c,ed5a7ea04fa9a103,155.52827037037036
Train/Melanoma/Melanoma (379).jpg,Train/Melanoma/Melanoma (379).jpg,240074,48bedbfb1beb339ce8d27618cc014ab8a2f79011bc06e1c14a9080472d733270,Train,Melanoma,True,600,450,a47303ed4e9582fc34d399f25edac21218eee4905d669fd4ecba2402669348e5,c48899663333ddcb,163.54512962962963
Train/Melanoma/Melanoma (380).jpg,Train/Melanoma/Melanoma (380).jpg,317220,8a3346e680e1901413182acc2f57af6a13c9495dcbfe647a50b447319f23fa8c,Train,Melanoma,True,600,450,f50879138f7a3ffea53755ad906f58f088a5d8acb8fc28a196d7765bf5217fc3,c48ad9a63c9bc729,181.9531037037037
Train/Melanoma/Melanoma (381).jpg,Train/Melanoma/Melanoma (381).jpg,269601,c75fd0e71ab4166f2f23dc0c0101c4707acb4197c2d63b76360bee8d408fe4ad,Train,Melanoma,True,600,450,48b6ebce0e216ac03978b8538b228070b83e5ce86acaf41cae61776b8ea0eee6,ad266396ad692783,145.26966666666667
Train/Melanoma/Melanoma (382).jpg,Train/Melanoma/Melanoma (382).jpg,239969,9d0169dce83d276ad4828d4544f85fc682990fe8d952a32cf0da9285bc029c44,Train,Melanoma,True,600,450,2a2e6f53ce567b7912349aed42d51c22f7f99f4a67351321dcb43cdcc28e3cfc,b9a1c65e712995c3,167.59822962962963
Train/Melanoma/Melanoma (383).jpg,Train/Melanoma/Melanoma (383).jpg,249769,b1788515a7abb672dce4c7c4685d585dcb5a44a37f0c4ea46c69a1d1a877729e,Train,Melanoma,True,600,450,06d8d88997913d602281ce56e5c1bf3c599547fb10a19211e5efadd34f94740f,71978c781fe3e00d,161.34575555555554
Train/Melanoma/Melanoma (384).jpg,Train/Melanoma/Melanoma (384).jpg,220091,e1368aee9837037eee3a687ec0cbca9b93c0a32705ad1fef23acc9b93dac0b59,Train,Melanoma,True,600,450,089a7e84975b211a144a7ec6d74e9dd9d4eab9827e70107f85894a5710e24f10,ccce043c7973858f,184.53472592592593
Train/Melanoma/Melanoma (385).jpg,Train/Melanoma/Melanoma (385).jpg,244208,d21736923eb40d029f394fef3ce6bb56e738a753ef84c1a1c917c87feaf1a7c4,Train,Melanoma,True,600,450,e6f40570dc6ea7a07734cbda51bc2071e55415d07a77af6064d9be2acf7e9711,991966649b917f43,150.86633333333333
Train/Melanoma/Melanoma (386).jpg,Train/Melanoma/Melanoma (386).jpg,273974,fd9e9126c847f5b8d33c5b454e70dbe9bf0e54642b83ac5527eb11eb5bf54fdc,Train,Melanoma,True,600,450,3fabb321b5c09a4dbfa6c07e72d4fcc253c8c226ee629e845efc7e63cee210a8,a972264e9f0077ab,131.7044037037037
Train/Melanoma/Melanoma (387).jpg,Train/Melanoma/Melanoma (387).jpg,255461,7022798401516918e835e1b38a7dfcf244d3eb86296a923ce889e84b7cd18291,Train,Melanoma,True,600,450,9d229626979ab189fcc3460f517f212526edb8a8b9a92c4f87239640952fb330,ac66668e99d17721,154.61047037037036
Train/Melanoma/Melanoma (388).jpg,Train/Melanoma/Melanoma (388).jpg,289679,8c44c8b5d1ccdaaa42b66a02568922c80845b6cf8bf30adb54dd9f4d9db5107f,Train,Melanoma,True,600,450,1118815509649f2593e24bf06293905ded6c9f34dd4490b2ccd2045a1fcd7aa3,9ba69bdc6d4ba401,150.35216666666668
Train/Melanoma/Melanoma (389).jpg,Train/Melanoma/Melanoma (389).jpg,260121,387d4aedb31e0b5567420b79001a6a626eaaa624dd30b367350fd75018ec5298,Train,Melanoma,True,600,450,20fbe72b706098c35205086a88cb6c6312daea118415451601d977e926f4cebe,98c7e33c36c3882f,146.45538148148148
Train/Melanoma/Melanoma (390).jpg,Train/Melanoma/Melanoma (390).jpg,309268,4b05700307129331aa1559fdd25d040547454e55d936cc8ee31bce2180c71ac0,Train,Melanoma,True,600,450,9d7e96e7dbd606e5387b92b8886bfa93f9d8b19583875351e49aafe5c0609c47,78638913398786fd,154.5441888888889
Train/Melanoma/Melanoma (391).jpg,Train/Melanoma/Melanoma (391).jpg,300586,af7660b82ffeccd17ae21950c56d2f35e9ba39807c203f6ee27c637a51b922fc,Train,Melanoma,True,600,450,1432f0caa5ba3313306fa3187eb3c790a240589703d37e03e95060d007174a82,9c365a9c6e799123,169.90247037037037
Train/Melanoma/Melanoma (392).jpg,Train/Melanoma/Melanoma (392).jpg,266075,c57fb86b72a49aef368798161a9ce2d38d8d7996bad583cc3abb6471fddb9b94,Train,Melanoma,True,600,450,380652b22ac45073b45986b7956f20d7ba3c47df6d318d4d965f7d77dfec01ce,c71972e61c99e265,183.49532592592593
Train/Melanoma/Melanoma (393).jpg,Train/Melanoma/Melanoma (393).jpg,241272,032d6396ef987f9a04bb919ba5b55b9eff17ea9a978c201eac8459558c8a6a77,Train,Melanoma,True,600,450,d947fe1f1766690fa7e748fab3a56ba31332a89062feabf0df56491c8b692673,1cd3334ccc3331cf,198.25568518518517
Train/Melanoma/Melanoma (394).jpg,Train/Melanoma/Melanoma (394).jpg,308319,c87e656f83d9811a7b5c4df9d1074f38ea2a417e93b52aebaf2c3d59713c6ddc,Train,Melanoma,True,600,450,7991849de7816dccee4739c7f5a063e02e7c770b79271435a7c3839a9b9836a6,666763b392490d3d,150.24965555555556
Train/Melanoma/Melanoma (395).jpg,Train/Melanoma/Melanoma (395).jpg,260952,fdd1763a0a7cf3ce0bb70e14da7c8086d6b4b46deea268c69982551368733d8f,Train,Melanoma,True,600,450,0bd7fae736243ffa20655b91d4241e1f38d78ffb9c52f31af50e2e68225bfcfd,e6c2d98e7232dcc1,157.25827777777778
Train/Melanoma/Melanoma (396).jpg,Train/Melanoma/Melanoma (396).jpg,291383,4e0582f493438baf5b55663111b97acfad6d9ceb7ca3bf4d12477cbf0ee3cdd1,Train,Melanoma,True,600,450,bdcc9305e142f9a86c707e46d802ffaed45526edfd69edfa909650df5fe73599,333d2ea6f9510687,173.24751851851852
Train/Melanoma/Melanoma (397).jpg,Train/Melanoma/Melanoma (397).jpg,224874,09e246544fb65f898bf37fd2245ab11af751ea2e79750afcebb44b7490917741,Train,Melanoma,True,600,450,a2f9b6451225053ddfc953576eeb3807e255678024a53beda39c856540df6c6d,b3cecc2c0cf3830f,166.2169851851852
Train/Melanoma/Melanoma (398).jpg,Train/Melanoma/Melanoma (398).jpg,384479,5845cb2987b8caf3df5e117993c683262e6184ce55dd40de029ef8c365444c6f,Train,Melanoma,True,600,450,bafd94bd59acb79a5de30fbb530e095f6afd8917ff85163b13975a73b88b8ef6,3a0ce0990f43f4fd,148.2593925925926
Train/Melanoma/Melanoma (399).jpg,Train/Melanoma/Melanoma (399).jpg,329453,6bfb7d52ac9f3157683605040010ddfa77ea0f6200f5273c1c995836d9966868,Train,Melanoma,True,600,450,883f3375b32504d8d0b51cba1ed0261364cccaa02191ccbb35299bc674ef8ef9,7c94c57176299987,146.7238148148148
Train/Melanoma/Melanoma (400).jpg,Train/Melanoma/Melanoma (400).jpg,308101,9d505cfefae70a84b58867eb86ec30cdcfde21933ab3ee9153d73efb44a5b891,Train,Melanoma,True,600,450,9444dcca451f9ca4f2c7cc137acc563fa18d91e16d37b9a8b73adebb1779f0a6,a992db2acd8a55a9,132.87632592592593
Train/Melanoma/Melanoma (401).jpg,Train/Melanoma/Melanoma (401).jpg,307009,cf2dd072bf89fe174606aabac11c567ebc0ce11d63774384cc3fa711a4f4e348,Train,Melanoma,True,600,450,7f638c2508d057bd733d9f4ff9db76d6e183c628499659aaeb5c031dca2442e7,4973a68e1971658f,152.98767037037038
Train/Melanoma/Melanoma (402).jpg,Train/Melanoma/Melanoma (402).jpg,334628,f6ff145a4bd9646962e9cd32868cc224fa448d743b775b16f3d65c7d1649a667,Train,Melanoma,True,600,450,989a7e7502cf90130e6eceb1c12221d75de3f6042f8cd01723e61378ea11f96f,70661bd2c709792f,142.84222592592593
Train/Melanoma/Melanoma (403).jpg,Train/Melanoma/Melanoma (403).jpg,253874,b98671b66f87790780743563c9280bb8e73acdae10c56b689fb88986b09e8cda,Train,Melanoma,True,600,450,20f64ded81551b1e9d331443ac5e15d9fbd7d5529ea1d973e76d57ff07140882,e7cd462499b34d0d,172.97344814814815
Train/Melanoma/Melanoma (404).jpg,Train/Melanoma/Melanoma (404).jpg,262149,73d7c7f4858dfbd8eb69f859d34465dbb073c218b0fb16748219a257f4e178b4,Train,Melanoma,True,600,450,aeb623969da050a5606093bd87255f73c44d938f48c0e3df8ec95ad72688731d,cea926d2b8a9c32d,135.3776962962963
Train/Melanoma/Melanoma (405).jpg,Train/Melanoma/Melanoma (405).jpg,284677,5b73cab095f88ac1851e2a6bbff5ad7ea141c93c8809ff62be1b237985767d6a,Train,Melanoma,True,600,450,592dbd945bf6dc98f7a4a1ac17e645cfac8cad935d51c32597f5cdbada6d0e12,67662ecc913323cd,165.233
Train/Melanoma/Melanoma (406).jpg,Train/Melanoma/Melanoma (406).jpg,328791,475c87743945db82c33bcdcc5301001e6fe269d22f86c2309aad0195e4b3783e,Train,Melanoma,True,600,450,775ca4e8e0a7db917f90462be7daaa81ea0facd1c3d3a3f023e9cf040559fec9,f3c69c3234c3d30d,153.42118518518518
Train/Melanoma/Melanoma (407).jpg,Train/Melanoma/Melanoma (407).jpg,205201,4ee46749666190f801504b2075ee30fc80450f28cb62b6e691d03bb9538a9832,Train,Melanoma,True,600,450,b283f44645e9a403bae893a4e1e6de8cc1f2f9bffc1bb679b8262abb57ffc3dc,9066cecc3131e6cf,192.16601481481482
Train/Melanoma/Melanoma (408).jpg,Train/Melanoma/Melanoma (408).jpg,246879,011d50b1e0bcb94c4bef75a0651037823e771c2d58602720d7b9fda554f68717,Train,Melanoma,True,600,450,5ff9dc6b145a759eb4e64f9f573b708fcc358d171c5269a992fd997cbab350df,14597126ce993be5,201.09145555555557
Train/Melanoma/Melanoma (409).jpg,Train/Melanoma/Melanoma (409).jpg,272020,342ab39c6395ab9d64053bfd53d7792c5d565cc2b3e09b3e1d5c024a5316d4b7,Train,Melanoma,True,600,450,cada0b4c46cfab4795cb2382d59d82b3ff57b4fb56e4f86a530d46cad3959460,c95ac3ec6aa3b413,152.42919259259259
Train/Melanoma/Melanoma (410).jpg,Train/Melanoma/Melanoma (410).jpg,299363,f2c8e0442a5d6b0025f6835036d9e8cd4af9ef5d28154acee9455e5e52f3578d,Train,Melanoma,True,600,450,699192b9acf5072f7fa8233c8a86152022469376980817223913414270f99bfb,8e3366ccd83215eb,144.46182962962962
Train/Melanoma/Melanoma (411).jpg,Train/Melanoma/Melanoma (411).jpg,307398,2ae8e7c3c3b91afc1656e92ed2a0ac23ce9313031ca6ed14652e8670e276c0cc,Train,Melanoma,True,600,450,a2e61aac0a9a83ba9fd8abc9615f420296cd2955d7000bbb60cab31b4372b1fe,33da9372dc812e2d,147.5704074074074
Train/Melanoma/Melanoma (412).jpg,Train/Melanoma/Melanoma (412).jpg,315826,356d48e7452e0ec34b0aede7f7c0b52683876692c5d86b3d45f3ca292da4a190,Train,Melanoma,True,600,450,fdbed95695ac2999f6d1f4d3e9e1688cc9c24d57750152e6f2f0e1a9bbcada8b,32ec4dba0ed9b0a5,156.0757111111111
Train/Melanoma/Melanoma (413).jpg,Train/Melanoma/Melanoma (413).jpg,253920,2b5b4ee01512af17aab5ade411bd8af6c84df3b904e3062190f2bf0a34cbb5cf,Train,Melanoma,True,600,450,67ffeeedd1a90e771ea868470441a2692f99238b502a71ab6873fc2d99238bc6,e30cecb61963e10f,143.73295185185185
Train/Melanoma/Melanoma (414).jpg,Train/Melanoma/Melanoma (414).jpg,324836,63c7f61c63559bfec775835ed4979992bbe2b67f8c16c6f8aab45da2c984925b,Train,Melanoma,True,600,450,209a49a42ed89e82322065f4102e0e2143b1611d536ad08c1537b3e795929bb6,c786b27cc94337a1,149.9196962962963
Train/Melanoma/Melanoma (415).jpg,Train/Melanoma/Melanoma (415).jpg,303768,79666b41d07189f30d4b71e6e033bf8bc6874ea396c6fb91ebae8d0bf5708b52,Train,Melanoma,True,600,450,24a19b4752fd0aab1ab63bc769fa011db4c6c68a2e61d998e5fd40e17418710f,49b98cc6393387cb,140.71184074074074
Train/Melanoma/Melanoma (416).jpg,Train/Melanoma/Melanoma (416).jpg,331814,66c18e2af796d544bc25074e625e399487a09c236ac0f6ca5ac8d1b025790260,Train,Melanoma,True,600,450,7d7c02b62413826f8c70ef7a928f790d34f6357ca27bfd5e336717f4b368a7d5,3fdbd8688da93203,148.52481481481482
Train/Melanoma/Melanoma (417).jpg,Train/Melanoma/Melanoma (417).jpg,243845,e814c55fd4e26dfb05ec7cc3c07361049f6190398e01d3678742ab0b9e806d5d,Train,Melanoma,True,600,450,37ad412be4f38f9b40431dd520ac2d5d9ba818b57f916546c3918c6605af677c,dd1cec5996696185,125.4544074074074
Train/Melanoma/Melanoma (418).jpg,Train/Melanoma/Melanoma (418).jpg,283259,32865b25e1834d57056acdacaf01cf4d2b3adb710992eb8098deeaa42a15b09c,Train,Melanoma,True,600,450,3d3426951e298223619ca758ef2413c2e1e25fb1b9914c52352187f029480a33,23ccc5329e69f307,144.37626296296295
Train/Melanoma/Melanoma (419).jpg,Train/Melanoma/Melanoma (419).jpg,285354,d4269b7530066778688c851d50d0d6d4a5c72bea709adf451649303bb4b9fdbd,Train,Melanoma,True,600,450,ccac6941bdcdc17e5acd7470034be939d593be0fe1c48ad4c5248aa68d60d507,339c27d2ec191be1,152.67808888888888
Train/Melanoma/Melanoma (420).jpg,Train/Melanoma/Melanoma (420).jpg,296932,d7ce01932552bb295c8a5bd383aad7e91a3cb8665a73c0bcec0db6ecdf7c18d8,Train,Melanoma,True,600,450,d1d93a77c99472626f509dcd864c0c9b303b45e3f09e7be6f063751b07297587,9830139bd94b676d,151.0303111111111
Train/Melanoma/Melanoma (421).jpg,Train/Melanoma/Melanoma (421).jpg,403701,0b35d5358b43bccca10e0f351fcec8969e0df945d88aa7466fc939f0b7239cf4,Train,Melanoma,True,600,450,68509832189d9773be6a3d5a877e1d8bab16e08d6489925e65bc9a22c178e516,376cd99ac92926a5,181.0262962962963
Train/Melanoma/Melanoma (422).jpg,Train/Melanoma/Melanoma (422).jpg,207370,b01afad69f350d0351ac5ff63127be8c67bf3e11bb250c8b56679f3ddc743cd6,Train,Melanoma,True,600,450,84bb82d3af149675251871330b2d7082c6bccca714e49e0163312293ff443424,1ccc63268eb33c4f,160.8144925925926
Train/Melanoma/Melanoma (423).jpg,Train/Melanoma/Melanoma (423).jpg,236595,2d153b2ddfc0b0b270cd6246e5134a5ba15b96024e015ee431d318f71b7bf211,Train,Melanoma,True,600,450,bcdd6a39b274147c618d5ad7999f406969ab5b34347df74efe5548270937b45a,309e7364ce3133cd,169.10494814814814
Train/Melanoma/Melanoma (424).jpg,Train/Melanoma/Melanoma (424).jpg,318268,bd2824aeb7f26337d8a51dbd58c737fc98903a7fea87434b7bbdfe852aa6527d,Train,Melanoma,True,600,450,08765ae3e29df73e7b17948ffd4a439d78962d44ad044896efa2fa0fdba1dedb,4a2714d98619eddd,132.04914074074074
Train/Melanoma/Melanoma (425).jpg,Train/Melanoma/Melanoma (425).jpg,316145,6a17aa0c96249d093c6c8df3e9bb62c510b1cc2776e15fccfe534792c8ccc6ab,Train,Melanoma,True,600,450,70699dba7a4ab91a9173211a68ce6b8092c63dfa7476db6ddf42c40501c0fb4a,090d273e7aa1b4db,160.92742962962964
Train/Melanoma/Melanoma (426).jpg,Train/Melanoma/Melanoma (426).jpg,360186,74364bb5b9a1d46fd93d38489930dc7af95368db9b105491afd4ec99beafde35,Train,Melanoma,True,600,450,e46930d1f67fdcd73741b9be5fc81aa339a2017ed8ca773cdca550ae612b4f25,cd4aef6633908663,161.94285555555555
Train/Melanoma/Melanoma (427).jpg,Train/Melanoma/Melanoma (427).jpg,270002,d20c80ab09831dffa992bbb2aba2fa72e9aade25209830a8634ecdfd03733f1a,Train,Melanoma,True,600,450,7bb69e115fcc4d65aae63b6b0ed99187301e6e0cd489c3f8bc0e767baf6e41ed,13996c268793796d,193.2353962962963
Train/Melanoma/Melanoma (428).jpg,Train/Melanoma/Melanoma (428).jpg,286005,7dca3a81cae1a47767c29c0ae117ced30ba8c3066e0754de2466290669d99950,Train,Melanoma,True,600,450,768a971099fe8dbd09751c116401bcb4a855b44012b165185ca03772b2e57a31,51b244ef1d23d339,155.77825555555555
Train/Melanoma/Melanoma (429).jpg,Train/Melanoma/Melanoma (429).jpg,257063,3562a9d1f5ef87a579447662e78ce19d91e78f2066c363cb00f3730425c7479f,Train,Melanoma,True,600,450,eb8b36f062decf315499856414d1eceafdf0f2e37d55b4bd03427356cb4abe23,f2660318b88b57b7,149.00135925925926
Train/Melanoma/Melanoma (430).jpg,Train/Melanoma/Melanoma (430).jpg,223408,146765509dc10f9d6503b75014429de6a4531fca55a71a76b402543db49715e4,Train,Melanoma,True,600,450,6a9d07786efb56e214d7e6c59c496ef8fbf5cdacb4a06cba77445625efbf368d,5bc8bc9accc872a3,150.16825185185186
Train/Melanoma/Melanoma (431).jpg,Train/Melanoma/Melanoma (431).jpg,293645,308d6917140c633aa6464bf044f7f67551a8a6d9128d2f4daf543981078d8387,Train,Melanoma,True,600,450,4320d8077954a7ab875a67afed95c450adbef7197a027b3d23e9b4a0452d82dc,328cb5339cb2738b,158.42548888888888
Train/Melanoma/Melanoma (432).jpg,Train/Melanoma/Melanoma (432).jpg,304918,40e5f9f2c7ff0750a19b0c7d14ece8d911273f0852b35b9847afe57c98ae010d,Train,Melanoma,True,600,450,a550bfb3cc14bbca1a118cc7110216c9526de4b5dea00c56af5a905b43556ff7,9eb3614699b3212f,176.2956888888889
Train/Melanoma/Melanoma (433).jpg,Train/Melanoma/Melanoma (433).jpg,303202,5bab07ca085a2accf973b15ad42b03ab537f9c6df6ac16bc47ae88a20a7f543e,Train,Melanoma,True,600,450,f0351d67ba4d17f87015d14c65d8b2799bcfd13963734a2a3c9f19587fe0ec6e,25369ab3e3692c95,143.89094074074075
Train/Melanoma/Melanoma (434).jpg,Train/Melanoma/Melanoma (434).jpg,311048,fa64976262a2a98d29e0c272192e50ea2703b661d8fe287cdb2ca188812c22b5,Train,Melanoma,True,600,450,5e47ce8063e9eb8538fb4f8135d5ced6b595ac8c9343e4e83073d3428769ad7d,6139f39a0d693c2d,164.72134444444444
Train/Melanoma/Melanoma (435).jpg,Train/Melanoma/Melanoma (435).jpg,308311,d3fe85cffbb691da38c408d552bf3082899aaaba2d4563f3637b9b00b05d4d8f,Train,Melanoma,True,600,450,977b62e1db3110b8302397bfd1c1e5e00e4dddb702edac961b1cfbc3726621b2,a35a12f984e9e387,139.88552962962962
Train/Melanoma/Melanoma (436).jpg,Train/Melanoma/Melanoma (436).jpg,251625,7a5d964216d0fa0c9be1d303cd738fde36bc6de58c88e670ede7982371a4af30,Train,Melanoma,True,600,450,b5d83946851682426f4e9832b5aa41e04e0e6659614038f2cc6708794e2928e5,3626f89a4969b237,159.76376296296297
Train/Melanoma/Melanoma (437).jpg,Train/Melanoma/Melanoma (437).jpg,269317,f5e7c5145c10464cccd15d6cb0e39306eca4cb0c18a6ce60eed63187a54e136b,Train,Melanoma,True,600,450,cf7755fd1961fd34ebe9ef836b81a00f0021e66ee0c79f84249c7165f4381ed4,8435a036e19b3beb,132.85133333333334
Train/Melanoma/Melanoma (438).jpg,Train/Melanoma/Melanoma (438).jpg,300499,30a838594a1473d86255af95acd33445ccb3b938aa1c532f89171422825737f0,Train,Melanoma,True,600,450,28e42484846169b547e511a60d5424170428eff9fcd2515d96eb9db7b33f6489,33999a33c9696687,149.06922962962963
Train/Melanoma/Melanoma (439).jpg,Train/Melanoma/Melanoma (439).jpg,335208,49187244bb3d30866b052dda06de12451bf9397f1ab1fe1b51924fb2da8f4197,Train,Melanoma,True,600,450,0872ec7914df04f26e70b5b89fe1f350447d0e32be67cf034d677c92da60f8df,8d1f62e69a19606f,168.61925185185186
Train/Melanoma/Melanoma (440).jpg,Train/Melanoma/Melanoma (440).jpg,281784,cbe7fb6e24f8802e13ffc9603285635cf7222e7ecf4329b3ae0307f9ce9577b2,Train,Melanoma,True,600,450,ee079e12fd38b65db3926f64d09b78ec72c8060d60ba003f1ccd0c1f2cedcae6,77308dcc66318dcb,154.91854814814815
Train/Melanoma/Melanoma (441).jpg,Train/Melanoma/Melanoma (441).jpg,284961,66b8d021d8a93a2cc7e0fb4ff6f4c4df80402ff166adac154f54b4c1422e6fb1,Train,Melanoma,True,600,450,ee86fa20111f28056b90b7a967a3e625b08c6f0cd42bb9de40f3bf3125a6b3ac,f6383eac6c691983,140.8568148148148
Train/Melanoma/Melanoma (442).jpg,Train/Melanoma/Melanoma (442).jpg,294549,67050c4d4cb3e178c7ff59180daa66c228bedb8fba29f40764f87442efa24fb9,Train,Melanoma,True,600,450,635ef215585e0caa41929a38fcf789a1ccf378cf32fc94780d893ae1ec577f07,9b2add0275985f29,158.8274962962963
Train/Melanoma/Melanoma (443).jpg,Train/Melanoma/Melanoma (443).jpg,295785,f40f55daa9409433684ab093f6b7125895cb2cce1f3cad107c1382e83bfe0a81,Train,Melanoma,True,600,450,4de24238de52c9861465cf4044c9d623d6e0b656d16716a0d2832f5003cbf498,7399dd6609985663,148.26621111111112
Train/Melanoma/Melanoma (444).jpg,Train/Melanoma/Melanoma (444).jpg,236200,f9c2d2fe116517de249e6fb4c9f7f29162ed8c0dc3ba6da858ab30f0ab29b187,Train,Melanoma,True,600,450,257a2dadad88bbfd7b584f5fd505fe9dd36264c69751d14e4dfb67c54c77796b,870e5ef03843979d,142.64036666666667
Train/Melanoma/Melanoma (445).jpg,Train/Melanoma/Melanoma (445).jpg,166128,5cb31cf9a41336467f2162bce99932dc398f2869cc32d7866459fff2de3c5cff,Train,Melanoma,True,600,450,c41d35e40bba6b5276f482ecaeabc6b974f63c796d75a203d75c8fe3dbda14b1,6666991c33d9ac27,173.11374444444445
Train/Melanoma/Melanoma (446).jpg,Train/Melanoma/Melanoma (446).jpg,323284,81c9af6a9e37433d066e0bd7b501e9c9e3e5e590f9322f4583f2266160f4ee64,Train,Melanoma,True,600,450,abe08fb2d976c24d948b07e093272ea2c34b47d6cc0fcb690bf23b212328ee43,8c36c7c174632f1d,163.87684074074073
Train/Melanoma/Melanoma (447).jpg,Train/Melanoma/Melanoma (447).jpg,268329,2ba0330b46cb37c9673cd8146f28e40dbaabe4170a12ae3b7f6acbec65876e72,Train,Melanoma,True,600,450,4ffc6d95bc799538e33b5c66b64780089221015ef05ea3d478801a09dd5688bb,7c93396e44b88769,169.77843333333334
Train/Melanoma/Melanoma (448).jpg,Train/Melanoma/Melanoma (448).jpg,245024,77beea61c84553061a521a5921f6a85c7ab72f554b2fcbfd9547bc3f22a50135,Train,Melanoma,True,600,450,a126d866087bd3b9d997a26c9273c81c5740e628a51579ec3b9750ae37866738,cc21866996e35ba7,140.82307777777777
Train/Melanoma/Melanoma (449).jpg,Train/Melanoma/Melanoma (449).jpg,321219,815772a87adac5c348c59bbaaa68fd01c0c04eef4ca70155841a38a964610d8b,Train,Melanoma,True,600,450,1425f33b337e8abe04c7bd3e4de08ba6a3b24fffd5748fee07fb85433c624608,ac8965a9cd99c07d,117.49143703703703
Train/Melanoma/Melanoma (450).jpg,Train/Melanoma/Melanoma (450).jpg,196993,ecab559be382a3515f802f8076c5cfb4a7100d01d2200467625a1d85309c423e,Train,Melanoma,True,600,450,743cf3628822624979d5dbada594e08c0e1827b43d7edf73450f87d5a1d1721e,de195b6646995923,184.30094074074074
Train/Melanoma/melanoma_5441.jpg,Train/Melanoma/melanoma_5441.jpg,10864,f276c8e388454ba49006b877e7fe9e3b73e068ebca2bdee616bf2be53b0fa9f1,Train,Melanoma,True,300,300,e76e0a7030ad9804b6fc91a027ac6a2918f53497ab11c57394eb8a298515f11e,49cfe1d0d20b3c75,153.08516666666668
Train/Melanoma/melanoma_5443.jpg,Train/Melanoma/melanoma_5443.jpg,7706,47ec9bef79cdf9d10c782433329a8052bd3e0318fb380d16bda070bbc783e961,Train,Melanoma,True,300,300,94f88798cca4021c094ecf3137cafa31b78453c5405065f10719aff6d642345b,9234d9334bd326ad,188.6373888888889
Train/Melanoma/melanoma_5472.jpg,Train/Melanoma/melanoma_5472.jpg,9623,c9133da5fc3e3a9c6be69d63ddc88c79055f302ee5c53973f08e8ef627e84198,Train,Melanoma,True,300,300,642a1b6aff56707394b1bff1a66ffb99c8e0c461b8b5feff43d96902be5fc7af,7893e3bbc3491c25,154.14373333333333
Train/Melanoma/melanoma_5487.jpg,Train/Melanoma/melanoma_5487.jpg,10648,9d97cdd4da9053da6aab8fdf121a96369053c94ed7d2cf23353b2356a3b45d97,Train,Melanoma,True,300,300,4d7fedd4bc563a745ce1ce132b7ca50667d79c3451a0961de572045abb6c341d,c231e393d8599ccd,168.74194444444444
Train/Melanoma/melanoma_5604.jpg,Train/Melanoma/melanoma_5604.jpg,8337,a5e3a6f70e981feb4544532b4607930b73c01833c4b3b46eb0a4c4c2b42977ac,Train,Melanoma,True,300,300,77a964b9ac821f99969aa59fb892803fa6013c7775e092dbb7a656927b4c0e4a,bbcccc26e6391187,140.56987777777778
Train/Melanoma/melanoma_5607.jpg,Train/Melanoma/melanoma_5607.jpg,8510,94e3cc77176d31243894d24a5ea8c7c2b108874ee8f314e5a6aff538aa6f269e,Train,Melanoma,True,300,300,a7519baea64fff8962ec90f5cb86b48093aeee1c79e50c3257e3977de40b382f,d68c193c4973b68d,153.13001111111112
Train/Melanoma/melanoma_5621.jpg,Train/Melanoma/melanoma_5621.jpg,9719,71a5fcd4003030085c858c35d30cb36f061a8f5e896507671201e244a6301786,Train,Melanoma,True,300,300,74a78d0bf292b025f94c4a064fdb76e8e618d1478a3f76353cf5e62a49c74fbf,b1a6db586121dcd5,162.82324444444444
Train/Melanoma/melanoma_5638.jpg,Train/Melanoma/melanoma_5638.jpg,9100,987c69276c5ce2c1c541d963ee6d51dfbda2cdf02c2c1be30148d57592629423,Train,Melanoma,True,300,300,fcfa4f34a2713092c800d96a5de2b64710060102b1ee0def07a2b74c431a30b3,b3269932695996a7,151.8369111111111
Train/Melanoma/melanoma_5645.jpg,Train/Melanoma/melanoma_5645.jpg,15240,df004779e8a44899949a9f3c811e0ff470d0e07e7b8ef61bc67beea64d818ea5,Train,Melanoma,True,300,300,ff1b8aad20b656e99d57a6722cea851ff977bb3676b47d4d7dd3bcb4401662c5,cc8e5f5d917b2085,98.58922222222222
Train/Melanoma/melanoma_5646.jpg,Train/Melanoma/melanoma_5646.jpg,11731,794cf6d255758226f7cfcb38e9c6317bf95ab8f35f68d45a96545897a12558f6,Train,Melanoma,True,300,300,fcfc6695f200fc57098cfdabb3ac7af321691546900e0000f5f7c6bdebd61011,0fc74727139349b5,149.37203333333332
Train/Melanoma/melanoma_5647.jpg,Train/Melanoma/melanoma_5647.jpg,11392,f0b839b527d85da6c9f529e3140b4dd3684394a8daed7c71a0cea7033535bb27,Train,Melanoma,True,300,300,56ec1a6ca12a10dbe720ae79d614c4f51eb605f3b9b3c471c311fa5755fc39a1,923d9e351f43605b,112.79037777777778
Train/Melanoma/melanoma_5648.jpg,Train/Melanoma/melanoma_5648.jpg,11352,88fe345fa6a2eb69ff42952dc5b445d21f60bff9e5ef71f3fd6fd2e8a0bec947,Train,Melanoma,True,300,300,2047784dec7893c1b8f2a59872c04d4413bd845af216292ae4ceeccbfd6a756c,d3fcbcf874a05203,126.02855555555556
Train/Melanoma/melanoma_5649.jpg,Train/Melanoma/melanoma_5649.jpg,6895,d5fde6ae819ed6cbcec6553c1edba91d235a12f8e8c107fc591aab85ad21659b,Train,Melanoma,True,300,300,9306fe49199e001fd0a620fc24e4d617adf08985c2e44fe0604ca9e402a774e5,b3e3c90c4c34b3cb,58.05442222222222
Train/Melanoma/melanoma_5650.jpg,Train/Melanoma/melanoma_5650.jpg,14565,288c088a49fda032442c4e9f225e2b8be43fadf188f8d5f2f1c4c2557063bf3d,Train,Melanoma,True,300,300,cc3a0defbb339b4525616812bfc4fb396761c64a3cbd2ca259f4197df982f026,d85b868154a5f957,142.8316888888889
Train/Melanoma/melanoma_5651.jpg,Train/Melanoma/melanoma_5651.jpg,9129,50705081e439c84e08e9de3d2b51422ef83a2f6c501bf9002cb1cd1ed7fe68af,Train,Melanoma,True,300,300,5575293296c320f93379bf406eb934a0971b33b29c0f9f815fee9471cf17fc4f,07eb2883fc2b8975,165.8653888888889
Train/Melanoma/melanoma_5653.jpg,Train/Melanoma/melanoma_5653.jpg,5334,08352623ee0c6b16c4a93bb2f92d1b644a122bec2739e1250439ed9027cee241,Train,Melanoma,True,300,300,6c8367e25d8a3dc6d572ec64484910589e6e84490bd87721a23731a413a09063,8ce3790ee39c1c63,55.207344444444445
Train/Melanoma/melanoma_5654.jpg,Train/Melanoma/melanoma_5654.jpg,8469,38b2b83541ed1193e2a2ffaf3dae407b59c8c94a32c14f405ebf01581f3db52b,Train,Melanoma,True,300,300,d089be4628b86925b77389cc300afbf95d5b80e23c62168deb3625ed02859214,eec89338fc8383a5,151.64365555555557
Train/Melanoma/melanoma_5655.jpg,Train/Melanoma/melanoma_5655.jpg,8223,ce5fdda7323a63e1959b6c5e7f7f579c3cc37a9d0f624d92bd2c9a2263f8e5f6,Train,Melanoma,True,300,300,2ebdc7e64f32d0568801c1f157c052e9318176e6fbd598e9adb9ac2230c8a58a,d6bc61477c21c45d,167.46112222222223
Train/Melanoma/melanoma_5656.jpg,Train/Melanoma/melanoma_5656.jpg,11317,6bc776e2d5c0fd2b51daf6004043863e1e737c48b4617bce4916f51be04669de,Train,Melanoma,True,300,300,8ed68132f6f4cb9f1ca00aba7b1bf43a459cc010e712532d362f914f482a4950,26b631d8cc993367,155.20796666666666
Train/Melanoma/melanoma_5657.jpg,Train/Melanoma/melanoma_5657.jpg,5542,3d20a2fdb9138d401aae559df5d5c3f5938a3177aba78499c13f7951dc4401cb,Train,Melanoma,True,300,300,a425ec9f7480f0fd6dbaf1eb53a0663e25baa75ebe7b8b18a553643f22962e29,931853f12d0bc6b7,82.41456666666667
Train/Melanoma/melanoma_5659.jpg,Train/Melanoma/melanoma_5659.jpg,5878,811fdc2ada77bd7e2a41281d5caeebe680fc56fea7acae42f110ca0e7bbf3b92,Train,Melanoma,True,300,300,283da7140639741d789286486a16e5e5ce736b0953c57326df2c2223b72462d2,b2594ca6a339e8ad,131.96217777777778
Train/Melanoma/melanoma_5661.jpg,Train/Melanoma/melanoma_5661.jpg,5833,1af33e56d796b2a321577045a3ee322f0f09c7ea728c85adf89577273fd1dcdc,Train,Melanoma,True,300,300,918c129522404f8733bc13be88c852e79573692b38c5dd3cbaf8831368583800,ad8a49a2ef2e91a9,116.74892222222222
Train/Melanoma/melanoma_5662.jpg,Train/Melanoma/melanoma_5662.jpg,9672,b63e6d42aef6e9f4b258eac98f944216f547e3a254ae6d2820c21b0497ffb3bb,Train,Melanoma,True,300,300,0bd9df8a807673be0dd365537ff15ade640a676390224af3bc86e83c0f1b0cf9,0309071f5b5b5f2d,122.65466666666667
Train/Melanoma/melanoma_5663.jpg,Train/Melanoma/melanoma_5663.jpg,13426,7cafe05fc1e084f7993527f840e7f254c99591538355b2ee31da1dd8225cbed6,Train,Melanoma,True,300,300,eb61ffcd6c997ff30e6557cd0a9ed1aa6f5af0d43c8c26298c1bba32934a0f71,432a34aa13abecaf,150.81195555555556
Train/Melanoma/melanoma_5664.jpg,Train/Melanoma/melanoma_5664.jpg,10852,d30fff95b101f6d41e41c9a22ae703e2577d4e1eb86fb54f62dbdc11ac67c649,Train,Melanoma,True,300,300,bf4a361337bd1a25f947be31abd298dc3c89fa51ad3611494920393240614025,9949e6ce9b196d21,176.8989222222222
Train/Melanoma/melanoma_5665.jpg,Train/Melanoma/melanoma_5665.jpg,9260,281c8608991016115fb55151d9e7ed82a699859e52b12b2b726d68ddf1468bf1,Train,Melanoma,True,300,300,bb9ca02a97a410b1c53dd2bc001e1b5f7949803024daa373008f2ebf4f12a9e5,83f82474d6c27e2b,135.59623333333334
Train/Melanoma/melanoma_5666.jpg,Train/Melanoma/melanoma_5666.jpg,6676,dcc01e8499fa4855c2895d3886d831233d84afbe758641ce3dd0c061253937f2,Train,Melanoma,True,300,300,2b881d956b5c4980a7890f68e9dde6f338b35cd37217c8723288852908dee09d,3649f3a60c36b6c9,67.68682222222222
Train/Melanoma/melanoma_5667.jpg,Train/Melanoma/melanoma_5667.jpg,9864,18d831960d3584d27bcc10b6af0a24b406302533c566659ca00cefa094dd7939,Train,Melanoma,True,300,300,03505dab1d400bad2a0ec007d5cf0fd3b2242c8e9e39561b3546325a67837807,b4b8c6431b21b17f,149.387
Train/Melanoma/melanoma_5668.jpg,Train/Melanoma/melanoma_5668.jpg,16480,48e7a09394fc75b8f7bf23c93d0c6433feec72f44a858bef62fbeaa7585b5236,Train,Melanoma,True,300,300,0ceedea55c2386bb0fc7836c86d8d7623091e24b3afe165f93c5daee69d1493c,c46a94366b196da7,156.69122222222222
Train/Melanoma/melanoma_5669.jpg,Train/Melanoma/melanoma_5669.jpg,7013,4951dd0b1026776620eba373350aeeba9623d3ba7bddd1fe4643f047a41a6b42,Train,Melanoma,True,300,300,641a4db73fe300e58c813cc67cfbb8ab94768cadef2f94d4452e25fc95e7bc50,33c9d90c67b49c4b,77.34875555555556
Train/Melanoma/melanoma_5670.jpg,Train/Melanoma/melanoma_5670.jpg,6272,b3b497a6673cd9a104fc2b8f6667b8968ac0e8c8ae7cdece5f0571f2d90671be,Train,Melanoma,True,300,300,d7e9b945bdbb23a2b56f65b2018858312d80e78f811dda0a45a7cbbaa51419c0,994be30c3eb6c949,61.75698888888889
Train/Melanoma/melanoma_5671.jpg,Train/Melanoma/melanoma_5671.jpg,9043,7448c0ae85e49f02ad4b90bee90061ab853231bd9c1e0195eb3d20afbe9d7cc5,Train,Melanoma,True,300,300,4274487bc7b40ddedf20b0a69a551b210806fb280daefdc35bbe2cb14db948b0,0c9713f873c3239d,145.94902222222223
Train/Melanoma/melanoma_5672.jpg,Train/Melanoma/melanoma_5672.jpg,7970,9754a39668dae41ea66f6e026bf530704cd7e88a93387de1174eb89bccb91025,Train,Melanoma,True,300,300,85b722a15fee83ab7d531e74418d49a167bf38f0213e65c2aa856d68a748adde,3eaf32601eb3a417,153.04336666666666
Train/Melanoma/melanoma_5675.jpg,Train/Melanoma/melanoma_5675.jpg,12302,949041bf1a2af89c2913ee958c512ff9782e356980cdf16c21e313e72ae3b8dc,Train,Melanoma,True,300,300,5b9ff256b03027778096eab28707d9976d5757c99c82a5b2d2bf775423d50f40,eee2860a5aa9e15d,148.70554444444446
Train/Melanoma/melanoma_5676.jpg,Train/Melanoma/melanoma_5676.jpg,10808,d5e1d30c3aa65b758a600851fd881f5c2e943c9acccfa1a99273eed8b0d5baae,Train,Melanoma,True,300,300,235805a7b82262d6b018935c39bee8e03379729cc63d36fb65670a39dd2b530f,b5f856d4525a23a3,106.98052222222222
Train/Melanoma/melanoma_5677.jpg,Train/Melanoma/melanoma_5677.jpg,9088,3243e45885eb4ae162601a324508a7a649d4c66fbff1cb26039955878732156d,Train,Melanoma,True,300,300,63a33e4f044c7ba5765f7a4dab622b91aaef5b8bbfdb35a512354c158a4e8974,d9aef6a4cc983223,151.69384444444444
Train/Melanoma/melanoma_5678.jpg,Train/Melanoma/melanoma_5678.jpg,8146,9fe678f5aae089bf23ecea0796f0060d12484428fec16e2233d5c387e5a3d9ab,Train,Melanoma,True,300,300,023fc8a33f1b9c629d0d25384a09e790ed1dc804a2cb9efd2e2b3a0e19b7e185,c6e4499e984927b7,175.7019
Train/Melanoma/melanoma_5679.jpg,Train/Melanoma/melanoma_5679.jpg,10330,9ea0eac463acba5ff2cea544d86dfb618385ceb4ee5ad6b916f33b61fb5862df,Train,Melanoma,True,300,300,b6884d5c54d7130f77494c77f97ccbf7df377928eda852c094c62d1990c24a4d,169e78ec8363391d,136.05586666666667
Train/Melanoma/melanoma_5680.jpg,Train/Melanoma/melanoma_5680.jpg,6654,ce61c2084f164593a34317a4d948a35dafa0ff04484a133a918ee1eef44ae163,Train,Melanoma,True,300,300,24a21c1c1c9621d5b5c88b61b09e00d3b33452cfe5f6c74926ef2a876d6c0f85,b3c9c92c36b4ce43,68.11992222222223
Train/Melanoma/melanoma_5681.jpg,Train/Melanoma/melanoma_5681.jpg,8037,b0c55f5e0e8de9393487bbb6556f2ece0c438c927af5845c7256a51b3c6c6319,Train,Melanoma,True,300,300,466aa69f16e772f9eb51a887a437d51ea537dfa3b9d3003b1367251d4911ee0e,389c7b5bc1e19607,144.20806666666667
Train/Melanoma/melanoma_5682.jpg,Train/Melanoma/melanoma_5682.jpg,7543,2851ef543ea57c1d103f022d8783ec6e6f42ca69836bfe053a66550ee3ba7fb8,Train,Melanoma,True,300,300,d2daf0a3470b24474b1dc80a3ae14be92d4e25cbe44d622ee3ca2d7fb39f51b2,efe23620d983e60d,150.66026666666667
Train/Melanoma/melanoma_5683.jpg,Train/Melanoma/melanoma_5683.jpg,8347,63d4d40c37e1871f89d28ded0cca4c5d50aec804bb970476cb60996b015b4cc1,Train,Melanoma,True,300,300,904f194a70c1b6610728b7e3b01dc7c6421b3195897fcd69f1e237babc2376f7,8ba8cce633197c27,118.61876666666667
Train/Melanoma/melanoma_5684.jpg,Train/Melanoma/melanoma_5684.jpg,11879,74b7fc90506a16ff65e989e08245f58b566a0adcb9b669ee21afe5f7d527ab20,Train,Melanoma,True,300,300,e862c3396623957942e4362c69b93f4c0c93ffe67f9b3c6d8c88c57cc9ef960e,c5298c8c6939b6e7,170.7307111111111
Train/Melanoma/melanoma_5685.jpg,Train/Melanoma/melanoma_5685.jpg,8917,70fdce48f29a66443e6f7db677366d493932865fcdaa95a40d14dbbe5bd94929,Train,Melanoma,True,300,300,c36e3ba357d16a19a1514266e169eb09e532ee0bee3f0087ec493d88e148d727,54fa5ec8f8a8cb21,135.95273333333333
Train/Melanoma/melanoma_5686.jpg,Train/Melanoma/melanoma_5686.jpg,7714,1baf97714fe70f02c0600976cc05adee4c179ecfd53c26e972623c3aad7e5f64,Train,Melanoma,True,300,300,6b0c829e31f42093d5aca828f4ac2aa60f12ee94617857d13ec4ade21e3908c2,76d56689ca31a947,163.3489
Train/Melanoma/melanoma_5687.jpg,Train/Melanoma/melanoma_5687.jpg,9057,cc57366740574921f4b69fbb82dfc7abd7d9c8a8d4c16fc12191f6c7d257f352,Train,Melanoma,True,300,300,21e99002fb824500857909d29e0da17ac823966f97f8e7b0a645d88ad8911968,0cf379ccc33c1c93,38.955822222222224
Train/Melanoma/melanoma_5688.jpg,Train/Melanoma/melanoma_5688.jpg,6354,ed9b57ba57b5662bb9482674270b779bc9a7b5a9c0ffacd9e8e3339683204aed,Train,Melanoma,True,300,300,3c42bcc3f581c1a1848ab9cd0e0da64653394f409af1dd33956b8f940e9cb40a,99c97326c99c3663,66.4631
Train/Melanoma/melanoma_5689.jpg,Train/Melanoma/melanoma_5689.jpg,12007,cf0a34f4df855e4165cd680d67be899e1e21d860fa0314f0033ebd9e097086dc,Train,Melanoma,True,300,300,a52e3a4db152d127d1ef637256c340732148aa5e627fc709e55607850a95395d,927d725b86c32c0f,91.40348888888889
Train/Melanoma/melanoma_5690.jpg,Train/Melanoma/melanoma_5690.jpg,12296,2743bf3501ff593bf11ff2491e917750b705c13337ff99dc74ef61cff377689a,Train,Melanoma,True,300,300,50f9b69254188a4374b8d95dd3eea09d7caee400d8a4c75de7ea41523d8a3f78,7339c7243cd3c50d,183.9544
Train/Melanoma/melanoma_5691.jpg,Train/Melanoma/melanoma_5691.jpg,8871,87d9de5a5460a3cec2e9a5f467109916a40b76fde3e4561f82f104846eb6bb3e,Train,Melanoma,True,300,300,aa3331bc18024cdeab07520ab8da71c99c8d25efd9b0953f1ac52e86c430fd43,f2c8e6a2d82ba687,173.15071111111112
Train/Melanoma/melanoma_5692.jpg,Train/Melanoma/melanoma_5692.jpg,12288,1609d4c0f9c684cee18ddf5006a1036c1738b5a4bf587ddd0329a98ba48f809a,Train,Melanoma,True,300,300,d5cb1bdd04cf2301cb5f7fee958ad0fcfbe365b0278dabfb9c878d87c7dc2940,deeaecb32a0e05a1,140.8107777777778
Train/Melanoma/melanoma_5693.jpg,Train/Melanoma/melanoma_5693.jpg,7363,f20b840b1e863b638be89a0b556488ef72fac9a07f19be9d1df5bb8e83d6b321,Train,Melanoma,True,300,300,66ca8b938ca704c808520392e5e25e98dea23939e75bd05bc3d029d8688ac060,a6968c561ed8f6a1,147.7263
Train/Melanoma/melanoma_5694.jpg,Train/Melanoma/melanoma_5694.jpg,7611,1f2555cfc90583be5a5c6bec018e8407b691ab987218e060321b82d3ce416bfb,Train,Melanoma,True,300,300,bceedf2d45c5bae9c91ac251ca117da6e68c78340c0c360d1c443b340283623b,e1490321af2bd6f5,94.02783333333333
Train/Melanoma/melanoma_5695.jpg,Train/Melanoma/melanoma_5695.jpg,8925,89819714626ae2f4e79e4cfde8a31e77962892c720cb02667bcf151672fe2217,Train,Melanoma,True,300,300,4fde052543a0044b8ef222961a2e4965900b36976565d9e74f1a144f074931a3,8c31ce336dc3b60d,162.30605555555556
Train/Melanoma/melanoma_5696.jpg,Train/Melanoma/melanoma_5696.jpg,7840,175758fa23911f07ef7dea34dc713124e61e3c5647acd5cd20c6c23a4b02346c,Train,Melanoma,True,300,300,7eb459a14f210d0654d12de6375b4da4fbb9c5ebf56850652739fd4b595e87b5,1bdccd587e0a98a9,158.72486666666666
Train/Melanoma/melanoma_5697.jpg,Train/Melanoma/melanoma_5697.jpg,14536,992f4f33b5b77baaef486e7a746472f19a30c1d03ebd524409eccfb0327f9e8d,Train,Melanoma,True,300,300,204c6b59b09392778a392d68c88daddfa500c3fb94fc0844d9a845d3fe746586,dcd873aafca0c289,138.67285555555554
Train/Melanoma/melanoma_5698.jpg,Train/Melanoma/melanoma_5698.jpg,8670,cdae91192485f37cee4377cb44b6bd624119d319a198712a61bb2131b6a38396,Train,Melanoma,True,300,300,8acbf6cb044380ee587c79252a6dd9cb32cccc66112bcc7b0c09b17331d15bd4,733ca3f48e50cc8b,104.36402222222222
Train/Melanoma/melanoma_5699.jpg,Train/Melanoma/melanoma_5699.jpg,5558,d20efce2f758f325e086ce49889825ca5eb0ff4fc66d79ca1c30a882df30bfc1,Train,Melanoma,True,300,300,3680a14d2ab06ba45e535ea7de32eb3aa5781a94bdbd672be997dd3e317b6b8b,3847c77c9c93630d,182.11857777777777
Train/Melanoma/melanoma_5700.jpg,Train/Melanoma/melanoma_5700.jpg,8628,0761349ffe366890b241c95758b7a72f47506a30de1c863da42477ed1200fb67,Train,Melanoma,True,300,300,526ef11f4dced46573ba7e2d4bda037c9e0afca5bd5ae053b5388ac64cba5fae,f886871c1efaa9a1,100.02002222222222
Train/Melanoma/melanoma_5701.jpg,Train/Melanoma/melanoma_5701.jpg,13768,7217a570dc80b7f40d150a489e4679c8463c2bf23b97e90e242c57ffc51446c1,Train,Melanoma,True,300,300,42a5062be10707b5eb6b8ec453614e82297658acc9ec2c5cec950a3d331fb92c,1996c9b9ad635607,171.9383222222222
Train/Melanoma/melanoma_5702.jpg,Train/Melanoma/melanoma_5702.jpg,10331,05254020a541ccdb503994ff1b1c256c29c58ad6ce50fd19b1adfd164a527ba3,Train,Melanoma,True,300,300,29e6109882f0f92de463d2438726a479402e6c73cb3a78c936222633e0e0bb20,66ce992a66b29b89,149.38792222222222
Train/Melanoma/melanoma_5703.jpg,Train/Melanoma/melanoma_5703.jpg,9024,5a1d26976d1079a5cf479cd44153707d9821676e72eb8511dda36919195a78f1,Train,Melanoma,True,300,300,dce4c62d428f1df5473bdd978c61399280dc3060d8daeb9d48b3c35de90b0d40,73c2d9077c8b832d,173.6943222222222
Train/Melanoma/melanoma_5704.jpg,Train/Melanoma/melanoma_5704.jpg,6341,565f1531d5dd968d03eca01b8ca94c4540cd7858f36e3c583957cea7b4ea970b,Train,Melanoma,True,300,300,d05c1b251bf2ec5b0b563310bbf6c0d280a69183a9cfd0bb34484de56f7c2a95,049bfc4cc1b389ed,120.32607777777778
Train/Melanoma/melanoma_5706.jpg,Train/Melanoma/melanoma_5706.jpg,9115,650fb6165abc3448b589b4738ad5d00031ab8e912b4ddbd08f1b347cd8674434,Train,Melanoma,True,300,300,f1e91ac713994d9cbe9ab8221045a0eac523ba4a8326fffcc8e75d94486b8ab8,7cf27648d2a85a8b,137.71215555555557
Train/Melanoma/melanoma_5707.jpg,Train/Melanoma/melanoma_5707.jpg,14767,63f36885f30bf297557bf647ef597ec8fbb8426d7e66916713c815542695f394,Train,Melanoma,True,300,300,d0fcf8e0025d844b808d59fdda8a36214a09e6fd25dd6e2a0388ef8df175ca08,279e96f6de404c0b,110.85538888888888
Train/Melanoma/melanoma_5709.jpg,Train/Melanoma/melanoma_5709.jpg,8634,a5ada5f5994f615ec157c18efec27d98b5c4596bc904d1f4cb62dfec3d676508,Train,Melanoma,True,300,300,93c922e6c5c9b3626b25a8d76269162251d892c9551fa36dd549a00fdb1e1332,9b4970dbb329429d,134.1255888888889
Train/Melanoma/melanoma_5710.jpg,Train/Melanoma/melanoma_5710.jpg,7281,94c878305db9c42f17e7145bd2b79f426d5f8e25c7df44e5aa2547a8d41c1077,Train,Melanoma,True,300,300,a3ca0690199fee38fd0b4d8dda09fe6a974ece06d6dd9141b780d45b4a2ecda7,612ce1b40f76fc89,78.70485555555555
Train/Melanoma/melanoma_5711.jpg,Train/Melanoma/melanoma_5711.jpg,13826,bc8c046de47573c7db34db4b5ab873aa2111dffd68ebbf5926110fface181132,Train,Melanoma,True,300,300,4cd132c09c5fce0b9c0d5ea4e9d89588905fdb312fc3f451a159e81b37b3a9f2,b6b6b352134a59a9,123.56521111111111
Train/Melanoma/melanoma_5712.jpg,Train/Melanoma/melanoma_5712.jpg,9739,692b81ffccbf67b1d5bd291223363900be42f7700fee62b99a5ff849c053c389,Train,Melanoma,True,300,300,522a37844b46d45d86e58339716222e40c6b9f5e183acdad4b873e029bbf6c2d,67b6a63c9c783483,94.68924444444444
Train/Melanoma/melanoma_5713.jpg,Train/Melanoma/melanoma_5713.jpg,10163,5b879c4302305c519081dacddea26e5387cb59cefb22b50eca80409173e06ae3,Train,Melanoma,True,300,300,65159023299a88f3b35165ea30363e9d5165f808499a30e313aa86181273f765,63d82c523d4ab3ab,128.2516222222222
Train/Melanoma/melanoma_5714.jpg,Train/Melanoma/melanoma_5714.jpg,7649,d0ef4653ab239058a0dabfcc1ed52a97cd39d353e143a1f3a633c81effe93a9f,Train,Melanoma,True,300,300,00710be6e8eb88fdf4debbb6d61affbc032e8d7ab58d5ecd7416979931b05119,b562b4e15ae98987,94.4309
Train/Melanoma/melanoma_5715.jpg,Train/Melanoma/melanoma_5715.jpg,11747,36c1386dda5965571d0bc1dc68bf8adf65181612d84623315205241cac41c18c,Train,Melanoma,True,300,300,a72b87149b68ab08118ada55f2bb8347ccbb239bd5e7d4877a4d609193e03895,09ca7d820f6b3da5,167.9957777777778
Train/Melanoma/melanoma_5716.jpg,Train/Melanoma/melanoma_5716.jpg,9372,00742858840d575dde49d4943537b232e510b9e323e0c97b5455906f2f2061c0,Train,Melanoma,True,300,300,0fc163cba03f466c8789a14a7ebeb1fb56f98a4f3d42b3c1c1005f1e9b5982be,69196e6ba4a5d855,134.3407777777778
Train/Melanoma/melanoma_5718.jpg,Train/Melanoma/melanoma_5718.jpg,7041,d825c791642c3a861108d033935acd350b142bb0e8d33857a39faabb3d58164a,Train,Melanoma,True,300,300,16942a1ed38a946ed1518929bc8fc983c61861c9b2c338791295f72973ca57fb,96e3b686493c96c3,54.58471111111111
Train/Melanoma/melanoma_5719.jpg,Train/Melanoma/melanoma_5719.jpg,8742,f222e680939e7aa6b38d582204dbf31c5ffa44731b3069d78996b35a8e9129f2,Train,Melanoma,True,300,300,4cd83c291927126fd8e180aa51ac76e298d274cb6eeff932d2e1eddb09265226,63a6a716065afaa9,93.87617777777778
Train/Melanoma/melanoma_5720.jpg,Train/Melanoma/melanoma_5720.jpg,10766,f1f0f96eacdacbee8e709ba17848036758462808e3d96858978cd7e3604fe794,Train,Melanoma,True,300,300,36b4b273ff3a1ccf3fac23648d2f1eb3295802fd9579b00afdaf922c8261e9b2,31071105cac73ffd,111.7105
Train/Melanoma/melanoma_5722.jpg,Train/Melanoma/melanoma_5722.jpg,12507,9f9737309b3c251a0e7a7899e4ddd500aec65323c9d41e0eaf98a5646a5b5c90,Train,Melanoma,True,300,300,716d6397abbf1be0bd349d89e9a45a505f586b50e9cea8173cef1624fb1e796e,eec9a60832e3c997,167.82725555555555
Train/Melanoma/melanoma_5723.jpg,Train/Melanoma/melanoma_5723.jpg,7743,db7998ff2e013e6352c6c3a803958e0cb1be60a50d7dc6f40e70a013f859c680,Train,Melanoma,True,300,300,b03bef24e0b066025948eda51709bd31ba231e7ed20fbd7e8a30a21e36827805,0e86366cc9d3b62d,175.12635555555556
Train/Melanoma/melanoma_5724.jpg,Train/Melanoma/melanoma_5724.jpg,6256,4ab6fbdae585dd47e6d1adf9b89a438ce30fccb643701fe704391376fc36e225,Train,Melanoma,True,300,300,594c54d5c331cf5376131cf2350d2ca5c38df09f8e8b9d0d4aff5b80ad66a3b3,a6a61e167a7ca9a1,86.83237777777778
Train/Melanoma/melanoma_5725.jpg,Train/Melanoma/melanoma_5725.jpg,7288,d724c8a6bdfa2c505ffc67fc1066e28cfcec799139d411aa667ba669f99c6ed3,Train,Melanoma,True,300,300,33f30b6853308a3b04a98f306e0eec0abac1eb9d325c3681a0b8ce0f45cef8aa,f6d853e06e826aa3,168.37517777777776
Train/Melanoma/melanoma_5726.jpg,Train/Melanoma/melanoma_5726.jpg,10555,132c25b37388c38c97c25489f276a9aa3f19d831c801f18d020d2f5f52e871b9,Train,Melanoma,True,300,300,7d51c511f09846c5529751f6880ac9815238b7da527c3d168a8ed69798fa0174,4a35e53a6e55512b,110.45237777777778
Train/Melanoma/melanoma_5727.jpg,Train/Melanoma/melanoma_5727.jpg,9823,62b7a79b7a2402f324cc2fdf1fa0a8d4510c35adc1c4d88ea956c89805978658,Train,Melanoma,True,300,300,c3a8764ac7d86b4bada91d3516dc54ad2a5bee1abf17dc7a10c1562084676506,36b69316d35a19a9,110.3125
Train/Melanoma/melanoma_5728.jpg,Train/Melanoma/melanoma_5728.jpg,9293,da3bdf45fe55a589a36693a1f3bb12b46fe5b42a5988e33f11a2c6b881072597,Train,Melanoma,True,300,300,2fcb2b9c0a77932c28e5a82490e1e0b904d65e47edd60f101f8d68856d7d42d3,498c5b9ce97c16a3,95.72403333333334
Train/Melanoma/melanoma_5729.jpg,Train/Melanoma/melanoma_5729.jpg,9496,ce4c0c5c7808076c68d06bd04aa527ffe118ebd69bb3c5051a8c23e446101eb5,Train,Melanoma,True,300,300,c6e62a97cb25048e0dc35d64b9cb6ac48ca2822bb98ad1d18b4d70622e36e2d0,e3a44e96bc5a46a9,92.08454444444445
Train/Melanoma/melanoma_5730.jpg,Train/Melanoma/melanoma_5730.jpg,8779,e7e57bfc733ca1a79b66557453dc218264e5d1da03492902e8f292d33f0fed58,Train,Melanoma,True,300,300,439fd3db8f3c7bee90c264e90e004960b7c825b80f51332b2d965004781eaeff,a4f1564953ab98d5,153.16256666666666
Train/Melanoma/melanoma_5731.jpg,Train/Melanoma/melanoma_5731.jpg,10012,203a638fc86b5b3c3f5c852a06084ff3a8c41eb778ab1c08b9331313d422e81c,Train,Melanoma,True,300,300,6cf15c6117a83a9a168bdbe3d05724eec41b88b2d6f5aa9e70ba8830693c6256,d6faec02b808cbb3,133.82354444444445
Train/Melanoma/melanoma_5732.jpg,Train/Melanoma/melanoma_5732.jpg,7691,bd6ae44003801834283e55ec6edf6f65330fae0bc9b86d911e4f20569ddd27a5,Train,Melanoma,True,300,300,3c1ad063a05810e50d8f552b6583e3277d755ea429107bc6a04e98d3437e5d8e,09f9c443d62319fd,151.96006666666668
Train/Melanoma/melanoma_5733.jpg,Train/Melanoma/melanoma_5733.jpg,10471,097929f646f0250596d88ff01c1a2476cac8d26d8e6b08329f7810529a4d53e4,Train,Melanoma,True,300,300,2f23af43b21b33812451bc43cdf54647cfaca46f26440491ea0e42ed619a83da,d30ecd3c26d2f80b,84.74791111111111
Train/Melanoma/melanoma_5734.jpg,Train/Melanoma/melanoma_5734.jpg,12374,87fd754e0d2f1221974f85058bcb6570694bb1a12218b82e704b534e89bd973d,Train,Melanoma,True,300,300,33eceeaef65207e06312f9256725c740526657d112e910012a93efaa5bf82186,03793c3387c9398f,158.1409888888889
Train/Melanoma/melanoma_5735.jpg,Train/Melanoma/melanoma_5735.jpg,8433,7da25bbf8fa4c6c385bccb57fafd00b27d884ce5e3e441138ccc0ed9174d352d,Train,Melanoma,True,300,300,c10132c840555586eba7aa54f4c762fc12e42dfc492a9fb3643639bbf468e882,56a5a671428b799d,152.9045111111111
Train/Melanoma/melanoma_5736.jpg,Train/Melanoma/melanoma_5736.jpg,8006,239ca375de017ceaf29791dfd8be16d76ebd1fc1693f3ca9be40b4398a077d2f,Train,Melanoma,True,300,300,c11fbefaf573cf56ca569227f294b646fd8108887fb9d2080e896f03fec6e40c,69a6e696195ad6a1,87.88527777777777
Train/Melanoma/melanoma_5737.jpg,Train/Melanoma/melanoma_5737.jpg,15041,efa838301c490fa5bec1760536283f58ec3de3f4ae0be0dfd6374fdf3ac98088,Train,Melanoma,True,300,300,3173268d244a62f1300aee47cc8ca9d93bcc2c425b60d722601c0570fbdec97a,1c436322ecabe9ad,133.68693333333334
Train/Melanoma/melanoma_5739.jpg,Train/Melanoma/melanoma_5739.jpg,12859,8abaffbace87913bd84c9f6a995b4b6f8c3e16d3c8fa987b30a6dc7d3fb0ac66,Train,Melanoma,True,300,300,dc46631f48fb53f8e909ec92ab40250c2cf85bcfbac6b2c2e123710c221cc513,f51935d88a21fa1b,145.14628888888888
Train/Melanoma/melanoma_5740.jpg,Train/Melanoma/melanoma_5740.jpg,9217,4bbce0dad24eb27d625f76215d6e3d7f09ba328c617dcb80c5d342a671c1fdc1,Train,Melanoma,True,300,300,a8fd7c7fde63ef1bce7b06b7ed05c7aaa370e87bd3fdfd0d648a9253a514303e,372c93a2dcc96335,150.50753333333333
Train/Melanoma/melanoma_5752.jpg,Train/Melanoma/melanoma_5752.jpg,12437,a16ca0d0e3ccddb8a0bd99d86caa4736f20e5c485faf1052431827038941f876,Train,Melanoma,True,300,300,ec6bc0b356b4d760c635eb85805aa341ce973502f5925509920045cbc6e80df4,92f91a21f2502df7,160.11381111111112
Train/Melanoma/melanoma_5753.jpg,Train/Melanoma/melanoma_5753.jpg,12795,a9fc34e70a2c352eb286b394aa363b5f5a69add2cf28faee4bb4b02a4b646918,Train,Melanoma,True,300,300,150d51539e4190778d61a0c1fdc94ecb802420b42a1d35d660d693ee1ef693f3,56f8f7f0c08349a5,145.37343333333334
Train/Melanoma/melanoma_5754.jpg,Train/Melanoma/melanoma_5754.jpg,7522,277f419b4829837fa1ae9c442cf8f8afeac24b4eeee5a887d248c11afaf032d0,Train,Melanoma,True,300,300,d3d3e51e97f1751c81173b031f38623aaace2accec03d2d3082543c7dd37fe10,814d63b6ced3b02d,181.52551111111111
Train/Melanoma/melanoma_5755.jpg,Train/Melanoma/melanoma_5755.jpg,7183,784895d7e394a612c4181b8ace25d7e73adf926861df8b8925e072f6c822a779,Train,Melanoma,True,300,300,aa979049c06cfc1bb2112493333a6042895e1e82d5e9003c18876f9e7cfca61b,fd50764ad8aa682b,134.25127777777777
Train/Melanoma/melanoma_5767.jpg,Train/Melanoma/melanoma_5767.jpg,12541,1615828039ba529bf33ad3a6953fed2045df92dd4f553f8da3a99047e07fdfc2,Train,Melanoma,True,300,300,5f2f84c4ba53e107faf4c710d12011492a87dd945174a5020fa95b12f0e1c931,4c7363e7d1d30c0d,150.7187111111111
Train/Melanoma/melanoma_6924.jpg,Train/Melanoma/melanoma_6924.jpg,7231,15fde7d37e2fbbd1b248dfedacdea99e70931b2f81d4d30076a354d17f131fd9,Train,Melanoma,True,300,300,c9414b384c67c5bd2ecc59803dc3ab69c867294a4d743b62fd1e8541f07e18e3,37b1cda610c9ea27,156.2897111111111
Train/Monkeypox/2024-06-25_21-25-44_5110.png,Train/Monkeypox/2024-06-25_21-25-44_5110.png,1351554,d587edc22b1addcaf11a08e2286e3e561af6417d8132164ddced50f3703db865,Train,Monkeypox,True,896,1152,66c74e23c59d910c5133118cb6c9801a0065c02993335ee338eacac8cc41122d,5c573456682e5ba9,113.08331298828125
Train/Monkeypox/2024-06-27_13-53-49_8657.png,Train/Monkeypox/2024-06-27_13-53-49_8657.png,1327767,9aed5fc75aa738173440321ea60fb529af148458f5e072ee7245ce8089719778,Train,Monkeypox,True,896,1152,db0e3681ed00df6c1744266437e990f4baa7d49dbb361598303396413be0fa36,f15353297505e707,75.86872887989831
Train/Monkeypox/2024-06-27_13-54-37_8772.png,Train/Monkeypox/2024-06-27_13-54-37_8772.png,1341120,9d0ac3ed9ee8f7c0484b52526f8c08e3344750d35d498d310e6a553d88095c01,Train,Monkeypox,True,896,1152,503dc296be77d3750ebb125c758c36334f3700e8fb5ba57a85659fedad20f875,abb5362aadaca681,59.870213099888396
Train/Monkeypox/2024-06-27_13-55-01_8231.png,Train/Monkeypox/2024-06-27_13-55-01_8231.png,1214173,c330c0ce3b5028ce34fde6a4fe3353d6e38e7b0a57b590a779941ba6141a1030,Train,Monkeypox,True,896,1152,f8d52dc4dce26a8d90f12593492d4e9889bb5d38037966c4f64fcea88a4ee1fc,8b293031bd4ce7a7,60.983267647879465
Train/Monkeypox/2024-06-27_13-56-56_8334.png,Train/Monkeypox/2024-06-27_13-56-56_8334.png,1246878,81a3d4ca3a70c74bba00d373382c347360f0e4947db8db0fce82d72d80d14aea,Train,Monkeypox,True,896,1152,f43425d2c34795eec641490276d3deb9467898efb14237c4c27aeb1b5f980f85,6d8a564afdb40175,67.92496551029267
Train/Monkeypox/2024-06-27_13-57-20_2703.png,Train/Monkeypox/2024-06-27_13-57-20_2703.png,1271330,a0496734f639ef8aed76c20f475498363ce3fe34af988da0f058bab10961bd4e,Train,Monkeypox,True,896,1152,db5e8fc8066765223b0f55307d9cbc8ec202776b244174b749dd83f791ea3342,6a566acb866d5135,83.93020193917411
Train/Monkeypox/2024-06-27_13-57-46_4307.png,Train/Monkeypox/2024-06-27_13-57-46_4307.png,1289563,616fd443a65b1b991096564e1be064138d6e7a1315416166872dae64069b396e,Train,Monkeypox,True,896,1152,3d13a597b9703e131a08d47b8a9a501c4055b8f51fcb9853f8153f575fd7383a,db1b29615709a5e5,78.82428462921627
Train/Monkeypox/2024-06-27_13-58-11_9592.png,Train/Monkeypox/2024-06-27_13-58-11_9592.png,1226958,ebd4595e58ef2e8184862e0d1182bca2b2ca037f01f73c2def0e8923952ef84c,Train,Monkeypox,True,896,1152,0cbaa07baf3267bdfad31f4a19aa7a63a27c026d7c9c85571d0afb6a3f5a49fe,1939a9da69298f2d,76.74955628410218
Train/Monkeypox/2024-06-27_13-59-47_6872.png,Train/Monkeypox/2024-06-27_13-59-47_6872.png,1371365,f0a21bc10e580c4c18f5b51b6684edbce4e61244afc8cc51af8a9c78cddab7fe,Train,Monkeypox,True,896,1152,28184fee44306f37474eb5d400e9e85bcb6a75dcad9142c01934a649149aa2ae,b24b03b7c2ba1d4d,74.71158079117063
Train/Monkeypox/2024-06-27_14-00-11_1574.png,Train/Monkeypox/2024-06-27_14-00-11_1574.png,1172165,1f9afc5701eed2d1a901b0412bacb270883b71e8d97ca494436985e5f73a7658,Train,Monkeypox,True,896,1152,8d22d89ff90e6c1ea94cf035198b53d8475cc29c46558693b3d3bcf2327a1f54,0bb5d0eb6dc0922f,79.00222536117312
Train/Monkeypox/2024-06-27_14-00-36_6070.png,Train/Monkeypox/2024-06-27_14-00-36_6070.png,1244702,fde4dbcc2c01254b7bb9f65f20e7034a6dc2cd30b5a6fe593b7e8f95cf304a52,Train,Monkeypox,True,896,1152,adf3c8d407dbb1998cb9c0b76327058800f3901ad34b6fbaf728d12bfecf826c,064607a587af3b3d,82.55964781746032
Train/Monkeypox/2024-06-27_14-02-31_3776.png,Train/Monkeypox/2024-06-27_14-02-31_3776.png,1328938,c735ed566613b0bd43ec9d680eeb00a4bddb4f87516a126a83db68b28baed019,Train,Monkeypox,True,896,1152,7b4e7c22092509bbc079407f6a93aa915ba6a17326fe26d3a72df656803a0689,9c9a9f1863cb3067,81.48255653986855
Train/Monkeypox/2024-06-27_14-03-39_2943.png,Train/Monkeypox/2024-06-27_14-03-39_2943.png,1361264,a9b37f0436bb2cbfbf0a327d3ba15c2720ec32fbbee9db6ede840b382b36b0d5,Train,Monkeypox,True,896,1152,9bc7f192e42c58f4a68a27a6f9aba89d3116d80e8fcaf78a9718b75b97b33c1b,ab8f5ab10bf4a485,82.2821287124876
Train/Monkeypox/2024-06-27_14-06-48_9948.png,Train/Monkeypox/2024-06-27_14-06-48_9948.png,1291573,173fa6192ec7b75502ed58d8e0bc2e79d6f295414772c856202017772d3e4bec,Train,Monkeypox,True,896,1152,e69c2deddcb23df00c2d88359c302091b04ee7c09393f68b588a37014de79139,78048f7071dfb0cb,64.66459728422619
Train/Monkeypox/2024-06-27_14-09-13_6917.png,Train/Monkeypox/2024-06-27_14-09-13_6917.png,1447535,b3f077329cea9ccca115b8289941f7f99d068822cf0b3cf6106dcc94c0e0862f,Train,Monkeypox,True,896,1152,d218d4d79909f084791a08b7ffd58434eb2150be304e67d9cb9e0e2f0752dd8b,5d220fd877c9308f,64.12783377511161
Train/Monkeypox/2024-06-27_14-10-49_8828.png,Train/Monkeypox/2024-06-27_14-10-49_8828.png,1334392,1bb9f3a8c306df36e4c717f55c6a07bcb26efd7645017c5c446ef0caad4b5b38,Train,Monkeypox,True,896,1152,252e6bde7e3664f9d17ec9cd52fd6ebde697e0873c1d3700dd98c55bc1c22b16,f4ebe5104b070f0f,82.53034222315229
Train/Monkeypox/2024-06-27_14-12-50_5709.png,Train/Monkeypox/2024-06-27_14-12-50_5709.png,1307517,86b5735cf5772b5b196c717e9c0f67a9f7b14665b72a9ea54e66c45c63064cac,Train,Monkeypox,True,896,1152,ae844c7376523fe717b2d79dbff5b5559825b3cf141fe42cbb83dffa30a49e03,2083157833dbceb7,76.79066879030258
Train/Monkeypox/2024-06-27_14-14-04_7146.png,Train/Monkeypox/2024-06-27_14-14-04_7146.png,1498503,780208875894d487ef86c302f0d3aee2b4ba8f14ef991bb3683b4f1d340af440,Train,Monkeypox,True,896,1152,4c4775f373901beb62736f45d87bc7b73e19470c030873886de9f7ab5815979f,f3d3d05143cc0f17,90.50526258680556
Train/Monkeypox/2024-06-27_14-14-32_9360.png,Train/Monkeypox/2024-06-27_14-14-32_9360.png,1325980,b115a4cb928311108115ae4960ac3ff89b83466c6ebb31a0771f0b3e0fb75f43,Train,Monkeypox,True,896,1152,071e207a88c6ae26d7c2aa946600bc5b45b4d7f9767ea8583526f29fb06e40ed,2c5d63afd12b482d,68.42729162791419
Train/Monkeypox/2024-06-27_14-17-03_8584.png,Train/Monkeypox/2024-06-27_14-17-03_8584.png,1423903,636a5e3ad5f1e0f63ae7110f5deabed9dae3da5063a4c8980a9f2066472ef0e8,Train,Monkeypox,True,896,1152,6c5691586a11aa91498e28753101594961b91d47b0425b547c8b5d4d931f93fc,f8a37454121afea9,67.46436418805804
Train/Monkeypox/2024-06-27_14-17-26_5218.png,Train/Monkeypox/2024-06-27_14-17-26_5218.png,1441897,b0eb9279e6ad514df0c188e67454860e91ab50f92ae382845f058c97a4dc6ee8,Train,Monkeypox,True,896,1152,376517ba43367c14ff6be8f60f6aaea5cd28c639b3c39605be624ace0039dfb6,8cecce0efd60708b,81.01011924138145
Train/Monkeypox/2024-06-27_14-18-51_3062.png,Train/Monkeypox/2024-06-27_14-18-51_3062.png,1660360,55e6dff01a4c0055779ec7c281a46229594a32763901a9aedcb822e5ec52f178,Train,Monkeypox,True,896,1152,42a9430e860c1c2c30092003771641b09d1a6f1e0595b8c32ab0eab91348b33c,52525aeaab41e99b,69.48345269097223
Train/Monkeypox/2024-06-27_14-20-42_3059.png,Train/Monkeypox/2024-06-27_14-20-42_3059.png,1347407,d5955e730c4a1154299e3a965f32e0dfde707361bc598ce06cb764abfd02c191,Train,Monkeypox,True,896,1152,4ab7a7b386fa71ffd60ba54e56e36e88a037106ef838eff50730c6182d966cd9,0596d0e3375e1e0f,67.41499837239583
Train/Monkeypox/2024-06-27_14-21-17_7551.png,Train/Monkeypox/2024-06-27_14-21-17_7551.png,1201093,8921f7ad82162eae80923a51aa78e03f47e4d01cf9e9344ccef3318ee185e1c6,Train,Monkeypox,True,896,1152,0445497d4e08a5d08da4fd2884f1cb97f249b63a88bbbeec2059f3517a0c322c,f821434fdcc806df,74.60943022228423
Train/Monkeypox/2024-06-27_14-22-36_4717.png,Train/Monkeypox/2024-06-27_14-22-36_4717.png,1400112,2f17e4bdad09672de1035a166d36486c75debe718e0b922aa4388f9a8e6556cb,Train,Monkeypox,True,896,1152,b79e82cbdb8a21ebfd1a04f7213c533bb8c766666f9658836ec7ea1234287f94,af0d14b45252fb53,92.18768601190476
Train/Monkeypox/2024-06-27_14-52-08_5422.png,Train/Monkeypox/2024-06-27_14-52-08_5422.png,1268029,f0b3da13a6b3bb13c1c0437e32ce224c0a67d4de3124f8e000ceef89f4302606,Train,Monkeypox,True,896,1152,a5c9db0d19b937ece1fad1e1232c0c2e44ec37761c85b3f117f3c372ca8bda61,792b5f214d43b48d,133.8143291170635
Train/Monkeypox/2024-06-27_14-52-28_5298.png,Train/Monkeypox/2024-06-27_14-52-28_5298.png,1373720,e89f72a8374ca7ea8585c2a95092e199fca695847560597635ab766615f88fdd,Train,Monkeypox,True,896,1152,4e7edb87b33361224b991178345aeaa6c7af45a7e221a805d5d0f81f4a0df8ed,f4866f1b44ad5855,112.9671630859375
Train/Monkeypox/2024-06-27_14-54-11_8569.png,Train/Monkeypox/2024-06-27_14-54-11_8569.png,1363720,46c1482fc906fc264d474be412b4f70e100148d37945a2a7e1695b347857b774,Train,Monkeypox,True,896,1152,fb396fa8be0f52ff8eccf321e53a5e9ef8f3a2258a676bba40f1cbd73f92de8f,7bc98c8128e5f1a7,114.08760482545883
Train/Monkeypox/2024-06-27_14-57-21_4658.png,Train/Monkeypox/2024-06-27_14-57-21_4658.png,1387177,bd89873aded314826e0608b0133717d91232a5311b07d4595fb70b2e2ab5fb96,Train,Monkeypox,True,896,1152,ace67cc79d885a18e774cd6e8f2397bb862f03c2830c754c3cb303572c285d0a,615f84a50f04f9af,116.2884017702133
Train/Monkeypox/2024-06-27_15-02-21_1478.png,Train/Monkeypox/2024-06-27_15-02-21_1478.png,1305671,be787fb5a4ee350c49c9ac144c4a7caea0aaa382564ece918e023903a0adc217,Train,Monkeypox,True,896,1152,391ee0cd07529e6a3258e7b6ab525eeeb7989b00decc4a795fbb3a591ca3a36e,b9d3af6102677249,100.49115474640377
Train/Monkeypox/2024-06-27_15-06-29_8544.png,Train/Monkeypox/2024-06-27_15-06-29_8544.png,1323220,2bf96ea32c9f1e6f138761395da64db2acf8b1d85888526d13c89b5592864900,Train,Monkeypox,True,896,1152,70abf713893d555eea6c7fd9cf51835e8f97f46e0ec657ec2f6f5c3ba8f7bb36,43ef533101d724cf,116.50142318483383
Train/Monkeypox/2024-06-27_15-08-13_7810.png,Train/Monkeypox/2024-06-27_15-08-13_7810.png,1336618,e79bb3423fbda680e1bc08407417b594fb7813b20192b9465d9d6da7a4a9e590,Train,Monkeypox,True,896,1152,392657404f7e0061ffca88c55bb6b7f3bc7605256602d697aee16564a6dbf15a,7b73c085425db8cb,113.52763439360119
Train/Monkeypox/2024-06-27_15-11-06_8895.png,Train/Monkeypox/2024-06-27_15-11-06_8895.png,1475231,03a13bd80609709dce06656be01c7615d9cfaee99b6669388f8071d6e785b2e8,Train,Monkeypox,True,896,1152,5a00daa797366a8b96f558137240db62d1951f506d068a865739d732ed089aa8,397361adc9e21e15,149.98803032769098
Train/Monkeypox/2024-06-27_15-14-22_7783.png,Train/Monkeypox/2024-06-27_15-14-22_7783.png,1555898,6293999619cd64cdfece2a899e0c35d0e82c415ef66e483e954fc7d695ba37af,Train,Monkeypox,True,896,1152,b1ae175f537d6bb9554301e6b35e11d34dde1d4d35582cfdb4b7839b21001a70,8293cb490b43fcbd,131.32099454365078
Train/Monkeypox/2024-06-27_15-15-30_1184.png,Train/Monkeypox/2024-06-27_15-15-30_1184.png,1730634,5e8d9d38745724241810ed9b9957af9ea8bfcf18de6d73a5af116420ca9507a3,Train,Monkeypox,True,896,1152,000dadcc84c98f661bfa401c34f2cf3c1a02bff3be1b89d52e0baf8b6f2a7180,03157a41fe430bdf,122.95120675223214
Train/Monkeypox/2024-06-27_15-16-04_2907.png,Train/Monkeypox/2024-06-27_15-16-04_2907.png,1616174,203b555a0f823d282239201ae892eb16f055150e3a61d0a1af3c121cb9263fa2,Train,Monkeypox,True,896,1152,ebf8694d889dc2cc1588842fcf53c804cf51b8b000c3c33996a3e1dda602c5cd,30ade1cdc2547657,116.04971555679563
Train/Monkeypox/2024-06-27_15-16-27_2045.png,Train/Monkeypox/2024-06-27_15-16-27_2045.png,1393678,4188e2455407b785161df754c5dd94ab0cfeb95822825bf980b9d459d571027f,Train,Monkeypox,True,896,1152,f7c73eeaacbe9a2734d8cc290bc751c3c6d310a5e7d06a3afe87b54429c47b92,11d3e3c34b498e3d,136.39326985677084
Train/Monkeypox/2024-06-27_15-16-50_6855.png,Train/Monkeypox/2024-06-27_15-16-50_6855.png,1547028,382f0a8733ac4472e5b50619cc0f65cbc90105c71b75cd60038b09571ab5bd3e,Train,Monkeypox,True,896,1152,ea36a8f0511e467693099173189f1edbe39926859401779c542a13170a034ab4,a216f427e04667d7,141.05509633866566
Train/Monkeypox/2024-06-27_15-18-43_4166.png,Train/Monkeypox/2024-06-27_15-18-43_4166.png,1507388,9d3de29425384e5945f64512929487d9ac378e90465b1998d547eb8377242429,Train,Monkeypox,True,896,1152,3c785d11cc3b1da05909decc4643d1089ca5c512b47372276638cbbeb2096aaf,277dc93221ed388b,121.94632103329613
Train/Monkeypox/2024-06-27_15-19-29_6762.png,Train/Monkeypox/2024-06-27_15-19-29_6762.png,1575805,9e7cc93318fbfaebfd20cba6b2de45d20a6c160f5ca94adb59c0dffe4179a99e,Train,Monkeypox,True,896,1152,27a0d75ba2ea84779b027e7a69a46736acc96c62a1ccbbebecc6e5eca8b70251,d7177470041ab5cf,117.30855887276786
Train/Monkeypox/2024-06-27_15-19-52_7589.png,Train/Monkeypox/2024-06-27_15-19-52_7589.png,1495869,562be268d074a0ffc0105b955632d6079f10ddc389cd2283844afa361a6f92a7,Train,Monkeypox,True,896,1152,baea15233b3361dcca9ea849356b32b66d6d2d00d803e538943bdbb04e787898,caca4a4da5652d4f,121.4960453093998
Train/Monkeypox/2024-06-27_15-20-38_3227.png,Train/Monkeypox/2024-06-27_15-20-38_3227.png,1711192,13398b8aabdae84124d905fea808dd8755765b25970ff5ef97ac6ac64835d6bd,Train,Monkeypox,True,896,1152,143c09cba1aab2829deb0f8c54500116f57daf8b55be7d5679f59d1629cce9bb,befc383430fd01b1,114.98970734126983
Train/Monkeypox/2024-06-27_15-21-00_4397.png,Train/Monkeypox/2024-06-27_15-21-00_4397.png,1609075,55d91e8ad31bca3339b4d6c1221d43addaa34c9edde574d7a4d7b8d1db01631d,Train,Monkeypox,True,896,1152,4b48a0d4deeda9c76f2ad5c8d3e1978adf67d3db0a73cdb570e4b964ac1b2ea3,45058d8f8f9fa325,134.2344709123884
Train/Monkeypox/2024-06-27_15-23-40_6019.png,Train/Monkeypox/2024-06-27_15-23-40_6019.png,1582136,3bc00cdd914e467eeb7ae851db85596b04c3feda8091792c45db173631f3345e,Train,Monkeypox,True,896,1152,2027c61f5552b3ce4a7e45ddcd66a375efe3e542cef88bd34ceec1dd3db9fcb3,a7e22a2724256dd7,137.12151324559773
Train/Monkeypox/2024-06-27_15-30-04_7633.png,Train/Monkeypox/2024-06-27_15-30-04_7633.png,1792598,b1db51dc27046d6608dda26c83fbdfe0d4fd5e1ce038acd4c6860aaadf3c4dfa,Train,Monkeypox,True,896,1152,d68c4815578dbc6b2c085de24fe4d45cf4ed66d8062f1e01d2ae7c028a6d5fee,a50af5aa50d14e77,140.4371076311384
Train/Monkeypox/2024-06-27_15-30-27_8136.png,Train/Monkeypox/2024-06-27_15-30-27_8136.png,1536075,ff703f3b95bf2bfdbfbcabfc0ffe05461238626e067b4fbf4a8f7154b954a6c0,Train,Monkeypox,True,896,1152,2d391874917a5e62dec39259684cde87f1f8e6d738f00f84b8cd9f632513aa90,89295a2c25cbf4b7,149.4072488451761
Train/Monkeypox/2024-06-27_15-30-50_6002.png,Train/Monkeypox/2024-06-27_15-30-50_6002.png,1526783,4c2c41d3f98b356bb184cd4e2f6f4f1e6d7a7f6b7c53589b209edcafe1adaab3,Train,Monkeypox,True,896,1152,71f3d84a30ae72f006e64057fda4385dd5d8d79711025e99c13e125ed655d456,91d8ca69d9da2527,157.80951121496776
Train/Monkeypox/2024-06-27_15-31-36_1699.png,Train/Monkeypox/2024-06-27_15-31-36_1699.png,1455498,e02fb70d3c11194abb1a02a5872a70d9f88be6ad2b368649fa626fe012383d86,Train,Monkeypox,True,896,1152,5990500066779e7bae8232db163cd0d1d5bc1dd10543d97edbeec4bda9b09a1e,c1cd4b0b1929e5b7,148.15890163845486
Train/Monkeypox/2024-06-27_15-32-23_9008.png,Train/Monkeypox/2024-06-27_15-32-23_9008.png,1748776,c8ae8c68052e57c69a86b4f5bfaa670cb62bac8aa0596fab52853974696c84c4,Train,Monkeypox,True,896,1152,f93e6694eb3fc393de0dbcdf18160b3f8f54838c50319a4178cb639e324d3082,070604dc9cdcddf5,109.9953099810888
Train/Monkeypox/2024-06-27_15-32-47_7431.png,Train/Monkeypox/2024-06-27_15-32-47_7431.png,1621869,5996428b515d32f1d8e45f0a7b2b33fa31b2e1d4ff5a3aa0288fe914a6541c93,Train,Monkeypox,True,896,1152,a1ba955eb4456a11c45d2a7dba8a0085af163253c5ff9143965e0e84b32ec09e,f261e083965d4d9b,125.78159586588542
Train/Monkeypox/2024-06-27_15-34-09_3777.png,Train/Monkeypox/2024-06-27_15-34-09_3777.png,1831455,4decbd3db4c49db2f6f142609d2e428a4ec0f86e931b2cbca39b4fb6049f5f59,Train,Monkeypox,True,896,1152,5c3385fbb7f40b78469b8ce16c2b9e870cb552cb93ed30ad7aa9a98e3c3be3d3,a23460c1f7eb4657,132.42827981615824
Train/Monkeypox/2024-06-27_15-34-33_4126.png,Train/Monkeypox/2024-06-27_15-34-33_4126.png,1593243,30c12204f4d4379d3820846e877fd1720f7977561980ea6b0742e31af583a0f7,Train,Monkeypox,True,896,1152,b7ce2ef077b6cbb49018e3f75993bd559bb6412d753657d602e9d4cbd0af7668,b3584787e3e01f0d,152.15531800285217
Train/Monkeypox/2024-06-27_15-35-43_4290.png,Train/Monkeypox/2024-06-27_15-35-43_4290.png,1649826,cbb0422fbadee075fdc1a75671ce5c994c272bf4b3f9a0c758733df00058ebcc,Train,Monkeypox,True,896,1152,dfe10cc4ccf42e9bd45701a6df8ef8508d3bdc35c84e50691a8678d07c0c7ca8,3ef824a0c61fc56d,135.33310081845238
Train/Monkeypox/2024-06-27_15-40-50_2146.png,Train/Monkeypox/2024-06-27_15-40-50_2146.png,1610334,94fa1473b0d63e552a694b8bee9f219e017b33bbc091a26edcaa720a1785f065,Train,Monkeypox,True,896,1152,6fff75c64e2f805b6953c4f70a2e0aec48d8e366ae81744b554ca7dd2d4438fa,7053f1490fc3e51d,153.91297936817958
Train/Monkeypox/2024-06-27_15-41-11_3913.png,Train/Monkeypox/2024-06-27_15-41-11_3913.png,1583053,8126aad71c06bcb6dd0e9e5bbbd99bb9301fe7a415590cd065b7b8980800e588,Train,Monkeypox,True,896,1152,d8080b99e5e83407df2549df74bc868187daa75a04f449877f2b73aade13f5e9,6107c3c21bc3be3d,152.24122062562003
Train/Monkeypox/2024-06-27_15-41-54_6165.png,Train/Monkeypox/2024-06-27_15-41-54_6165.png,1602882,513287ceb9f5033a1a7a6681f14f027688f47190f3097c75381382803ab444fe,Train,Monkeypox,True,896,1152,1c8635e4e5a7666c70651997b3c0241e0056b0a069044602c24cf84681bbd407,cbcbd2da250b24a7,149.61288113064236
Train/Monkeypox/2024-06-27_15-42-16_6387.png,Train/Monkeypox/2024-06-27_15-42-16_6387.png,1500454,96839ee6c74e9078ff5cb841a02e2ab576300bde8d84abcab46fe3800de125ef,Train,Monkeypox,True,896,1152,383ee022a76bec5b7b71724c56a0a8215925b158c1e1d661faad0661755466a6,7b89c3c3f3024d1d,160.81422642299108
Train/Monkeypox/2024-06-27_15-44-12_6606.png,Train/Monkeypox/2024-06-27_15-44-12_6606.png,1310516,901882f8875d083e5cfb47ee20ac29c3f3f799af7339029422efb06b3559b16f,Train,Monkeypox,True,896,1152,38c8f402920d5ecdad464d6628a439e2476c7c60124f1e6ca5847d0bee60ce6c,936bf324c2ecc90d,154.28019399491566
Train/Monkeypox/2024-06-27_15-45-38_9496.png,Train/Monkeypox/2024-06-27_15-45-38_9496.png,1488092,3d0847ecfe1d649ae64c1593d398f3a6928b4c77b798aeb037bf83590bab4d15,Train,Monkeypox,True,896,1152,e62d88d4a67b1564081aa885b93b12881cb504b7df42daa22ed767b0396eaee3,697c08e44e8fe91d,142.49556284102184
Train/Monkeypox/2024-06-27_15-46-00_6459.png,Train/Monkeypox/2024-06-27_15-46-00_6459.png,1535461,6306a2aaa9c4ea98cd7b2ae1b3d9cd543abc8f53bf0cd0e3214e5bb0c17988be,Train,Monkeypox,True,896,1152,f9a23168810066aaab240103d5f39f2353c8a82213abdc0d27b4a03dac98465e,c24387ea1e1dc33d,135.49148511129712
Train/Monkeypox/2024-06-27_15-48-09_8163.png,Train/Monkeypox/2024-06-27_15-48-09_8163.png,1396409,1c321ad512770f8787b78877980b18ddd9b7e99fc8f1a279e34476a890f32356,Train,Monkeypox,True,896,1152,2945181cedbc7919d227c3cd28ee0c124175b052e00b58bb88eeea84c6882852,9586dac624676d87,136.14324176122273
Train/Monkeypox/2024-06-27_15-49-34_9540.png,Train/Monkeypox/2024-06-27_15-49-34_9540.png,1389270,f053ecbb573481be587a7959f1501a69ae99e714d8bae0390b6062619962b66c,Train,Monkeypox,True,896,1152,5c0a8157b11f6252935ef9a317617884af1d79bc1f0b78d638d7160837013f3b,d05c2aac69c15bbd,148.55708821614584
Train/Monkeypox/2024-06-27_15-49-56_8367.png,Train/Monkeypox/2024-06-27_15-49-56_8367.png,1593865,7736afc38eb08f64e7b8d36b8d2258e9f8cef58fe63949d36180b1cfbffedb9b,Train,Monkeypox,True,896,1152,73d2550e40c9d0bac7596fc3d8b272b36715c674bd8719689fce8806304a1e0b,a17e03f4560fd30d,126.56659323071676
Train/Monkeypox/2024-06-27_15-50-39_9232.png,Train/Monkeypox/2024-06-27_15-50-39_9232.png,1479272,451375e62c3b30d213505c13a6c0ecaa59bd63d185b637c6c1f3821b88a2100f,Train,Monkeypox,True,896,1152,8a481a816c064dfc28c90f6bd07a00f2dbd3a14266518f7c639637b626f13f9b,377a2004ce9e8f6d,134.25768074156747
Train/Monkeypox/2024-06-27_15-52-05_8391.png,Train/Monkeypox/2024-06-27_15-52-05_8391.png,1577594,0f8402a26bcaf996bbfd52f323b6812f561265a087babd6eb9066f50b5eef998,Train,Monkeypox,True,896,1152,01c501a1abe54f33d86a03950325d08cc9aa3575e18421e0d7d5f3a34de5624c,37787404861f8dbd,131.34467327783977
Train/Monkeypox/2024-06-27_15-53-33_1566.png,Train/Monkeypox/2024-06-27_15-53-33_1566.png,1550635,a87b311d860e7f7b1f9d74b75165ed4d3c5e84a26b4f8ee74464acb3c29f6a9e,Train,Monkeypox,True,896,1152,9619cdfbef9e1da36d8edfbc4b8c8bb4340d985f3c4913394cbcee9e6b06b4ff,dbc9cd06e424a771,134.66254437158977
Train/Monkeypox/2024-06-27_15-54-58_1055.png,Train/Monkeypox/2024-06-27_15-54-58_1055.png,1379295,e9af9cc10c327275615ce3583a729221271501de7949125b6a3c622f5992dd32,Train,Monkeypox,True,896,1152,d3b592e000e0c97333cd0477380c5b3f58080b4f58a501fb082709a057526da0,d48e7921dbb42c87,140.25100756448413
Train/Monkeypox/2024-06-27_15-56-01_2331.png,Train/Monkeypox/2024-06-27_15-56-01_2331.png,1414971,6253d741016eae5db09923a14994816271ac900f7a11270fa4e7f12ad85a41d0,Train,Monkeypox,True,896,1152,ea47aec5e61e6c0a65ac2ab5313f6e9d311c59d35a4c6712eddd5ec6505440dd,d88dc9596c2487b7,138.16554478236608
Train/Monkeypox/2024-06-27_16-00-14_4345.png,Train/Monkeypox/2024-06-27_16-00-14_4345.png,1557004,b568012028e345418e2a9ff08708aa941762d28989a18b391cf57521bc3f9e85,Train,Monkeypox,True,896,1152,1349593be534e6448b163d63cb85bcae8351a135b5110aa097c5b4d1c96869a0,490d0f9fcb089cdb,122.09147135416667
Train/Monkeypox/2024-06-27_16-00-35_7308.png,Train/Monkeypox/2024-06-27_16-00-35_7308.png,1495607,64b419dd9b349dcf9097eaa8e276e1a1b70571216134be01fee96c0b1ccdf8cc,Train,Monkeypox,True,896,1152,45c0413b62c8b7965e2cfdc9786dff19684fbc30ca62ab86ed9c5c1c8b614410,64e1064f8fe9d50d,146.01265171595983
Train/Monkeypox/2024-06-27_16-00-56_6178.png,Train/Monkeypox/2024-06-27_16-00-56_6178.png,1489894,52bf6d005617a8feb642e23f5a291fbed6babc5bb7613a31006279c44f69d83c,Train,Monkeypox,True,896,1152,abc6da2cdb08d2812a6906653b6566a1eca40bf1dc812236f6022fd26f39d325,35704ddb71268d2d,145.7523154606895
Train/Monkeypox/2024-06-27_16-01-18_1261.png,Train/Monkeypox/2024-06-27_16-01-18_1261.png,1721945,86ff1194cd523ab56cb49f2c9a8cad32a340195db3e262017864cf923122e355,Train,Monkeypox,True,896,1152,ea93520e45afc305d63d8c8331c80e6ff13ac6c672e4471915813cbf7c626178,4ec22f3524552d9f,122.08753700861855
Train/Monkeypox/2024-06-27_16-01-39_3583.png,Train/Monkeypox/2024-06-27_16-01-39_3583.png,1576647,5642b0e6a41845addaf8a86435fc700fe1fc8a305f3b194f4e39a3905f8d1aa2,Train,Monkeypox,True,896,1152,d51bd497b57314e9969fa9d0d849e9694aadfdb83c243cd34efad0d373cb3ed2,5cf824e49e8f852d,137.79090905567958
Train/Monkeypox/2024-06-27_16-02-21_3451.png,Train/Monkeypox/2024-06-27_16-02-21_3451.png,1717427,7c60100a7ef4e00b1a357fb4e52ac5a8ab220852aa8139d84e06d89b1b705a27,Train,Monkeypox,True,896,1152,78420ce1787386998bbda875d635d1f2c44c9c4d8e7df21217dbd2c68af08c5d,6a6820a4f6b4d7b5,123.32268705822173
Train/Monkeypox/2024-06-27_16-03-29_1919.png,Train/Monkeypox/2024-06-27_16-03-29_1919.png,1698281,606e84d78bf8e0b1df735b5d82b873ae74d8801150ac6d38b1c92a80e178da71,Train,Monkeypox,True,896,1152,3f1c83b1035713f302b4ed801fd3c3e66ef6c21788113dda0caaedc90f5a1512,46e8e4869e1fa535,128.408688499814
Train/Monkeypox/2024-06-27_16-05-23_7051.png,Train/Monkeypox/2024-06-27_16-05-23_7051.png,1387891,fb4b49be3103ac74e9b3adf8c312265070f165c9269742149af82aa13e5b4dc2,Train,Monkeypox,True,896,1152,2fcecebc08278b4468bf13e563686df67cb7934121aec183b87990daab73a391,d20d389bd60643df,149.51193188864087
Train/Monkeypox/2024-06-27_16-06-05_8682.png,Train/Monkeypox/2024-06-27_16-06-05_8682.png,1584642,2bc0b9c458cf3f8599e39374793cfe3313b34f5d089744111817efac1efda83c,Train,Monkeypox,True,896,1152,11e887bd71cc5b7cabd08b17fd650ecf6dd31b8de7b0e4a1b258e964c2ef48ba,6d34a276a4b047d7,140.56427970765128
Train/Monkeypox/2024-06-27_16-09-50_4446.png,Train/Monkeypox/2024-06-27_16-09-50_4446.png,1658001,6dc6e7900d8fbee05de610d4b6c8943a60a63e748a2a07ba7fa1390455308f66,Train,Monkeypox,True,896,1152,7f2408ad2f1093a81ecdf0b5aa8033b3cb6cabcdfbe29fbdf0f424365b98e5de,8fcd71ec0c6b1495,151.68466525607639
Train/Monkeypox/2024-06-27_16-11-34_7850.png,Train/Monkeypox/2024-06-27_16-11-34_7850.png,1318337,2b08bb4042d83a3432e59b352322e2f09dbda6eaa429b105becd1ed8c60fe932,Train,Monkeypox,True,896,1152,ae953400ef847b1a877685398d9e3c33cdb6e5625805da985ecaba385e0fcb25,d359e1dcd01a254f,162.0861583891369
Train/Monkeypox/2024-06-27_16-31-18_3152.png,Train/Monkeypox/2024-06-27_16-31-18_3152.png,1408926,e06adefba374fd78ee793abd125ab561b8fdb8b826dac58b7651c5763259f4a3,Train,Monkeypox,True,896,1152,1e66b0c1bf0ad98dc16c9528152e89c24dbc7f78ad0a8ef11f05e3125a67d6c8,9c599773d00447dd,132.91325063554066
Train/Monkeypox/2024-06-27_16-32-03_5617.png,Train/Monkeypox/2024-06-27_16-32-03_5617.png,1621708,fe21f49855c1faafac412d3228d6f2cb06191a8a39becec065b887a431668770,Train,Monkeypox,True,896,1152,572e43b916c4325a1ccec6382cb0c8e13414f4e4c19891704fda5d29d4e35cf5,21921c86790f71ff,127.28249879867312
Train/Monkeypox/2024-06-27_16-32-26_5748.png,Train/Monkeypox/2024-06-27_16-32-26_5748.png,1538033,7f73c16f19cc743ddde21bc20f438d7f9f9f51cddfb3cbd3e04b6e9eff943c6b,Train,Monkeypox,True,896,1152,744f3796d4a8eef3febc474c84537fe464298fa010053209fa56c5f9dfda56ee,54cd887c90b5e937,132.93072800409226
Train/Monkeypox/2024-06-27_16-32-48_7476.png,Train/Monkeypox/2024-06-27_16-32-48_7476.png,1659196,c390e3742dae628f34a25a1b7ab35624759b41e6d859e081fb656699f5e4fda4,Train,Monkeypox,True,896,1152,e4306765fcc107083f2ceacf0f5f0185f77e0bf0724969694c63e3443fc8348c,802bdf6143e1e39d,131.44573005797372
Train/Monkeypox/2024-06-27_16-33-33_4013.png,Train/Monkeypox/2024-06-27_16-33-33_4013.png,1282781,5e4cb6ee32b5b56ad16252093f3a504a08e9b931df538aef843bd31943608468,Train,Monkeypox,True,896,1152,7b71f4d98ddd36b97785cb050099127937a2e5e86085a5b0407b35fa71c0c3bc,54a74c912ed26d97,126.21599566747271
Train/Monkeypox/2024-06-27_16-34-40_7486.png,Train/Monkeypox/2024-06-27_16-34-40_7486.png,1309672,0c691dba90dcf8976cbc98ffea44fc4c5bc20d4617bbb950ad062665d30cdee6,Train,Monkeypox,True,896,1152,34f4623b5cfad6dd2bd286e77c71c61fb3f6b385b8632877df981cf9dc59f565,64a46d68f852333f,150.0033172123016
Train/Monkeypox/2024-06-27_16-35-03_8076.png,Train/Monkeypox/2024-06-27_16-35-03_8076.png,1429189,5687b2c3e258caad91bb51f154e3caea19f05df7b44036db0dbc601155625aba,Train,Monkeypox,True,896,1152,fc6f3376b5675ead99e08c4b1573eb9ad61684887c5f38b77ee8bd2e7f602845,5949aa42d9682d7f,139.1830793108259
Train/Monkeypox/2024-06-27_16-35-25_1474.png,Train/Monkeypox/2024-06-27_16-35-25_1474.png,1368215,6a93f953bfa6d9fbdbd66dea99fad0d42ca69b093d57f4d256d99a236b0ac87a,Train,Monkeypox,True,896,1152,4f092fb5b32f0ad37bd64882ca9a04a750ba5805ca1a18b286b50caa4c9286e7,a81b3624ebf89395,108.08815220424107
Train/Monkeypox/2024-06-27_16-35-47_5319.png,Train/Monkeypox/2024-06-27_16-35-47_5319.png,1411422,9be3153ea3c66c20a09a2e6ed2cfbda494dd56c9c4e6150881a2affeff99ec66,Train,Monkeypox,True,896,1152,0bc0e397f5fda3f4f81bda64116c705e0de11d2cbe244ab1a91cc6c4a5759254,a5256c49f2c32f63,118.99481685577877
Train/Monkeypox/2024-06-27_16-36-32_4473.png,Train/Monkeypox/2024-06-27_16-36-32_4473.png,1282164,8c1209a36aaef1934ebbfcc5be059dc3ae7034150919639810ecb06912df2ecb,Train,Monkeypox,True,896,1152,99905d8cd8f67af3ac261a1715ebb7089986a519fc6b9848b93a56c19e459bae,390ce6d90d0329ff,163.59634835379464
Train/Monkeypox/2024-06-27_16-37-17_8421.png,Train/Monkeypox/2024-06-27_16-37-17_8421.png,1446509,8b3dfc88658adfde844f9d17dc9fdb0e43baf89ec33f7641f523e15e7a4be307,Train,Monkeypox,True,896,1152,16c9faab95905fc200fee3f9161dbdc152bcea7ac4b553fb7fc88ecb2d69e108,85a90c87c2afeb53,137.2997310577877
Train/Monkeypox/2024-06-27_16-38-42_9869.png,Train/Monkeypox/2024-06-27_16-38-42_9869.png,1604286,e7f9516d4dbde98ad86f2fa0760e08c6e8676bfb2e5cd3cbd7ed247167a3b33b,Train,Monkeypox,True,896,1152,d8892cda7ffa484f657e81bed9d43ac59ddd125405e7568004b869b52412959f,3524f4a654552ddb,122.83568076481895
Train/Monkeypox/2024-06-27_16-39-03_5719.png,Train/Monkeypox/2024-06-27_16-39-03_5719.png,1636613,ab4845563a56741ad3589c18bd31a4202f0adba21ac0604d071b6ce89eaf7c1a,Train,Monkeypox,True,896,1152,b7a7e916780a12ceda02e9c0e557f40eb675a16739d37d291db0c4d8b18a2d0c,aaee072725a5258f,114.7824212937128
Train/Monkeypox/2024-06-27_16-40-07_1407.png,Train/Monkeypox/2024-06-27_16-40-07_1407.png,1460147,0dccf0cbedfe3a77637fe7d5a4d62aa05c05706d273c46ebe8f642d21e1c7992,Train,Monkeypox,True,896,1152,8c6882619919f9c2dd57025134a43e429e0a7dd1d324bbea22744041608132de,28e88a2e66d6571f,125.32110305059524
Train/Monkeypox/2024-06-27_16-40-50_5478.png,Train/Monkeypox/2024-06-27_16-40-50_5478.png,1443849,cfcfa897306af507e139e3851252ee681e1521b157901b81d5d7ee1f175eb8ce,Train,Monkeypox,True,896,1152,1817b375d7bee4e9c4edda992200e7b16efd7312f3e5c8c06c7cfff1a1aeab96,d05a4e4e96b4a58f,107.34951249379961
Train/Monkeypox/2024-06-27_16-41-11_5769.png,Train/Monkeypox/2024-06-27_16-41-11_5769.png,1464728,01e6d8211c023092700c003e220213ca758bd89a32f1d34366954aab0cf26f20,Train,Monkeypox,True,896,1152,3f60e74b850f50e1f07b64090f0cf166b1c70d3a46e3be3e71adb65ab99a0516,e04a25ed0d9f8f25,123.94136071583581
Train/Monkeypox/2024-06-27_16-41-54_5120.png,Train/Monkeypox/2024-06-27_16-41-54_5120.png,1604743,1b2b3588513306a891eac862e5af84b31e86118ef27cce7f6f535b0816da8d01,Train,Monkeypox,True,896,1152,deaae2086e756b7edba987aaa7b9ead40cd98689866e8bb2a3a41314d49773ab,0e36263662721fcf,107.8475332108755
Train/Monkeypox/2024-06-27_16-42-36_8358.png,Train/Monkeypox/2024-06-27_16-42-36_8358.png,1705678,522030bf3d7f666f709380627d60995680ff2838edf1499f0c61272e65a419e4,Train,Monkeypox,True,896,1152,c84353b797504be4d2bc96fd06f3034083af6986e66aed460f79f70f5cb43f8d,1d3535353475059f,108.56962754991319
Train/Monkeypox/2024-06-27_16-42-58_1820.png,Train/Monkeypox/2024-06-27_16-42-58_1820.png,1375686,45b3b3e35c2d12d95e6fc0042f0f9e46548051e55efd38c87edd34cb7f772d78,Train,Monkeypox,True,896,1152,53bc6e17f59f520bf0e5b06e70c47820aeccf6fb87dcc4798f45af03d4b31df0,d3e32179cb44a587,130.18533373635913
Train/Monkeypox/2024-06-27_16-43-19_6594.png,Train/Monkeypox/2024-06-27_16-43-19_6594.png,1460662,e502e758db90c85828d3bf1979cfcc2cfb37ee71c12716101a01daf4ee413241,Train,Monkeypox,True,896,1152,d343583424bd07bc406b37e37bef62ff7bcdc60288cd081b834e7af500b22f5b,caca0e9e24752d1f,115.45155261811756
Train/Monkeypox/2024-06-27_16-44-01_1098.png,Train/Monkeypox/2024-06-27_16-44-01_1098.png,1549528,8da4fea2b22c06214725303003b9ff6d98fc9aa76bd3d962de8a9fa0e3fa3326,Train,Monkeypox,True,896,1152,de1a2d7258622ab8b3288a4ee9e4e61ff52527792b969f21be9c6772ff73dffc,8187079e1e5e9735,120.69771902901786
Train/Monkeypox/2024-06-27_16-44-23_3413.png,Train/Monkeypox/2024-06-27_16-44-23_3413.png,1564441,690786a021a42bddf454310158d249aa03374dc0616a6945f9dd2cc5ab8dca1d,Train,Monkeypox,True,896,1152,d4b72c9b91d7483dc8f4a778a64559f1c4d69ba585f21499ce2a3a6c4122ca8d,0b3785352575159f,124.500732421875
Train/Monkeypox/2024-06-27_16-45-06_3027.png,Train/Monkeypox/2024-06-27_16-45-06_3027.png,1553523,d05c0ebe803fd9de01c087fa5c5c0ce4acbc2d03dc54bed31d57be50bc103505,Train,Monkeypox,True,896,1152,23f95163ca5edd66fe1ef5ba3e1dbb96e1e1ee130950b719c49b6c6ab14b317c,24a44ecece5f0375,120.19994729662699
Train/Monkeypox/2024-06-27_16-46-36_6608.png,Train/Monkeypox/2024-06-27_16-46-36_6608.png,1533401,717a4b0d4852b9c0487da4e5c73a009bb3860a2e853067c784bb731b36cd29e1,Train,Monkeypox,True,896,1152,cbfd85f84b5e774ff5b7d719024753e143d237b92c19423d2d5dc6f2c475669d,0f6e2e347070759b,102.06524948846726
Train/Monkeypox/2024-06-27_16-46-59_8373.png,Train/Monkeypox/2024-06-27_16-46-59_8373.png,1676195,b2bc79fb5368a0829e2aff50ccbb445e9c244652e060979cd93a6c69e9465770,Train,Monkeypox,True,896,1152,d8da44b6a55351892c78e24740e871c2a04b0ad141af368c7a5858c416b3c191,0f8ffd0f44a2609b,71.81324501643105
Train/Monkeypox/2024-06-27_16-47-45_4595.png,Train/Monkeypox/2024-06-27_16-47-45_4595.png,1474695,1f574b86a34bfe54da086bbad3aa60d85716ad8b08c427a529ca9b998433a340,Train,Monkeypox,True,896,1152,426f09881cc03afe56c7b2a7b91b093e580fd5341548e1e6cac500a59936bacc,b7d7823220e42df5,126.58953469897074
Train/Monkeypox/2024-06-27_16-48-30_6053.png,Train/Monkeypox/2024-06-27_16-48-30_6053.png,1546528,ed0163cd2cde896ab409a45f16b7a23634e3c8a9967844407757a28efbb3c9ae,Train,Monkeypox,True,896,1152,5286f2ec3099d2ff1cff33ac0753417289b76c8369d205f5ee0aea895feb156f,0d1d4fde8cd50335,124.70949106367807
Train/Monkeypox/2024-06-27_16-50-00_1112.png,Train/Monkeypox/2024-06-27_16-50-00_1112.png,1491030,6af7f14bed670d449a4b42acfe32fce80efbf43e673a7ba4c5971eaec8d64647,Train,Monkeypox,True,896,1152,186c63738ed0b23b462f5cc622bce9190144a862d93cc71d42f7151926104c5d,3e60e1cbb9b08f85,136.89331732855902
Train/Monkeypox/2024-06-27_16-55-34_9688.png,Train/Monkeypox/2024-06-27_16-55-34_9688.png,1675650,99a74d4edf506fc28fdeac7611d689124428a0f084d8ac93dac3462798f40f20,Train,Monkeypox,True,896,1152,fd6a5f315263b93a3c2043db699b464eb07f122210418012d6d90f5cc5020710,b5d4dc9a5a4a9b21,91.21687437996032
Train/Monkeypox/2024-06-27_16-55-56_6429.png,Train/Monkeypox/2024-06-27_16-55-56_6429.png,1590230,665981c40d4969ec04c67772e01b03c34745fa74b4629d77c6b7c3addfea28a1,Train,Monkeypox,True,896,1152,b064f6e336781ab810788078d1f222bc82c13b70394f172d436de7a65a85bd8c,1515570d2efd8175,120.69044518849206
Train/Monkeypox/2024-06-27_16-56-38_5831.png,Train/Monkeypox/2024-06-27_16-56-38_5831.png,1306663,6ccca0341b7f91e8089608db9fb95a4a56d1cd91b52f50db356b43d049fedb5f,Train,Monkeypox,True,896,1152,c45a306c49dc3a097d73328ceefe9c88fe7b573d95dffec0b8fa8aa91fe7bab3,93dac2c9db582c0f,147.7721916077629
Train/Monkeypox/2024-06-27_16-56-59_4214.png,Train/Monkeypox/2024-06-27_16-56-59_4214.png,1620066,cff1345da133336585c4c09a43f5f014d5a71209f4ea73bea68f30070d7caa75,Train,Monkeypox,True,896,1152,b88117eb79b243a634868a82978e0d21550c2a3f89df2c34718d121711549c2c,50f5d4d0347a45cf,109.03052532862104
Train/Monkeypox/2024-06-27_16-57-21_7770.png,Train/Monkeypox/2024-06-27_16-57-21_7770.png,1492966,f10b907b766e0b974bf578443f907f0315e4fee41fcbb39f9dec9a55195600c8,Train,Monkeypox,True,896,1152,fa6c423a41e285957b6fb4d31cd0829509434a38aa9831cdea395fd77b58f12f,9ad6aa342535259f,116.80860925099206
Train/Monkeypox/2024-06-27_16-57-42_6530.png,Train/Monkeypox/2024-06-27_16-57-42_6530.png,1627885,af72d5cdcd4991c171fe641e7160a070bb834ed457be81db5ae9c90599b56287,Train,Monkeypox,True,896,1152,449d91530667e8665a2e22c40d7dc04da5c2eec4e0e0b9763f3c3c62b9748bf6,9f8f5a4b20f50175,100.9266367109995
Train/Monkeypox/2024-06-27_16-58-47_3044.png,Train/Monkeypox/2024-06-27_16-58-47_3044.png,1622638,79d8306412ad4253ef7093348b5d0b3d09d4cc4e5100c1dfcb840f0ef8252d79,Train,Monkeypox,True,896,1152,e9238937bd84903c907af8f0f50a1ae3d4765252854ba5832da543437e33f663,0557157434575d9b,115.02714417472718
Train/Monkeypox/2024-06-27_16-59-09_9054.png,Train/Monkeypox/2024-06-27_16-59-09_9054.png,1613102,ebb2329fba2448a6dd876010cb2b6d73c108fbc5b40809701a60644ac3e0efed,Train,Monkeypox,True,896,1152,fc6333b36bf174d2ae636842306d8e10a1528df3e96d279b74dc7711b50decd5,6f057e0430f74b8b,112.70889911954364
Train/Monkeypox/2024-06-27_16-59-54_3134.png,Train/Monkeypox/2024-06-27_16-59-54_3134.png,1488332,908b2026776027a738601ef73ddaa0f264a1b5af4219e83eb0a2cd8a050f2d1f,Train,Monkeypox,True,896,1152,7caff68f8bfee504252caebd5f58c85c3478a13a9e1351462839e8c4be813cd2,0a6f0f352575258f,133.604495093936
Train/Monkeypox/2024-06-27_17-00-17_9938.png,Train/Monkeypox/2024-06-27_17-00-17_9938.png,1534731,ad0fb8da7f5bd0c68b9f1b82f4a00ede7da405876fbd8484109e5889778b7d46,Train,Monkeypox,True,896,1152,6b5b4dec8ed9a8de631aa02b6c99c6fc0405e3429082e622bca86a57258ded1f,2c2ead054ebd5725,126.93257746620783
Train/Monkeypox/2024-06-27_17-01-01_1172.png,Train/Monkeypox/2024-06-27_17-01-01_1172.png,1637230,48bef70e1f061c19d988ec0f8d1feab4bee54e482cd4fe4ecfc35a05e9fa084c,Train,Monkeypox,True,896,1152,b27a6bf673c17921463f8fe4a4f469324a24ce0a943d62d1bfbe9708b61ca2c9,9ec21ea8fe1d0175,124.43920510912699
Train/Monkeypox/2024-06-27_17-01-46_2080.png,Train/Monkeypox/2024-06-27_17-01-46_2080.png,1421906,48871a82f347da33558bfac1fa20fbe78b64415645abd1abf51dd984a4dd7cea,Train,Monkeypox,True,896,1152,890a50f7f4071cb82b697e9a75dd744a5a251221f9888ef1d045ee761ad76502,2f018f8d8f9f4525,129.78756762307788
Train/Monkeypox/2024-06-27_17-02-09_2490.png,Train/Monkeypox/2024-06-27_17-02-09_2490.png,1620798,e4ff0f0c90e51aeb5758123414e28bbe3878d70e5ab4b01efedbe3e749c97525,Train,Monkeypox,True,896,1152,83f749af6a3a88324116085d5c185c2358ce46c2d7549eaef8d32c7c02df9337,d0d0da5e8e24359f,130.53893267919148
Train/Monkeypox/2024-06-27_17-02-55_8647.png,Train/Monkeypox/2024-06-27_17-02-55_8647.png,1687829,905aedc447ecd443fcc92b3b3593bb459b33c384ed18fed02796e16c107b1941,Train,Monkeypox,True,896,1152,31f51ac101d2a9e162370d2b80fa758d38efad8b1d9f0a67a99593c6482df8a8,62064e4e5e5e4f35,110.82909574962798
Train/Monkeypox/2024-06-27_17-03-18_2198.png,Train/Monkeypox/2024-06-27_17-03-18_2198.png,1588870,54f8dd7c4ce9c2d284d61d323834ff3e8a4cf1c291ce450d83e7292255f06542,Train,Monkeypox,True,896,1152,7d519d09e646787bc52e98bdfb6023790288c6c96fa9ceaf01fbb55eeefc0b57,01058ddf0f5f07e5,125.18207174634176
Train/Monkeypox/2024-06-27_17-04-03_5055.png,Train/Monkeypox/2024-06-27_17-04-03_5055.png,1545603,319fb778fbe7c9ee6cee870a21e2b13f5f9408b2b5377dcf93acf460ec90f544,Train,Monkeypox,True,896,1152,9240cc6800f99685fa1d3ead62497757ddc331be156f67891fd6d9b5a4f1ea91,c7cf3eb420607593,108.33535330636161
Train/Monkeypox/2024-06-27_17-04-25_5570.png,Train/Monkeypox/2024-06-27_17-04-25_5570.png,1613758,3f58b5c6e524360d57e0f24f3032ee693982b1891adb1986f3ebf58a54060271,Train,Monkeypox,True,896,1152,2a5a2e5f9a13e852f11756981a4e489e9d94f3e8207ebaa9d94511537f722456,543570f4d4527d8b,115.29858882843502
Train/Monkeypox/2024-06-27_17-14-01_5519.png,Train/Monkeypox/2024-06-27_17-14-01_5519.png,1513207,ed77cca7f72a48a2ea1e90e8f817bbc39889d87a7ef74127c9de09c9e0379349,Train,Monkeypox,True,896,1152,d474b6ba35653df70547c023e3c467e41af9b36bd1086e26d19be1ac8152bb00,d2f2f8b0705225cf,96.77848016648065
Train/Monkeypox/2024-06-27_17-14-24_5816.png,Train/Monkeypox/2024-06-27_17-14-24_5816.png,1548927,26da9930c18200155745b44bf27d79dc9277c1d92f91eb7aeea0a3d03b15e8e6,Train,Monkeypox,True,896,1152,6ff3114de8fc35967b5a442975ac5196b4c9c2ece32658d829e1763cc7a2df8d,6d6275b40f0eda31,113.04486471509176
Train/Monkeypox/2024-06-27_17-15-31_7213.png,Train/Monkeypox/2024-06-27_17-15-31_7213.png,1526766,977d8e7d293c8ed28b49945c2b7d7e48cd038b6d870af783a83e91b603ceb76e,Train,Monkeypox,True,896,1152,9cfd1b6b304c6f4537668bb3ca7bd5920aef486cc61d6caadc3d2489dc706b19,1c38bc9e9a3875e1,112.83283245752729
Train/Monkeypox/2024-06-27_17-15-54_6385.png,Train/Monkeypox/2024-06-27_17-15-54_6385.png,1633293,d3ad4dbe4d13919b42bc021d42d1a7604441e189bec77f968b9924cee8c315b5,Train,Monkeypox,True,896,1152,0fb06075398fdcf1b37f815d537bb31c9cf67d8698c88af1caa6a71008a2ff02,4ffcfab020e0619b,92.04938131665426
Train/Monkeypox/2024-06-27_17-16-40_3413.png,Train/Monkeypox/2024-06-27_17-16-40_3413.png,1699093,80881492eaacca3023b640193c170c33cfd8eee1d656a7796aa987da4f751bf9,Train,Monkeypox,True,896,1152,2a52d7207dd4b21c779d2cac53c03fe62011743c20880de8d4459fa2e985f90b,bc30203762cfc775,119.13809252542163
Train/Monkeypox/2024-06-27_17-17-02_3853.png,Train/Monkeypox/2024-06-27_17-17-02_3853.png,1559609,3b04e4d400d311e25e2703d75325469f9a7ea7394209dc6c4521b009757aea22,Train,Monkeypox,True,896,1152,0bdf5e47345c81a38c882b77dd64fe242e3888e41a885c8f49d7cdf480d49a13,87073535a517358f,121.87540690104167
Train/Monkeypox/2024-06-27_17-17-47_3325.png,Train/Monkeypox/2024-06-27_17-17-47_3325.png,1573084,84f9a67f960e3e6436ee156b4ba46b329a2311872398a9911fc00affe2bd2c34,Train,Monkeypox,True,896,1152,b6f088ca896022e3b03ba8b75076beab4f40289e37aeb43cddd70ea1121f3e67,d705c17941fd05cb,113.8245849609375
Train/Monkeypox/2024-06-27_17-18-10_5638.png,Train/Monkeypox/2024-06-27_17-18-10_5638.png,1601579,85ed0ce63f6f8fc47fbdff9a37fd432246f0799e57c3a2692d3c47f97d0225a3,Train,Monkeypox,True,896,1152,68c86f2538886ce47e4b5db18cd624f38c0d08cbdb84b2a53b7a816cb136738d,6ae8be5a4ab8d321,92.17266264415923
Train/Monkeypox/2024-06-27_17-19-17_3908.png,Train/Monkeypox/2024-06-27_17-19-17_3908.png,1536464,28e18b2dd1c06cad16210ca67b8d13c2cf4fe43012cc80fbb020208c2324046f,Train,Monkeypox,True,896,1152,90c79fbbfad603de1cace43254dc4f9b9556b400fcb0336b5324132408b25bd8,2535a5f50555299f,111.23843044704861
Train/Monkeypox/2024-06-27_17-19-41_3959.png,Train/Monkeypox/2024-06-27_17-19-41_3959.png,1572336,4f3a3031ed0b745d38f2448bd654bc07cba0d823bd214a59de08e475e55e55e8,Train,Monkeypox,True,896,1152,ed7c8f655d3db97005c77b0037c6a6882e3cd75f860085a3bab0caccdc2f84ae,058d0d1f8fcf8725,115.8275165860615
Train/Monkeypox/2024-06-27_17-20-03_5247.png,Train/Monkeypox/2024-06-27_17-20-03_5247.png,1651432,9033ebe34c7b944ebfd2d18151a426a03533cb567f6e9850ce88ea28e161c9d0,Train,Monkeypox,True,896,1152,f6a8cba998b41a5d7c0be317ea14c23b7700f9db80c94b0e0e66acbb6aa25e12,0e0e0e5c747455df,100.77320982917907
Train/Monkeypox/2024-06-27_17-20-26_3353.png,Train/Monkeypox/2024-06-27_17-20-26_3353.png,1602728,e4171788e12ae03dd9f0eee1bcdba47e74593f2464b2f719bb15b370fa19d8d0,Train,Monkeypox,True,896,1152,3454ee804c86fafdfc44841b904827020e4854e3b88c703c4f00c68ec498e0dd,cf8f8fce3420e08b,78.390867203001
Train/Monkeypox/2024-06-27_17-20-49_3731.png,Train/Monkeypox/2024-06-27_17-20-49_3731.png,1532008,486943758200f407fd876ec97e5008086dc9c6897c54174768ea5be52f48a5ce,Train,Monkeypox,True,896,1152,06d42e31cd88bf84914f376e28870adad77c58659e584615466ff35d67edc9f7,3e3434a4ae0f83f5,119.5192154172867
Train/Monkeypox/2024-06-27_17-21-57_9210.png,Train/Monkeypox/2024-06-27_17-21-57_9210.png,1835922,e101199164850a04680b313384adecd9c66e8545f14080ede3eeb16fffd588e3,Train,Monkeypox,True,896,1152,8998b84a0ff1293e42be765ea89c1e18e653fe3bdad400dded207d7c8e795076,8d0e5e0bde5d0175,113.49321056547619
Train/Monkeypox/2024-06-27_17-22-42_8732.png,Train/Monkeypox/2024-06-27_17-22-42_8732.png,1620172,c06532fa6b6757b6e222c956008af426b6ecace5aed78facae116b49979cbe5f,Train,Monkeypox,True,896,1152,7b6aa6d8776d148e1c9490fc02bb8b028ce5fef9ea6e233299cf5c9c8ec191bd,402d85df8e8fd721,118.3080560593378
Train/Monkeypox/2024-06-27_17-23-05_4449.png,Train/Monkeypox/2024-06-27_17-23-05_4449.png,1687648,a5432037bdf5b6ae68d39c4af81493e229e21ef365b205ab604f0aa2727952cf,Train,Monkeypox,True,896,1152,707ae1d89d0ec99065de4d63fb3971663cab32312b517b420a19514eb9d8f93c,0305871d8fdf8735,121.21924893818205
Train/Monkeypox/2024-06-27_17-42-30_9573.png,Train/Monkeypox/2024-06-27_17-42-30_9573.png,1535516,05c2cf4331dd97a145263f2207a38935ae28635648d6b75ce21709410b079f4b,Train,Monkeypox,True,896,1152,5be4c6ae115dc6a9423e516b9c3c7a36bb43b732c4fb94dc79e2d35e0780202c,42425ae0fd9c9db5,143.32942708333334
Train/Monkeypox/2024-06-27_17-42-52_5360.png,Train/Monkeypox/2024-06-27_17-42-52_5360.png,1656570,7c19de0c57a6da25d459cad946ac25a553646b427fb74b4c02b7702626f87c53,Train,Monkeypox,True,896,1152,72082bbd33db9038fd099a2bc7794087c97486f7f3d5000128be212b235231c6,496b694524356d9f,126.58763776506696
Train/Monkeypox/2024-06-27_17-43-15_7289.png,Train/Monkeypox/2024-06-27_17-43-15_7289.png,1538404,18b4609ffc58f5981e4f7b4e685c519121bea82a65c9e0c7c69fa1c36c85b604,Train,Monkeypox,True,896,1152,a9f89e0f3575c0d8f9672ccbde5cabfb598bc0c5b7e52603f728f5d6657292e3,582a2aad38fb8375,119.08263385106646
Train/Monkeypox/2024-06-27_17-44-23_2865.png,Train/Monkeypox/2024-06-27_17-44-23_2865.png,1661236,e095a150444223b71bf3367f30a53880a7336e9155e9eaf6de1a522f5ff1813b,Train,Monkeypox,True,896,1152,49f19753eb3b79f9a0ad902470682d6486526bc2719b2f888f1d1a521a5360ca,1d0d1e19d6f90375,134.71484956287202
Train/Monkeypox/2024-06-27_17-45-32_7703.png,Train/Monkeypox/2024-06-27_17-45-32_7703.png,1487621,1f0829ebdc108be5311d8a67995c1525b0264384f02813b34902e705d59e7a38,Train,Monkeypox,True,896,1152,111ac5c405d42c28b9fed57a5127336a9d174095ab2e3eabb2c28f1aa743dfa2,221727b5a535259f,134.74174475291417
Train/Monkeypox/2024-06-27_17-47-02_1358.png,Train/Monkeypox/2024-06-27_17-47-02_1358.png,1539672,a15f7aa5ca4167d2bfe79eada7e2c53c96b876e4ecce66fac214fb8fafb36526,Train,Monkeypox,True,896,1152,47807f0b963f2cbe53792813baa1f9286a93d582f9d5529d86eda2da03404993,1f5d5e1888b0d765,129.0135507734995
Train/Monkeypox/2024-06-27_17-48-34_9805.png,Train/Monkeypox/2024-06-27_17-48-34_9805.png,1497262,dc714c39988eeccc843297c8e9baf6adc401e158723feb765b5511549f081e23,Train,Monkeypox,True,896,1152,7b8f68e1dad034258222b25b626b340139f75377fd68d25682fb6ebdf84a90bd,90a33421f67789cf,125.76035950675843
Train/Monkeypox/2024-06-27_17-50-27_3590.png,Train/Monkeypox/2024-06-27_17-50-27_3590.png,1710463,1b2adfc4b835ce455648fa5d86f91bec43b4daa6fecdfecd6076cf3f8c1648b4,Train,Monkeypox,True,896,1152,afb870b559c86121c900e16a81c485f0b7b9577e7f93e30f92873b6df4c6b697,5725f4a186471d9b,119.04900929284474
Train/Monkeypox/2024-06-27_17-51-56_2290.png,Train/Monkeypox/2024-06-27_17-51-56_2290.png,1334730,778d0e2ff7d11b246212421affa5d6565acba810f16d8b696d75be5311cbe2a6,Train,Monkeypox,True,896,1152,d7e1f01f72dbd765c01f7c3a27bf927da6d044eb8cc3095681b4ede94f276d4b,6be3e26d49c2a525,166.74955531529017
Train/Monkeypox/2024-06-27_17-52-40_6836.png,Train/Monkeypox/2024-06-27_17-52-40_6836.png,1691880,82cc9edbcdc62525703e0d5ca3107877bffb0e284feedd4e3fb52a2e43bdb0bf,Train,Monkeypox,True,896,1152,7b687d7b0fb5fe8878fc665de718161b2d98b0c44a3a85099f52c66c152f0287,f72c702b0217ad8f,125.52480255611358
Train/Monkeypox/2024-06-27_17-53-03_4787.png,Train/Monkeypox/2024-06-27_17-53-03_4787.png,1504726,9dfc5b0bebb49dbe6d61b3d19d783aefc226af0eefb67ffaec6144070c1909b7,Train,Monkeypox,True,896,1152,8894278795c78413bd4c979278233e78334b8a773c1bc546fa0ce2d598d6177b,8fa4e00f95825e7d,138.32856871589783
Train/Monkeypox/2024-06-27_17-53-25_7938.png,Train/Monkeypox/2024-06-27_17-53-25_7938.png,1621755,c6aa2601bf99502ddedd23706c4137ae828700c7a236ea4218f076996470b5fb,Train,Monkeypox,True,896,1152,f95ba47ed2fe3bcb73e749ccd258fce9cdb1fa1364f6c8523df6967d4d045fca,0ade8a172475a59f,119.89575873480902
Train/Monkeypox/MonkeyPox (100).jpg,Train/Monkeypox/MonkeyPox (100).jpg,3870,c9d804f6c8b442bb218d9955b809bb8e77e05f6b67a64701ba43dfb7690314e9,Train,Monkeypox,True,224,224,ae17beb6b8e05ace643d3399457f45e99b1ff8eafa6512ef6d14fb406f8c40fa,862659fee4191b65,120.45145089285714
Train/Monkeypox/MonkeyPox (100).png,Train/Monkeypox/MonkeyPox (100).png,62394,3b0cf9429b3e1498c9902429ba245d68eef816373fa1e58e48cd526f75194f6b,Train,Monkeypox,True,224,224,f143cd2627bf171da69412bd46f226ad60d05f50fac6b526d79aa5d44c844746,06e3139f00ff81f9,178.8704161352041
Train/Monkeypox/MonkeyPox (101).jpg,Train/Monkeypox/MonkeyPox (101).jpg,2567,2572298632fcff2830714011858b3b679f7a560885caaa439b9f7000df5c1b35,Train,Monkeypox,True,275,183,b8b794bdead61fdd33df7fd0eff6564624b8936c66b5c2efa3afdc347915edde,4dfaa29da1f2cb01,124.22545454545454
Train/Monkeypox/MonkeyPox (101).png,Train/Monkeypox/MonkeyPox (101).png,71158,504e3c0a9a0b77006ff73771f8ee46131559c0cc825d559c0d854bc14c92f9ca,Train,Monkeypox,True,224,224,826ab306eba816975b9896ba174a8cd9a271b7d63fff4c956c1a9fe2ec9852f2,09d912f6a5e90bab,151.98393654336735
Train/Monkeypox/MonkeyPox (102).jpg,Train/Monkeypox/MonkeyPox (102).jpg,2835,e5053cbe9aa65c5d8030542308a5b079996fa155ff3c45140ddcd5da114c995d,Train,Monkeypox,True,297,170,f709f09c399ffca871be881f9a10899b45b2cbe3f01e624d39a4c428bf5cf77f,3a55e8b83815e6ab,203.81711229946524
Train/Monkeypox/MonkeyPox (102).png,Train/Monkeypox/MonkeyPox (102).png,77470,d089663f37d3f8a88a27aa8759858d8e3593f53072c93bfb44adc563634d57e5,Train,Monkeypox,True,224,224,76ffc6221c455f5a6420611d5acf0ed70b5148f19a51fcce9a7c41ce3951a6a8,169c2ba8bd6d9625,128.71542171556123
Train/Monkeypox/MonkeyPox (103).jpg,Train/Monkeypox/MonkeyPox (103).jpg,6776,c9dfd6fb0de4de3714b89ffc5d4334e52328ae256a16bb013ba97c2907ce8a17,Train,Monkeypox,True,334,151,83506ba63dd10e4e4e135fd027c89eac8902f448696c0ab584e78dfcf9f31c7b,50b1bcf4ac227a2f,135.5911290002776
Train/Monkeypox/MonkeyPox (105).png,Train/Monkeypox/MonkeyPox (105).png,80418,907310df64f002ea59e03e7a69ab68af52a93a42d2a692badaa139d902babc0e,Train,Monkeypox,True,224,224,3ce0330ce58856c5b6af987a0be463be1e93c43be2a613cdafb81369aacc9c4e,2d78fc402c75ae87,81.85957429846938
Train/Monkeypox/MonkeyPox (106).jpg,Train/Monkeypox/MonkeyPox (106).jpg,5246,dc82f03a907c61d8b6f07f78ab5f37340a6359dd478eaabe78aa1afee4e62410,Train,Monkeypox,True,273,184,b66f820d1dfffcb01795b7df57274e793dc53ff83d0672398b74a7cd6adbe282,1e1b9f549152e2ab,113.09213250517598
Train/Monkeypox/MonkeyPox (106).png,Train/Monkeypox/MonkeyPox (106).png,110920,dbd32595e42b3ed683105b0bb326c0189b51f902fb10caa699fa5110123f454c,Train,Monkeypox,True,224,224,ab1a10a821eed368c0cbdd028fadc1283f753b957080a58d896968c4e77935da,de426b1dbd3080dd,73.29747289540816
Train/Monkeypox/MonkeyPox (107).jpg,Train/Monkeypox/MonkeyPox (107).jpg,6257,9efa554ed8dc89f8977a9e28657c32428869014ead857cbc9df4ce0d95affdc2,Train,Monkeypox,True,300,168,9296142fe862c5eb867d141cc9e38062d2dce8e6b7ee674b8a6e14dcd7f6d61a,19a5b6e21a72c4cf,136.17107142857142
Train/Monkeypox/MonkeyPox (107).png,Train/Monkeypox/MonkeyPox (107).png,52997,5c5588be21611f01944159188a81589b54383ed364757b22a47c5f085917b076,Train,Monkeypox,True,224,224,c76efe73f14111acdc9f07ca85ba455e543a90ea753b95bfc75e8f205a48dac7,53791cec433838e7,90.60030691964286
Train/Monkeypox/MonkeyPox (108).jpg,Train/Monkeypox/MonkeyPox (108).jpg,6213,f86234868c4f8b9b86e25c71103a9f2a15d4879e5312ceb9d0344a8f6e972e34,Train,Monkeypox,True,273,185,6b2cead8d83c8c8624162cc3b1f84452d4065dea8fa56992769a16b62abf3517,451cce4e75550d57,184.43136323136324
Train/Monkeypox/MonkeyPox (108).png,Train/Monkeypox/MonkeyPox (108).png,89246,8589aaa43ab218c5aec2f4dd894673adc1a9b569b45d3da2f02e9663d2006108,Train,Monkeypox,True,224,224,6ae745aa33fb2238c1c1bb22403d67fa5bc58953e6cd41933b066ff88130621d,333bc457186a23bd,151.4775988520408
Train/Monkeypox/MonkeyPox (109).jpg,Train/Monkeypox/MonkeyPox (109).jpg,5759,21f2d39cfed59ef6d5c6b31614120851e069ae7845f1b992ecd0f1606979d3bb,Train,Monkeypox,True,285,177,003416413b054fe182f8c6e4ab78b0b01fb6b97a14f29bb171b45a34ee7bd64a,0bf022da54fcff01,150.38608385370205
Train/Monkeypox/MonkeyPox (111).png,Train/Monkeypox/MonkeyPox (111).png,97485,21ad975af5b9071729dff0aa992d14bb584dd3575f42c2cbd8982e7ccbd45a87,Train,Monkeypox,True,224,224,16c23c164a8a855fe7d347067f4dde809194b9cc0e71b3a49e361026f751b4cb,f073273247c364cd,92.28511639030613
Train/Monkeypox/MonkeyPox (112).jpg,Train/Monkeypox/MonkeyPox (112).jpg,4997,91b602a25caa4c11a84d636dbd3cd9e4275d9022517d53fd10c2e71b9e52c83c,Train,Monkeypox,True,286,176,706f20319dee517a54111b2f4a904b76cf5e1db1797f388b6c33a0cc34534e0c,0fe07d4040e78fdb,142.33685632549268
Train/Monkeypox/MonkeyPox (112).png,Train/Monkeypox/MonkeyPox (112).png,81814,a7662331b443c911a80ca1547c315c2efad581533eb4baa27639b16d449b8e4a,Train,Monkeypox,True,224,224,9d4b6e783bdc563e9e8bfe80f611d4f9aa3379118977eecbb96cef26953fd21a,d62aed92eb1900ed,158.56493144132654
Train/Monkeypox/MonkeyPox (113).jpg,Train/Monkeypox/MonkeyPox (113).jpg,4680,1086037028c7c655412d6f460500c6123e8ffbddc960a157ae22ad14a95ed826,Train,Monkeypox,True,318,159,2e1039684989e8a5a6932c4614fddf1a7c5f4e321f34047ebf47110b88d08898,ad3fb8e30cc235c1,129.06850994818242
Train/Monkeypox/MonkeyPox (113).png,Train/Monkeypox/MonkeyPox (113).png,89086,117b931e9ab3e95ee4e503b20a903eb854530256f0584bcba3b1b98fff96fa1c,Train,Monkeypox,True,224,224,f691d517b2a502c3fd4116123ad3b411162085b91c7c6dc10f5296dbb0d60596,b1ca1769d281c757,104.76395089285714
Train/Monkeypox/MonkeyPox (114).jpg,Train/Monkeypox/MonkeyPox (114).jpg,2556,20f1095e7c3d8a7feda08889aef19cfeb4ac6d8a4c38f330f2111a647d3a4553,Train,Monkeypox,True,286,176,f1d8678139c9dbcf2f10e8c4c44a05289c02bfeb9f7d691f60c8a7f66e142810,da8a98acacb4b4b5,161.6302646217419
Train/Monkeypox/MonkeyPox (114).png,Train/Monkeypox/MonkeyPox (114).png,76190,7a36f6b27a692c8518c7b417ee13afae780ddeea8f4f68a6890379e550ebd6a3,Train,Monkeypox,True,224,224,92c2b6c2f003bb89e3cadf7033afacafbd21618655be31a656c12f64b4af2a31,a990d96cb4d7a455,150.15577168367346
Train/Monkeypox/MonkeyPox (115).jpg,Train/Monkeypox/MonkeyPox (115).jpg,40632,0300cbfcfb3977c545d9769ccb52af1ea215d508ee20d4526e6cf5cc0367b566,Train,Monkeypox,True,667,375,4949a668fbfeebd0d723ade9fdbc481fbb5abc3213282e90ffe42013ee93a36e,52b60b6d3b86513b,140.17937431284358
Train/Monkeypox/MonkeyPox (117).png,Train/Monkeypox/MonkeyPox (117).png,114151,e974366eaede35bed457a4ae8645b4fa218fd5cd9ae191f154ac5131dac5acbc,Train,Monkeypox,True,224,224,16160e5c0c1e2ea553773e4757eb606623491e5d3fc70a43c3ca81cb7fe194f4,ecb6091b79e01373,132.00721460459184
Train/Monkeypox/MonkeyPox (118).jpg,Train/Monkeypox/MonkeyPox (118).jpg,125604,507001af1a59d65924efd4ba2d282424a17b0d46a221ae10597a38e061fe25f6,Train,Monkeypox,True,1299,911,5a494508e3bdd5a0fd02cd74bd068a940c535ea25e38da4d24ca6ca9168902a6,36064f47a7ab8b13,141.93971213185182
Train/Monkeypox/MonkeyPox (118).png,Train/Monkeypox/MonkeyPox (118).png,36918,ee1d7f1e1676e5a7472cf0b60bbbc9ab0d22b496119dd3920750270451b6ea84,Train,Monkeypox,True,224,224,33fd257e3bbc1bdca79a08269f5e44866854b792a37b4600f886591a612b2732,311c8d93ccf2b15d,196.3840880102041
Train/Monkeypox/MonkeyPox (119).jpg,Train/Monkeypox/MonkeyPox (119).jpg,405060,59fccc53843eb9c3e2bfa06cfe5d65a7ed9e0e5549843f500f7dc72901a95725,Train,Monkeypox,True,2942,1655,b7eacb02a24742275a1737ff60437fd7390924d2d780c7376b74203eb225b06c,de29237af0c48a6b,113.39224339239394
Train/Monkeypox/MonkeyPox (119).png,Train/Monkeypox/MonkeyPox (119).png,84945,1496047e8f82bd2249945c533a20079be64b8aaae750f14de56f17bd3947fd1e,Train,Monkeypox,True,224,224,7f65e5c55d07d7a0f1b397222dad96913cbfe43a237cd5e9af1da7062e93b8ea,2d21cc58538f9aed,151.77732382015307
Train/Monkeypox/MonkeyPox (12).jpg,Train/Monkeypox/MonkeyPox (12).jpg,22697,f51b721f5fe1d39f115b494dc63191944d93655a7fa982131e5b6e0c3c274f5d,Train,Monkeypox,True,620,349,fbeeeceb62ecda22ad692956dc46d77bb7cb7cd925d4fc5fc75a712960b3ddb7,031bb339796323a7,106.42449856733525
Train/Monkeypox/MonkeyPox (12).png,Train/Monkeypox/MonkeyPox (12).png,74974,8cad2d599d6d94ad21ae1001ef6514ac037c052aba446a8cc56056db999e4b0e,Train,Monkeypox,True,224,224,864459172508f89d126313e05a487079e96f13a3dc354fdaa0a37ce7899fdadb,99a1755570876b55,156.67631935586735
Train/Monkeypox/MonkeyPox (120).jpg,Train/Monkeypox/MonkeyPox (120).jpg,5394,5fdd254d5e40348130950799adc652d4478af6514135ed7b7c5fdc1d68e23b6d,Train,Monkeypox,True,224,224,96dabb8eafd8469a834f2c424e7f1d19e869196b359fcb0dade5b4f3b484c193,1f2756a95e1e8c51,162.33500079719389
Train/Monkeypox/MonkeyPox (120).png,Train/Monkeypox/MonkeyPox (120).png,83893,333730effd6a807fd175b9a70f1bba51581bc452913b6680bc89164166cdce3d,Train,Monkeypox,True,224,224,ed7ef3752e122aecc02a6f43a807cb41bcd876767eeb685b1132556fe601170a,292af864bd19d355,193.29799107142858
Train/Monkeypox/MonkeyPox (121).jpg,Train/Monkeypox/MonkeyPox (121).jpg,6145,a789c65419500fe9752ce2afccb3fd2396d7578fbadf10a974dbe4d0dced2f3d,Train,Monkeypox,True,224,224,c913e9f7d7d2c6c05f7616a6a0af78bbe57944647a61d099c8b932fbb95e0a7a,11b2bb87057978b9,134.05317283163265
Train/Monkeypox/MonkeyPox (123).png,Train/Monkeypox/MonkeyPox (123).png,88943,97d7ec0fd4abb5d08931af15d860027340616b7a9e4bf87a1158c5d21f32206f,Train,Monkeypox,True,224,224,5cb42aa4ee96ae4fbb35907a88588b3de8a0d0525ed9edc2af7d79822f4aa530,c4c4436c639fa95d,183.95103236607142
Train/Monkeypox/MonkeyPox (124).jpg,Train/Monkeypox/MonkeyPox (124).jpg,5690,735e6d0f1d931a963d74f1a23414f43d136cdf78aeee105bb70d58cfb5cbd879,Train,Monkeypox,True,224,224,5811dc8bbb37f8938393cfec08aa0fa1daf06a2ceca3d5f483e2d24d1602b54a,dc30cd78469c374d,217.9455715880102
Train/Monkeypox/MonkeyPox (124).png,Train/Monkeypox/MonkeyPox (124).png,87973,2474c3fe8c0e4f5fde8063e856f43496966dc2134d6f91936728741aa864a1ab,Train,Monkeypox,True,224,224,d8485c85322e38c76a126f387b011d54442462d9ce3aaec0f2190c2151e0348c,c0098f1903df95df,96.95866549744898
Train/Monkeypox/MonkeyPox (125).jpg,Train/Monkeypox/MonkeyPox (125).jpg,17733,d74218b95f632e50d209c02e068f763f2ad5d0572759b4b0e2573f60dbb5e148,Train,Monkeypox,True,224,224,3e866da7fa228fc2648d5572b094912ebaf938150e0df44466948a196d229f80,663399ce663b1991,143.23588966836735
Train/Monkeypox/MonkeyPox (125).png,Train/Monkeypox/MonkeyPox (125).png,96587,6a782610bda005e1f909fb2a096b0ef9d0e806ba9a177beef8da2398eb6eed2a,Train,Monkeypox,True,224,224,4f1c9335b8d7ed7e4cb04691056ce4256a6f71d2311c2a98938213743c22dfb2,0c1b2e1c1df82b7b,80.77154416454081
Train/Monkeypox/MonkeyPox (126).jpg,Train/Monkeypox/MonkeyPox (126).jpg,7228,70c90d514ceb561eba901c0010b7119a5e1596d2cf2d62b10a83755180034b1b,Train,Monkeypox,True,224,224,3efb2d164ba141400409f84c6e17940c7f2c963199ab014d1cad59ea5a018802,bd33b1e7cc831981,86.98078762755102
Train/Monkeypox/MonkeyPox (126).png,Train/Monkeypox/MonkeyPox (126).png,79584,5d77cb00f1a75e895ac61bc71576dfe309ced5e441c70d7bb5a0769c33a5608c,Train,Monkeypox,True,224,224,c3c5dfa21b1aa6a1d2091c9e034632012e18cc35d84721430503f5582f1a9347,33867c00696399ff,126.31331712372449
Train/Monkeypox/MonkeyPox (127).jpg,Train/Monkeypox/MonkeyPox (127).jpg,3088,099058063682455dafa259927d66b5bbc8a4f7c7b982fc3f2c659940f86ecec8,Train,Monkeypox,True,224,224,8990138b293c1cd815dd26825f64b84996f89397eb0df66f3b233eecb705b452,bc33b1e7cc831983,87.11144770408163
Train/Monkeypox/MonkeyPox (129).png,Train/Monkeypox/MonkeyPox (129).png,86448,9bf3929537a65eda48e40bdbe060d28346804edd9de0a600552ff70f7c3cabb5,Train,Monkeypox,True,224,224,02a64dd07fd516c259df1d57fad33fb9dfb49d4f6c76c41b0af85d9e3dda8b72,3e06dcfb25249393,99.21095742984694
Train/Monkeypox/MonkeyPox (13).jpeg,Train/Monkeypox/MonkeyPox (13).jpeg,6411,5c3997406ade5631072a56b20c12924f88fb05eaed142ccd315619922a397c4b,Train,Monkeypox,True,300,168,5a18234d67ac26e8ff82444b61358956af1f04beefbc52cdc7f7059269c53ee5,4dd33ce3fcab0301,140.82267857142858
Train/Monkeypox/MonkeyPox (13).jpg,Train/Monkeypox/MonkeyPox (13).jpg,93981,93c1e6903a3352f513b7c916bb145485feb5c603317be6eb610e813932b97193,Train,Monkeypox,True,1200,900,54b053d4eb26949e3dc6a10f961c60529391d6a90daa3d5c2f8f508ccc9c7646,2333729ad9c9ce0d,155.84769351851853
Train/Monkeypox/MonkeyPox (13).png,Train/Monkeypox/MonkeyPox (13).png,80621,abb7f7b68bc8277f3873756d796d1e0103d4394c7244b61a72aca8e34be6c301,Train,Monkeypox,True,224,224,55e817b14fd1ee18c22f6314dabba6167352e10d9d733456bebb6b34ba1d998d,5925261c7b33833f,116.37571747448979
Train/Monkeypox/MonkeyPox (130).jpg,Train/Monkeypox/MonkeyPox (130).jpg,78649,1ff9b096cf3cb76c8616aaaa4f64882a9de90896f6644e0c43825e5bd8ce936e,Train,Monkeypox,True,331,289,d35084929c39d2bcb850653c8525ddc532fbb0d53d23769ba1d51f36c09dfd5c,784754d75927b921,158.66606383089933
Train/Monkeypox/MonkeyPox (130).png,Train/Monkeypox/MonkeyPox (130).png,62850,6b7418583918772559132c8ba7925efbbcb5fd9d5580c3a0bd24772f08ad22e6,Train,Monkeypox,True,224,224,ba2ce483db8c3b803010a8a33ba93c58acbe01c3e70ed195bc9fb03b11ac8904,75117072d4b2b64f,71.81654575892857
Train/Monkeypox/MonkeyPox (131).jpg,Train/Monkeypox/MonkeyPox (131).jpg,57646,ee721e6ea882518633a8d81fcdb0c1ca16f9388801348f3411b2d600d253760a,Train,Monkeypox,True,1034,695,fe8b05b583901df9c1a480a1ea9319ea8d333af12a075339e1ac12ac7cc4343b,65c55458515b5b37,161.41776992332632
Train/Monkeypox/MonkeyPox (131).png,Train/Monkeypox/MonkeyPox (131).png,73972,76e2196e6a60e63b1eec364b1a6a0050e669892f113513c79695774a23886d90,Train,Monkeypox,True,224,224,3ea9776bf82afa13c11e3a6386940745648c444e6d85955b6bbdb090e9771762,8998fec4f41e07d1,137.1021803252551
Train/Monkeypox/MonkeyPox (132).jpg,Train/Monkeypox/MonkeyPox (132).jpg,53163,f42d7ab4c85a2961d708a7c821d19ecfa42b2b918747f38ecfddb2636d332fd7,Train,Monkeypox,True,1081,674,ba7a60a6c0d5bc8ef1632ac66ad8427323ec8a1d07b98efbe17214270d0b2cae,14659c6be41aa17f,187.49829122940898
Train/Monkeypox/MonkeyPox (132).png,Train/Monkeypox/MonkeyPox (132).png,80351,9422e2a478fed58f2f29174c68607ec1cc6b775bd2fb377b76399f07f289c21f,Train,Monkeypox,True,224,224,ed0329828d7b7de535a543d87bdf67f86b2a25cd6e600d3a3436fe9bf9adbe99,b8632c9cf58813ed,168.42725605867346
Train/Monkeypox/MonkeyPox (133).jpg,Train/Monkeypox/MonkeyPox (133).jpg,51678,598977bc356ee8e587517494575f8c26b5c27c4e30bb1f0ab6335b101548edfe,Train,Monkeypox,True,986,836,f649fc2092a590a5bcbe4036fd6f5912dbccd5f9041e3a36403c57554bb88619,ca2a2aeaa999714f,167.39639886642664
Train/Monkeypox/MonkeyPox (135).png,Train/Monkeypox/MonkeyPox (135).png,44814,377de3de53a33bb9a844ead8c8a2e6086d097ea2f6877bfc138c378b8b53562a,Train,Monkeypox,True,224,224,b997aa522e06a103f0c21a9c0f87994cb7449bbb95a5df7a7b4034faba937e53,ed5049a1d72669d5,173.11870216836735
Train/Monkeypox/MonkeyPox (136).jpg,Train/Monkeypox/MonkeyPox (136).jpg,174568,a0bd751aba2d79535673d737ed6ced16300da56685918a825e86947224cbf5f5,Train,Monkeypox,True,1080,614,0f9618288814698e27f9a9f7e7be453201d223e154e2e9fea11a40e1e8d3a6a9,d8962dcdb60a453b,156.39198787549765
Train/Monkeypox/MonkeyPox (136).png,Train/Monkeypox/MonkeyPox (136).png,66678,0666238f739aae0481b49489c28c5101cc54f99ddd46366b7f2ca279a1511cd7,Train,Monkeypox,True,224,224,f94abb8ce40b46d8ab2fb526d6f5536af707499f08ce5f90d5797feb8dd8093f,c7ce863698d97825,142.39636479591837
Train/Monkeypox/MonkeyPox (137).jpg,Train/Monkeypox/MonkeyPox (137).jpg,224738,e019ef27423443a1d6b58b60448ed9339e6185b0fc1c3b1b59fe3eb12fc3ac1f,Train,Monkeypox,True,1080,614,2f453f4e3e3d0e13d388412a1dd5b667734bc2244787b81c4cf05d741e69e5c8,66b56b4e17192e25,123.44629780431897
Train/Monkeypox/MonkeyPox (137).png,Train/Monkeypox/MonkeyPox (137).png,83239,42787abf1fabaf126accf49dce9425562dc4890566474d549af09aff574a48ae,Train,Monkeypox,True,224,224,7ed4c84d3bccf4fa7e7df768a7593d5ddba0d1d136d31396bebe2620a93c4558,7772c205dd4c4b59,72.00253109056122
Train/Monkeypox/MonkeyPox (138).jpg,Train/Monkeypox/MonkeyPox (138).jpg,7973,e0be78b7c93a9b8ea3c32d742cd7c4551431e459b489a92204b0c85b528d8e13,Train,Monkeypox,True,294,222,8f7075ffc6a762d6fdce1e3cda23324f0ff5cc8afc34dc1fed8415a396610020,de566066237d3a25,121.78016792302506
Train/Monkeypox/MonkeyPox (138).png,Train/Monkeypox/MonkeyPox (138).png,68455,f95b3e7f37949a50e220dec372fa7f5885e31441a9c723ac5271ee51bc57aea3,Train,Monkeypox,True,224,224,9b6d8e81a8e094a3e322084103486c0dbf815cc5c323a789283b0373d07a68e9,f82c8dc56726d30b,156.5577766262755
Train/Monkeypox/MonkeyPox (139).jpg,Train/Monkeypox/MonkeyPox (139).jpg,6067,42672c52dfe65896e7561e7da190d6c25413c0f2920183c1dbcac054cfbbc975,Train,Monkeypox,True,294,222,4396693ea19307fc038b12b9304f2ced23f6d1bc2cabc2771014535faa5a0477,1637f454435cd1c7,102.70029723601152
Train/Monkeypox/MonkeyPox (141).png,Train/Monkeypox/MonkeyPox (141).png,93844,d150a0a99379eed7b6dbe305278c7c42ffcd3af178d6153aa7797b949cea8035,Train,Monkeypox,True,224,224,98ce76ef3fc575c8513255d08d4508ca025ab6e1ef68e2e66caae945b6a431cd,b193339b4b696385,131.66099330357142
Train/Monkeypox/MonkeyPox (142).jpg,Train/Monkeypox/MonkeyPox (142).jpg,9147,419bdf4ee6f0eae206dfe3457df795a907399dbd34d8520278240e907821c826,Train,Monkeypox,True,294,222,055362a9530f8a5abcaa042134d37c1ff84f098de30aaf4579140c73533d8e7d,bad45ae97185c907,137.5485383342526
Train/Monkeypox/MonkeyPox (142).png,Train/Monkeypox/MonkeyPox (142).png,115429,fcd67c1aafd47c565c132f70c2923e59902f0f3ed4b823b1d32ed6d34b628f22,Train,Monkeypox,True,224,224,9f53a28168eaa184ed0506ee6b5894734f1c2e4267363b25fbde32314f8b8058,e9928582e46a7ce7,117.19636878188776
Train/Monkeypox/MonkeyPox (143).jpg,Train/Monkeypox/MonkeyPox (143).jpg,9450,4cb2f45a9d075e8d211916f5871c46d82e9e6541ca26f1c3c1c075ccdb3b16ef,Train,Monkeypox,True,294,222,b2509f3cec558882444a355b19b4220ba7a4aba05ad4788b4c172e819032fee2,9326c6c619612ddf,111.57774100631244
Train/Monkeypox/MonkeyPox (143).png,Train/Monkeypox/MonkeyPox (143).png,59735,d9af2c68bfc1659253d279918a420792f4aec03def0f0c2b69c3893dc0eb9547,Train,Monkeypox,True,224,224,101fb1df700c22b1dc0d03218816998328dd6e424116aa3a1f49ac6d5ef05592,e23f0cb1fc8e82d1,153.42191485969389
Train/Monkeypox/MonkeyPox (144).jpg,Train/Monkeypox/MonkeyPox (144).jpg,13335,60d5115629e338e035923863c517a7b7f5e00063012badc23df89e23c0554ece,Train,Monkeypox,True,294,222,77d57bd484e9893dedd9b77fd4d2aa1ec26efc0c56534c8bfccf3dc0b64e8c1f,23b08c8f790ab1ef,157.60970153827296
Train/Monkeypox/MonkeyPox (144).png,Train/Monkeypox/MonkeyPox (144).png,71248,a96ec1aaf709ea9b808ad53f40586d3dddcd6cbbaa98783b479b2db5a2f3b669,Train,Monkeypox,True,224,224,a81e3cc44f795968bcd4a5c769a2aa8afa0435d35b2e82fa300f20e8467fca7b,d6861999ac67129f,118.31473214285714
Train/Monkeypox/MonkeyPox (145).jpg,Train/Monkeypox/MonkeyPox (145).jpg,7976,7d567451b02bc7140e25f601cb3a6ea5f07208fbe296d4837c4488fbbfb6a123,Train,Monkeypox,True,294,222,6010a39f60ad15308db734bc2754a71a2086122bfa8a781d4190636f08e11589,2d85569f52cb09b5,128.36255132683704
Train/Monkeypox/MonkeyPox (147).png,Train/Monkeypox/MonkeyPox (147).png,96688,bd5cc092c10429312e86a20087a2e5faa5bf7b19ece58ef40975e980ab3b0785,Train,Monkeypox,True,224,224,009f490797a20101b3ad4b4aa59823ce7eee6e29d9e2ad1c6d17f65c86002cb9,c95166ce983336cd,146.37914540816325
Train/Monkeypox/MonkeyPox (148).jpg,Train/Monkeypox/MonkeyPox (148).jpg,55383,eaf7876e9f1daae410a9f8cee0c81c0e92aa122fc31852726571988cb089c347,Train,Monkeypox,True,600,601,877cb29872ace2f6e5d1033cfef443d72d6e26d06395ad880b84ca5adc1b064f,0f0f1a65e5f36131,153.02274542429285
Train/Monkeypox/MonkeyPox (148).png,Train/Monkeypox/MonkeyPox (148).png,107466,42835d5c7db01f817d5ab5cd54247cc72fd99e4cfbbd85918bc6ea26bbdc1d16,Train,Monkeypox,True,224,224,59327f34cc87b1c8248b84476ae8967eb454603bf964b0de598e0a7b4f77762e,6e918a629cd6afa1,94.07029257015306
Train/Monkeypox/MonkeyPox (149).jpg,Train/Monkeypox/MonkeyPox (149).jpg,3937,8a3c3b099804eb7e103d093d424b2c73c5a8910ead318ae433a132b08899b15c,Train,Monkeypox,True,294,222,2831a5b68a427d06ff0a9c147344f367cdeefaa7573d66dcce0d2643d184c5cd,154c5e0e2f0d2ddd,172.61517129374272
Train/Monkeypox/MonkeyPox (149).png,Train/Monkeypox/MonkeyPox (149).png,108588,8a722e024d4edba43c33d697418f618bb99389af84617d2b2838d37d1ab097fe,Train,Monkeypox,True,224,224,0626632dd72f03cedb7379e179328c28b3bca1dbc20a864ce22eefad3cbec72a,0a2a666e991bd3c7,128.06022799744898
Train/Monkeypox/MonkeyPox (15).png,Train/Monkeypox/MonkeyPox (15).png,74357,877200043809d413a0aa9de2959ab63818de1cd6252a42a665817be6c5af332b,Train,Monkeypox,True,224,224,511f719656eb360ca2af2ae7a7cd684124e9c4ffe6eafd08617609ad3c1917f5,b7aa4217b5645cd1,169.9717394770408
Train/Monkeypox/MonkeyPox (150).jpg,Train/Monkeypox/MonkeyPox (150).jpg,5287,495e78ed8b76b978585aa5c0a1fbc4c211b57ccc1b75d9aa7aef8be9aa738563,Train,Monkeypox,True,294,222,6998898f59859fbe6ee28652d7267a9474d973cea5438de663cf487e2fec525d,b38ce080f1e0bebd,159.6814518600233
Train/Monkeypox/MonkeyPox (150).png,Train/Monkeypox/MonkeyPox (150).png,74560,e295d8232f72b778953fd3be982d4d24ac46d57de1684adff5960bfa31a39a50,Train,Monkeypox,True,224,224,b902eb2a0fb7f53298dd06e6a60260a9bbac4048f1cb2c71a630d4318ac2c255,c1990cf3792f91a5,114.83211096938776
Train/Monkeypox/MonkeyPox (151).jpg,Train/Monkeypox/MonkeyPox (151).jpg,7947,08e612839ab699ee981b293b5bbac1a3f0867bdf746e11c6f06f80637c002130,Train,Monkeypox,True,294,222,1c86f5b6612f25c2a3c175f39deec08d3bb921389898072a1640a3dcc955ad9d,0e96984c76ed4bb1,90.61129496843783
Train/Monkeypox/MonkeyPox (151).png,Train/Monkeypox/MonkeyPox (151).png,113911,107addf57d3cf6fa1f65121b60447a0368f5c878e7e2115ad97b6770955e26b4,Train,Monkeypox,True,224,224,4e22ee42606419b7eb13aed73ad4609b3cb0cfb08be65a3fe9f07b5da1e759fe,0d39e4863dec193b,137.05522560586735
Train/Monkeypox/MonkeyPox (152).jpg,Train/Monkeypox/MonkeyPox (152).jpg,6047,655e946378e823f030ead697a9b495304be84dc9f2edc79cc94ad0decff174b0,Train,Monkeypox,True,294,222,923eba9241a46c00b57f61191ea651a9de5cea03aec3bb99e1cdd364bfe29c4f,07e80527e40f3dd7,107.06519274376417
Train/Monkeypox/MonkeyPox (152).png,Train/Monkeypox/MonkeyPox (152).png,57322,8294f0ceff3bf44b9d5d93ad190a02c6dc0938273e0a6702e90a77a0312420c4,Train,Monkeypox,True,224,224,fddb287b9e79ae2c7513e28cca361fdefb4f6f1640eb10a8b832d2acdeb262ec,0722ab6a72373c8f,77.49974091198979
Train/Monkeypox/MonkeyPox (153).jpg,Train/Monkeypox/MonkeyPox (153).jpg,8707,9175ca76c1ec1852e200916e2113378fc612ce44579f92221896833c54a25d4d,Train,Monkeypox,True,294,222,e0a3e5bbead6761f3936332ffbee39011cbbf9e86edff3e797fc7030c9e6d558,34acf43ce4469e69,122.50501011215297
Train/Monkeypox/MonkeyPox (153).png,Train/Monkeypox/MonkeyPox (153).png,96459,b4db279cc9548c998ed2d9b3557f8342e7f241216f9461d4e540707abab16337,Train,Monkeypox,True,224,224,cb8e95473b19eb0c681118dad6bc68eb0e87b699baaf9e45f61d59d56b50034c,abb3d4da4d6288e1,118.42679767219387
Train/Monkeypox/MonkeyPox (154).jpg,Train/Monkeypox/MonkeyPox (154).jpg,3351,238988cecaa7f489a095b32e3de25dcee05a9e46d20906c96b48180867d22f8c,Train,Monkeypox,True,294,222,ea433432c1bf590542624c0eb8eba94537f91e0325189dbf7e72af3f57f4c329,cc9b395b6c649299,73.36979836979837
Train/Monkeypox/MonkeyPox (154).png,Train/Monkeypox/MonkeyPox (154).png,73706,9a163e2e8598ea749fbc218c7342c75ce7454de7659dbfcaa1126b15f315c3a6,Train,Monkeypox,True,224,224,0219a6de88f66374e57703654a407f818a4d6cf70e5ef4e80df3876ccecd9ce1,07e90525e40f3dd7,103.30963010204081
Train/Monkeypox/MonkeyPox (155).jpg,Train/Monkeypox/MonkeyPox (155).jpg,16972,58f172f871fa4b219220fa7e2f115c24f43a8de0837b2961bfa0937410888c6f,Train,Monkeypox,True,294,222,e179469a2c3d1e38c1b41dcaa85e91bd70208b69d4d8428488c0789c4d3afc10,59796366cea60c53,119.72972972972973
Train/Monkeypox/MonkeyPox (155).png,Train/Monkeypox/MonkeyPox (155).png,108456,8b12ad8cfb853bdc411dadd46e9528ea83cc40c71da7a14a13234ee48c768133,Train,Monkeypox,True,224,224,fad7c067360b01a41d1a644e6735645c361ece1b1457111799d116f1a79b04e1,189bd26ddd9e2831,162.22925302933675
Train/Monkeypox/MonkeyPox (156).jpg,Train/Monkeypox/MonkeyPox (156).jpg,3755,019c28595b6a3ad45103c4bc4fa4c8bbd1b5f285c4cce237ee942129a4f4e871,Train,Monkeypox,True,294,222,7972820ee8542a01cf12b12eb7d24a879f88ebffb7e9e6809409448ec2c30474,331877c09ef003fb,138.244422994423
Train/Monkeypox/MonkeyPox (156).png,Train/Monkeypox/MonkeyPox (156).png,90998,858f62aa381ff7958e7d6f276d259c6445e4b090241de29af69b1ba744d1cf8d,Train,Monkeypox,True,224,224,0b0f9a7e42ec4ef836cfcc96291aa61fe82df62cb465c9b9472fc60562904e27,c7300de2b5085ff3,100.12442203443878
Train/Monkeypox/MonkeyPox (157).jpg,Train/Monkeypox/MonkeyPox (157).jpg,4328,a764e7702db62f09c7fe5822f2d5c4368c74fbd5cf5c27682081b27efb0940e1,Train,Monkeypox,True,294,222,03378595334accdcce4f1906201708a86824655f691817aa96637be6e4a4a9ef,53398cc61a2cf5e3,138.95064962922106
Train/Monkeypox/MonkeyPox (157).png,Train/Monkeypox/MonkeyPox (157).png,101941,8972e5074bf7f59ccb08bc5b05ab6af93dc9155fa91a39c8c523d7f5e9ef61e5,Train,Monkeypox,True,224,224,9e873deaf0368a9b6cbba56463e379e07461f29ebeb0056c1d0804cfd46d58a9,fff4fff0c2800901,179.68237802933675
Train/Monkeypox/MonkeyPox (158).jpg,Train/Monkeypox/MonkeyPox (158).jpg,4286,3e6b6ddc4c2d90cf1a9f7be245ed2aaef71b6a1c66bfdeedf6830ac334ebfd4d,Train,Monkeypox,True,294,222,1418b516f8ec82fa63eca6ca2eda620c3f28229debcd862e0204ad7c03a9a361,6664c6cc8c8ce63f,110.35118281546853
Train/Monkeypox/MonkeyPox (158).png,Train/Monkeypox/MonkeyPox (158).png,97230,3cb1a056f531d7c2b3e5a5b3d359c2ef74010392754cee5986b5130c28eebe21,Train,Monkeypox,True,224,224,6d3f481ec53ef619031cd3fa3e347a19c0b9ce8cad48fbe5961b23bff80708a5,d0eb6a49c9a7950d,78.73487324617346
Train/Monkeypox/MonkeyPox (159).jpg,Train/Monkeypox/MonkeyPox (159).jpg,61415,6dac581546b1923e91ccd685e7adf46442170601aa41879121f6486b3c317f50,Train,Monkeypox,True,940,529,b0ee45ded786a233a7966f3e608718c769ea81f89c2299ea638fa8b19b5d9729,9e66126dd8b193a9,182.82537505530306
Train/Monkeypox/MonkeyPox (159).png,Train/Monkeypox/MonkeyPox (159).png,103337,fccbda825a56474bdf2c4ea5458ea3f6fea1cb157745027c5280ff54059e122d,Train,Monkeypox,True,224,224,c79bca60ff47509fb133fd286b69963b1815735cd4730b38e3419f22c80c4928,e1e761fd5c0e0855,110.09663982780613
Train/Monkeypox/MonkeyPox (16).jpeg,Train/Monkeypox/MonkeyPox (16).jpeg,41236,ef3929260e24e33399954976a6a79d4b09d92ffeec5fe543875182f357c823c6,Train,Monkeypox,True,990,556,4f5388948eac697892d62ea7ca3967b278c744f6c795ee7dbb87948e3a3c6068,d34a8a6dad562359,104.29267858440521
Train/Monkeypox/MonkeyPox (16).jpg,Train/Monkeypox/MonkeyPox (16).jpg,143752,15bb955d737a7904ec88ec53d55c43be88c5e271c0c812dac065070f9616f37f,Train,Monkeypox,True,1280,756,c6b258bc5980e04d9607cd123023130d8b0a8694a2d9fe54824eb81481e7908e,9809cfb1b08fb475,169.4005394345238
Train/Monkeypox/MonkeyPox (160).jpg,Train/Monkeypox/MonkeyPox (160).jpg,18874,e086226fe7d76728b8652fc768abe91b6ee88cd6305faddfa49c135edeb83598,Train,Monkeypox,True,590,350,7670d9fa61f9c49f1cd057aaa0f23c4bb502934685b53a294da3340a3d496046,25225a64d39b5f4b,142.8852736077482
Train/Monkeypox/MonkeyPox (160).png,Train/Monkeypox/MonkeyPox (160).png,95911,aca7a20a28a09c8a1f299a192263f0d0efa1be9a5c9d0161d5ba936ceba26803,Train,Monkeypox,True,224,224,d2aec8d9bc41bf52c1367ecaef9f364ebea85eb3250d918427367a6bf3b7bc9e,2fccd2f62c1b3a09,112.08498086734694
Train/Monkeypox/MonkeyPox (161).jpg,Train/Monkeypox/MonkeyPox (161).jpg,41382,429e862c948d41c0985950a46116d533c4d806abcaab12202e365774780da002,Train,Monkeypox,True,932,470,3f5ff9a445d5659fe1f190d0df4dcd4c7bc6356390998fb3b2233ab248aacaea,d07d21f211298f7d,159.42951785225094
Train/Monkeypox/MonkeyPox (161).png,Train/Monkeypox/MonkeyPox (161).png,73706,9a163e2e8598ea749fbc218c7342c75ce7454de7659dbfcaa1126b15f315c3a6,Train,Monkeypox,True,224,224,0219a6de88f66374e57703654a407f818a4d6cf70e5ef4e80df3876ccecd9ce1,07e90525e40f3dd7,103.30963010204081
Train/Monkeypox/MonkeyPox (162).jpg,Train/Monkeypox/MonkeyPox (162).jpg,60589,227f072fdce64cdc02ea03a920d4ca04037be1adf65850d482ec30873aca8510,Train,Monkeypox,True,608,608,16e7fd67fae530b20505435b3d7ff772031d964a9d98801cb2cd9e506a862761,7213b39b19dac30d,139.7853320853532
Train/Monkeypox/MonkeyPox (162).png,Train/Monkeypox/MonkeyPox (162).png,94062,b9aec5306ae92ad931de98d52854d35055ef7a5e4470cc7b07c6c3e1c89205c6,Train,Monkeypox,True,224,224,4be72e42f77b43de1d5956ecaaa0d7b3faf3b78a0203523432bf9f4a0c3c4a6f,10639c36eb9674cb,93.14335538903062
Train/Monkeypox/MonkeyPox (163).jpg,Train/Monkeypox/MonkeyPox (163).jpg,220116,46d21ef7ca5556e8f0cb352aa1996c64e389b7720ddfa4db0797a2f2b1445c59,Train,Monkeypox,True,1600,900,4e5d2fb55b3018026c2f5caf44b415af4e989a0bb8f0c6c95c0b18d581cfea4d,7266333e919ec389,124.67029097222222
Train/Monkeypox/MonkeyPox (163).png,Train/Monkeypox/MonkeyPox (163).png,123962,33acddc5e7af8a5fef12380f4540d07bc3b2866acf5ea1e0d7fafc004d1a2767,Train,Monkeypox,True,224,224,ab3f1532938c48953a4b1cb72e77ae59db1250c29761c243384cfe5210bbb245,0d39e4863dec193b,136.8175821109694
Train/Monkeypox/MonkeyPox (164).jpg,Train/Monkeypox/MonkeyPox (164).jpg,148822,d6ecc6686df803792e772b5588e6a4e3ca1ef93a08729eed92de65d288750776,Train,Monkeypox,True,960,640,9c11ab924d98f19cac96fe01c8407b64f1c95b947d108a75e3846a3b6939b1f7,238f5c63a290d797,146.19198567708332
Train/Monkeypox/MonkeyPox (164).png,Train/Monkeypox/MonkeyPox (164).png,96337,4bacdf09a4d66161f0c951d88ff1d1d09180694a51afa0c3f6465e58cfcf494e,Train,Monkeypox,True,224,224,0fc4f0ac5c1066ea7310954a42d65f3d6e1e526ba37b82cd2419cf3727bb0f42,756062c3e3ab0f27,70.22909359056122
Train/Monkeypox/MonkeyPox (165).jpg,Train/Monkeypox/MonkeyPox (165).jpg,31477,9321927cc9b45f9280605835c00a8534301a6526513c6fbc4ab23a6f67551304,Train,Monkeypox,True,1200,567,4dfb46762f439325e6891e9265f03aaa6b950476b76c229df30ae02a20a288b1,3f7df018c0a0e5d3,111.89302616108172
Train/Monkeypox/MonkeyPox (165).png,Train/Monkeypox/MonkeyPox (165).png,68062,55bda92ca522ab86463f1f3e099de5d6001b93cf56591181b4e92511c58eb81d,Train,Monkeypox,True,224,224,1a732613fe476d1c20695f15ec09f127f445ece8901b2e5d9f62da2eda508994,9512ed14e67901fd,178.19186463647958
Train/Monkeypox/MonkeyPox (166).jpg,Train/Monkeypox/MonkeyPox (166).jpg,293379,d8c2287d7701439abeaa81fe053535b266881fb1f547cde8460d08d4ad6acb16,Train,Monkeypox,True,866,520,3d09776a466e93f82b861787d7fc4dd1fa7cb136ada936f80b36cdf4f379b595,cb18bd019b63a51f,118.85110365961982
Train/Monkeypox/MonkeyPox (166).png,Train/Monkeypox/MonkeyPox (166).png,67827,46247a663cfeaa722f75db6534e08ea4fe0644cb2eb08ba0189a47d25163206d,Train,Monkeypox,True,224,224,b340f54975091efe5fb694d5e367029d9fd382a0ba0e7bee16afaaa678377e30,2d9259acb74b2955,115.45344387755102
Train/Monkeypox/MonkeyPox (167).jpg,Train/Monkeypox/MonkeyPox (167).jpg,209813,b769203b644863bc31aa6cd54e3e490c4d569928853b38821eec35d0ed55cd94,Train,Monkeypox,True,1900,1069,3d12baf5ce6aeee099da4e24782be0636a79acb61984457e70287d98a0c21876,728a1d3ee3d2d063,146.56826990300823
Train/Monkeypox/MonkeyPox (167).png,Train/Monkeypox/MonkeyPox (167).png,89579,caae102b756fbc8467d5c8632269444aeb39648dc4c8f3d35f5fdaa43f4d0e6d,Train,Monkeypox,True,224,224,18d6aec4319f3395011249b007712ca97b098a3efd60818fd85abfb3b3496a37,80253f1618ffec53,123.36744658801021
Train/Monkeypox/MonkeyPox (168).jpg,Train/Monkeypox/MonkeyPox (168).jpg,1345736,aad0f865a12d3c96fdefc09c3484387605731f94983fb91858ac27e5ffeda452,Train,Monkeypox,True,2500,1642,807b52c92c83ad53f2f145f8b405aba2735393ad0f5b39bd4c546f4153c21413,249e167c6c6ca763,89.06654518879415
Train/Monkeypox/MonkeyPox (168).png,Train/Monkeypox/MonkeyPox (168).png,81812,d46cabca21f9936848be78740f5c1b3be0750ae9c55e51def508e229545ef25a,Train,Monkeypox,True,224,224,2f6a5618681f2f7d6d779570d277c96c7e3bc93d8ed28f6326be3d28068c9aab,ee1a66097238f761,126.1556321747449
Train/Monkeypox/MonkeyPox (169).jpg,Train/Monkeypox/MonkeyPox (169).jpg,19331,a1c3772c55dd75853db8cf0f7d33123030ae5897f6984b4217bb63d8d9200f43,Train,Monkeypox,True,770,433,c11594e62733d65dfd58b5bf5e1076de268b89c53b79b33bb42574ee4487d7a0,429bc5f09c6731cd,138.49760055187306
Train/Monkeypox/MonkeyPox (169).png,Train/Monkeypox/MonkeyPox (169).png,62944,a6a962cf83a42bd87bfc6078f454da9603f522c9ebedc41c7599f68d76d4565b,Train,Monkeypox,True,224,224,4959de1d08fadd38da92181a5e03ee793589fe416fe9dea0d590c9c8fd45cd70,336011378a73eeb3,80.23598931760205
Train/Monkeypox/MonkeyPox (170).jpg,Train/Monkeypox/MonkeyPox (170).jpg,297590,7afb35547923ec7b677766db0f278e860867409cb2b9bfec5db9dc96cd0ac2af,Train,Monkeypox,True,2000,1393,3521012087e8b0234eac91c8198c0600db4c5f6a3f5be5229a9164d9414b06a5,36064e47a7ab8b33,124.89688908829864
Train/Monkeypox/MonkeyPox (170).png,Train/Monkeypox/MonkeyPox (170).png,62705,61a8226697e2351670ba403a1797ffa9e507757bdf4f543fed233446eea90e98,Train,Monkeypox,True,224,224,9598a742d2107e1d6f9f8a3842d342810d470ec7be2f874b446d76fdb79ecf3f,d17b83720f94780f,136.59675940688774
Train/Monkeypox/MonkeyPox (171).jpg,Train/Monkeypox/MonkeyPox (171).jpg,77031,ec9a3b00786db8e880ca74de425147f66afc7502a173d2b52057b4f1cb42d302,Train,Monkeypox,True,1200,675,e18563e731fa3c67e0d770e526adf45d9eac42321b5388c5f023bdcc5f37ca61,b449aa2d6ac899b7,218.7195111111111
Train/Monkeypox/MonkeyPox (171).png,Train/Monkeypox/MonkeyPox (171).png,102536,4bc78c569aecd8bb218092789a5576fdbffa99464d260ad3bcd1ccd4416c0cc7,Train,Monkeypox,True,224,224,bc9d201b76e841c618199c25df6ff60a81498a5b9544fced3b927c803cb5662a,0a2a666e991bd3c7,128.03888313137756
Train/Monkeypox/MonkeyPox (172).jpg,Train/Monkeypox/MonkeyPox (172).jpg,107342,e5da106ffc800611fbc329521af9008429d7a8bcf3d6788f4807b3cafc0537bf,Train,Monkeypox,True,1899,1069,ede9cdabd0868077059fdb1c4c9cb959464bdd0663a09131ce1feb9e593a9a73,3f3c5abf2a498681,177.40664255866042
Train/Monkeypox/MonkeyPox (172).png,Train/Monkeypox/MonkeyPox (172).png,103752,f8d3f4fcf4d8c9cebff7a219b598c6a3a486152eea6cbce829ee0d7f5aa81c2b,Train,Monkeypox,True,224,224,e8fa7b73e3f34aede0cb39564dfa1021b26bf1779fa659e0a34b239549840b6a,4cfe327687b88e41,136.17267219387756
Train/Monkeypox/MonkeyPox (173).jpg,Train/Monkeypox/MonkeyPox (173).jpg,109106,e8d5ea93b53bf496369011291cfb83a99c19d352104a941776e1b5c71b7f4b75,Train,Monkeypox,True,851,560,db186203c88ce511e2f369ddb60a549b4620f54608196dc35ea861720e37fe72,6633cc39a2ad18db,146.0898690616082
Train/Monkeypox/MonkeyPox (173).png,Train/Monkeypox/MonkeyPox (173).png,80987,4689d013953209f34dfbd6ce4aeeef9c92d57e18e9a653040f93dc48a0026e2b,Train,Monkeypox,True,224,224,c27b220c8d3529f785b26b96f67060bdfe221e22f68e19fe090f6d3d21ecacf2,a4dc0287a59f139f,42.16521843112245
Train/Monkeypox/MonkeyPox (174).jpg,Train/Monkeypox/MonkeyPox (174).jpg,43667,a07617da020a7e8054765a88e9c28cca31e1bd51053815069cf9a717eb762b15,Train,Monkeypox,True,414,316,caed72d05e620466e0055b0a07c910f65e714fbfa64702dce0d9fd1250b2f1ca,c61a59ccb13369c7,158.9174004769767
Train/Monkeypox/MonkeyPox (174).png,Train/Monkeypox/MonkeyPox (174).png,112012,701e5ed0aba30a02ff81960f666205257645e1d3c290c39717476b39b84aa2df,Train,Monkeypox,True,224,224,ab1a9d58ec60719625b911358986d921d1dc27299503d5d039151072b9e4cedb,0d39e4863dec193b,136.88341039540816
Train/Monkeypox/MonkeyPox (175).jpg,Train/Monkeypox/MonkeyPox (175).jpg,30439,c376750ab0490bf8dc18bd63606a3cc1e8b704edb39997ba9202ec908beb488e,Train,Monkeypox,True,591,454,0b462a477f2e32fc2a55bafb41b823dcb82d0ce76cd565239df454c7ca05eaa7,d4cd1a98327763c5,136.25159328249737
Train/Monkeypox/MonkeyPox (175).png,Train/Monkeypox/MonkeyPox (175).png,67232,60e8bb9148edce4974732a597f4bd85225e7ddad71338a330485f4dd19b9eb0a,Train,Monkeypox,True,224,224,1535d2da7435b10efd5e1f4af0af7af682a27fec74073b086a76135e394ef987,c98d6d2d7dc40745,116.40041055484694
Train/Monkeypox/MonkeyPox (176).jpg,Train/Monkeypox/MonkeyPox (176).jpg,963522,b8b74bd382762305b839af11fabb0e4172877f77d2e6db2a38672b2cee460afa,Train,Monkeypox,True,1800,2427,e204dd3fa226464b5d140b25d05028aedf4e2d701d4c3b2e5b65ccc0d8149a9c,bf72089ddf188961,155.23623128691113
Train/Monkeypox/MonkeyPox (176).png,Train/Monkeypox/MonkeyPox (176).png,172261,da08bcf52ad6159a837acff0824b0ed1d16b256d42c3b144100d96ddf2eaa774,Train,Monkeypox,True,391,398,d687c5758d159c56c12cfbbc25c971c8930836bcdcfc9555faca17abad0d0e8a,729c6c0f76f0c991,186.0694264159673
Train/Monkeypox/MonkeyPox (177).jpg,Train/Monkeypox/MonkeyPox (177).jpg,90871,7a5af685b1c226d7ddd246e5230162b6591f14c35c6cd9d01f7a979cb8511b8a,Train,Monkeypox,True,1080,666,9e688da6a7f83e8d2a640a01eabf959cdd1bba6848d4a6e8f12ad138d0d47be4,df422d05e8b561cb,171.4381840173507
Train/Monkeypox/MonkeyPox (177).png,Train/Monkeypox/MonkeyPox (177).png,635147,55b7467163de8f760d788abc2bc01b2a721896b403f72abd9cc15ce1020eeec1,Train,Monkeypox,True,1167,1488,82ad12586c5e41263febf1e306bf43c7c17086d4864d7adce04071d9c4e2e6b1,19f08b7c2383ff09,175.36204978301132
Train/Monkeypox/MonkeyPox (178).jpg,Train/Monkeypox/MonkeyPox (178).jpg,43371,1fedcfe320246a45c1357048f4f1d4bddfbe2277b8b504d151bbc8f8b32fc4c0,Train,Monkeypox,True,1248,770,218b9f3b90d2b5ebc36dbaa6ddb97c9d60c850591e72a60f093774d380f53b16,da8a98acacb4b4b5,161.64880328005327
Train/Monkeypox/MonkeyPox (178).png,Train/Monkeypox/MonkeyPox (178).png,402532,f21f41515c9d419d3765aa59e9b23fd394637a2f56f754db9f5413e9ec17f5c9,Train,Monkeypox,True,801,1045,313cdd9795e83562fcfea421f272881a893d63ea907e6a760c163986d644546e,6ee10393d80f25dd,197.31927076799934
Train/Monkeypox/MonkeyPox (179).jpg,Train/Monkeypox/MonkeyPox (179).jpg,34511,01ad5e31fd406307d497a1aafec830354d2dffb0d7e48f509cce68cc4571b9c2,Train,Monkeypox,True,768,479,00aa58a63723f5d136dfd52d9224dbc96aeaae83ba3869b9455edd2c54c364c9,50a079c3b7659f31,150.31424517223383
Train/Monkeypox/MonkeyPox (179).png,Train/Monkeypox/MonkeyPox (179).png,549212,3178326d6f319f88ca88bebf9a0994e965f1090052e2f3409708f988ca02e2ad,Train,Monkeypox,True,1160,664,b89c30b75886946d63bb5fd05be2f5c3ef4522029ddd3fb5e5689192af6d17d0,c13d2621c0f90ffd,146.05769500415454
Train/Monkeypox/MonkeyPox (180).jpg,Train/Monkeypox/MonkeyPox (180).jpg,33067,d55d5698201ad414d431f6106efbbc61930cda94ed3b4fdcebabb733455eebfc,Train,Monkeypox,True,660,370,cef2dcde153b7886058651ad9bde758d2097b3508f6b9eb260fab5ba22f16266,7e1f03c0bc3047eb,133.29436936936938
Train/Monkeypox/MonkeyPox (180).png,Train/Monkeypox/MonkeyPox (180).png,272610,27304e813b37fce81dac375adf6beb39f98d8c5bc3ba7782ccbd5bc91411ac49,Train,Monkeypox,True,586,398,4ad5eab7941f195612fe2c10324b38e258db3cdf2a89d69d24d37db5ef7d5d54,465ac6b13accd8cb,179.29889635892775
Train/Monkeypox/MonkeyPox (181).jpg,Train/Monkeypox/MonkeyPox (181).jpg,136672,c114a446579fe9c514eb91ae2802610626b6a8af87874996d5902f54dd36fee8,Train,Monkeypox,True,869,651,085f13b23b4f56f003f9320bd804b5f241a0ff1123894fdd91c1d1f09357c2c0,d98840cbe9dd3333,135.16699987096067
Train/Monkeypox/MonkeyPox (182).jpg,Train/Monkeypox/MonkeyPox (182).jpg,131177,c31af28080d8cfe9c85a3eda183aa64e14536172d85fb59638a66f79933a44f6,Train,Monkeypox,True,900,608,77e33abb9920a7676f0a3f397aa81255fbc47ae45b3adff7a08504f5375cb2b7,1e1b9f549152e2ab,113.06157346491229
Train/Monkeypox/MonkeyPox (183).jpg,Train/Monkeypox/MonkeyPox (183).jpg,384231,a9592fffd47afc43c88c4c061fe8f8083c2ee88f4bc722701cfadd098e5f99f4,Train,Monkeypox,True,1920,1080,1d64815e82356da6d6cb169a49783d968a862a75876b009b1b7361323d18aaae,a6c99b31f3cc4b11,113.97414303626543
Train/Monkeypox/MonkeyPox (184).jpg,Train/Monkeypox/MonkeyPox (184).jpg,45308,63c2565ac7c2f34aa630766966cebf86c7f71bdeac96105f76014c610e9b044c,Train,Monkeypox,True,780,447,09060dc3e15d5b0f052a4467eea27909b7661fbf71e73dc05af25379f0315cc0,2d5b89532bb446a7,178.06748981816096
Train/Monkeypox/MonkeyPox (185).jpg,Train/Monkeypox/MonkeyPox (185).jpg,384755,c39061df649a556ceb25953058370842624eb0d6afc6421ce555342d9ae7cd00,Train,Monkeypox,True,1240,768,bdcc7df76ff7c59f015692a4cccea13ccb79aef5f8ac5c85c0293a3b23084704,0bf024da54fcff01,150.3747794858871
Train/Monkeypox/MonkeyPox (186).jpg,Train/Monkeypox/MonkeyPox (186).jpg,219524,55c581a5be3bded91e0a547b171f066311c25788110ea8e335cc18634f5891a7,Train,Monkeypox,True,1900,1069,d31b2a86662259dd0909d281de1efc20cc3add46f0fae87cdafd62e74cbce7d2,8ed97e61e198d027,145.27738466840628
Train/Monkeypox/MonkeyPox (187).jpg,Train/Monkeypox/MonkeyPox (187).jpg,140265,e9da974fd04579df0402690641ef097157944f265a87f118faa14db52d0a308e,Train,Monkeypox,True,1200,675,f93bab3036abbc25f16c2a229a9aaef2c4c2af67cd2e85e1fd64c6c533851e1f,de8570edb480d0f5,139.856824691358
Train/Monkeypox/MonkeyPox (188).jpg,Train/Monkeypox/MonkeyPox (188).jpg,190676,623e3861f5c892b3fdbef123d82042df94b29c2ecabdf0b57a280ed80a236412,Train,Monkeypox,True,1889,1137,44b7c42e319ad30a9ac8718697156969715e52bd102634876ed378814dab1955,7a5a5a7afa78a101,142.46559747610686
Train/Monkeypox/MonkeyPox (189).jpg,Train/Monkeypox/MonkeyPox (189).jpg,333364,99f822a6b4e270c5b9bf3239dee9a24134cd06f835c1fe025454233ebae64125,Train,Monkeypox,True,1000,667,24e4ea616ff9823f9255fa5437038452bc3fad0bb365d34f506ececa420d6249,d9d1994e2641753b,140.43234332833583
Train/Monkeypox/MonkeyPox (190).jpg,Train/Monkeypox/MonkeyPox (190).jpg,29677,1ad2634483d7be004944f868d085e05c2af19be66f735c5e359b14fcf41c8d84,Train,Monkeypox,True,900,600,c8fdf9b74b39e1ee197fffa65eec832d7a64adbd87a63a1b10adcc368fa86cf0,b568336dba05c9a3,153.73963333333333
Train/Monkeypox/MonkeyPox (21).jpg,Train/Monkeypox/MonkeyPox (21).jpg,4570,75434e50df2fa87309536c54cce9399dd3e64c4594b6aa1a268db6f72fac3ee5,Train,Monkeypox,True,275,183,b8607e3421e538608057bde2eabf6e945458f7c82cb46fe48a57aa83b1578b97,c659668966d83b17,182.69233979135618
Train/Monkeypox/MonkeyPox (21).png,Train/Monkeypox/MonkeyPox (21).png,122014,88121e434c1e85539408106e06f718b51c1b09170270f1ae6ef77aa8f2a7cd5f,Train,Monkeypox,True,224,224,84f06d6731d614ab2988851cc93de3d3a726b2491069b046a45d95b848999bfc,249e167c6c6ca763,89.38713727678571
Train/Monkeypox/MonkeyPox (22).jpg,Train/Monkeypox/MonkeyPox (22).jpg,5737,e0f4b2f007ce7f9d55ccff2d22d4441d00e9598e3f5974879e3669d2d596b22d,Train,Monkeypox,True,300,168,551287b94890bc50347260c100d8db7a74fcc68a6b851b583f5e02f48a2444b0,6c992e6f361901bd,204.15833333333333
Train/Monkeypox/MonkeyPox (22).png,Train/Monkeypox/MonkeyPox (22).png,106338,63ea392790f786596d49a7af3503016ad744c45eaeb30f6bdbd5a76263bf16af,Train,Monkeypox,True,224,224,cb19089d41fa3180caae4442d86971e2ab63724718e10af1c910ddc0631984be,e1e761fd5c0e0855,108.19636878188776
Train/Monkeypox/MonkeyPox (23).jpg,Train/Monkeypox/MonkeyPox (23).jpg,5313,55245e2590b1903d0b13811dccc55d57d6ce5f7263097b96d0e350a686dec503,Train,Monkeypox,True,311,162,5fa1c0d2198fe8cc867fb3d4f14159989e3abb3fc3b3fb59e07a3285e6ab23ee,0e2cac2c34f4f8d7,137.66452304394426
Train/Monkeypox/MonkeyPox (23).png,Train/Monkeypox/MonkeyPox (23).png,95616,1aad068e26ba39b4af499f8603cf2c5118da6a2d6f847a3ba3f69f391cedcb38,Train,Monkeypox,True,224,224,da2f16ed7ec71280e10ae129bc46bbb78dc1374bee184c48ec503d97b6200d8f,1979fd110103e6fd,144.1190808354592
Train/Monkeypox/MonkeyPox (24).jpg,Train/Monkeypox/MonkeyPox (24).jpg,2035,56cd2a2dec0518e9409443a1fe6175aa9e90950153869b3cf70bd6b4c3456c21,Train,Monkeypox,True,276,183,30429b7dc979ca10de092a858be89ae248aced0a702f8d330ff3dd321a2ae9dc,6bb8dd8a13166789,188.58000712758374
Train/Monkeypox/MonkeyPox (27).jpg,Train/Monkeypox/MonkeyPox (27).jpg,6626,475bf1fb84bffe71e68783b07996c92e3cda8658aaf689cb0c89061309d19559,Train,Monkeypox,True,299,168,35f4c86ac1894774388eeb505abbc995e98e18810366f3f36551de855789f905,728a1d3ee3d2d063,146.61144290492118
Train/Monkeypox/MonkeyPox (29).png,Train/Monkeypox/MonkeyPox (29).png,104770,22df81c7615805d33a79933253c28fde9dddd3f100399c4762f78d3b2965393a,Train,Monkeypox,True,224,224,d14c6f4a5eb5ad7295401803274fc4b801e2e3c71b31487f216877098bd6fc13,e50b00b3b27e2db5,141.83252949617346
Train/Monkeypox/MonkeyPox (30).jpg,Train/Monkeypox/MonkeyPox (30).jpg,4089,0b838b7a7163b0e62cd513e32c5b6ff131012b7d670abe8e97aaa21e071ba3df,Train,Monkeypox,True,300,168,5f7834237865c0a1cdf22c78b58d7266884233b700ec60e71afaee319c023f7c,5292224d9937cd7b,120.13722222222222
Train/Monkeypox/MonkeyPox (33).jpg,Train/Monkeypox/MonkeyPox (33).jpg,4833,dc8adce1f0701864d7f2f1a7f4f7c085eef1fa81208985aaf5f8ef0929e36736,Train,Monkeypox,True,259,194,e6120279e9868366e95b7b1c727852274e49bf2f4359d9407ed2df92fb5aa371,5eef12c18e7007d9,171.003204235163
Train/Monkeypox/MonkeyPox (33).png,Train/Monkeypox/MonkeyPox (33).png,117459,c90aa57e23d162c1a5c71b5d66c09d8a7cd18856949cac695b0b514820dd6c2b,Train,Monkeypox,True,224,224,e9bbf77112f12015ce0a8cc638babab6f49bd3be67e4d102fca9ab33e4c90850,d9670e6ee1913465,122.24021444515306
Train/Monkeypox/MonkeyPox (34).jpg,Train/Monkeypox/MonkeyPox (34).jpg,3360,d72dc095c1a787badb54e7b63bdee9b6fc82cdf586f171028bc99b10993dd430,Train,Monkeypox,True,300,168,d66d54a2b7060059f2119fd4672d2c41041352b80d791cfc511d4cf6ee65f6f1,a93d648473906cdf,88.94811507936508
Train/Monkeypox/MonkeyPox (34).png,Train/Monkeypox/MonkeyPox (34).png,74786,a77b60c3bf47a7eb9c062f2955c99463bf52f1d17ba6289cb706d2f0c8fa090a,Train,Monkeypox,True,224,224,0c89b0c48901428e53dee4b5b84492eae3a514b85b641b89dbdc0ac6accfdf07,231c06c3cc0dfcfd,122.10782047193878
Train/Monkeypox/MonkeyPox (35).jpg,Train/Monkeypox/MonkeyPox (35).jpg,8153,5e21d46808d6e9ebf2882d6fdbbac0af0c72209fa2bd014dacbe9f70cafbda55,Train,Monkeypox,True,299,168,ee19578ba3a35b767869586370d15a54705013c4215ea994891727f11af0951c,8ed97e61e198d027,145.72177098264055
Train/Monkeypox/MonkeyPox (35).png,Train/Monkeypox/MonkeyPox (35).png,74799,03ef87a2e98ab51d5bd4a9c1d3d37ca0a09ed11f0a536d3ec5de28e7bf991f2a,Train,Monkeypox,True,224,224,213238db6138aa77cc0d10fdfd3dd4bac4d99866004c09eca5142c9d844b49e6,e006dcb31df295e1,131.15694754464286
Train/Monkeypox/MonkeyPox (40).png,Train/Monkeypox/MonkeyPox (40).png,65698,0cd98bcb0d46fab5a026d0bc039e2e0113a9e8e208a151f3a4fc47d3dfe47d33,Train,Monkeypox,True,224,224,8dcdce0e2ceb6adbea447a60a1c3abd1f028b8ee0a2ba1d8184e034936806daa,ebeaab58a9561609,100.54500159438776
Train/Monkeypox/MonkeyPox (41).jpg,Train/Monkeypox/MonkeyPox (41).jpg,6345,6be65737e1018b3bbb1ea838891c3eb52b8c69a5a6782c0de4a03b45a74dac44,Train,Monkeypox,True,311,162,516c1e4bf6ea4c8995784ae3b6ce9a0c43d8368f21844e1d0927ad5f1a8fd3cd,0bc2cf6190bf6789,157.58715414235243
Train/Monkeypox/MonkeyPox (41).png,Train/Monkeypox/MonkeyPox (41).png,94529,a69e0435c410854954a2a90ab096f750dd2f18a12d049bc87c938d94fe92be5f,Train,Monkeypox,True,224,224,7b634a5f17a7f704201b63553096a5aef9429f82b8692962d090a979b310583e,051ef912e8b9467d,91.04615752551021
Train/Monkeypox/MonkeyPox (42).jpg,Train/Monkeypox/MonkeyPox (42).jpg,3362,fd13e97e5f4f67df8129f9b603250fa11713c73814ff5ef4b6c413e37ccd3a54,Train,Monkeypox,True,275,183,1034b9af0b33f30b9d0da77dcde2cf291ef52b56040cf880fb950d9c187ea7ee,a322eeb9289395b3,187.33347242921013
Train/Monkeypox/MonkeyPox (45).jpg,Train/Monkeypox/MonkeyPox (45).jpg,6877,52cbaa61009943d143314c8794e62ecac9035834733f73bf1f3ed06e60322319,Train,Monkeypox,True,276,182,fc83d2adcf00b2e7cabd4dbcbe741a0e68c8970bf789e52ec7847df19ed3c532,238d5c43a291f797,146.40814620162448
Train/Monkeypox/MonkeyPox (45).png,Train/Monkeypox/MonkeyPox (45).png,75533,3ba0b73227888abcec5cfb397ed30777a565396a5ba7dd4aa159f84338668118,Train,Monkeypox,True,224,224,47d7d2b5d8b2b2d0b159cb2ec9acfcd3fbb317b6e501d5e29d4ab9745d4efd02,8e764d623b7c9e01,173.23228236607142
Train/Monkeypox/MonkeyPox (46).jpg,Train/Monkeypox/MonkeyPox (46).jpg,4592,4ccb2fced2a921f18e698e498d0ba75e0c5efbd397fcc4f193080409a81300d9,Train,Monkeypox,True,300,168,1ab0f1b3ba654437aad491d5474fce42f360b51060979767d0f38b6b2c311c5a,7c80bc239c7433ed,164.55533730158731
Train/Monkeypox/MonkeyPox (46).png,Train/Monkeypox/MonkeyPox (46).png,55682,e0419f8cfdc92be1ccd3fd825a9bf35e068218ca941a1f4b7d25595e2ab636a9,Train,Monkeypox,True,224,224,6b2f13db0c15ce06767eb944ad1394756651af0e50bb6fb3734692241f49547c,95a50559973c78d5,158.9484414859694
Train/Monkeypox/MonkeyPox (5).jpeg,Train/Monkeypox/MonkeyPox (5).jpeg,343456,28a93ca2149cc9b6eb18f37b45904308ef16c9e097e6f6915e9260864a2cd9f0,Train,Monkeypox,True,1280,720,4c8dcbed51e7a7bb36ca4c7c6c92b1847b4e844fd7371ec86658c40ca03c63a7,a93d648473906cdf,88.94872612847222
Train/Monkeypox/MonkeyPox (5).jpg,Train/Monkeypox/MonkeyPox (5).jpg,118315,0e03d0a32d7b924b9ae60c67c35da8201da2868da1a03479a635546724d6a669,Train,Monkeypox,True,1200,800,ceae97d21310bfd63729cb96dd27c3bdb430ee8b44dc753485df141504e1ff96,f315ccc19c3e6d03,148.69580729166665
Train/Monkeypox/MonkeyPox (5).png,Train/Monkeypox/MonkeyPox (5).png,1389498,cb2963267f09abfb6dfe9dff59fadc524504e94fab3f42a8c8fb5a29b5f067fe,Train,Monkeypox,True,1366,768,72bd886499f384f44a4546f2e7bf9398e879602f7e6b643c29a4412b47a3158a,49c84a8e6e366eb3,174.87032069759638
Train/Monkeypox/MonkeyPox (51).png,Train/Monkeypox/MonkeyPox (51).png,88567,ff0e5afeb19668aab8e25a44ec9e4cddcf5bb3893dead1ef0eec3aa62f716d20,Train,Monkeypox,True,224,224,2eab1f65cc0e62390f27ac1a2d1bb2215b5eb2f69152f7bafdfc3e9b63adb13f,ec4bc0098fb9e365,148.94029017857142
Train/Monkeypox/MonkeyPox (52).jpg,Train/Monkeypox/MonkeyPox (52).jpg,8990,f53190cd8532abf4038d51553013346907ccafb0a4f4f2d4489c47756b83bed4,Train,Monkeypox,True,275,183,569c7468335ba021e41f89d12e2fd1c0ae5650249751eca1191772a3f79e9b70,4d0ca336a74f662b,130.8651564828614
Train/Monkeypox/MonkeyPox (52).png,Train/Monkeypox/MonkeyPox (52).png,44854,45f5e20e7714035639b9768941002af461dc8a94774b6c7a1d423a30f99a327d,Train,Monkeypox,True,224,224,1c59ff990f2769f4aa1f5e3d76f598be778d2af5c4e6f4b4350c5fddd8004e40,5e1caad4bb40572b,196.6377949617347
Train/Monkeypox/MonkeyPox (53).jpg,Train/Monkeypox/MonkeyPox (53).jpg,6937,e8912bfdf9f10925fb4d7551bfe032758dc70caf10833530aabd329a03bf474c,Train,Monkeypox,True,300,168,d5fd96410196f6ac4ee96e2fcc9fafd5c1521b7f6698edd77db1908b1dd2e5cc,caa915da9a2ce46b,157.9662103174603
Train/Monkeypox/MonkeyPox (53).png,Train/Monkeypox/MonkeyPox (53).png,82109,f37225fcea8487853146ab4f72ef7634473328169bfc50c88867847dcc60c5dc,Train,Monkeypox,True,224,224,41995b2cc062dd7624290f92879cb7e9a51e9afc4a4c372c9629299a0cd9ab10,473b7529a785d1c1,174.31491151147958
Train/Monkeypox/MonkeyPox (54).jpg,Train/Monkeypox/MonkeyPox (54).jpg,8082,811a4977ed49d105f9dea7f222109b70934ce0248e9c7b02cc234655b53243da,Train,Monkeypox,True,277,182,af29622741a39c676d6956b2236251593cd1031bed167c29d3cc170d73087e4c,249e167c6c6ca763,89.15658348871345
Train/Monkeypox/MonkeyPox (54).png,Train/Monkeypox/MonkeyPox (54).png,91383,817ee825e2e4f84f7aaad941fac2a6232ff7ec6f1987367cec5ebe7174e49de3,Train,Monkeypox,True,224,224,7f43935c97508dd8fdd9555f797f82016711431473e323f262fa5869bdba5c08,a25351a9bb5836a7,179.82403938137756
Train/Monkeypox/MonkeyPox (55).jpg,Train/Monkeypox/MonkeyPox (55).jpg,3919,c02b0098267cac837fcdaea62b6cfdd626e4704bdf2113f69679d2069afbd2e5,Train,Monkeypox,True,299,168,7b7488316a0bf3d0da8beb8b8d3cc69b5c6dc0d47da6cf90babec1254c7ca1e9,3f3c5abf2a498681,177.49711339385252
Train/Monkeypox/MonkeyPox (57).png,Train/Monkeypox/MonkeyPox (57).png,92260,3e7478db67e1d064b5b1676720942cf9d75a6eaa0f9763b98d9332570c5d4886,Train,Monkeypox,True,224,224,16e51981f5977486a1e75a2b5622e9abb7713a9ca237051968a860e1635cf622,10639d34eb9674cb,90.27668606505102
Train/Monkeypox/MonkeyPox (58).jpg,Train/Monkeypox/MonkeyPox (58).jpg,4474,1eda00c202097a6c914e57158a087ce859c1d289864a63f480691136707b200e,Train,Monkeypox,True,300,168,1e2c5ced5a76f2a02295dfee37b9536480d95984a0aefa471a625483d453f5ec,d34a8a6dad562359,104.27083333333333
Train/Monkeypox/MonkeyPox (58).png,Train/Monkeypox/MonkeyPox (58).png,68803,49b9e99aab97dcd65d064774d4255e0ea3727d83f50820f9605b7a998d1a20bf,Train,Monkeypox,True,224,224,0c348fe21a3d8c51c5bfd9e83d3f610c89b6e97b44e9bdbda9249debf1a19ca8,468fa983f368ac47,111.93295599489795
Train/Monkeypox/MonkeyPox (59).jpg,Train/Monkeypox/MonkeyPox (59).jpg,4372,6a6c2c8d526f237b3edff5d4e7192f85b49e16a55579cd8e7dc243d19d76585c,Train,Monkeypox,True,259,195,e467085a4a9d80f0b0913f61b9b15e0a75af4df2e19b1af4eda8212968eacc4a,0bacbde474d62389,119.84767844767845
Train/Monkeypox/MonkeyPox (59).png,Train/Monkeypox/MonkeyPox (59).png,98215,fbe080fbd540d9ae5aade380a407ed38083a88043cb87c8a7fff74f0a8a4ce49,Train,Monkeypox,True,224,224,2864c736d7db1800e3feb09dcd0021959395a9f34a78de1f0497e4de0634a0e2,91c9cde66671198d,140.26229671556123
Train/Monkeypox/MonkeyPox (60).jpg,Train/Monkeypox/MonkeyPox (60).jpg,4201,78d56cada42cc097e49097c1bdac1d8235b24e7d93628e96e1d52529d929e5a9,Train,Monkeypox,True,300,168,1e8a98fccc6625c98fac18912c7327fe506c7d593ff42360236e4d8a3a23269d,fcd8e8e8a854562b,147.44851190476192
Train/Monkeypox/MonkeyPox (60).png,Train/Monkeypox/MonkeyPox (60).png,64001,5f8577cde560e29573662c78d3ee997392f53dac3a84874efa7d4d1c301de7be,Train,Monkeypox,True,224,224,ea885a3d812babcfe05ec14219e90c3f6c0a82bc0061b178dff99755eddaac9c,99931f6664f98915,135.86365991709184
Train/Monkeypox/MonkeyPox (61).jpg,Train/Monkeypox/MonkeyPox (61).jpg,4820,e8ebc98e5f973d7f37713fc9d3151affd6eadb04d9e00b92352a498d8ada5378,Train,Monkeypox,True,300,168,9d2c7a75a5f356c8af3f3dada98b3364be4782d0b83a9ec9bc1206aed1fd0071,aa3c752a4ab4e4e3,214.71204365079365
Train/Monkeypox/MonkeyPox (63).png,Train/Monkeypox/MonkeyPox (63).png,48897,ec73942fd39e86c6ab06fa67641941b178dcdcfa07537495f64543ff10c09245,Train,Monkeypox,True,224,224,03b54f972a27ea4e2ae4715fc1befd4336613a1a2f33178e3bd5b83ac38c6977,664ab86658ab665d,104.70238759566327
Train/Monkeypox/MonkeyPox (64).jpg,Train/Monkeypox/MonkeyPox (64).jpg,10034,98055435e214a19abd7142c3b58790837bb1dd9f7f18cc3539b35f89b5b3f516,Train,Monkeypox,True,289,175,dab19983a17e6466a7eead21422c65235ed5f7a9a55ba5f791bc7563b79b6536,8b817c7f3a70c42d,133.91822046465646
Train/Monkeypox/MonkeyPox (64).png,Train/Monkeypox/MonkeyPox (64).png,59589,d479327dbdd5cffd1bca1ca1619aaa8cab48d682a4b989bb6404123405d9dddd,Train,Monkeypox,True,224,224,0ce1072c8d71d4c21353f85e995418d10d0d8c86b6cef23c4ed2d57bf372cb13,5ba7260b91e16d55,98.2220384247449
Train/Monkeypox/MonkeyPox (65).jpg,Train/Monkeypox/MonkeyPox (65).jpg,5106,80b0947cf0fc67cb0ea0bdf37ae9dbe721721bf7603ada3036c634d7fcbe06c2,Train,Monkeypox,True,275,183,15d84ca405835868e5d61156554feb06bade052c2040e132d4c4bb1dc5d7b97c,b568336dba05c9a3,153.7173174366617
Train/Monkeypox/MonkeyPox (65).png,Train/Monkeypox/MonkeyPox (65).png,67296,40d494ecd68e82f1346045c77c692831abc8032cc4744b191374dcca0cdf4717,Train,Monkeypox,True,224,224,9aaf04c0d18e37dd7a0f5adb1e8373f83cf56a75ca2172aaf6b2903d11fa3c51,b2e34edd3061e265,103.19732541454081
Train/Monkeypox/MonkeyPox (66).jpg,Train/Monkeypox/MonkeyPox (66).jpg,4595,571f98894e3869f2a41c6a6c65eba0b78c5ba0349f4adfab940f23efb39e798e,Train,Monkeypox,True,225,225,8dc700384bc5061204db8542ef22e942995fdfed47604014074110755c5693f3,2b5057af581fa741,121.65754074074074
Train/Monkeypox/MonkeyPox (66).png,Train/Monkeypox/MonkeyPox (66).png,92596,4f78c020ec7cbfc9b1dbad559560c5bad645e712db7ed178e8e8825ebfbe2940,Train,Monkeypox,True,224,224,cec0637f86ef17bf18b78e093a072d7b2441c872ea2653e998f9476e9d8d2dca,a90dd45687f5a427,91.59841358418367
Train/Monkeypox/MonkeyPox (67).jpg,Train/Monkeypox/MonkeyPox (67).jpg,8512,ce6ab4dd2a06ce23bed33c508bdb3d28131d0b50ea02090ba28476223261b0e9,Train,Monkeypox,True,299,168,a16fb27bef5475b2e4a60141f8aebff681cdd9568d65b95939ae31b0383b5b64,de212b7af0c48a6b,113.40197483675745
Train/Monkeypox/MonkeyPox (69).png,Train/Monkeypox/MonkeyPox (69).png,86301,9617b1e7f6c49d0792e1ac41a064b429c89a7cfc047496020f3866ffc8939801,Train,Monkeypox,True,224,224,f66bcc4fd291fcf87a62e9d8ea4f69b4fb6df315a182c52127216a353300f9b2,b4f654112b4155fd,85.71390704719387
Train/Monkeypox/MonkeyPox (7).png,Train/Monkeypox/MonkeyPox (7).png,84516,d9c258ba4eb9f0c0f407e5168eacb423b29d8f6dfb5f8fe63dc94619cc6f2ca4,Train,Monkeypox,True,224,224,2ae0d532d3160e5af97be8b5299126df1c92c6ad4c10a4c8394e05bceb55d441,974ac6733c634a1d,104.91284677933673
Train/Monkeypox/MonkeyPox (70).jpg,Train/Monkeypox/MonkeyPox (70).jpg,3498,5474f08bd1fa113001aea4b46c8072982dd70a408318e7915c13472371bee82f,Train,Monkeypox,True,259,194,8b5079f1dab29d19bc4089ce8ed272125a45ed642960c13e5a9a6c5ff6644309,2333729bd949ce0d,155.82356804521754
Train/Monkeypox/MonkeyPox (70).png,Train/Monkeypox/MonkeyPox (70).png,85961,2890da7bc1424e2148677c8d47671f1d8342184b48818b1c124c03abf27463a7,Train,Monkeypox,True,224,224,0a1aae4e88e5067c43f9d489758bd2e6f2be51ee61edcae8beb89b297fec2c2c,04fe7061fefbc009,137.88853236607142
Train/Monkeypox/MonkeyPox (71).jpg,Train/Monkeypox/MonkeyPox (71).jpg,4484,a153826daa7704435dc6adb338e183c90b4d12521f6c127b05ff663485ff633c,Train,Monkeypox,True,287,175,c7598585b905712e91d5d7ce8d7eaeb62548570fde5c7ea6570f656940fc6487,f8d8c8e8a8d456ab,146.54022896963664
Train/Monkeypox/MonkeyPox (71).png,Train/Monkeypox/MonkeyPox (71).png,60798,04f9980e82e896a494fdd228e215c8b89721cb790a3279ddd09e59c18701d7f6,Train,Monkeypox,True,224,224,c1552da771578b4ebbb5ffe862b62a1be6f296d20c1f88368d2f4d27adf2ba82,bbc75a32a4617c49,97.97933274872449
Train/Monkeypox/MonkeyPox (72).jpg,Train/Monkeypox/MonkeyPox (72).jpg,6318,561c6e8504faf7995f15a44b2acc70ee2527e747e957ef1b49afaacc4667d8a0,Train,Monkeypox,True,262,192,a2c2c7d77b94822f172f4a63be4781df7af229e2a2ec6f190b17ac290c4df476,afba55e4689281ab,155.40867525445293
Train/Monkeypox/MonkeyPox (72).png,Train/Monkeypox/MonkeyPox (72).png,84124,ea6dd9ea2108ed0505ad4b2b47a0e9c17ed6ae7290e0672894ca14659984bfdc,Train,Monkeypox,True,224,224,2544f034d675ac14b19721e0bb4f0ac9f905f94dd8ac68b57148cd328fec9489,ddd9d989390b9191,109.15122767857143
Train/Monkeypox/MonkeyPox (73).jpg,Train/Monkeypox/MonkeyPox (73).jpg,2985,d9b4c52af165e28983873606e604b74e024601c69ec841529dfe1bbf8cfb60e2,Train,Monkeypox,True,275,183,a12f08d536ee473b1cb1f8878bdb63694e2b3d6f57709545281099d1b8f9f75e,e07838a95e95ae4b,191.28276204669646
Train/Monkeypox/MonkeyPox (75).png,Train/Monkeypox/MonkeyPox (75).png,88213,c9f9e8eede5be4f1ecd3bd9f8a32512c9fe096f24f825d71a825355103627264,Train,Monkeypox,True,224,224,21f49369a3484c6baf9438c4b38fd99c196fb2181ab6678f7c81c9ac19304b17,b3e31d8ec78e01e1,128.13685825892858
Train/Monkeypox/MonkeyPox (76).jpg,Train/Monkeypox/MonkeyPox (76).jpg,7245,6d667c496b81e9644e2903c4a8c4176ca13b33e5f3c38c75b36e68ac6aad0281,Train,Monkeypox,True,284,177,2a285dba93eb4dcb38d4d7e7d0d7609a74b9ec57e4430eb9ea104a2785e50ddc,ab54a754ab58af41,117.4702395161932
Train/Monkeypox/MonkeyPox (76).png,Train/Monkeypox/MonkeyPox (76).png,80512,f52100200a0fd8d481a3daa392a53d6c769cf2d5566a5cadaa959dfe8357fb89,Train,Monkeypox,True,224,224,aa03eeab873e5efd751b7a0935f83722bf02f0edb07edf9931cf0a92bd7f63d0,664d9b6499666993,119.8033522002551
Train/Monkeypox/MonkeyPox (77).jpg,Train/Monkeypox/MonkeyPox (77).jpg,4677,704d34bcacde1895ae485fadcf96c51a68cda0b17ba84d2da46e3b01f8970b75,Train,Monkeypox,True,300,168,0601c9e9e3f2144b0fe0fcf34bee362111f6ec0e0014b3e3ab385ceae81af5fd,7627331e919ec389,126.40261904761904
Train/Monkeypox/MonkeyPox (77).png,Train/Monkeypox/MonkeyPox (77).png,97555,fa2b0360acf054778c9739dbce779a68162ed83949aa9fd7ab117afde8d47b0f,Train,Monkeypox,True,224,224,520ea2ef0af613563fcf4d8b0f4c3db52c7d6575696f88b514f54c1cacff2c77,c1f0682acda4bcd7,140.5602877869898
Train/Monkeypox/MonkeyPox (78).jpg,Train/Monkeypox/MonkeyPox (78).jpg,2947,5dc060068f0c6cf8d6ef045744a09fe3b1824b489eb37f63f9467f34b47628ab,Train,Monkeypox,True,300,168,e1014857e49f040f6414fa35b8d5871f8d9cfc98051b33ad9361f3b2a40a9952,8dfce38c78a2814f,172.3049007936508
Train/Monkeypox/MonkeyPox (78).png,Train/Monkeypox/MonkeyPox (78).png,95557,01d43d41b1d2eda6365c0db9a2e44416d0107093e699767117efd8a8b67d871e,Train,Monkeypox,True,224,224,18aed4ed6ab8cbd82e868313508fc00ef8fb6c3927f14a8fe4f209a97a5b9a0e,9ee21ca6989e41f9,109.22072305484694
Train/Monkeypox/MonkeyPox (79).jpg,Train/Monkeypox/MonkeyPox (79).jpg,5238,34bca23df05a94fc899849fd4dd7c4d589f3fed0598759dc22c4e34a2efc4baa,Train,Monkeypox,True,288,175,0d964420d7405c14cf4ee4a2eb03a20ecfb3a01e5a9cd3c270557557a5789313,d5a52f4816daed41,131.97480158730158
Train/Monkeypox/MonkeyPox (8).jpeg,Train/Monkeypox/MonkeyPox (8).jpeg,3604,9497769b666b4e07d458f957cf6052035927535b23f944a2ac87109841e6ce16,Train,Monkeypox,True,300,168,b468b2db4d7b63e0ec0ec667225085f8f7f9d9498ab1f9f90458b0a17158824c,7472b252963a72ab,188.6766865079365
Train/Monkeypox/MonkeyPox (8).jpg,Train/Monkeypox/MonkeyPox (8).jpg,66827,1abdcf97a43e83ede614b1fac391807d651ce6cc2ae5a438cebf023bbafc55e7,Train,Monkeypox,True,1200,900,8dd9c18a13026cc58e5e4b3976e96af0c00b42029982d537c9da3cd13e192f51,acf628c7702c1b2f,152.5407462962963
Train/Monkeypox/MonkeyPox (8).png,Train/Monkeypox/MonkeyPox (8).png,45441,82568dc80e93adae1786746c5ef5965e81b9f7d215f1a6c67cec438dfcc51eed,Train,Monkeypox,True,224,224,71ddf77ee878fa21fb08c4ed25746d73829d24b42c579ee90f95e7fe9d97be58,9c26597ee4191b65,176.71749441964286
Train/Monkeypox/MonkeyPox (81).png,Train/Monkeypox/MonkeyPox (81).png,102386,691ba54075001e0b34f2831b1751386ea42f14e24a945e35a55e229037143258,Train,Monkeypox,True,224,224,8d8b9fcfdc4698d4b2e2f6682fade988e3c45837805d23d78b325f0fb5b187dd,018d6b6eacb8b927,124.94945790816327
Train/Monkeypox/MonkeyPox (82).jpg,Train/Monkeypox/MonkeyPox (82).jpg,7137,25f07ffde1f826bb359b5057e156a148bb4ecc92700160d0dd7e539e0209d9c5,Train,Monkeypox,True,275,183,98fabe33012ed282479306b45671561e2f66fe94347b6d9045584fbb786422b9,1066d8649cb46fdb,126.4964133134625
Train/Monkeypox/MonkeyPox (82).png,Train/Monkeypox/MonkeyPox (82).png,51148,a6e01c448a0cbc11d620bc8dc3563e9d981ad0379ff6d355ee8807ed18029f38,Train,Monkeypox,True,224,224,8fa72d7f451a44012240ddc7738d2cea8cdd55120595f2876d034e545b2c73da,7fb26168905cb1b9,139.75926737882654
Train/Monkeypox/MonkeyPox (83).jpg,Train/Monkeypox/MonkeyPox (83).jpg,6589,e6fa913a0e8cdbdf488fafc170c788118b3ccba152fd5023446dce9add42b1c3,Train,Monkeypox,True,300,168,99a240be1051c8f026ab6e953bc9c5fe86ce085f3c306d53823338bca68bef16,a6c99b31f3cc4b11,114.31174603174603
Train/Monkeypox/MonkeyPox (83).png,Train/Monkeypox/MonkeyPox (83).png,44271,f4becb9e37fe300db42835a8cfca42bf89b05065ab4ac5b6805a6cb4f5e30d1d,Train,Monkeypox,True,224,224,8bbd947a4d0df88bc9dd7fef274478535e6df2342a49198d74bd14182e4fb27c,d9b2244eb592c53b,224.13006218112244
Train/Monkeypox/MonkeyPox (84).jpg,Train/Monkeypox/MonkeyPox (84).jpg,7352,43da0280c05a79fd92c333b9e6b28e6e3c5be59980e3e089ef0c7df4d860b606,Train,Monkeypox,True,275,183,c04727035ae515afba192ff62c19030aecc9f6269d06d5ff5a4c701a3c021f2a,d9d1994e2641753b,140.5067262791853
Train/Monkeypox/MonkeyPox (84).png,Train/Monkeypox/MonkeyPox (84).png,71723,099c860277fbfb94dab21a7f71589efc2dbedbacaf50c2e57387ebbda61646be,Train,Monkeypox,True,224,224,dd9b8c96b1a35f06700e36a0da64a794c1f772138d81144d4a3dc8b8fa3c3222,cc32ae345659788f,132.9629504145408
Train/Monkeypox/MonkeyPox (85).jpg,Train/Monkeypox/MonkeyPox (85).jpg,3607,166b63071be16725f842a06fd8409f5a58669bad650eec1ce33e5d9837e0c8f3,Train,Monkeypox,True,266,190,dfb551ba77671eadf36a66e14314b2f7b4b8f37707619da9057833fd3ce616ef,6d12cb25d2c9ad53,181.65045508508112
Train/Monkeypox/MonkeyPox (87).png,Train/Monkeypox/MonkeyPox (87).png,69814,3037d71c1091f44f9a168c136e3bd98eec34b7cc6281a4aa75aa49abf63f4160,Train,Monkeypox,True,224,224,fb624461285c4bb7f5073528bd28bfb84e07bf8c6b4f5564345e2c06fcac312c,56d6a2a994d46c6d,150.8097297512755
Train/Monkeypox/MonkeyPox (88).jpg,Train/Monkeypox/MonkeyPox (88).jpg,6163,f2c28cf96723a7ea90565e057d2df78f08e3752823d76e015e18d745adbe4296,Train,Monkeypox,True,224,224,2e5a120481436fefc35a5a789c7b476dafc5d99b215a71ec82cdd4e3b17cbf44,6240496f96a3ab5f,108.26811623086735
Train/Monkeypox/MonkeyPox (88).png,Train/Monkeypox/MonkeyPox (88).png,71705,436117a6db02c6a504b78772b1b00de06ec190dfca5d8557ed0911cd9cff63d8,Train,Monkeypox,True,224,224,42bab517e8e665220893ece7089f8bc8d608824ac4cdbf9719b9d0520b8e6835,16e993259abc6867,120.50157445790816
Train/Monkeypox/MonkeyPox (89).jpg,Train/Monkeypox/MonkeyPox (89).jpg,6000,f2a52bdc92ec4984ce7a5d12bb156a0907e847c120edccc91f7cf516aea157b4,Train,Monkeypox,True,224,224,8823d7434113a3acfab48ae70d6e0b0b5d9a6323261369d76e935fc1a34ff2fc,79d521d0b96d9625,127.89887595663265
Train/Monkeypox/MonkeyPox (89).png,Train/Monkeypox/MonkeyPox (89).png,76101,629889e7619a7627c6e4afd2fda09b14ba8c3964d4fe829a446f63a7ba0459c9,Train,Monkeypox,True,224,224,4e0035fbc8167e01404e9cb5a9fb9cd08a3ed3657c1445e5480018ec01d8e7f0,3f192ea2a2ae43b5,144.40766501913265
Train/Monkeypox/MonkeyPox (9).jpeg,Train/Monkeypox/MonkeyPox (9).jpeg,6141,d7e05d648bd44e1eff7f47ff06f5d9d3ed373fb5b1a5163bb66402ed71996931,Train,Monkeypox,True,225,225,5a6297475d5a85610d435e8fe1cd5807722f94339d4907bf4f7b9be916bef4a7,66a46b10f713e725,177.14107654320986
Train/Monkeypox/MonkeyPox (90).jpg,Train/Monkeypox/MonkeyPox (90).jpg,5795,7a90b58c32e296991f4ce1e90364a6f51eeb54c173f3a3a0bb56793bcb1606f5,Train,Monkeypox,True,224,224,83451bca0c0738daff49a3194632c6b95788c726d453c0cd3aaef817e1654d29,b56a9ccc22dd5e03,129.3926379145408
Train/Monkeypox/MonkeyPox (90).png,Train/Monkeypox/MonkeyPox (90).png,67896,1fc449fd3af8f163bf1e3b757f0ee1252d9ca3c1dacd51b434896d007302e63d,Train,Monkeypox,True,224,224,b852ca1f2d871e6456d4f5bb3c38a99e1b9af803ba6f890a79a85995900b779b,f01f0b00e72f09fb,118.32427853954081
Train/Monkeypox/MonkeyPox (91).jpg,Train/Monkeypox/MonkeyPox (91).jpg,5436,380b29551aaf143284489ae199cb69e9163a5ca1da143906ba08e92f6fce96e5,Train,Monkeypox,True,224,224,87a3aef4fc898d168b32952ae717cf5391fc69ad4151048db90bd51e7c5352e8,cdad498d2d55a271,99.73708545918367
Train/Monkeypox/MonkeyPox (93).png,Train/Monkeypox/MonkeyPox (93).png,66148,7ef453444c2c66a419780ea41e99d9413dedff10628ce9e4ad05f6596d7f543d,Train,Monkeypox,True,224,224,17036109d43cfb90aeaba54377b9ed5943836b5491fdee7dfb80b7f8d25d212c,c62c64334e86f17d,146.9435188137755
Train/Monkeypox/MonkeyPox (94).jpg,Train/Monkeypox/MonkeyPox (94).jpg,5129,ceaa976725dab1e0e8f7aa2694ea8bab9e91847a20d99effde61c03fbdf16d08,Train,Monkeypox,True,224,224,6990d3ec31100d12821c1dbdadf69efd03fbe7193bb1c5ed2fa1c9cc63bdbb5c,9272bb5ac6a853a9,154.49246651785714
Train/Monkeypox/MonkeyPox (94).png,Train/Monkeypox/MonkeyPox (94).png,78742,fd972cb193eee48022998f6357b1ca381abfeb6c9d8ef885b7a0f20c3eeeb5a7,Train,Monkeypox,True,224,224,bc82c07a734787adc318f0f5e37cbdcc8f9d8b440a4e64af39a042042ab6e952,a7380dbd39d04ec5,129.19684709821428
Train/Monkeypox/MonkeyPox (95).jpg,Train/Monkeypox/MonkeyPox (95).jpg,4280,b1c9f46345c9cbb9567d1134220fc6cd71a1be41e35d58b006e532f2cecfe0b9,Train,Monkeypox,True,224,224,ef8271da65d5fc62cf377ecae2c8ba9ffaa08bd280da7efa5c2fd70ace45f844,fae987fe09fa0101,134.12976323341837
Train/Monkeypox/MonkeyPox (95).png,Train/Monkeypox/MonkeyPox (95).png,109813,c3dc82a71ab0421eaa4986e19efb1ea16663cafd266d64183cb99b359ab29590,Train,Monkeypox,True,224,224,0110c6592368f60e04cd3b57f2c5f29358d61525554ada5c9db479bfc127ff5f,07af034296adf8d3,142.73449457908163
Train/Monkeypox/MonkeyPox (96).jpg,Train/Monkeypox/MonkeyPox (96).jpg,3933,50353cff6e4ff7d3ab9985d3198d47f4a28b02d67d58736c9c4e463891613ca0,Train,Monkeypox,True,224,224,f2b77dbcd96c24de799867d020d3e5eb9779f071ccf10908f6a076bb9d78ef0c,9c26597ee4191b65,176.71749441964286
Train/Monkeypox/MonkeyPox (96).png,Train/Monkeypox/MonkeyPox (96).png,79944,8ea85bf29ea05c04082674ea2837b84d27b29b8e577382583096396b5e690385,Train,Monkeypox,True,224,224,92a669067ab0f647b7798193d5ec75f758139a984908805bad36ec55f7b96bf6,3132d36ccdb291cd,145.17918925382654
Train/Monkeypox/MonkeyPox (97).jpg,Train/Monkeypox/MonkeyPox (97).jpg,4312,00f781f6b963661dd03052dd2262e8ca9eff883cd0b94555cbe1e42c6729ba96,Train,Monkeypox,True,224,224,38fefecf4b25566fa5e59c5d9942e743282163f68e00988490f56a2aa861759f,9c2659fee4191365,175.82202646683675
Train/Monkeypox/MonkeyPox (99).png,Train/Monkeypox/MonkeyPox (99).png,74781,d6c171a769af0d01441e22f107900d2f307c04dbb43a6c34964edd1503149428,Train,Monkeypox,True,224,224,862ea42d9f16ef76ea682799d4a98fc9df08ed8d87da9482b514a41e3b752246,db2c86fd18917e03,115.34466677295919
Train/Monkeypox/MonkeyPox.jpeg,Train/Monkeypox/MonkeyPox.jpeg,27163,9bedbba9e26cf86514b2f9eae62662360406861572698cc02d10eeed7f43cfd6,Train,Monkeypox,True,700,526,e486ab8cc5b01a481714245b96db5b0f663a66cf34d9db7fe037efc32e7eb8b8,0bacbde474d62389,119.86926941879413
Train/Monkeypox/MonkeyPox.jpg,Train/Monkeypox/MonkeyPox.jpg,28521,32ed36395261f422adcbb1fde4f6f47ca06902ae4ab25fae091f414d76fd52c8,Train,Monkeypox,True,615,409,b9f14ba829bfb3accf639cd1d060fa6e77e8e9dabdc0e6c3ee85ccd22c03dfa9,092d72b7f88d5893,129.34182519331307
Train/Monkeypox/MonkeyPox.png,Train/Monkeypox/MonkeyPox.png,359999,503a71166ab1f5f9f596955b06ccaefc95d43361f60c3a7a1d18d755c3cb7bee,Train,Monkeypox,True,1200,625,89644cbd733024dfff68f82a445a80b128ef8626407283aa3dc5546f1d52e0cf,b6a057f4250b5b87,142.04755333333333
Train/Sarampion/2024-06-26_11-56-24_3925.png,Train/Sarampion/2024-06-26_11-56-24_3925.png,1253235,d5ce448db3819e80af05cb11c8c69a3a5a3d83f4bfc80e60b3213c479deb80c6,Train,Sarampion,True,896,1152,cf6f99b3fba29007d26a0b867ef1d18238577873df413f602229d20d51b2ef3c,848e8e1e3f16563b,139.53948877728175
Train/Sarampion/2024-06-26_11-56-48_4821.png,Train/Sarampion/2024-06-26_11-56-48_4821.png,1324865,867a408c1455294f12abe95fcfec4ee9d981d6ab97567c66e4658b45bcfb17dd,Train,Sarampion,True,896,1152,ec018664f2b8952dc448e83b2a6c8a131ad6e7fd05412cc26d4ec63676ce7bb3,043414965a7edbf5,118.63012307787699
Train/Sarampion/2024-06-26_11-58-45_9776.png,Train/Sarampion/2024-06-26_11-58-45_9776.png,1229080,1b293ac633e9a4cee83258f5e4f347926b8e55e1eafd877f53933c124d3858c1,Train,Sarampion,True,896,1152,0192d0a3033ed856e92d8456f04913aa4a9ddc51ca3d0977245a60d14da99a29,4a4e5e4e0e74351f,128.2729017469618
Train/Sarampion/2024-06-26_11-59-09_9737.png,Train/Sarampion/2024-06-26_11-59-09_9737.png,1323693,7608669e9dbc95347c1ae8833a1da9f086b9947cf3a09db9adce28073d26017c,Train,Sarampion,True,896,1152,36dc6321666262525a51e35e83e116acf865f2b78d298e3fc0eaf067745e0535,ee1e7e141652314f,133.31941247364833
Train/Sarampion/2024-06-26_11-59-33_5864.png,Train/Sarampion/2024-06-26_11-59-33_5864.png,1192284,7b60fd5fb2815bcb4db1c15faa1961ecbfde8ee9caf5cccb106b07ab8608a830,Train,Sarampion,True,896,1152,53669288f25713cca78e5411c5b8e5c761c785b7bae5d5ccc2cb84a8bea84c36,531209e997965af3,141.61412992931548
Train/Sarampion/2024-06-26_11-59-57_7197.png,Train/Sarampion/2024-06-26_11-59-57_7197.png,1386130,e57436f159fbaa46854be5901ae0c2474e8566b0ede0f561cf6d7f24f7bbbcd4,Train,Sarampion,True,896,1152,ff5d18b01420b880e28f08862cbc1253e3607420b1a1fe05d9d5712c3eb935f4,bc860ece2c54d46f,130.487064422123
Train/Sarampion/2024-06-26_12-00-18_2171.png,Train/Sarampion/2024-06-26_12-00-18_2171.png,1142003,348d9dc2f0d69770acc9796b26a34d4db194d67e2b7e51f981104e6e59cd6742,Train,Sarampion,True,896,1152,7084a2fff729cbf7dce513cb1d6d6cd1fee114a0f165a9e31d574e78088f8be7,50d0dc9cbe46b42f,128.6357228112599
Train/Sarampion/2024-06-26_12-01-49_1323.png,Train/Sarampion/2024-06-26_12-01-49_1323.png,1290660,cc89f7ab99f0f5a37e145d44f4643d248660183c9cf12b68cec9d2fc85c9f380,Train,Sarampion,True,896,1152,0f712281b45bb1861ccf7c8fab9244501373ae536a42c6a41714c8cb33d21c11,d53db43838f89961,136.08059450179812
Train/Sarampion/2024-06-26_12-02-33_3323.png,Train/Sarampion/2024-06-26_12-02-33_3323.png,1135486,5cef131e96ad06c49041842782ef61ec8745a4337f4266f2dba97814cd252322,Train,Sarampion,True,896,1152,aca7d9f0ee78e6b19f520766c997198699dc28269aced3b38f9b4f9de353af39,bca8a813a3e3770b,135.65869625031002
Train/Sarampion/2024-06-26_12-04-07_3372.png,Train/Sarampion/2024-06-26_12-04-07_3372.png,1191410,febff065d6d24a3ce4b65da0c252a9ddec11a31cf14c5e340b4dd0b1567ffb2d,Train,Sarampion,True,896,1152,dbdb236e4c7098583d983c76c7cde953bdd41c52cf30217fa679542daa06fd1b,4becad7513d2d281,131.7090308779762
Train/Sarampion/2024-06-26_12-07-02_7219.png,Train/Sarampion/2024-06-26_12-07-02_7219.png,1264272,991b3049bdadf55295946a499242ee139c9cfe859645fae631233b1339224024,Train,Sarampion,True,896,1152,9ff2d7534b40b0f8072ab8e4d712426694e97807bb9ee8f692da90841f161fb4,979fb050f04c4cf5,112.03795224144345
Train/Sarampion/2024-06-26_12-09-55_7255.png,Train/Sarampion/2024-06-26_12-09-55_7255.png,1340072,8164f1afbc20b59adead14e909aa74e1510e5c447cf1b04d2fedeca07e4e54fe,Train,Sarampion,True,896,1152,7618d60ba991982f290c5d1bf15f00db7c5457343e3eda98b504f5547a5818c4,7a5e7921e5f81381,114.82178896949405
Train/Sarampion/2024-06-26_12-10-19_6265.png,Train/Sarampion/2024-06-26_12-10-19_6265.png,1254814,d3f4256009bdd97f26cbe07e5e70b285c91f0055b4a68ed60328eaa7bc5fa9d3,Train,Sarampion,True,896,1152,eadbfb717d03f3603be4db7ed92e3eecce4903a42529969d3e8ac842777dc4c1,09141614ef3e1ff9,120.92163860987104
Train/Sarampion/2024-06-26_12-10-47_9594.png,Train/Sarampion/2024-06-26_12-10-47_9594.png,1330447,e270671cb38fbca6672173527749d2b0f53f7a88c29e945ded2eb8dfcec38ab8,Train,Sarampion,True,896,1152,2d44039f648dd17b3e83505e86292dddc4e6873ad362e7ab78aa7ac2b0d7ccd8,aff01ef8afa81501,136.82760959201389
Train/Sarampion/2024-06-26_12-11-11_7032.png,Train/Sarampion/2024-06-26_12-11-11_7032.png,1328973,2b13dd34809a0c8b36ff717938282c7bd0e5d624d229c5a5a8d0dc7a510d2a60,Train,Sarampion,True,896,1152,b2feb5a5b8b5c70d6a7a08cad956bae33fb42d33aaa5f2404a94e3a7069c6d70,e1f6a287ab023cab,133.94276452442958
Train/Sarampion/2024-06-26_12-11-40_8397.png,Train/Sarampion/2024-06-26_12-11-40_8397.png,1282969,6656bc4cf672827ebc6f5043298ed218b64fa6c6734c8a40d0daded8327f040a,Train,Sarampion,True,896,1152,4fca8bcec26281e6b3130e7bc16e3ee1824404c21eae27db44ead4a84f8dfb6e,de1e1da1f16bc083,139.86371140252976
Train/Sarampion/2024-06-26_12-12-04_1572.png,Train/Sarampion/2024-06-26_12-12-04_1572.png,1206786,3ac133ad44c4c7b62fcd03dc206c2faa332371dd4b31a584e60d59abec6c9a1b,Train,Sarampion,True,896,1152,c42a99daa8b5f8937bb2e4c1d08bf10679943f2ee4e61e29936f58fed1670d51,5efa7b81e901815d,126.88983251178075
Train/Sarampion/2024-06-26_12-12-27_2080.png,Train/Sarampion/2024-06-26_12-12-27_2080.png,1240538,6735ee6b717c65bc39f1b09a799dac7ed4479e085232a02f43a260cd25ac77fe,Train,Sarampion,True,896,1152,ee0d5853e4282a242d37fcc00d5d0e3ceec4555f0634184a8596fe04c9e1fffc,d888ed2b6f22b389,133.84225221664187
Train/Sarampion/2024-06-26_12-13-00_2392.png,Train/Sarampion/2024-06-26_12-13-00_2392.png,1304939,28785b4e80baec3be7bcab112e1a8367053d6aef42a2caa241fb842bbdcaf82d,Train,Sarampion,True,896,1152,1edb60a693d15a5a784fce33ef968fd85a4bd43d24238746c860a11cbc67d619,0f52d6524f6ab389,123.94142465742807
Train/Sarampion/2024-06-26_12-13-23_8548.png,Train/Sarampion/2024-06-26_12-13-23_8548.png,1250161,6bfa8b27b008c7518b6ccbd90af30fbcdb6ee81706ed7a1ad5ff294bcb13e202,Train,Sarampion,True,896,1152,b5a76f31ff990172734593ba9b48b615a05d48183b7ee3968a75af8125df04dd,db5dabdf088a44a1,133.4937501937624
Train/Sarampion/2024-06-26_12-13-46_3831.png,Train/Sarampion/2024-06-26_12-13-46_3831.png,1266105,83f546f60889141f27a1a677509d19885a3ad044252c0fa170912806709b312e,Train,Sarampion,True,896,1152,3d4f2b9fb1edaf591d5ad7a2b058fd1fef6dfcd4a6fcca5f552d12e0885a31ad,5ab4dac1cb6ab189,134.91061546688988
Train/Sarampion/2024-06-26_12-14-09_8993.png,Train/Sarampion/2024-06-26_12-14-09_8993.png,1298511,c6fa75fc8c699ac298d7ac5ee924e7de98a3f6eaf2f3c131b758b11e4580ceec,Train,Sarampion,True,896,1152,292d2836ac901c9fc688c2195c0ff85bd27bb73f1c573b01a71b0893eeff162f,f0b4f6d34d503709,119.5927230592758
Train/Sarampion/2024-06-26_12-14-41_4147.png,Train/Sarampion/2024-06-26_12-14-41_4147.png,1235958,bb8072ed5fbf3b7d710e8f2f06809730d1faed5ee380ecf4fc07a3687faef716,Train,Sarampion,True,896,1152,b62ed0b3efc318dc0e27349aae28ab0b4b474697f3b886b5db1d7b9dc35cbe5d,f8147b03e34a372b,116.91714622860863
Train/Sarampion/2024-06-26_12-15-30_8710.png,Train/Sarampion/2024-06-26_12-15-30_8710.png,1340955,f5575978b12373f007e805646a6f2ffe7db94c47dadff4e0814e3b602e991f0f,Train,Sarampion,True,896,1152,9fd3aa96fbf9a335e5d5d569f17a50b32cef0177182c1138abde6a59b44d69d5,beda8529652a50bd,134.9031759595114
Train/Sarampion/2024-06-26_12-17-39_1278.png,Train/Sarampion/2024-06-26_12-17-39_1278.png,1259090,8a43936e1e952677fe0f3a35c18959860faf62a8c8d1a848be50857dfc6ca743,Train,Sarampion,True,896,1152,07f8398d380425bd8ea346f6dca62fcbf2d36cc799bb31ebb1438efb204e7d68,bc16d45d48df2a0d,133.60195777529762
Train/Sarampion/2024-06-26_12-18-02_3000.png,Train/Sarampion/2024-06-26_12-18-02_3000.png,1229388,8f78d117f07bca70668884340ade7b728daa5b9349159dceb41735fb840dcee1,Train,Sarampion,True,896,1152,d35b3839fac30e85790a16bb9524d44cddb02f6b5b0d14c4c3a5edbbead29cb3,3c407329cf8abba9,130.97237238808285
Train/Sarampion/2024-06-26_12-18-25_3518.png,Train/Sarampion/2024-06-26_12-18-25_3518.png,1372967,d8d5713f6b185fdd77a855bec38aed04d5d52cdd636dba61d97dbe6d0f2b8f6f,Train,Sarampion,True,896,1152,b159d91f5fc959111b56145e3b7df9048dc73b0170d7e8bfe48bb0a00145d613,7ab456c7c17a1389,138.73252747550842
Train/Sarampion/2024-06-26_12-18-48_6483.png,Train/Sarampion/2024-06-26_12-18-48_6483.png,1339984,ed94952f6acd9623f6c52874fb4b07969c196cf8088e419055f508c0a9c79431,Train,Sarampion,True,896,1152,f30ace04e2cb10cb9517e430aad61a6899562ef858489068afec5bbb95106bb2,50fad50fe15f8059,147.82583472842262
Train/Sarampion/2024-06-26_12-19-10_2182.png,Train/Sarampion/2024-06-26_12-19-10_2182.png,1223922,5e865d5822f4fb6a83417409b2f60016eb6d8263cc7f8dacea1599321d2be933,Train,Sarampion,True,896,1152,b167b58e0a533d78230e377cff9f626a14441470492c708c0782642f47fbb8f3,16d0750b4baaabb9,138.3459705171131
Train/Sarampion/2024-06-26_12-19-31_3606.png,Train/Sarampion/2024-06-26_12-19-31_3606.png,1264068,6dcf45eda6fabb3521bfb0db6a4bbb1bb251e06e5024a57a8a52d769bc2a239a,Train,Sarampion,True,896,1152,5e88f0899f3e78ad7dbf11a025c2735a31509803d03396f29ca3321893d5ae0b,783cf1e5e1c03d23,129.50103372240824
Train/Sarampion/2024-06-26_12-20-01_8361.png,Train/Sarampion/2024-06-26_12-20-01_8361.png,1301023,4c73d5286e82f39dd8e37fa508efc1b222f953c3bc2528f048dffdf81f195452,Train,Sarampion,True,896,1152,6c8ba4807b892a04dad22cdf586650a4b52e704fbb04f119d21f7ed718467a0c,fa7e89a3e3078017,145.51795886811755
Train/Sarampion/2024-06-26_12-21-06_4254.png,Train/Sarampion/2024-06-26_12-21-06_4254.png,1267726,fb67fb00eaef3114d86fcf2adf45b559a9f995ec44146849edb5e72bf8a9df8b,Train,Sarampion,True,896,1152,3d66174875d3cc4490feebe56b4e2eea1b9e496ca7af97d3d73b10882d5fffac,505a5ef8e9ea00dd,135.3158162434896
Train/Sarampion/2024-06-26_12-48-38_4965.png,Train/Sarampion/2024-06-26_12-48-38_4965.png,1365754,7c6a74a8416830f86b34dd010d4c291d20e5e33bfaf93130e0b4276630be7a0e,Train,Sarampion,True,896,1152,b7cb3135f9ae7a41968677ec675840aa9371113ae0ac3b8c9f22c90c193a7c9d,c0c1cb58f03e1fad,95.77211991567461
Train/Sarampion/2024-06-26_12-49-05_9189.png,Train/Sarampion/2024-06-26_12-49-05_9189.png,1242644,29f87b3f13291e9a1164824a0e88dd876a844282b2c8e1c4e93c466ecbe99a30,Train,Sarampion,True,896,1152,b2fd86d0cd667f33c5d73e124af7c9529018376b2be7fd3c3b42d2ad4c770a7d,a16361420397afbf,89.98302641369048
Train/Sarampion/2024-06-26_12-49-51_7739.png,Train/Sarampion/2024-06-26_12-49-51_7739.png,1546254,735478a77d07fc7594a97287caca3a56a3004081e31d40571c711e242b92f463,Train,Sarampion,True,896,1152,06743732de1834f4742efb1b1e944cbbab72932e34eaa243b2e42413d7f60b90,bd38686a0e56561f,97.41889784071181
Train/Sarampion/2024-06-26_12-57-23_5169.png,Train/Sarampion/2024-06-26_12-57-23_5169.png,1370860,58dc9b376e6067d5817e04934d1930394ba90ea23736e912cd8dd4dd2f335d45,Train,Sarampion,True,896,1152,41e96cbf897fed577a24e74ada7c1786f114ac985ba5815fc9c45b231402b207,e37a61c3c9708e8d,116.75889272538443
Train/Sarampion/2024-06-26_12-57-46_4028.png,Train/Sarampion/2024-06-26_12-57-46_4028.png,1457062,942c1e3d520b9e99ce91820c50ada4a333bcced42186d30bf59c09289f100313,Train,Sarampion,True,896,1152,319d08c685b77b3b610d112d676a111b9e79031b7020a2678d51d33704273a91,5d1492d29e94f50f,96.4811023530506
Train/Sarampion/2024-06-26_12-58-54_4368.png,Train/Sarampion/2024-06-26_12-58-54_4368.png,1398716,6a01909f038996206473487cfd7bcb50109e164202acf6c2136ca9927b6149bd,Train,Sarampion,True,896,1152,2470de8f260dcaacb915dc5c11c1da23cfc77351a8d3f330e83ae5a26a6d5632,a26060e4f45cddf5,100.53918069506449
Train/Sarampion/2024-06-26_12-59-15_9519.png,Train/Sarampion/2024-06-26_12-59-15_9519.png,1546904,ebe8421995b7ce9fab11af9e20232377e03847957200503d9ca1f9d914f09052,Train,Sarampion,True,896,1152,20a6e4035981ab73385e2f87138f9bccd50cd12ab079f7e4e676412dba93c954,5c585a5e1c74351f,104.88142613002232
Train/Sarampion/2024-06-26_13-00-26_1168.png,Train/Sarampion/2024-06-26_13-00-26_1168.png,1325491,edee09ca3bffb3aa568c866a4f5631f49f8a09cc54a451641489f7f9ce31bf8f,Train,Sarampion,True,896,1152,df5d48b814b1e3403f2461a02801e33b5327afc28faf4bc88a8b38a6801ae195,39038783f9da2c67,98.15143597315229
Train/Sarampion/2024-06-26_13-18-22_4405.png,Train/Sarampion/2024-06-26_13-18-22_4405.png,1408213,b588577c83335d8763da8eacc28f62896b729c3ba701b906a4439a1af1fe0cab,Train,Sarampion,True,896,1152,0cd28844cf40bdb597fe84ee329e959bc13c1e447e27f904c88e3ccd6daa54e8,bcd078b8d8b8d9a1,141.3221687437996
Train/Sarampion/2024-06-26_13-19-14_4091.png,Train/Sarampion/2024-06-26_13-19-14_4091.png,1265619,fd49d66817597c8103cbaf7d6ca16ecd57c87661e761fff5d52547dd760f949e,Train,Sarampion,True,896,1152,758a2e734a81439273319f772bd1422e85f35abcc27f779a4ce6c07ccc7c57f7,730f078343f0dcad,147.53173149956598
Train/Sarampion/2024-06-26_13-20-49_7193.png,Train/Sarampion/2024-06-26_13-20-49_7193.png,1321362,9f13b800774217e1f173b10cafb49ae6889be18fa14c4fda18ac76bc901df4c4,Train,Sarampion,True,896,1152,54848ac2adf5ecce48b38bf41ea0bd68bbe978c5f21555c4a511e4d63df63509,2171d95a27a45c7d,129.89522879464286
Train/Sarampion/2024-06-26_13-21-03_9069.png,Train/Sarampion/2024-06-26_13-21-03_9069.png,1319172,f5265a50fd0add4b500dba0edbb6a83a9b27a8038e2e6cff024b0a8688dd7c4f,Train,Sarampion,True,896,1152,5a3599fd9cb20d69669454d083d900ceb1b80de1247fd771cbec9bbf9829b36c,73d0cf69618ea40f,127.96001712859623
Train/Sarampion/2024-06-26_13-21-10_5010.png,Train/Sarampion/2024-06-26_13-21-10_5010.png,1253901,2fa80189c81c43bbb9be4206cf1cdb02b94bf36874fc38fa43ae154bb9565d8e,Train,Sarampion,True,896,1152,7005da2fa8ed09c17d2fa13b694925bb50bacc5056bc8570c9d528b5c05096e9,f392b236349e0ea9,146.2093709309896
Train/Sarampion/2024-06-26_13-21-17_6733.png,Train/Sarampion/2024-06-26_13-21-17_6733.png,1152410,2ede6f615ef87fe57bdddb70bfbb0d8adc7276720dd3c7097dbfff63ceb5dec3,Train,Sarampion,True,896,1152,7b3965317c6e2e452f537242276404762f7d7e2fa48ee80eee9f8d1a56bb50db,1f5efcd858189865,129.07189069475447
Train/Sarampion/2024-06-26_13-28-40_1086.png,Train/Sarampion/2024-06-26_13-28-40_1086.png,1330026,7b6b5e18413f53f20b0c66f79924a0bce8461b4fd5e279d2d3cecf937998b6b5,Train,Sarampion,True,896,1152,a03320c0128d6e6ff501bb9a0032844ee3f3e451e68b76e8c6606f971e394163,0e5e5e1474e4b51b,129.6354515438988
Train/Sarampion/2024-06-26_13-32-47_3652.png,Train/Sarampion/2024-06-26_13-32-47_3652.png,1263027,9fc2a1570e3db944cef7527554a0b08547af92f0e6e4a43570c9422596470bd1,Train,Sarampion,True,896,1152,cc795cb9edd4ff2a5e3c5ad490e8da70e5a1ce765be75e231e14c7aa6053dbde,1edc1a327a92f50b,148.59171840122767
Train/Sarampion/2024-06-26_13-34-03_3621.png,Train/Sarampion/2024-06-26_13-34-03_3621.png,1250584,2619e86bf3b9e487bdaef504ac5cce6074ded1ccd996f9c5070cd8c923dbc45b,Train,Sarampion,True,896,1152,41250aa760519a4d6c5e71271121952278ec8586c46a9ba677aacd697573d1c0,7bb931cf8e14a407,136.05571928478423
Train/Sarampion/2024-06-26_13-53-19_4748.png,Train/Sarampion/2024-06-26_13-53-19_4748.png,1383660,cfdafdf9b3e85f604c2e42f519b335c43dc45e0f92f0510a099e5ff14767fb19,Train,Sarampion,True,896,1152,0f10c0415e3a0c4e369919fe6e163b845b1424e8527786e3dc056288107e05ba,ece8f46243b232cb,99.78385319785467
Train/Sarampion/2024-06-26_13-54-28_3861.png,Train/Sarampion/2024-06-26_13-54-28_3861.png,1168451,af1fef02100132595431a65ed93f31f63cc7b9bce405c04e53889bcbcb548f78,Train,Sarampion,True,896,1152,308940fccdd70c480bff69fc585a6831b6d165a7230c61ba53108ce5418d06bf,79796978b068e0ab,115.41336301773313
Train/Sarampion/2024-06-26_13-55-40_1039.png,Train/Sarampion/2024-06-26_13-55-40_1039.png,1331598,545a7ebd48705eba379be75e447d01bd3032172a31759a86a655f8cf3c7d133b,Train,Sarampion,True,896,1152,895c214bd663ee60f5dac244dd191b82ec39e8b753ff3880a58f17778fbcf4a4,257c54bc9e9a9b21,97.92075795975943
Train/Sarampion/2024-06-26_13-56-58_5654.png,Train/Sarampion/2024-06-26_13-56-58_5654.png,1276794,20e1f304e207f42aab7d8a9c0f59521ea4dc3493a0c6836c19bb1de7ff86f541,Train,Sarampion,True,896,1152,6ea723bbe6afc85a0490ccce67ef488a17996108bd92b26cd84aaa53586c12c9,8d3def1e3232038b,95.69707961309524
Train/Sarampion/2024-06-26_13-57-24_6793.png,Train/Sarampion/2024-06-26_13-57-24_6793.png,1412513,5d0379006938d8fc18da4596666d5a6631090470ab07e0ef6379ac655d898969,Train,Sarampion,True,896,1152,2d29a67fb41edb779ef4211455abfbc9945403d71f5d59c95245244888a84885,ba32dcd62aaa55a1,91.333740234375
Train/Sarampion/2024-06-26_13-58-38_3554.png,Train/Sarampion/2024-06-26_13-58-38_3554.png,1286265,acab0b7f41c3bc6065e70eccc1416bfae6aa7e6ca4372278e129ca7401221e2c,Train,Sarampion,True,896,1152,4b4561c949a45d0c321a234e57ce019a9be81c932a1f34271874999721060364,70e467673e90b0cb,88.28907121930804
Train/Sarampion/2024-06-26_13-59-29_3375.png,Train/Sarampion/2024-06-26_13-59-29_3375.png,1253898,8cdc772117d1b8e95dee23466f06560e8ecc94750463e3af6008ef811a0f9c51,Train,Sarampion,True,896,1152,52fe37e8927072879a529d6bfa3fcbcd1ea052e9f5d45ba34fa2170dd32e8e47,f8f8f828a868b791,100.07374887617807
Train/Sarampion/2024-06-26_14-00-02_2182.png,Train/Sarampion/2024-06-26_14-00-02_2182.png,1348881,a0ccbc9eea0bb825c95da452a0f42583da2e77a88c9e6884148c96ef84b65180,Train,Sarampion,True,896,1152,ca1a22088d7eda726fa3f4768131d96e2d05310bcb6342d4619e09941400dab4,6a78aacacaaac761,111.96578931051587
Train/Sarampion/2024-06-26_14-02-51_2692.png,Train/Sarampion/2024-06-26_14-02-51_2692.png,1263570,6e4d70227a145c364a7fc9bdc2494e5f5fc513acd75a5dbd555bcd47c2c31382,Train,Sarampion,True,896,1152,464d71387ab90ee0b12e2872801366577dc71842c2879711c435fc1e86f9df24,6cffc806013eaba9,111.66313825334821
Train/Sarampion/2024-06-26_14-09-00_5087.png,Train/Sarampion/2024-06-26_14-09-00_5087.png,1224318,6662f2ae2b4dbf8c7b7e602472b49ebfb142fa05872194ee95c910677880aa97,Train,Sarampion,True,896,1152,57c5783023de07d524380c254cfce6c3b77b3a7c6425f16ce4dcfd22321b6431,aaae555949e5ad05,84.45735967726935
Train/Sarampion/2024-06-26_14-09-58_1460.png,Train/Sarampion/2024-06-26_14-09-58_1460.png,1432145,da0cdcc18f180a09dbdbb50a18bdc9624fb12b6c0a51770785f9644d8f5fe934,Train,Sarampion,True,896,1152,9a0e321fd2dd054844f3cfcb7bda5f6f41f0207ad288eccce30b880478d6861f,2f2f9f983ca0bc09,89.54940553695437
Train/Sarampion/2024-06-26_14-10-20_3351.png,Train/Sarampion/2024-06-26_14-10-20_3351.png,1306475,fa0561e6ef510d9434f3508d117216eec873ea77a21251ed60e8c2253cbd518f,Train,Sarampion,True,896,1152,38f7c8b2fed070c20249c3f57890c414e736a4f2a827395150092566825f4076,6fb54f14745070cb,97.43576388888889
Train/Sarampion/2024-06-26_14-10-42_7448.png,Train/Sarampion/2024-06-26_14-10-42_7448.png,1321196,171a6bd4718877d44366332bbc20efda24c1269b04c215bea64ed3915c103929,Train,Sarampion,True,896,1152,b8611c6966625a0359c8f39d71abd24671f4b5e9e21f58d6f2c435c1fc5a0ba6,746137b6b65858a3,94.16769166976687
Train/Sarampion/2024-06-26_14-12-12_7306.png,Train/Sarampion/2024-06-26_14-12-12_7306.png,1195356,1d955f04ab8379314235556248b797144d5517d5e1d3ddf1e97c2d78cf340f56,Train,Sarampion,True,896,1152,3274dd6b56f17460f10cbb97e2f53e96544fc672389500e77c20fb9dbeb85d11,bab25266c6ce2ac5,89.21528552827381
Train/Sarampion/2024-06-26_14-12-57_7585.png,Train/Sarampion/2024-06-26_14-12-57_7585.png,1253219,f8fe3ae2b801cf5f7fc6a47164d22b0fda407094c30eb52bcf818eb431e5fc8d,Train,Sarampion,True,896,1152,c207c2a374e4427c1d3efea7d6a3b5c6a9a0ad97c0483c3dbf30a6a0daf43142,5eb28d8d484cb1bb,84.65794154575893
Train/Sarampion/2024-06-26_14-13-24_4439.png,Train/Sarampion/2024-06-26_14-13-24_4439.png,1305555,8e23cc24056f47506891377e7f76b56b0c5d29acb96102c4165a1747f1bcd43c,Train,Sarampion,True,896,1152,7de1e267a184869ecbf74deeff50c628be32ea2daacccfdcecd9ae51a15f674f,5414147cffe8e961,104.87537202380952
Train/Sarampion/2024-06-26_14-14-26_6166.png,Train/Sarampion/2024-06-26_14-14-26_6166.png,1246606,f1972d9b2c91fda526aac4c52375d53d958cac49d26c81126d72c2a845d9e033,Train,Sarampion,True,896,1152,e9c7f92a9ce5762d0f8f5173e369ac7e331a8907b5a4500534aebc903c24ef3d,474ecaca7aea8a49,108.96900189112104
Train/Sarampion/2024-06-26_14-15-04_6459.png,Train/Sarampion/2024-06-26_14-15-04_6459.png,1308152,07247784e52f67a50533f1c52754631f31b69a9f0daaeb76a136a6f5b8d10fe1,Train,Sarampion,True,896,1152,9066c37c0516ec1fe986a50608537ca82b004386404d1571e28ded7f378d982f,eaf2e0a0ea127d8b,107.41323900979663
Train/Sarampion/2024-06-26_14-16-13_8236.png,Train/Sarampion/2024-06-26_14-16-13_8236.png,1249616,4fed2c1b6b792876fe105b0a92ca5eaee71ff1de468fa5d229b4872f7ad3d58c,Train,Sarampion,True,896,1152,b5793d533b389428233748f4b8bdba258944a0db18aa5b0b2fc1f73039bd3db4,d29a5227b66e4d25,88.68269469246032
Train/Sarampion/2024-06-26_14-18-43_1449.png,Train/Sarampion/2024-06-26_14-18-43_1449.png,1318880,e0cf61041cc85259bab34d737fa362f110d91137d05f9cf060e72fac9580c5a8,Train,Sarampion,True,896,1152,fed52f9f5ade8b68c7e52bfd18a9720cbda78dd6e40f9811b59cbe3b59a2791a,f921e5472eb4708b,84.49002898685517
Train/Sarampion/2024-06-26_14-19-05_8246.png,Train/Sarampion/2024-06-26_14-19-05_8246.png,1263502,5c550c20b3abbc163c4e72230cba22f894207bb4c42c58cf6ab671578c2a156e,Train,Sarampion,True,896,1152,ac20a669415f6c50d7326e3a565445dd25308d2b43edb4d0e9e7fd03b75040cf,4a34d49ebea4258f,96.70790221199157
Train/Sarampion/2024-06-26_14-57-07_8131.png,Train/Sarampion/2024-06-26_14-57-07_8131.png,1378997,2e27287ffffc9a34522b2128cdf640978e5467470f0ca2af9371bdc715bb155b,Train,Sarampion,True,896,1152,2d3721ea0d50a3d28609f2ce97c51df4b69da68eda30e4832a87216b9a147917,b514965272caac7b,102.51705787295387
Train/Sarampion/2024-06-26_14-57-58_4742.png,Train/Sarampion/2024-06-26_14-57-58_4742.png,1163008,21ea0fe43e64878f2b2b5b2ef8892bcecb99fca95aaf0ba455361187c7006d13,Train,Sarampion,True,896,1152,4aebc428ada6af48e1f27e6c6c65c0a4fb5f5900ef2777fcec59d477e94ae38d,eaac555d55ac2c85,86.05642942398313
Train/Sarampion/2024-06-26_14-59-11_6870.png,Train/Sarampion/2024-06-26_14-59-11_6870.png,1359305,3d6cf87b65f793a6696dd2a9022cb25790121124fe5b8849af4a84ae5688d7e9,Train,Sarampion,True,896,1152,a272194dd01637596040ed1d44354c04b3d6516225e0b3e20081e0e0c23815aa,edbc7c70e052708b,98.76857018849206
Train/Sarampion/2024-06-26_14-59-37_5833.png,Train/Sarampion/2024-06-26_14-59-37_5833.png,1254651,18760b1388da4eccd383fe73a643c14818bdafb59cbccbb4267b8ae252e14cae,Train,Sarampion,True,896,1152,4a6f7f5166e89eca5b431fc4f1ac24db7427f550df87aa9aa6c01943a82808a2,72ebedc4fc00641b,98.93980771019345
Train/Sarampion/2024-06-26_15-00-04_6600.png,Train/Sarampion/2024-06-26_15-00-04_6600.png,1229193,e01ab279e2f2e2dba4377c2917b0c7d5f528805ff71784456793032f930f9e49,Train,Sarampion,True,896,1152,7681a7b12f8ab2848b7711d598dc3a9f68ea98440a19182edaed7a9b62e09573,727bf48a1a2eac13,116.03443060980902
Train/Sarampion/2024-06-26_15-00-27_8913.png,Train/Sarampion/2024-06-26_15-00-27_8913.png,1240017,a4ccc61f6d11dc975891a670efddf0e413b7c7cb42a2fcefdf7337a1b627404f,Train,Sarampion,True,896,1152,f19e16ee1ec13b9b41b50692fec11f4e4bd28353f6ea3d94f5e3d5a4c6c73ae9,edc4fef0604270cb,95.05533272879464
Train/Sarampion/2024-06-26_15-00-51_8528.png,Train/Sarampion/2024-06-26_15-00-51_8528.png,1286061,ec91f68e58f1efd1e8d7336b457ddf1af8af1830b1a8d56e585164886dc167d5,Train,Sarampion,True,896,1152,4743db1db962ed0d41b6189f1c46ec02f6f94747139204d4c1afc4ab62e66ca6,3ce4e58251b62e5b,80.57893298921131
Train/Sarampion/2024-06-26_15-02-00_1460.png,Train/Sarampion/2024-06-26_15-02-00_1460.png,1282382,c9bda232f36f7eb1851dfbaddfee0899e7ab4912f28ce310693397bed47713c5,Train,Sarampion,True,896,1152,f7c9f108f0da3cc7159e19a364fdabfb1e8052758793c3fbcfafcc3c9bc9fc2a,e8ac25a49c78fa1d,83.93002174014137
Train/Sarampion/2024-06-26_15-02-50_3878.png,Train/Sarampion/2024-06-26_15-02-50_3878.png,1331835,2c16c2b2df8568d2e45ab225a180b711ec76399c12b84db78d27a1611dbdb400,Train,Sarampion,True,896,1152,01ecf2dbff8268d0674aa651fba5229ce0d3e77de5e7e4ff5de012c1a6bbab25,8d3e7ea0f9d29023,111.79140896267361
Train/Sarampion/2024-06-26_15-03-37_5453.png,Train/Sarampion/2024-06-26_15-03-37_5453.png,1350533,3e51409d6c99b478117de6326fe2244e30d7a5ed7ace986706d496a4fa95a468,Train,Sarampion,True,896,1152,5d5c8548a92aeb3ac93be93fb899c61b676ca4b1d2bffda3ee54e44438704ac2,d35a66a616bcbc21,87.24244714161706
Train/Sarampion/2024-06-26_15-04-05_3977.png,Train/Sarampion/2024-06-26_15-04-05_3977.png,1374714,084e0d653cb5177938db5b4e91fb68ea9f2e4a51184e951ea00309641ab52a11,Train,Sarampion,True,896,1152,cb103c043a7ad9e41f15df4c2cd5c27b608e59d97f19d7be76635ad93b23a88e,b1da6692a9bc14e9,82.10920933314732
Train/Sarampion/2024-06-26_15-07-49_2865.png,Train/Sarampion/2024-06-26_15-07-49_2865.png,1261270,9ec50c1504a4d18a2700775b1648c2da243f5c6f087bac0c4f9247026061fa99,Train,Sarampion,True,896,1152,8ef0fc065c6f5ba4725f3a04821743e80bab765e18b1ff4c043231c004749ded,7a52da52ca42d72b,102.49386645120288
Train/Sarampion/2024-06-26_15-08-18_5207.png,Train/Sarampion/2024-06-26_15-08-18_5207.png,1237103,2f4b8d1878de97f96100e847ff7eeab4a9e9a465973aad8dbba661a389a3c6ba,Train,Sarampion,True,896,1152,ec1723d71d8ffaf8766c4996f1d7e8127b76e5bda997549d47d2bb0c5f7ed963,2823b79797d602b9,124.29876030815973
Train/Sarampion/2024-06-26_15-08-43_2940.png,Train/Sarampion/2024-06-26_15-08-43_2940.png,1304853,6661c34b5b1ab14c88f1c78440da5508d7c879945b2c7614a1859dd9b2e662b8,Train,Sarampion,True,896,1152,95ac6ae7ad91d417fb7240b6b5601d6020356c7aee05916654cd7458726a9a3c,fede1e327052218b,103.91113959418402
Train/Sarampion/2024-06-26_15-09-07_1873.png,Train/Sarampion/2024-06-26_15-09-07_1873.png,1381781,191a6fb354b0d9b87972c78cb56d86bb8fbe35609bec22227d3fc4a29aa92e48,Train,Sarampion,True,896,1152,e779b07de8f918cc22c2abb09adec0bc10f87a2a8437af45f407932128d993d2,cf8e8e8c889c75a9,91.346924796937
Train/Sarampion/2024-06-26_15-14-59_6587.png,Train/Sarampion/2024-06-26_15-14-59_6587.png,1224863,2642ee95b6777df9423e6d9aa2e46c13c41f2bc3f8beadc5268478ce4b925fe9,Train,Sarampion,True,896,1152,b3cd1e750194d5a8578c2ae0074bca295b1420f6096626835dfa833200f85147,9916870f9df862c3,95.4556652250744
Train/Sarampion/2024-06-26_15-15-19_6482.png,Train/Sarampion/2024-06-26_15-15-19_6482.png,1307672,5c1f9311f24842c92fd46dd93863bfa6ad6dcec6fad04a44ac0fccd087e3ab41,Train,Sarampion,True,896,1152,ea57c073269797e8a838b713de6825f9ae824c7be25c5e4433f617def9e6d4f1,8e88e0f8535ade2d,111.85826377263145
Train/Sarampion/2024-06-26_15-15-39_8676.png,Train/Sarampion/2024-06-26_15-15-39_8676.png,1251786,a1fddfcf8400833aa4df0827604e6b7c31206f9f54076cfa8fd99e9dd545f9f3,Train,Sarampion,True,896,1152,7d8414e79b40f9ea955a693691477ced35c6c4d12dfbf226b2298c2f9fbd6679,e61647dba9b8b083,106.25377352275545
Train/Sarampion/2024-06-26_15-18-09_5961.png,Train/Sarampion/2024-06-26_15-18-09_5961.png,1305103,f984946667508107cee08c0562e1f82c64c564606675a9c8bb884adb81ee07c8,Train,Sarampion,True,896,1152,f819dd29344029a2f42cfd8832c97c601b90be772a2ad4fc2fed795dd957caf3,6fcacc34b0c8cf31,73.226316421751
Train/Sarampion/2024-06-26_15-19-18_9464.png,Train/Sarampion/2024-06-26_15-19-18_9464.png,1218242,cd3bba2301fb0a17ee224b8470a17437fcc616b2e0d5c75a83f54aef5ef3e5c7,Train,Sarampion,True,896,1152,e119be2482cdc2edabb9c35a367e624a8d479f491c84675b8384253a6e88fce6,c4a5b35f52caca29,71.04977659195188
Train/Sarampion/2024-06-26_15-19-25_4994.png,Train/Sarampion/2024-06-26_15-19-25_4994.png,1144489,93285b5fee9647c24537abb97b0f7a92ec35533ffca2f86f9146329846da6d55,Train,Sarampion,True,896,1152,2ad9cd59860739bc7f0568d30e69fed36857f876a843be233c5edc919273200e,ab58f9074c705f0d,77.96859014601935
Train/Sarampion/2024-06-26_15-20-17_4986.png,Train/Sarampion/2024-06-26_15-20-17_4986.png,1271289,c1dfdc7b507afb2143e673a0cf7634630cb4c292138ee895025eae6972392dbe,Train,Sarampion,True,896,1152,adc46fdcd85a1a3c24778d954b3aa12d8f8590b0177168eb5dcb2928692c1a1a,e66c91e66c20de8b,73.8057144407242
Train/Sarampion/2024-06-26_15-55-42_9594.png,Train/Sarampion/2024-06-26_15-55-42_9594.png,1272414,3f16efbd3dcd494edff0a49731de40ac0adeaaa58e2a8bab82e1c0846cd4d0a3,Train,Sarampion,True,896,1152,4a5e62e933bc5636807b71a49b0b800743efff85b843014e1d228c9a8c386342,6416e7b6a9309ec9,76.98832484654018
Train/Sarampion/2024-06-26_16-08-55_3972.png,Train/Sarampion/2024-06-26_16-08-55_3972.png,1017806,ad638bbceb57841c93080780d1342975fa8712b25d20e3020fed0f3932836dcd,Train,Sarampion,True,896,1152,d067e54cb487606794f6429146a3e44a67591eadebbc866c7762a2238dcb1130,f6124ebad20ea9a3,129.31901332310267
Train/Sarampion/2024-06-26_16-10-40_4737.png,Train/Sarampion/2024-06-26_16-10-40_4737.png,1058083,f0982bd3f295d6bbf085809ed16fe09a0cfe1645ca0e2a8aa05f5971ece21019,Train,Sarampion,True,896,1152,0ecea9eb68cc89bd100539da7459e0f374e9f08b1e9bbd4bcd95b54b5a51c2d6,2327efc684f454a9,97.89316328745039
Train/Sarampion/2024-06-26_16-11-54_9373.png,Train/Sarampion/2024-06-26_16-11-54_9373.png,1114100,51ec58d76736cc8f4ad96f847f3c7f8caddeba0ffa69996a0373ec55a6211315,Train,Sarampion,True,896,1152,06834fc697a5673ed2f3aad9e5fc046db53db3053b2c31ac3030cf37b5775317,ecf91456584a4be9,102.56741962735614
Train/Sarampion/2024-06-26_16-12-54_8635.png,Train/Sarampion/2024-06-26_16-12-54_8635.png,1248881,65d9c288228716246274e75fd346a5c0c3b797924ed3bc1274a6d2376ee340c8,Train,Sarampion,True,896,1152,38f54725cb92dc268d104fbd6f333cc1e146c9524fccd907dc231e30fee3f4f4,75ac8c00ff28fe83,103.8924570234995
Train/Sarampion/2024-06-26_16-13-44_6274.png,Train/Sarampion/2024-06-26_16-13-44_6274.png,1246394,d1978ce4e5eb1388b5da252264a8b2d29fd1c566d8a97b364c5052e76468167a,Train,Sarampion,True,896,1152,8bf88650e2a453d72f3ec19157f0ff0498665b2e6a628de1167e4d265fe78661,2dcae5bec4a63941,79.61315336681548
Train/Sarampion/2024-06-26_16-14-11_6011.png,Train/Sarampion/2024-06-26_16-14-11_6011.png,1254448,8f99ac7c0631e722315c610b94a7dec79a4991c95a84738d629ecbc1b67eb055,Train,Sarampion,True,896,1152,1f89a1fa993e22de92e81b77a33f27c213e92094d96c45a0b0b591f131fa6e7f,dfa89394d9524c69,63.792234390500994
Train/Sarampion/2024-06-26_16-14-42_2937.png,Train/Sarampion/2024-06-26_16-14-42_2937.png,1038248,d8a0cb25a2a65533250c573cd6418941e42b3d3d9e726c2285232de3ce256982,Train,Sarampion,True,896,1152,28efb1731f6eb93aff723ed971d770815555dcdd65d1fd6b8f550045c2fa94eb,32d6d61e76a48d0b,124.34137156653026
Train/Sarampion/2024-06-26_16-15-06_7832.png,Train/Sarampion/2024-06-26_16-15-06_7832.png,1232204,cfb56184d1d378d98dec0f92490e982845b9f9708b15a819ffcdec9922c72577,Train,Sarampion,True,896,1152,870ec313f2302a7332b562c4646b7f63c8512e2422ac052d3e92453b6dcdebf8,fe5ce8aae820d5a1,116.75312829396081
Train/Sarampion/2024-06-26_16-16-48_9428.png,Train/Sarampion/2024-06-26_16-16-48_9428.png,1080141,beb4ab41912a54d5e6b3be56a368a461c1423fe1860e9909e5663d5206a50710,Train,Sarampion,True,896,1152,f7d448e44a14f284e4c732038b53002eeb2acf3b89996de8bd27618d377e987e,63eaca02d86e0bf9,119.66944812593006
Train/Sarampion/2024-06-26_16-17-37_2056.png,Train/Sarampion/2024-06-26_16-17-37_2056.png,1249510,40af72cd78582f4cfc71cc9ce7308cd0df4421e92f65492572d41d734cf3150d,Train,Sarampion,True,896,1152,a31a09d74bb445ccfbf31f855815ea574349969716dcda544ad2611f497ad72e,956aaa56aa94dd29,112.76902746775794
Train/Sarampion/2024-06-26_16-26-27_2310.png,Train/Sarampion/2024-06-26_16-26-27_2310.png,1129077,b52d53b8e9e8c8f4d12c6bcec9b0a0097b6e02b60edfc4c27b0bc9b08d656fe8,Train,Sarampion,True,896,1152,9b0a3a733e6f291b03402ee3d6d9e36be73d33f2cd4adca156096d2212112d24,48e8ade4f456e3a1,83.95443870907738
Train/Sarampion/2024-06-26_16-28-34_7859.png,Train/Sarampion/2024-06-26_16-28-34_7859.png,1072393,cfb11710efb5ac26d42e84a4ae9a50aa0d965e15b43063562091943af9644dee,Train,Sarampion,True,896,1152,45239267e2190bebde6e3b33a2968857c1dd5a251fb314cb9861408dc9e98656,207cfca068d2ff07,97.79776146298363
Train/Sarampion/2024-06-26_16-33-11_2691.png,Train/Sarampion/2024-06-26_16-33-11_2691.png,1135969,1deb4332958038a1b7e29b50939d496c73b627e8f7fb8a2d9802f72bb67d00fc,Train,Sarampion,True,896,1152,3c2ec21bbba4a21dbacd5d228a12866428f517b07fc0b3cf4630f6000578f465,e158eae2f81617a9,113.2559581938244
Train/Sarampion/2024-06-26_16-33-39_4233.png,Train/Sarampion/2024-06-26_16-33-39_4233.png,1303328,52962959f40244ec88d25f82891fc6a9fa2a59d41fbea851d1bc126f412f2d89,Train,Sarampion,True,896,1152,687fd45542acc4352fa05d1e413d36ac05285daf921d52bd9bac374fddb04052,fd69eb145028b587,105.07576400514633
Train/Sarampion/2024-06-26_16-34-06_6589.png,Train/Sarampion/2024-06-26_16-34-06_6589.png,1179573,29c64185d793feaec13dfd1890d160b0359a706bf1e19877939ffcf055e19d90,Train,Sarampion,True,896,1152,4b6c931209461af1747ab1b4255a6919833ec86a77fd133b37bc0a27db3fb9f6,fffe01bee81001c3,101.47202361576142
Train/Sarampion/2024-06-26_16-35-29_6206.png,Train/Sarampion/2024-06-26_16-35-29_6206.png,1162222,13eb320ec41a587b7ad80ea6e854fe746ad61ea53cd68617e9ee777c0cf123b1,Train,Sarampion,True,896,1152,1d4912c80b237c45a420db1f76f1a155e6c50aa066641992ecc49b4793363eb9,aaf25556564a2ba9,117.63459608289931
Train/Sarampion/2024-06-26_16-35-55_1677.png,Train/Sarampion/2024-06-26_16-35-55_1677.png,1181488,0add6e07ad3b43c194d93f9c2255cc141b09313c64656be32ed81f6a44602eec,Train,Sarampion,True,896,1152,8d988d935e4b3601cd23ddaed57be95823c8234e5c6ffe02770a315d08c224af,60f0a855ad5aae5d,68.22654699900794
Train/Sarampion/2024-06-26_16-36-52_3434.png,Train/Sarampion/2024-06-26_16-36-52_3434.png,1264706,051931a45a7e590125a07279c24296d4fd14fc3019e7e1a07e35d9649c43e5c6,Train,Sarampion,True,896,1152,2be6fda7a0edc71fec89c9661e80929879921330d9fdd21cc3aefba6fbdcea1e,ff00033e5f9429cb,107.84099469866071
Train/Sarampion/2024-06-26_16-37-39_3050.png,Train/Sarampion/2024-06-26_16-37-39_3050.png,1016719,ef3aef71eba0b27b728c08730126f5c2c4b4d3ea77b1bbd53dedc685d8490c0d,Train,Sarampion,True,896,1152,2163d356ae1bf229d14ad9a8ae2a89ee2c5aba6e3041329fbd54ee340e36ac4f,bcfef8a0e8a80a69,123.84583875868056
Train/Sarampion/2024-06-26_16-42-34_5985.png,Train/Sarampion/2024-06-26_16-42-34_5985.png,1105207,b56970c0711cb9ad103dffa7b882ecf46daac28dcc397b80454a3c50c4691442,Train,Sarampion,True,896,1152,f8c7c90b5909576d09014faf2590b809c662c493b410cdb3bc1f1c8198a33818,7768366c1e341d0f,105.75220501612104
Train/Sarampion/2024-06-26_16-47-34_5470.png,Train/Sarampion/2024-06-26_16-47-34_5470.png,1106227,6a9d871ac4a431bbc1d00599f7a4ec7c54593a5dfd2471bc8dbab15f44bd96ab,Train,Sarampion,True,896,1152,b1201ef6399b6edeb3e2a5ac55411cadb3dd18be2bf280de8b77630de4a4500d,47a8857af41e0be3,105.38660249255952
Train/Sarampion/2024-06-26_16-49-12_3470.png,Train/Sarampion/2024-06-26_16-49-12_3470.png,1141217,fe051f0684f69cb81dd5136cdd0ce8c20db83513a13a8f6ab198ddf296ae6d5c,Train,Sarampion,True,896,1152,a853f00fc00216e7abd4b5174eaf20bc5362c65700ea5440d29d2dea789b0ac2,e62646f6b4246d8b,102.90195525638642
Train/Sarampion/2024-06-26_16-49-36_6668.png,Train/Sarampion/2024-06-26_16-49-36_6668.png,1105000,fe6de3094252652a60a1bbee28b0104f18a0965647d7cdbb132b831e9a5cdade,Train,Sarampion,True,896,1152,6b682fda00fb11972b7e724eb3f639d64afa9fbf054b713589dc4f63d1517816,80d37c3b87d6426b,99.54988413008432
Train/Sarampion/2024-06-26_16-56-04_5797.png,Train/Sarampion/2024-06-26_16-56-04_5797.png,1178077,79c2fb33b63e7e90a5d7a18a91f652bbc2cdeadaa588ad19a94aea9f4cf3f720,Train,Sarampion,True,896,1152,f26d5e1d9255fe6db5601a7600ada43f39be63aa69807ab5b1556065773fab8e,92b6b732a05e6d07,108.12968420603919
Train/Sarampion/2024-06-26_16-57-54_4590.png,Train/Sarampion/2024-06-26_16-57-54_4590.png,1158179,22abd07bfce7820adc9525a0f2b9cc37e65d460c72b98049ee240271c44389e0,Train,Sarampion,True,896,1152,f1173d83f2850a0f3273edbc4f2abe5f84b9538a03b26eaa9ed94ab2155fd8af,66e41466d6a4ab4f,110.2188478500124
Train/Sarampion/2024-06-26_16-58-19_5001.png,Train/Sarampion/2024-06-26_16-58-19_5001.png,1061627,90989f239ebcca3d5ba0db4a7c8bc3e43e4c38b6b8521a7330ad31027bf745b1,Train,Sarampion,True,896,1152,7e192225834576616c9d762d19179b865ab312c4b81d47662a65c9256630fd0e,296b4b5b5f545415,91.6574222625248
Train/Sarampion/2024-06-26_17-02-32_4908.png,Train/Sarampion/2024-06-26_17-02-32_4908.png,1294291,96486413a44af2a41bc5b901aec70976840f08fdca11500cb66637155a65cd9c,Train,Sarampion,True,896,1152,89c5ca722cfb6541e49ae57842bd30cf679afddb2833466c9406c58aedb53fb5,e2aa44f6e0061fbd,119.77280002170139
Train/Sarampion/2024-06-26_17-02-56_1524.png,Train/Sarampion/2024-06-26_17-02-56_1524.png,1040284,682b12c7b4f57b8a436350cbbc6a2e1bb3e96ef3eb6dfcf040c1836f04470bc6,Train,Sarampion,True,896,1152,d8f3422e555429edcf275d153fb39c32e462d4b70f57d702e091692d8a5f01e4,b204e46e24e0ff4f,121.53721885075645
Train/Sarampion/2024-06-26_17-03-47_2977.png,Train/Sarampion/2024-06-26_17-03-47_2977.png,1137144,357d03911416e933db9861211816913c52b3eeb6aabc38cd477e46b88005fea0,Train,Sarampion,True,896,1152,eb202a3645c5b9dcaedd5375b0183dfd05e0a98365f491e9f902c7173e37dcc9,929a2536e6a7ad61,102.24514625186012
Train/Sarampion/2024-06-26_17-04-11_5770.png,Train/Sarampion/2024-06-26_17-04-11_5770.png,1109914,540f36bb1d0f1ae7c7017af434a22ff8a9d1e7f8468d985fe60bb7dae6952295,Train,Sarampion,True,896,1152,33bd4b6ddeaeccf7cd11b776e9eaaed71be564f7287f5e4c850ae394c2a07a8f,0fa3a6e150dcada9,113.21906389508929
Train/Sarampion/2024-06-26_17-06-48_1275.png,Train/Sarampion/2024-06-26_17-06-48_1275.png,1355992,56dd3ff8da62cec51dc3ea346815b5e8ddce4abe143f61f2c20203c7400a29d5,Train,Sarampion,True,896,1152,a1930fa829a439c810cf490b66c0453e1432db57ff7fd29ecfcf91ee150c56b4,2aaae3e0939cbd61,91.68371291387649
Train/Sarampion/2024-06-26_17-12-32_1943.png,Train/Sarampion/2024-06-26_17-12-32_1943.png,1364193,d31d3137fcc8f4064797b23258b914e94689105e560ee9d7d0d2a786a028c9af,Train,Sarampion,True,896,1152,4367aa82b290c08173a3bfe051c4480693f70c5ed7b6b25398985da1c6107523,795ee1a5a11ad523,125.43036469959077
Train/Sarampion/2024-06-26_17-13-45_5162.png,Train/Sarampion/2024-06-26_17-13-45_5162.png,1183705,adb62da7bb0ae733f11a2c8be67a97af80865c90d35993d2ea9cb7ec6fb47e8e,Train,Sarampion,True,896,1152,7f37e2a09abc296e511df68a06a5264c4e4a49c9f90f85cc2f68044965a7d291,d2b491e90b42bfa9,126.14250062003968
Train/Sarampion/2024-06-26_17-14-22_8908.png,Train/Sarampion/2024-06-26_17-14-22_8908.png,1245383,5f7ef1fafe1657fccf3d94697f0202f904903785b3c7e1b7a9d34ef73dfc1ab9,Train,Sarampion,True,896,1152,93d16a0f562f5f64f37b97d91fd57a21034049a3264cd6aabf0f53e264735da8,b6aee2f95111a50b,145.43536376953125
Train/Sarampion/2024-06-26_17-17-13_1972.png,Train/Sarampion/2024-06-26_17-17-13_1972.png,1281795,f53fa578097818f51adf74907859ac9670ff23d9d4e2ed238aab197329f6b675,Train,Sarampion,True,896,1152,d5417b868f36cecc3847b81d7574a2092c9b01718eb06f9218e3760bfae318b9,4cc96d8b8fb27309,129.59947664775547
Train/Sarampion/2024-06-26_17-17-34_2732.png,Train/Sarampion/2024-06-26_17-17-34_2732.png,1298704,7ed77fb93f03043edcadd1fbf9f9030ed02cd0bd3793c97b86eb656428e95bc2,Train,Sarampion,True,896,1152,551391817264e3b579efed8654e1e90207114172e7feea5c55d03f0ba543bd5f,7e4eebf9b1200d03,124.05411783854167
Train/Sarampion/2024-06-26_17-18-22_5687.png,Train/Sarampion/2024-06-26_17-18-22_5687.png,1309149,cd5be0cc29dfe59a75612ee3f119dd5f8d41ddd9199db1346593d6b3be2b455e,Train,Sarampion,True,896,1152,6f48bdbc08fce98fb345909ce25217bd556ce7c6d13ab4ae41720081eb2af18e,3cd1cd8f8bd2b301,143.1165306454613
Train/Sarampion/2024-06-26_17-19-08_7470.png,Train/Sarampion/2024-06-26_17-19-08_7470.png,1275323,1007705bf108ba3caa5e7284c091e479d9f47775b946317f5b0417e08af01784,Train,Sarampion,True,896,1152,4909ac6c60c2cae2b1ca2d4f3f754ffa474b197f5beaeab81f1476a37944bda3,aef815e905e81fa1,119.30552746000744
Train/Sarampion/2024-06-26_17-19-55_9561.png,Train/Sarampion/2024-06-26_17-19-55_9561.png,1396227,a33d21755f8eb7ee67b7bcac9f576bfe6cc460b803a619ca9a54eebd86286445,Train,Sarampion,True,896,1152,04a336578d46e965151dea308f9f6d8b4c331eb1df66a7c32a803039821e7186,7a45e9a50bb21da3,125.58487568204364
Train/Sarampion/2024-06-26_17-20-19_7898.png,Train/Sarampion/2024-06-26_17-20-19_7898.png,1342556,a2ac82c06a26a3de52de39f4d24e5e199ae3c846fcc48e3b70c8afae4932c7a0,Train,Sarampion,True,896,1152,60415c4c74f68bf4a4d447b9bf82a3d3dc09825d6a4b927334d4ca301d563993,505ee1cf83ba312b,128.5960703047495
Train/Sarampion/2024-06-26_17-21-07_7403.png,Train/Sarampion/2024-06-26_17-21-07_7403.png,1174054,1dec8d8bcff78a2700bec38bb357e429a16c2c203d6a4588fd793785885f1b93,Train,Sarampion,True,896,1152,c15570ccb307ce8fc9a872645c52bebdc56a257d436f7ec6569849259951b84c,dae50b4d2b325789,131.5727345300099
Train/Sarampion/2024-06-26_17-21-31_4636.png,Train/Sarampion/2024-06-26_17-21-31_4636.png,1242771,8a3763fa8a63302b8d9310e0b1710818ca34922a868654bd2e1d9466bfb68536,Train,Sarampion,True,896,1152,c6dd77f78a37739df41d4dd3cd64b046f8f17b9329b1043711956cc40b3b2455,1f3427415312afeb,120.73765927269345
Train/Sarampion/2024-06-26_17-21-54_5728.png,Train/Sarampion/2024-06-26_17-21-54_5728.png,1334344,1fcbaf12897b11b7847521f00adf6aa66506f01a1b6b6a8ec6c7d14b9a7f52c3,Train,Sarampion,True,896,1152,4b2ccf7f82f78fdb1630ad76372efd8f81c7cf47561a7a953321ea1d90403144,cbd83c3a03c19b37,133.32783532521083
Train/Sarampion/2024-06-26_17-22-28_4993.png,Train/Sarampion/2024-06-26_17-22-28_4993.png,1292644,a347021d2b82e99b17d85ebb55f06960055d501fc28958a597d9ff86b0e9523b,Train,Sarampion,True,896,1152,3d752f1f5d4bcebc46123fe417ad20f8f5ac5e04f43ae3c01d928fb258d39f7e,1ed0f9a94f721389,135.89934624565973
Train/Sarampion/2024-06-26_17-22-52_8567.png,Train/Sarampion/2024-06-26_17-22-52_8567.png,1303226,8fd28e48f48e219fcbbf57a11c7f5f90b9613cf101ba4bf4399226de97a2a220,Train,Sarampion,True,896,1152,cbca573c43441640828062b5567761da9a5616986064de276a33359e3324f26e,50f055ab8f72b709,134.98153928726438
Train/Sarampion/2024-06-26_17-30-13_9287.png,Train/Sarampion/2024-06-26_17-30-13_9287.png,1333588,cd1cc1ddd3cffc8293c3201648d0d838d657c9770849c5899bd900f0dd5c4122,Train,Sarampion,True,896,1152,6fbaae5abba2bc3bf7679c37899779a3b9e309a093e717295755997dc9859ed5,3747837b4308bcab,116.17033555772569
Train/Sarampion/2024-06-26_17-30-39_1313.png,Train/Sarampion/2024-06-26_17-30-39_1313.png,1363386,f4430d18c1c27b9aaebd4af8fb0d28ca04802850d1f7d3d9642df0bd63d97548,Train,Sarampion,True,896,1152,79cbb8fdd508b152b2d9c630298b5ea812c00526a1dedfa50261683d20ca94ca,f66c734b1b8a03e1,117.53113083612351
Train/Sarampion/2024-06-26_17-32-03_3173.png,Train/Sarampion/2024-06-26_17-32-03_3173.png,1247047,9766f3ce9c6225a40b022d6e871dfe2f45165e180d8f5226273cf86725b05517,Train,Sarampion,True,896,1152,32dec5e688ff324b28d3926a3ceeb9bbbc79d7e2778cf3d4d9ffab830bd6b88f,6e5e5ef9e1b00845,130.4341575985863
Train/Sarampion/2024-06-26_17-33-09_9314.png,Train/Sarampion/2024-06-26_17-33-09_9314.png,1318058,4b244e34ffcf00952fc75bf062b28d644ca3d2444b99999c39e80a590db44b3a,Train,Sarampion,True,896,1152,9826d732d0ebc34c10370c857f2405ed0ba3b92d4afead0ec1ba84ff9457c4c1,930b8f8b0c7270bf,136.4987986731151
Train/Sarampion/2024-06-26_17-33-32_6380.png,Train/Sarampion/2024-06-26_17-33-32_6380.png,1306495,fe6e0e33010947a2d7e5de399585d44ca23a9897ac0c06098876b3230b5ebbb8,Train,Sarampion,True,896,1152,7b046cf39e50090f15aa808879f558285067639430ea15254bd97b45c0e2a3a0,fa54a34f81fa902b,115.68458096943205
Train/Sarampion/2024-06-26_17-33-55_2715.png,Train/Sarampion/2024-06-26_17-33-55_2715.png,1288269,3b1bf9e08d1ae0961b7a060a654f95ac1d4af7e42a9277f2bb7b083be5fe16d9,Train,Sarampion,True,896,1152,fd1f32534bf7785b417e15f848f92ad1a2f94b8194fadc2f4ddfcd0e0151e765,92fc8b096b6aa0bd,128.0379890562996
Train/Sarampion/2024-06-26_17-34-21_6878.png,Train/Sarampion/2024-06-26_17-34-21_6878.png,1466401,db482d3838236e0e999fc1f2577726c7822b62b3374bb114a4da9744628f1474,Train,Sarampion,True,896,1152,5ee497704f515c421bc41c650aeb61760b7e6c6f7978872b645e7c1b73e4abf5,fec3c174f9898065,110.87438383556548
Train/Sarampion/2024-06-26_17-35-37_2294.png,Train/Sarampion/2024-06-26_17-35-37_2294.png,1272686,8dd72ac3510c8d9c558e98e57efc17d1d114d934e0a68cff127b575b1f888ae1,Train,Sarampion,True,896,1152,3fe89b8782eae2334d41e92b24e9eb32ce0de026dfd7e89917a7894db23ce3b1,274bd0c1d2fc39a9,129.11884319971477
Train/Sarampion/2024-06-26_17-36-07_3091.png,Train/Sarampion/2024-06-26_17-36-07_3091.png,1249125,e8aa93deb0a7e9c930d25347f260751de4aa9037333b4f9656a821e395fdc218,Train,Sarampion,True,896,1152,4eb7d8d2e9dbd560c079ae3dadc18c1d17f7c4704a731feec036babf4b5cc822,d414e5d0e4b839f9,122.8822515578497
Train/Sarampion/2024-06-26_17-37-39_2474.png,Train/Sarampion/2024-06-26_17-37-39_2474.png,1436486,84484305206691d2b522a996f0e26bd4ab90ca06d593dd6f0f5755637d463970,Train,Sarampion,True,896,1152,854028f8beeb89c19792356426bf9001dcf684620244d1f0910aa0ad057f7258,5d15b82a591769f1,108.30182466052827
Train/Sarampion/2024-06-26_17-42-06_1638.png,Train/Sarampion/2024-06-26_17-42-06_1638.png,1317114,d4a07ffd789cfa3393431f7d56937daab9580fbdbd6f12693f936c911a402421,Train,Sarampion,True,896,1152,6b3c8abb933a64032a092ef8e1b300e4483064f53063a3c2ffc680651356cdb9,ec1ad58dcac5e063,127.30035303509425
Train/Sarampion/2024-06-26_18-03-02_3740.png,Train/Sarampion/2024-06-26_18-03-02_3740.png,1298653,d2ff770be881db82230f92a174bec55aa4dcae7fc49f1e278035475e8f7d42e1,Train,Sarampion,True,896,1152,4d2e1e45d886fa1b50befa3cb52123fa3966dab1b630da43a7dbd3dba6c195b8,d696cece2ca4650b,128.69178408668154
Train/Sarampion/2024-06-26_18-05-57_9125.png,Train/Sarampion/2024-06-26_18-05-57_9125.png,1222663,95a7cf37455eb0e4fa8991e319a970be497d75e8e9c9fe17494fed6690130412,Train,Sarampion,True,896,1152,9124a03df799e444476a91c996c47c9f38ec24e801cc0edfa3a47998c9c01667,3c287cb4a475295f,115.64148724268354
Train/Sarampion/2024-06-26_18-13-01_6573.png,Train/Sarampion/2024-06-26_18-13-01_6573.png,1270702,03af3507a69fcb3ddac5cb79af3e153f23a08c897eabd6b08278e7859cf958f5,Train,Sarampion,True,896,1152,af490686f4bb5648f435107ebc992757fbe3c426c95093e36d2dd83785a7d19b,54d44e5e6626651f,125.08477105034723
Train/Sarampion/2024-06-26_18-14-53_7259.png,Train/Sarampion/2024-06-26_18-14-53_7259.png,1197976,847de67e193d63ffb4d20050042dfd7593a681e1e4bfd343041306bb681a0fb2,Train,Sarampion,True,896,1152,d00946986abbbd0a40d090459385a8f1939138584abdbda84e22a7dfe74634b0,d4b2ab590da962d3,131.08780149429563
Train/Sarampion/2024-06-26_18-16-42_7999.png,Train/Sarampion/2024-06-26_18-16-42_7999.png,1229065,45e0d2b55a7b70ab4ef044e9b4263c3a5a8ce3c1fd9335bc7844452d16b30516,Train,Sarampion,True,896,1152,373860d4285fc526fbce5cb3258365550b4f1409dc45309395a3a574ea365dce,ec6d3c148594f571,124.58163113064236
Train/Sarampion/2024-06-26_18-17-55_3208.png,Train/Sarampion/2024-06-26_18-17-55_3208.png,1195834,8cc3f4c90162d6f110db92345b96fc60bde44e9a1a24539faaddeffdbf304c04,Train,Sarampion,True,896,1152,3029df051668c851735297f105444f7430d703c9ee52a7f6cbc97e7c11be4604,8e8643cb09c9ec7d,143.99868725973462
Train/Sarampion/2024-06-26_18-20-42_6725.png,Train/Sarampion/2024-06-26_18-20-42_6725.png,1243334,49a24e1c618772e23e495912c27dd07b296a8e35a58e129c3475e8a7ce69dad0,Train,Sarampion,True,896,1152,d9c05f72e20f023e328f43edb9f6c3b62fb3c5a5452d41e9ddf0afdf531d56b2,70f58be3c3922933,118.30253479972718
Train/Sarampion/2024-06-26_18-20-50_1741.png,Train/Sarampion/2024-06-26_18-20-50_1741.png,1336626,edfa6d3d6bb563e8a500c1811e78119d7add855ca1498dd37a32177e9827f741,Train,Sarampion,True,896,1152,eb39930f89c717d93c14a037efac0ebe78b8bfe64f81afb12e3797bbf02ea10b,7847e1e3c3983d23,115.78377859933036
Train/Sarampion/2024-06-26_18-20-56_9388.png,Train/Sarampion/2024-06-26_18-20-56_9388.png,1356264,98ecf8dcef242561c6cc0066caf9af1661452a20164babb6789c164f92390d1d,Train,Sarampion,True,896,1152,381c5525696c23d477013cfb3af6945f7a7b5fd4ef86fe35994e376d55e59b68,3e0e4abfb1a8e921,112.6295175703745
Train/Sarampion/2024-06-26_18-21-15_3616.png,Train/Sarampion/2024-06-26_18-21-15_3616.png,1335324,e0588d0cbb723ca1ea497c190b644fbdd6cce6908aaa64b43fefcfe17679174f,Train,Sarampion,True,896,1152,0d8124cfa519f005f222cbaf0fe42ff09f32de388143f0b328c341ab75f68027,52d10b8b0fb277a3,126.09136575365824
Train/Sarampion/2024-06-26_18-22-15_6467.png,Train/Sarampion/2024-06-26_18-22-15_6467.png,1342363,80909533bbeb24ee47023fbbd9fdb3489bec00b9a3d5bad9e836f0e7cc84b627,Train,Sarampion,True,896,1152,405a86f0d85ac72691e4ca319e581a33fa82d3c80b95511b3096e34e40666c8f,f83c23e387c81f23,103.59463743179563
Train/Sarampion/2024-06-26_18-22-40_3317.png,Train/Sarampion/2024-06-26_18-22-40_3317.png,1247993,d09cc5773f333525fd1ef48bb49338d8a677659ddc5ae7208c88746248d4889a,Train,Sarampion,True,896,1152,5d04a7b5735b4d348cb9243272a0c7ee1d132bb1d73702d4cd928b07acd19830,c053293b7bba07a9,111.76725454179068
Train/Sarampion/2024-06-26_18-23-21_5509.png,Train/Sarampion/2024-06-26_18-23-21_5509.png,1262165,ce347ca40b435ce9c638b55fae00aef2773988deaeaec32ab633a2a7149446b8,Train,Sarampion,True,896,1152,c1d014ab424a2b17be5bea3b06bc03b966bf8eabd173cbd29bbc67addda59907,5174692f253ad789,104.99601333860367
Train/Sarampion/2024-06-26_18-26-19_1707.png,Train/Sarampion/2024-06-26_18-26-19_1707.png,1264790,b81ffd4e1a99d0a06dc70fbb45c77a54bb35e7849340ebd52f41ffa2631a3910,Train,Sarampion,True,896,1152,f6189b2fa2cc3f4d39c9d7926eaa3af1c01cd105c5619ffcf71bf1eab0928a74,62b70367255ad98b,110.0899173797123
Train/Sarampion/2024-06-26_18-26-56_2099.png,Train/Sarampion/2024-06-26_18-26-56_2099.png,1445255,79934e0c9e286b18a6e27cc0b5e7332280b5b3b0c5cc91c69725f57ed25c738a,Train,Sarampion,True,896,1152,e353bb28953426fed036af43062ff6addd775a038fc72dec71167aabe1ad30da,3a588feb0fb03323,112.49691336495536
Train/Sarampion/2024-06-26_18-28-28_2670.png,Train/Sarampion/2024-06-26_18-28-28_2670.png,1344632,3c8e125b6df43d33c183465077e9c0d99cead48652d20cfffa225d942face71a,Train,Sarampion,True,896,1152,d1dec0726d47c3d4e4bd6ba1e2bc5d83056b49cfc3a742030edb53f672aa259a,70b4d9cb0b82b3ab,112.6973886641245
Train/Sarampion/2024-06-26_18-28-54_2223.png,Train/Sarampion/2024-06-26_18-28-54_2223.png,1274147,20f3c0e45e8ad8302aa94e03268b2253b225d2d4ab5a07a1a963b034f04dc1dc,Train,Sarampion,True,896,1152,6281e4b6f6087a9195e1c099fab7456acb275c8221c13272882f92031a9ad6f5,b60ee2f9d168e581,100.96592106894842
Train/Sarampion/2024-06-26_18-29-19_9529.png,Train/Sarampion/2024-06-26_18-29-19_9529.png,1303769,3969a841bd486875ebd71675274d8ba7bd440e558a737c95d3a5c2f8c7b2930d,Train,Sarampion,True,896,1152,ce231ae9621f02ffe9504ced3d81bf5a105af127e69a0413d565d53b3bd587c3,da18fa61e3558077,123.8190675765749
Train/Sarampion/2024-06-26_18-29-45_4418.png,Train/Sarampion/2024-06-26_18-29-45_4418.png,1257887,5d3a64bb8623cab81da6f9a1dd317359db6c75271d164c3374a3d5b5a7387dae,Train,Sarampion,True,896,1152,b4c86f28f9a91c6484a52cfce6e80228669e30350d31456631a385a3f0520dad,fa1410eb8b82ff23,118.03986370752729
Train/Sarampion/2024-06-26_18-30-15_8910.png,Train/Sarampion/2024-06-26_18-30-15_8910.png,1281327,c0c824e784a0b558f0e6911dc9fabb78f2e852ae49c7b3d808f34d308afd090c,Train,Sarampion,True,896,1152,838f81d39fef41d23c737c4164cf9ece2d24f7809d7d0a327ca258f792f469af,50f4186ba92af7a9,120.05106511191717
Train/Sarampion/2024-06-26_18-30-41_4357.png,Train/Sarampion/2024-06-26_18-30-41_4357.png,1341298,57503c29412a44a28106d0b3bb593263efe5e373e51ff72e55425dc57e123686,Train,Sarampion,True,896,1152,df7025b172a594b57041680255204a00f501a8e43524a72c7284812237c6e84d,2e7219e18f82bf23,103.07433500744048
Train/Sarampion/2024-06-26_18-31-32_3669.png,Train/Sarampion/2024-06-26_18-31-32_3669.png,1276948,14f0c7f363dca63a56bad87ae4aa280d653ad647d71550129a68a91851afa54a,Train,Sarampion,True,896,1152,44f4785bb2dd80e0e1e88f41227b2149e2a7c5ed4e9be6f5d5c504b95628ac54,dada9de9252a1589,112.53128972129217
Train/Sarampion/2024-06-26_18-32-01_3999.png,Train/Sarampion/2024-06-26_18-32-01_3999.png,1370301,495bb963d6b2fd49acd8da8843a6d11206bf35296aad8002df8b7afe88c6e1fd,Train,Sarampion,True,896,1152,00889053895fd53a7bf92f0062de983e711dbd5f5265f97d293ec099630dd2f7,8fb83c28e78ad923,123.99155099051339
Train/Sarampion/2024-06-26_18-32-25_4172.png,Train/Sarampion/2024-06-26_18-32-25_4172.png,1238182,1f7b76920f750ffacf43409a829d97ffacf0dc41929902c2bb51c21064d2ebe6,Train,Sarampion,True,896,1152,f35c633175babbdab234d1080a12388754725eb86ca8221221cdcc3334d86ae6,181a76a3e10a8ffb,102.60704694475446
Train/Sarampion/2024-06-26_18-34-27_7487.png,Train/Sarampion/2024-06-26_18-34-27_7487.png,1374536,92e53ed7268befdc3a8befc57755617240107f6b6298d22e0966ea26c849c908,Train,Sarampion,True,896,1152,64dcfd056e86df96563b0f9964300c211568f63545131acee72f92ee5f8808c4,90f4b9094b3ea2dd,121.71743338448661
Train/Sarampion/2024-06-26_18-34-51_1021.png,Train/Sarampion/2024-06-26_18-34-51_1021.png,1319675,738bfae9e6ce1427321cb5a4a333109b448e485f1e805478770ae09422897c86,Train,Sarampion,True,896,1152,86e2b2ad575e453b4c6e903799016c53f77ba48fe862367de108470e4c9042e4,97907811e7c5d933,115.88584197513642
Train/Sarampion/2024-06-26_18-35-38_6808.png,Train/Sarampion/2024-06-26_18-35-38_6808.png,1291817,0dc39946cb8e72f0450533e59dafe3579e9374c77dfc7dbb22d6ac5b313cec06,Train,Sarampion,True,896,1152,7492019cda81da0d854f9251e01f7abc60b3b1267ed098782858a73aa87b5c97,d21696565bc23a3d,117.02488781156994
Train/Sarampion/2024-06-26_18-38-52_1584.png,Train/Sarampion/2024-06-26_18-38-52_1584.png,1395040,072fcc9a404290fdc50f623d494ebd05ad5c7ffb670d5528b3d06c536b77fa9c,Train,Sarampion,True,896,1152,595aead7cb4c9b575fe59fd44620da38552e2f292a1f2ec48d6e07a50b7afcb9,bc727c23878ad923,129.23372008308533
Train/Sarampion/2024-06-26_18-39-15_9521.png,Train/Sarampion/2024-06-26_18-39-15_9521.png,1342149,e5ab3ae12fc8729ae32d860085d083182a1dcff0764c9320d5d37c9007444464,Train,Sarampion,True,896,1152,1fffca7d934d49841acab10c0adfe4598a8737887edf19cae17d30364e366c58,ac5e3a43a58abd23,121.34491644965277
Train/Sarampion/2024-06-26_18-40-35_9429.png,Train/Sarampion/2024-06-26_18-40-35_9429.png,1289042,ee81164a767e0c97226ec04ce8c9d4d7033a8f00e4bd3b0499a6009a54e5bcb2,Train,Sarampion,True,896,1152,e4422daad8316e60c8e7cafaa81fa394500ffe58ea3fbae8c5c12f80602b1b45,14d055cbaf72b389,130.35466657366072
Train/Sarampion/2024-06-26_18-41-01_7341.png,Train/Sarampion/2024-06-26_18-41-01_7341.png,1231564,78214f982f0181f4197b5d417cf53da8a12f6526343faf5269bce97ca5a054a7,Train,Sarampion,True,896,1152,e97b536caa573b257da7e0f1cd7587d6a1687708414124d9951abe67dafe0001,96c8dda965627389,123.02719939701142
Train/Sarampion/2024-06-26_18-41-33_8344.png,Train/Sarampion/2024-06-26_18-41-33_8344.png,1326066,7e7a5ad4012d426bc72aa8eba03b6cb6180c929c8c8340099e9c2a1485ce2c26,Train,Sarampion,True,896,1152,f6a307ec386797cc31818c84018ca473ed1a7d71ee32e654fbe28524b6048db2,7947a167a91abd03,123.47752549913194
Train/Sarampion/2024-06-26_18-41-57_2773.png,Train/Sarampion/2024-06-26_18-41-57_2773.png,1254758,48379745a630caa75cc823ccd368d41eb8b2c149c5afa778ef61053acaf0f8b1,Train,Sarampion,True,896,1152,aab53495f4f61fcab2f3b6d78114c9568bc7ce3d531ef93721df2b4d5bb781c7,7d38dacb0d217389,120.78166368272569
Train/Sarampion/2024-06-26_18-43-03_4744.png,Train/Sarampion/2024-06-26_18-43-03_4744.png,1358140,d1092a473fe3ea9bef136b6e6b3bfae0dbc697117ec920cb351856f493711efc,Train,Sarampion,True,896,1152,4d42fe7350ad6c09548b15c7ca91d42051f4489688008628b47738d7842243b4,d47cb543c7ca0237,107.161377921937
Train/Sarampion/2024-06-26_18-43-28_6048.png,Train/Sarampion/2024-06-26_18-43-28_6048.png,1380388,00ba76b04bb8848ce9a349726be31abfae28aed6b01ec3c9e93b628452313153,Train,Sarampion,True,896,1152,4555f8d6f43d6aa0207bd5d4c83385f3bd6afae57dcb3c79d0ed2e8be2424b80,743875a383d82a77,96.92759680369544
Train/Sarampion/2024-06-26_18-43-52_5069.png,Train/Sarampion/2024-06-26_18-43-52_5069.png,1384419,95caa660a42903313ed2c2638d9cefec1b1c5db517fa1b055a41240745a87f27,Train,Sarampion,True,896,1152,eaa319ee4c65c0dea132401f42dc8baf8620d608868c4aa4b555fc53395b50f5,ca978bcd8bc0712b,90.16771007719494
Train/Sarampion/2024-06-26_18-45-32_8285.png,Train/Sarampion/2024-06-26_18-45-32_8285.png,1491545,a95eeb448d12dc7023fa6379415f20db0f3a065af90d4c1d0555a27771f10034,Train,Sarampion,True,896,1152,3da133abe45a889d747ff37d6018939f33c5be92bbd8c5e7f6d3d09812aef3a4,4b7474754bc2b323,78.7245589967758
Train/Sarampion/2024-06-26_18-46-07_8847.png,Train/Sarampion/2024-06-26_18-46-07_8847.png,1445128,b4a1a4bd4ab1c058fefcd3a62f3e02bd5f15b21b68203b002c20b3063559e4ae,Train,Sarampion,True,896,1152,79916482d635ba09cdfc37ba86327b1c187d1ca4111aa81d12ef2fca732ca1f3,daa743692b06b0bd,109.40145534939236
Train/Sarampion/2024-06-26_18-47-59_2594.png,Train/Sarampion/2024-06-26_18-47-59_2594.png,1314747,14a2614011e5086f021c9cf5d78039fc6f6981ce7ce6e0090d024c4a0d2bf5ed,Train,Sarampion,True,896,1152,5f35fba1426cc37a0a83ce63acf2e109b8ff2819edb98324ae52f5c196f830c0,d0343b4b4b8abb27,100.38829113188244
Train/Sarampion/2024-06-26_18-48-23_2524.png,Train/Sarampion/2024-06-26_18-48-23_2524.png,1370581,c92e03710024a6632724d7949982c32b518d6e9ae0cbe86f10b75a50e5d35a0b,Train,Sarampion,True,896,1152,389ec991c9a897a75f29d575b699456003a5fa277acc323cee59144ff767910e,7af7016169789999,103.17240494016617
Train/Sarampion/2024-06-26_18-48-46_1629.png,Train/Sarampion/2024-06-26_18-48-46_1629.png,1518288,e0e3fda4905a3e88ca5d59055c80bd0be73678a550565ee2b2485e68036ba7b8,Train,Sarampion,True,896,1152,24795104d78a04cf90cc9f17db0f3b423bfcab0c552eae3bb4d2d3bafbc4b6b8,a47e28a387c8fb13,94.14635067894345
Train/Sarampion/2024-06-26_18-49-37_3624.png,Train/Sarampion/2024-06-26_18-49-37_3624.png,1444483,a9f9c3cd5e1f6e51debcf54f21305cce22ff094c6b8c616f92228cfffcb94f88,Train,Sarampion,True,896,1152,4e307cc5c6e8bd1d124bd1612681d69c6830ccb81db15f935c0cd412651dee51,5636b24d4bc2b32b,96.20785086495536
Train/Sarampion/2024-06-26_18-50-00_5687.png,Train/Sarampion/2024-06-26_18-50-00_5687.png,1418027,974549685b3b5323eb8660167375c49df654ee7488d0335954a32cbd0b5e5ab2,Train,Sarampion,True,896,1152,518204af2bea49f48e3a8d5294639f90f265ba0652384f99c1741e06493db864,4cfc5ba1e15a01bb,92.40393357049851
Train/Sarampion/2024-06-26_18-50-23_9423.png,Train/Sarampion/2024-06-26_18-50-23_9423.png,1295534,a910702b71f0c51c997b490497da1c2c40f3d12e628d413dbb2da1febdd5aa37,Train,Sarampion,True,896,1152,c8a971b6a795df14199eb8da00622b23a8894ef6375a2297e337d2f28ace847b,d0f61b09cbe223b9,99.19026208302331
Train/Sarampion/2024-06-26_18-50-54_6828.png,Train/Sarampion/2024-06-26_18-50-54_6828.png,1408849,ed8dadbbce0670ea44b1162f10cf53b4f6f300134ae75bc5881ccc51a4d9a216,Train,Sarampion,True,896,1152,bcf4c6d6b30e992dbfaebc0f4efbd499e5a3ba366d0cd19465a929c61a2baa5a,47163e84dffc5049,103.18734595889137
Train/Sarampion/2024-06-26_18-51-17_6827.png,Train/Sarampion/2024-06-26_18-51-17_6827.png,1405917,97dfc435e0e6e29788c16d3b6d265dab1930ff973ad343aa3ac83e2d3ab5ac04,Train,Sarampion,True,896,1152,a3eb765f499bbc92453c13817c7d42cfe225973263fd179cde77748d33f695bb,e0fc3ce3e3c48217,109.55636742001488
Train/Sarampion/2024-06-26_18-52-05_8640.png,Train/Sarampion/2024-06-26_18-52-05_8640.png,1313336,6b8e214337a86bfe05fa2517373b9c7a9e72efaf031be5c9dacd3896e786e69e,Train,Sarampion,True,896,1152,2b89e6f2ded2cfca14abbb852f76fe9b337482c1b6ff0bc4bff3e1d74f4e6a0f,fc1c39ebe3c0a903,88.67822653149801
Train/Sarampion/2024-06-26_18-52-30_1239.png,Train/Sarampion/2024-06-26_18-52-30_1239.png,1388083,8c0094fdbc7800185b5ee077415f9f0638c33010c745f3119b92c0eb44371f41,Train,Sarampion,True,896,1152,cabf83a5d44f125082e3726db1b8bf69a805ce1f93bb10c5722738ac145fd57b,48dd8b8f8bd0b923,97.45201958550348
Train/Sarampion/2024-06-26_18-52-53_8287.png,Train/Sarampion/2024-06-26_18-52-53_8287.png,1408650,d566535a02ec12980c448494e03a7cc949e33065822751d5a92fc8aa9fc8dc5a,Train,Sarampion,True,896,1152,23ac57c75b39c1928a59208b74230eeb7ab77470fc6d891ba8202d4028f28d16,5cbe7905e37a1189,91.2800796750992
Train/Sarampion/2024-06-26_18-53-19_4672.png,Train/Sarampion/2024-06-26_18-53-19_4672.png,1370062,2077f64881a2d02a35a3c4d8aa3ffab5b8cdbed248abe9fa4b1573ab2dc19b50,Train,Sarampion,True,896,1152,fab9c2cab69a45a6fefe80bac815f1725f9f1f777b6c1227823e26751476a8bf,34343cc38fcab333,107.42547704303075
Train/Sarampion/2024-06-26_18-54-10_3473.png,Train/Sarampion/2024-06-26_18-54-10_3473.png,1426922,5e3a66e66a3fdb540da2004b46347b48bb2cc9f4d2b08c30d539b465788b63a3,Train,Sarampion,True,896,1152,a31ab93dbeae46dd507b4094f50fdabe378e8864d5ef358601b0ecb09d67459b,f236b6a949c622ad,108.21012757316468
Train/Sarampion/Sarampion (100).jpg,Train/Sarampion/Sarampion (100).jpg,5173,7e712f9469edbd499ceb1d544653865a23d8877472ee2d5eb747a9d690000ea5,Train,Sarampion,True,265,190,f6ff4351c729cb2728ddfcc9114c1365d2266c262d369494d88d24fdaa438257,1a0b9087d06f7bf1,144.77267130089373
Train/Sarampion/Sarampion (100).png,Train/Sarampion/Sarampion (100).png,74674,b6d58216bcc087a6ddf4756a3d92a0bcb871806b889b3cbad1ecee522c74d6f5,Train,Sarampion,True,224,224,d458afb3ecd6d3a2dd767bf1d8d5a7527d58da23e5c24e81b129a314abf59e73,dcf1cc3964893ac9,91.01094148596938
Train/Sarampion/Sarampion (101).jpg,Train/Sarampion/Sarampion (101).jpg,4987,76af38c64b3a604000832daf50a2da55263ad9697e44482fc799e5e54a946567,Train,Sarampion,True,275,183,01a5a3c62cdbfa5f87fd18a353e0b2786754a3386e46e4e3d535690b0d7cb0ac,a157e3e2c2961e0f,168.5777049180328
Train/Sarampion/Sarampion (101).png,Train/Sarampion/Sarampion (101).png,114674,0cc9c3a0d3665c7a10bbc01ae1d8f23cc5fea3329addb4772e3040deabf6b402,Train,Sarampion,True,224,224,b5b45a223a7f10816350a20da1b3b1c646640f5ef8de307ba620aa835c5cbe91,adfae18410fafe01,143.61866230867346
Train/Sarampion/Sarampion (102).jpg,Train/Sarampion/Sarampion (102).jpg,8310,67d433c18880b426cad305788c551509c4aa785ae33ef66e96562411af8d2e0a,Train,Sarampion,True,179,282,041cba9c7ac78df6c7c9865d71b6f6a92e079ae4db301c59a87f834141b1ebcd,50d5102fc45ebef1,116.64955029914022
Train/Sarampion/Sarampion (103).jpg,Train/Sarampion/Sarampion (103).jpg,8458,10d6fa81e6c88b088625cb69faaa394101e37845289ebe7b7da91de37971d1ba,Train,Sarampion,True,306,165,df256e59204bb31e0d69dc1ad72afd4633dad078a5634bb93e4cfe799449276d,43b029c3f43b0fcb,139.8638146167558
Train/Sarampion/Sarampion (104).jpg,Train/Sarampion/Sarampion (104).jpg,136673,58227b78cf00ad3ea838f61b351600b0db90913f77f7fa7fc9a1284444ddfba3,Train,Sarampion,True,1920,1080,8ddc8b9e7e0c00407e848b8915e745cfaaf66b9bad8ebba757c1ed6607ac9bfd,5996ea2c16e5a437,188.93092785493826
Train/Sarampion/Sarampion (105).jpg,Train/Sarampion/Sarampion (105).jpg,29964,cbfa94ab94f8bf8d4ff725d4eafc66897ada12a112bd60def30ee8a3c06dac2e,Train,Sarampion,True,128,128,2eee07e0134de4f210bb21e260be401ba739c2c23c410367f3e50b355e618702,d5dcbc0bb1284973,192.14947509765625
Train/Sarampion/Sarampion (106).jpg,Train/Sarampion/Sarampion (106).jpg,28117,b6ba3ecd78ee50a53b8e927f39ad41118dc035ad77b15da222541f41af430826,Train,Sarampion,True,128,128,9183512a1e0e7f18008b7a74b4712ae68f18f0dfbb0b196edafe516a3ccf8593,bf32135301ccbe99,171.09088134765625
Train/Sarampion/Sarampion (107).jpg,Train/Sarampion/Sarampion (107).jpg,49238,993bc7bebdafecb9b91eb6faf5c006ca0c4e9bea98a29b40349efb7ae0d95a4d,Train,Sarampion,True,437,528,5c4f9249fc891e566687731f97630dbb75bf781beda1a57ad05dffdeca731085,19915e2c967cd6a3,113.94866427432217
Train/Sarampion/Sarampion (108).jpg,Train/Sarampion/Sarampion (108).jpg,17477,adba995e48703270d30f603e2589c33a7cae6d2e8958aa0fbf3860c6fe49f13d,Train,Sarampion,True,294,222,82ea728bcecf7dbb361eb4c47680e8eaf8508ed296ef266371b55799eb7b0987,ccf1cc396c893ac9,91.14475700189986
Train/Sarampion/Sarampion (109).jpg,Train/Sarampion/Sarampion (109).jpg,34936,9310d9bd5a6fb004382c0f3f342e8e488ed34889eafb20a977eaadba91dc9cc3,Train,Sarampion,True,304,480,2ebf15b6bcbdb27877677078c58c220ede0b71c2b8d761a51cdc04d35d8b7aa6,6ccd9176c53a1ac9,113.24181743421053
Train/Sarampion/Sarampion (110).jpg,Train/Sarampion/Sarampion (110).jpg,15648,fa982de0ceea98e27cbaaa94be3b36a49cb63e2d875278f30b02f59bf74447a6,Train,Sarampion,True,256,256,8ffa8d91be505b552f98b6b7cc7de302b37faef4b52950d23d70999f2381d16a,ebb6a36a5e168541,114.8092041015625
Train/Sarampion/Sarampion (111).jpg,Train/Sarampion/Sarampion (111).jpg,14662,a96e78f6e1e696a277c9ef7fec18b6dd37385b5fd2c218d944fee1088d3bd6b2,Train,Sarampion,True,256,256,84d3091fc637a278a5ba1c0d81503aa723bfdcae98fdc0bfbabbc1209ef20531,36694dfdb6290343,86.17950439453125
Train/Sarampion/Sarampion (112).jpg,Train/Sarampion/Sarampion (112).jpg,12896,7991fed9fb4dcf56c8cde1cd1475c764ef45faf906c052bd06b3a7bea8e673cc,Train,Sarampion,True,256,256,046c2ac4d5208e0bb619a93f0fe13e0170cb8f31419726d96fd9c89fbacb049f,49389ca17c94afab,152.1525115966797
Train/Sarampion/Sarampion (113).jpg,Train/Sarampion/Sarampion (113).jpg,11842,bdfa72c1dfb069b410d864098c4b84c52fdda3754bab1d197f6d32918f21ca2b,Train,Sarampion,True,256,256,dab41b96bbd0493ce08ddb60beb8140a20cd71745ef821fc718f680d8a8811e5,aefc5c445e546899,135.68606567382812
Train/Sarampion/Sarampion (114).jpg,Train/Sarampion/Sarampion (114).jpg,14890,97be090ddfab64fa38675357a7bf662e6aa47befd9d8e812ea465572dc531994,Train,Sarampion,True,256,256,67537c45841aa1fdbf4b7936d5cedfa0341894f2523058d9e4a73dc1866c2fbc,2de92849d4ab5d53,133.66148376464844
Train/Sarampion/Sarampion (115).jpg,Train/Sarampion/Sarampion (115).jpg,22467,02c7272f9b6ceef54220ec58315340f77bc3b5fe8e27eff9610943672483a48e,Train,Sarampion,True,256,256,fac32c8e0e2963e471ec26b36d177eb197087f155c30584c9ade4e963fd5deda,2c70016edfee6329,166.58822631835938
Train/Sarampion/Sarampion (116).jpg,Train/Sarampion/Sarampion (116).jpg,20980,b1bff7a368484f86a33c4d7b27d7a3944ce0a42debe66f33f8b009277f55e348,Train,Sarampion,True,256,256,2759f9ad8fa0c3960d2be86e5fdad9033fde410a92d01edff9e83dacd1559d03,40d41027a55efef9,114.91313171386719
Train/Sarampion/Sarampion (117).jpg,Train/Sarampion/Sarampion (117).jpg,21501,7a4bbf4491fabddd5f307b7b1ce8bb25a1715b6754a74542f5886944a590cebf,Train,Sarampion,True,256,256,23a8c42ce4fc756972d4986969020bc71039a9279fade3c83ca0f0594e4202b4,46af01a7d45e32f1,129.9996795654297
Train/Sarampion/Sarampion (118).jpg,Train/Sarampion/Sarampion (118).jpg,13634,05a0437f6839256853372dbf13184842308bc16a48608348a60e21b297adef7b,Train,Sarampion,True,256,256,52ce67ea917cc7376c8c8d3656ce0bd0ae872c3c29f6c9d0505dac0091f0fa1e,f0fefcfef6400001,179.25796508789062
Train/Sarampion/Sarampion (119).jpg,Train/Sarampion/Sarampion (119).jpg,25077,d42435c33d8df4e9c6d04ae517dfebc5c3ca6cc3a2bf5a49773f259fed6120d4,Train,Sarampion,True,256,256,db20c83ca845dd9f5bdef6584941f542ed6799ced91d4838c48876cd8215c622,adfae18410fafe01,142.7813720703125
Train/Sarampion/Sarampion (120).jpg,Train/Sarampion/Sarampion (120).jpg,15235,05adbed8dd6fe16456b8344b200652fed8969853abc3a4920a10ce5fc6b86c17,Train,Sarampion,True,256,256,00c349b9e68bd7cecc95183126b23b7e0529b80e28801249114e2f374e015dc6,2c70016edfae7329,166.5906219482422
Train/Sarampion/Sarampion (121).jpg,Train/Sarampion/Sarampion (121).jpg,17032,ef95fcbb69f292ec4c363ef49240d299f3ce7813e15e26e233cf81819043cb10,Train,Sarampion,True,256,256,bfbcd7950eaea5ebf7f1bdb5f61beb3a88c1f516d4456905e5470cc50833123e,36767319593b8391,154.28334045410156
Train/Sarampion/Sarampion (122).jpg,Train/Sarampion/Sarampion (122).jpg,12731,685e68ceabd400c659626fb029e0dcd4d5ee252796e0ddf44b9f3ae07ba50263,Train,Sarampion,True,256,256,0fa717da873f15d7c073f9abf04d3f4d5c95071419a7ddcd5816381f57551db1,737999166c891e33,74.84263610839844
Train/Sarampion/Sarampion (123).jpg,Train/Sarampion/Sarampion (123).jpg,15276,d2a92dbd375eddaa59a5a74a7cb074f51a7e621d581bdfc93bbec018fe182d91,Train,Sarampion,True,256,256,2f969cd10855bde6101521ce9afb56847ff61a9f928a6e4f3c1a70c0a4cfaa01,87743c0cb4c636d7,191.39830017089844
Train/Sarampion/Sarampion (124).jpg,Train/Sarampion/Sarampion (124).jpg,11878,28157ae1cc6e5a6ba873b06e2d90768d00fbc5436ab3351ee9ec82243c9224c1,Train,Sarampion,True,256,256,aa4a97e868db61f1b230940724a7979a4ae6b1a872d2652cece99430a75340ba,256d11bef9d27821,108.116455078125
Train/Sarampion/Sarampion (125).jpg,Train/Sarampion/Sarampion (125).jpg,12556,5d6a09eafd227136e06e7a1c18782b16858d6adedf8da24bd8f9cb35bff64a38,Train,Sarampion,True,256,256,44d3703fb89dd04ed18c919360371c89e63be99381d165495ece5cf93928fbcf,d8d1099b56c48d7b,57.54389953613281
Train/Sarampion/Sarampion (126).jpg,Train/Sarampion/Sarampion (126).jpg,14639,68f733be1ef860ce8a8cbccd3e50633524aa757ef74a380104008274bfb17ae3,Train,Sarampion,True,256,256,6a51fc2837d04c19ef73d2a6de6fff6cd36bce0761e154a2a74f62e92f81b3ca,5a098158fcf6db31,83.88595581054688
Train/Sarampion/Sarampion (127).jpg,Train/Sarampion/Sarampion (127).jpg,12267,eb396f85a46a88aa5e85a0a28d7ebe07b1e6042ef7a4771e938e59868a4a84f8,Train,Sarampion,True,256,256,17af6ff002023aca84707c26696110cbd3400dad9702931c8fd88d32ff7a32dd,8bea19e679aa05a9,134.2998504638672
Train/Sarampion/Sarampion (128).jpg,Train/Sarampion/Sarampion (128).jpg,11676,96536fd2c88c35d70f9d9016de75617b1e96666bfdc9bed10a7fc6165e6274ea,Train,Sarampion,True,256,256,8100a186737c2ad7aa590e63f61f932c5e158a4ec0f7b0f3ed195b72cff3c6d9,07c37cbc4dc2b80f,78.0164794921875
Train/Sarampion/Sarampion (129).jpg,Train/Sarampion/Sarampion (129).jpg,13023,3c783aef6c1ced4ee80cf94d628d70d2fe224c211af3d6158bd399c4c5210b9e,Train,Sarampion,True,256,256,ba8a932ba9c0027f86ec8fd8fd63e5830866a68f41063045b4751b3718a15a1a,5dbc6122f5f62603,100.32476806640625
Train/Sarampion/Sarampion (13).jpeg,Train/Sarampion/Sarampion (13).jpeg,5672,9bbdda9ac8f4f5142d12069c4aafa227e0832a77dd540eb103a30b74febc9d58,Train,Sarampion,True,275,183,c8f30350d6f41d9d5b9519fdec9ebbdd828e98bb37275637a531a2f5b6e10aa4,2c70016edfae7329,167.68333830104322
Train/Sarampion/Sarampion (13).jpg,Train/Sarampion/Sarampion (13).jpg,58410,0c7bd2870a4f0152064e61e0d69f0b6a457cf8b48d7ccf512a1d156126cc5795,Train,Sarampion,True,1600,700,33172c09fdf4a31a07e0785c82989bb35e7b5d97390f1325e68a769c75daabd4,16c9cd62341e8eb7,124.33666785714286
Train/Sarampion/Sarampion (13).png,Train/Sarampion/Sarampion (13).png,92391,5cb6f9b43b2b62156bcd8379dff2aba00717f19d0b92e740725a54fdf9fa95b0,Train,Sarampion,True,224,224,01a85fe1cec204a597725e5e7c8829c833b0432c77943964ba817d3991c708c7,6400116bc6dafdaf,200.33787069515307
Train/Sarampion/Sarampion (130).jpg,Train/Sarampion/Sarampion (130).jpg,12012,556a2c4597e66f9fc5ed5af62f82f29edd44da09625ad34609db4f503ed86665,Train,Sarampion,True,256,256,3b894ff5fa164ac9e8dbcaa088ae3af1e2f4f599e37a3ce3f1a2f61e4cbaf685,ccf1cc3964c93ac9,90.03828430175781
Train/Sarampion/Sarampion (131).jpg,Train/Sarampion/Sarampion (131).jpg,25077,d42435c33d8df4e9c6d04ae517dfebc5c3ca6cc3a2bf5a49773f259fed6120d4,Train,Sarampion,True,256,256,db20c83ca845dd9f5bdef6584941f542ed6799ced91d4838c48876cd8215c622,adfae18410fafe01,142.7813720703125
Train/Sarampion/Sarampion (132).jpg,Train/Sarampion/Sarampion (132).jpg,12592,dc1eabc80dac78743e48f17f481b12828ee235f066da8fc4ecc38ed05e698b04,Train,Sarampion,True,300,300,679e055e8717f6d33fd3b55813cff492b8a5c9fdfa4d720d808595f60b52742d,a4e0e9b0acacaf53,158.37352222222222
Train/Sarampion/Sarampion (133).jpg,Train/Sarampion/Sarampion (133).jpg,27830,5c85f34a4daef9ca638e378b5b147b8a4c89f2b888e65d88830531ccd0335da2,Train,Sarampion,True,359,540,9fbfc14a3147ee12158cab8c9b08d04edadd5c734913e6f902c763fa30a16f65,5f5252d272a0a6f3,144.56714639430515
Train/Sarampion/Sarampion (134).jpg,Train/Sarampion/Sarampion (134).jpg,15033,b68576635421606bdf5191d5297e85f538e32adcaa5013b335106b982f1bebd4,Train,Sarampion,True,294,222,309698c7865301492ac9450b1d9ff0bc62a98ca6cb00f9f7b2de79c1b8492efd,f850d8e8d0da7b61,125.94917877060735
Train/Sarampion/Sarampion (135).jpg,Train/Sarampion/Sarampion (135).jpg,17859,2186dfee66c8c9ed585492f13bdbb88fabcb82ff05d1e6e3f08fa7259611e69d,Train,Sarampion,True,294,222,08c86ced8f9ee44991816bccef862f79b3cf31e691406115e4a76827de412724,8e81ac555cdfe0a3,126.22252865110008
Train/Sarampion/Sarampion (136).jpg,Train/Sarampion/Sarampion (136).jpg,16376,6e7561e8b857ac3be81bcd5d63e5238f3b1b6b642a4d353b6f8e37037d7b3a3f,Train,Sarampion,True,294,222,b8c6318fa1e48ff2285c5b86cd6b1e46fdc110c1381961133acaa04e3df1ecb5,8fc30cd81cbce43b,122.03298706870136
Train/Sarampion/Sarampion (137).jpg,Train/Sarampion/Sarampion (137).jpg,22352,a8410dfbe2b041671b2d539776383f90079cf388ebdd2b51ea0509a60587f00f,Train,Sarampion,True,294,222,92173bb3bf39c1b62f17bc9530e426f74080887a8527b95907a91013134bade9,f398e6405f80caf5,132.75511736226022
Train/Sarampion/Sarampion (138).jpg,Train/Sarampion/Sarampion (138).jpg,19641,781e9ef8a64d692910219cf9cae32e48d7fafa84dddf159e56b4b521cb0ed228,Train,Sarampion,True,294,222,b9fa76e8037c35097e935a45ccf7a0393dee7bd8585262dbff55a830de9de0e3,3c50d0e7e764c23d,131.74911135625422
Train/Sarampion/Sarampion (139).jpg,Train/Sarampion/Sarampion (139).jpg,12056,33acfcc31c2654e0234f1b701ae4dbdeb591cdeed64437131ab52d0cc9c485fa,Train,Sarampion,True,240,210,52306d12238b7b5ad644c8e1f1492af786336aac1ecea7585ebb091b47039c9b,13079b03fc2c5a7d,145.01079365079366
Train/Sarampion/Sarampion (140).jpg,Train/Sarampion/Sarampion (140).jpg,23361,29a77b716e9233bceb5365cba8a12023ab56deb38b4e288d1681d704295dd7bc,Train,Sarampion,True,294,222,63da5f80745831c6d60df730ff4be5518a0cf1391832eaac91fba767e862cbb5,13ac5b643bdc0b2b,116.50222160936447
Train/Sarampion/Sarampion (141).jpg,Train/Sarampion/Sarampion (141).jpg,21543,900f3df2d76824afcb38987b5e9d4e0d035b5b2c1afb381270f9ab80bb8e2d19,Train,Sarampion,True,294,222,90d067746e9c9c18d33ce1306186be3ddd193c93a0eb119b0f55e283fd8fd03d,884ead3445f6bb83,101.98518416375559
Train/Sarampion/Sarampion (142).jpg,Train/Sarampion/Sarampion (142).jpg,18538,570cbff91f14182a65cfbe82d3d363fee76967882171c0c0ac6286aca4c3f1eb,Train,Sarampion,True,294,222,bd19391889b915a059153313534217e2e3cfd7bd12cecb8876d1d8d8d4347516,d8d1099b56c48d7b,58.5466537966538
Train/Sarampion/Sarampion (143).jpg,Train/Sarampion/Sarampion (143).jpg,22653,155fa9426226e1225683784423bd8ee69e01c18de4ce2d03a57b5cc8046403c8,Train,Sarampion,True,294,222,0ebc86ca6954c18d46d94e397ac15c1e5a53a19ffd19a79ecce1a119b8a1d4b5,5a098158fcf6db31,84.66082919654349
Train/Sarampion/Sarampion (144).jpg,Train/Sarampion/Sarampion (144).jpg,19654,ad8f6e1c7fd152de04ffad420c8684f021fda501a61fd2a0073b7a06729396a7,Train,Sarampion,True,294,222,d5914478ea89104a4303f5a64c8da14f76079fae82cee1b3d2508be55d9d4e11,8bea19e679aa05a9,135.34358337929766
Train/Sarampion/Sarampion (145).jpg,Train/Sarampion/Sarampion (145).jpg,17500,92dae7f7170384f2c2bd30fe440ea1ed80c644e66eb0d391d6e207843b42cd81,Train,Sarampion,True,294,222,6789ad0f5d0f20dc86b4ecb7e6a97ba3eecd13bd378f9ba8e8c54a4b3782d0b6,07c37cbc4dc2b80f,79.12606484035055
Train/Sarampion/Sarampion (146).jpg,Train/Sarampion/Sarampion (146).jpg,20169,c1330d88aad92c19c63d17b4b7df8fbceafa8db6950d64289a8fcd43360cbce3,Train,Sarampion,True,294,222,4330a2865ffc4794f2483d051b27a2837b218a39c1423e7c1d9e77f69261a33a,5d3c6922f5f62603,101.43143653857939
Train/Sarampion/Sarampion (147).jpg,Train/Sarampion/Sarampion (147).jpg,33570,3de13d35575133587640d85b1296a16c2640c490f8082311fc80120a3671d996,Train,Sarampion,True,294,222,bd43d2254467aaa52b3f45a5d5a909a1add5c894695a93f36fa86df0c2182217,c4efbf6061280d9b,122.87517619660477
Train/Sarampion/Sarampion (148).jpg,Train/Sarampion/Sarampion (148).jpg,16275,fcb27e169847e576ee3f81ab0afb59dcddecf50d27cfa3c5845799aaa048ccb0,Train,Sarampion,True,294,222,d294a6dccbd89c7ff05008923c3308a8ef339be6fa0217c3ea102be1a630c02f,547f1497ae43294b,91.01484647913219
Train/Sarampion/Sarampion (149).jpg,Train/Sarampion/Sarampion (149).jpg,29463,18d2353cbd376e78728cfc50574fd3b0c7791b47da4e724d8dd092d99673de5d,Train,Sarampion,True,294,222,253787d5a3b73fef098341e43c7c4dd2b8bb8f50bd5431eb69f6aea8d93fe8c5,9651594eb1fc3945,138.78617392903107
Train/Sarampion/Sarampion (15).png,Train/Sarampion/Sarampion (15).png,80349,4da9e8bdbe53fd4e8591a4a5e955106c54f6aac161e4116653b1af3c1ae5eefb,Train,Sarampion,True,224,224,d7f3f7cdfa130bfdebb30da81d09f90129bbe79b610d4af44e23f3a29b8156d0,3c50d0e7e764c23d,132.2955397002551
Train/Sarampion/Sarampion (150).jpg,Train/Sarampion/Sarampion (150).jpg,14512,d3b0ab39964f45e363ff7605d7817f8002a9773e039f3b4e514a6934194e3a09,Train,Sarampion,True,294,222,156739d543469c704e6925d2f6edd0985a01c60d536844db779cda6dcc1f8add,6c6607f399fce009,103.90408776123061
Train/Sarampion/Sarampion (151).jpg,Train/Sarampion/Sarampion (151).jpg,12467,554c2a3472fcce836f8f0a64e95fa0e0171095f6699a675b53b33c6931f0647d,Train,Sarampion,True,294,222,333b625b096e59bb0d420cb91c0888196346d97bd071c745efc7c02e109c7a63,05f895f817e836a9,72.72951522951523
Train/Sarampion/Sarampion (152).jpg,Train/Sarampion/Sarampion (152).jpg,17567,c2dcea6d5e5e1dc3499643871e8a6cfe8404a1a8973ae73b320adee6d6629fce,Train,Sarampion,True,294,222,332ad879ab9282d8739b0c17365b6f05c82da3cb30f41ada9f76c45aa9f92646,256d11bef9d27821,109.246996996997
Train/Sarampion/Sarampion (153).jpg,Train/Sarampion/Sarampion (153).jpg,110530,8f1aa935240335ddbd715eb3d588df85fe7910bd8ccf93d73dd7be75307391d8,Train,Sarampion,True,952,596,2348468a0473e3816a7446b79e6abe904bb4adedb5a363289c001c1fe9565696,1ee12fdae40645ab,171.60257634933168
Train/Sarampion/Sarampion (154).jpg,Train/Sarampion/Sarampion (154).jpg,695515,04b8008d092616be1e525cdf81154073c420876884255edb59bf4131905c78ad,Train,Sarampion,True,2967,1983,cf42df55765932c60d40a30f5f7274f9a51696f7b26502a9954716328aa9845b,c2fe7efc9e484003,163.76937470351714
Train/Sarampion/Sarampion (155).jpg,Train/Sarampion/Sarampion (155).jpg,40687,040897ce0ac9456204ed4b5d37bd1fc101842c051aa3d57b377828ceb323a88f,Train,Sarampion,True,700,464,73c922dda6583a4b8789f3c4e089d661bdac39fffbd6d002f5a21ef5ba901c1c,0f7ca3eca1fce101,135.60697044334975
Train/Sarampion/Sarampion (156).jpg,Train/Sarampion/Sarampion (156).jpg,32734,80cb482d7e258a6b9f0a94843d63985855b6c5727b1fa99003c2bf0a8f6e50a4,Train,Sarampion,True,650,442,ef497d02ff81a9d8c979cdb14cb45cf0ab8f7da1c2ba1cbedebbf2f63ccba74c,413c84e1fc94afab,141.95917855899756
Train/Sarampion/Sarampion (157).jpg,Train/Sarampion/Sarampion (157).jpg,15028,a46be17bdfb2d286c7d7459a6f2b163bc2e6cb4fab001090418beba3134a6999,Train,Sarampion,True,700,425,d334b5bfe4fc112693ebbfc75c4f438244bf5cc55869e1398dcf5ded448aca5d,2b050d1c7ef6f40b,153.36930756302522
Train/Sarampion/Sarampion (158).jpg,Train/Sarampion/Sarampion (158).jpg,21674,c811b4b957b47bb083b35bc4aa0904ff33ae9583ba00200f98401a57229b023e,Train,Sarampion,True,390,280,da1d33058aa1ac8d00db52808d7778873ded21dd2a710b5a8b4f0cb38677cfaa,f817e057d05723a9,149.81080586080586
Train/Sarampion/Sarampion (159).jpg,Train/Sarampion/Sarampion (159).jpg,42877,062c4cb51ddc4d61d4ab553fd00bddaf66fee0addc3b590e19f6b4a52b9bd2ed,Train,Sarampion,True,640,421,7eb3820f72cd82241cd3249ad95f6ce8e44b8e3b9a6976453a034c6f8a387b1e,6425cd95e8cf1e51,180.99851543942992
Train/Sarampion/Sarampion (16).jpeg,Train/Sarampion/Sarampion (16).jpeg,5525,fcdca969be90da81e68aabac79c221867cbd7c42703e2027f56333626509e297,Train,Sarampion,True,203,248,fcf57971a6c772fa9a8daf85e94d0a1e8f84150a96caf578555b4585aa830c7f,52fe5a5672a8a943,153.21166375337677
Train/Sarampion/Sarampion (16).jpg,Train/Sarampion/Sarampion (16).jpg,58352,6998159107679079ae4509bf7f29310ddfe7f5589d4bd499e9131450c4431d17,Train,Sarampion,True,600,400,a1751de0f9b72a332edae1231475177ea2633ee1b564c373da5feb7e93c88f06,2c70016edfae7329,167.7644625
Train/Sarampion/Sarampion (160).jpg,Train/Sarampion/Sarampion (160).jpg,93381,ea53535fec270563968bf58c30980d821b0c00f54a2651e783fef0f19cfa9db4,Train,Sarampion,True,1296,728,7bf4ede7ec214dfc4641ff14d1f4028a9f186abe9e9130d18330d32082dd55e9,e86c45e60632fad3,164.96565298127797
Train/Sarampion/Sarampion (20).jpg,Train/Sarampion/Sarampion (20).jpg,234001,7aa9f2229a8c84c049861ca5bbaece4c2e71869196667d58a3e7291b15ae634a,Train,Sarampion,True,744,435,53e22fd9fba9cf9a55c336bfcb62aee78dbd0ae9ee68275b410ce514a3a60a92,feccfe689e484803,170.36521443579286
Train/Sarampion/Sarampion (20).png,Train/Sarampion/Sarampion (20).png,81108,26fef733be479269340a28378b323acff4e73748190aaa4d67bdb2b9c38c91b6,Train,Sarampion,True,224,224,caa1de6168c2f37ee5a87ea713acdf52875c91aec2cac7102c9ec5aede82cf7a,3478bae39c83cf81,150.4309231505102
Train/Sarampion/Sarampion (21).jpeg,Train/Sarampion/Sarampion (21).jpeg,5733,d6584d72ab87e999ebd509ede1d555716e3552f52aa821c742eca473fdeb4b34,Train,Sarampion,True,275,183,3d388db4a3059f4e5e70cc6680b5160a00788bfac7b2a77440085a23185a0c64,87c00fc2f072ebab,133.61323397913563
Train/Sarampion/Sarampion (21).jpg,Train/Sarampion/Sarampion (21).jpg,38821,0cfb72c512f96658ff256ae94f59b6e402691413329b3969e08478c521533168,Train,Sarampion,True,1100,618,62a419605507811873451cd884260e6ac2f016640c91d9db266126ed96b14f3b,070d055eaff5d0a3,162.89016328331863
Train/Sarampion/Sarampion (21).png,Train/Sarampion/Sarampion (21).png,87118,1363c6eb85f05856c811b306ec3fd3b5429f3bb454573e45e8aeda1b3d1a4ec2,Train,Sarampion,True,224,224,0009c6204b9981a2b4f490d8ca62c465622d104fb21da4e926870bd8dd56735e,1ee12fdae40645ab,171.52762276785714
Train/Sarampion/Sarampion (23).png,Train/Sarampion/Sarampion (23).png,88370,52ced87bb938d7a182565522d1d3ec2277b7a5a2359e94289e94bd051703989c,Train,Sarampion,True,224,224,1276d6cf3fd103111be407f763d342d56d0fe84c6d41045daf630ce9fd92d897,72705a525af2aacb,206.8115832270408
Train/Sarampion/Sarampion (27).png,Train/Sarampion/Sarampion (27).png,94349,12479143e6ea05dceaab54c2a2e8c0c7295c82e1c551fcf463b0fde37df8284c,Train,Sarampion,True,224,224,705a4e7e96447467d653ce0184492919e7ed54a1417508b17993bfa559234d16,36694dfdb6290343,87.11668925382654
Train/Sarampion/Sarampion (28).jpeg,Train/Sarampion/Sarampion (28).jpeg,16487,f6841c8a380848590af2a9bc8f1b328f1278219efe9428b5d76a48ecf5ec7fb3,Train,Sarampion,True,256,256,0bb85874190e05694f7fb8ca1327454e205ff224e4e5179208274158d79eaf12,258a25da54eaaeab,174.02146911621094
Train/Sarampion/Sarampion (28).jpg,Train/Sarampion/Sarampion (28).jpg,60352,9a0f722a0542143281cc716be827a23240d5321698a59255d94d7d427f81ccb3,Train,Sarampion,True,1280,720,96b08a3d82fff698c2ca9a03a806b0132214c0920a57d0a1db76680cf9a4e9fb,e3c4c69a12b6e687,183.54452039930555
Train/Sarampion/Sarampion (28).png,Train/Sarampion/Sarampion (28).png,85876,72526c58a84505781ee4e386e7edfe8b1ae4c7d7cbaeac1bec438ba48c276b00,Train,Sarampion,True,224,224,effb4bd33ecb7d13d543b173af02153f5ad84d253e00965bc33a5eccdb9e4d84,41389ea17c94afab,153.08645567602042
Train/Sarampion/Sarampion (29).jpeg,Train/Sarampion/Sarampion (29).jpeg,19267,3727bb75ca211e8a2f86121e274002f361a3d7369f83f76512c013e17a1c6408,Train,Sarampion,True,256,256,c3e9f29a6ab838bc3fcd0015f7d0b2832adf84565b08e94097c3e86ae9b03a9f,c3f887f0af4055a3,144.04222106933594
Train/Sarampion/Sarampion (29).jpg,Train/Sarampion/Sarampion (29).jpg,38987,4805d75fc7de5ad9f12b1fbf6e360d0b3e15ad426a19f8a60838488ca816e96b,Train,Sarampion,True,390,508,cb8818491ac2d9baa1593cd0b8de223c81a6c9513c4fc060f46d5be6b619d262,d55591a8ab8a731b,132.27866444579044
Train/Sarampion/Sarampion (34).jpg,Train/Sarampion/Sarampion (34).jpg,5337,343b0ddf4c70d6dc2c6e3ea5e01ffce57fd674bd2575f4071d1a8e19a5539382,Train,Sarampion,True,272,185,1a44d6f718895721da77eb502926e04e3570f670517837ea0cd001b23f86e6ff,757b91166e811e93,76.7326907790143
Train/Sarampion/Sarampion (37).jpg,Train/Sarampion/Sarampion (37).jpg,3746,8c6edd64d9734bfc4c2561b1e37dd77002fda0d9b7fb5daf74941462d9825c2c,Train,Sarampion,True,276,183,9934f5ff41d3365d37c05c5133e3463cabc395056f7a34c86f82084667583e48,0f7ca3eca1fce101,135.6120218579235
Train/Sarampion/Sarampion (37).png,Train/Sarampion/Sarampion (37).png,86936,f468c0cd0f49fc6801f751b402c04a0a295c220814b74969fe9876cb42bedc2e,Train,Sarampion,True,224,224,51259694ed7c1126254d1e8f92c5706c0a8b1dd01b45eeb5eb69acfeb5c2b229,42f0d8978e2370fd,210.29663584183675
Train/Sarampion/Sarampion (38).jpg,Train/Sarampion/Sarampion (38).jpg,4416,dd73ad8b0aac7bbb3f3a06644ba48d5581c1ba524fd65eb98507d7361f09c17e,Train,Sarampion,True,259,194,8e7a91871bb3a5e0086979892939caa7d368ba525db15ecd1bb906e2447da705,855a954afb02b3ab,194.84898300362218
Train/Sarampion/Sarampion (38).png,Train/Sarampion/Sarampion (38).png,87274,a775c7446d37786478b89e1af06ecc3314fc4cf4e74e6e3b255c0510bd18511f,Train,Sarampion,True,224,224,62b7c5885469523f45ae9432c80341df96d1c7b3696366fe515978e4ef106849,6bfc0fc6e172014b,133.5524354272959
Train/Sarampion/Sarampion (44).png,Train/Sarampion/Sarampion (44).png,68792,8ed4416a2c062fd680ef2ae41ef0b96439800d8070de4a8be99fda0b1697f01e,Train,Sarampion,True,224,224,1a4162ee46041a56103d86edfacbbe814e790badcc6f21c49a32825fdb35a5c1,68292dad0f4e9d4d,182.82413903061226
Train/Sarampion/Sarampion (45).jpg,Train/Sarampion/Sarampion (45).jpg,3840,42dbe9f112c6779a2040e2e25fd9e3ba3ee6737d6b292dfff5d1f7822702d858,Train,Sarampion,True,276,183,4a49f8efb186f9bbd2b0aff5626ea824556c06f9f2e48c8e069ccafd1e0fe81d,68292dad0f4e9d4d,182.87908846123386
Train/Sarampion/Sarampion (45).png,Train/Sarampion/Sarampion (45).png,95195,5d8963e24a3bc2d2a0230e648b65a19ee21274f30ccba19df9aaa6e76d1572cc,Train,Sarampion,True,224,224,dced8d0450773e673b025ea84f5298d3f7441808bf2af6ba1ca9a9d7e7d59969,a182bd93c3b8ba17,106.42191485969387
Train/Sarampion/Sarampion (46).jpg,Train/Sarampion/Sarampion (46).jpg,4968,ce01da53d3e17b7219b0e76fb9a1077ac234bc7c324abf477e08bbfd5d1fcdd1,Train,Sarampion,True,265,190,897c4420346ef7d76ab856b9b06de40d54f1b4c41e8be429795391460c857301,6ccef3740d03e0cd,210.15324726911618
Train/Sarampion/Sarampion (46).png,Train/Sarampion/Sarampion (46).png,88643,4701778f7a50bd1052347d3ca035bd62277cd9a5d07d7a9f357514af81f13aa4,Train,Sarampion,True,224,224,60875bb268ce6f67eae599284f15a30ea36843a0a47aa406e2734a73e8a32834,4cac36c5ca36a9e9,105.90965800382654
Train/Sarampion/Sarampion (47).jpg,Train/Sarampion/Sarampion (47).jpg,5898,6b24d9b43507a4d25c3918ed66d1212e00e3167fc688b536276253467334b001,Train,Sarampion,True,259,194,ca74de1a0992fdac4fa974e71d069ebd62bb2cdc615cdbada9c14f428a1b2fe6,e72231f68b12d353,108.18560681447279
Train/Sarampion/Sarampion (5).png,Train/Sarampion/Sarampion (5).png,23088,62e1d72215f1f80fd734a6cccec862b66de6fff7e8ef92cda0d0c27ac9dee017,Train,Sarampion,True,128,128,b231bf1faa31da2532acebf34ad07a037fd07cf3e2598959e89563533a49cd0f,c6cfcecc0c5c1c1d,175.55816650390625
Train/Sarampion/Sarampion (50).png,Train/Sarampion/Sarampion (50).png,114674,0cc9c3a0d3665c7a10bbc01ae1d8f23cc5fea3329addb4772e3040deabf6b402,Train,Sarampion,True,224,224,b5b45a223a7f10816350a20da1b3b1c646640f5ef8de307ba620aa835c5cbe91,adfae18410fafe01,143.61866230867346
Train/Sarampion/Sarampion (51).jpg,Train/Sarampion/Sarampion (51).jpg,4352,2fa8fbb7c3268c7e81b203bf7b34cd7cbdaf3e3acfb755e15fa3a53a720b8034,Train,Sarampion,True,275,183,567372203fef3da2abeb40885e41508212fb8fc6bff9ca97a5ed7d1362009957,c78706161e5efe09,102.6083656234476
Train/Sarampion/Sarampion (51).png,Train/Sarampion/Sarampion (51).png,93252,71a0e57b3b0c3399671afc1d151abd594c0aa135c7fa932bab8eade5c485cd54,Train,Sarampion,True,224,224,700e3cda8b552488d55c21e9c7eb4ee22ad4e3d317ef9e5060833cc5e5ed2584,44d0f472be2cae53,179.40160634566325
Train/Sarampion/Sarampion (52).jpg,Train/Sarampion/Sarampion (52).jpg,5790,0a9f8bfa2f1eb5883af762d17121bc172200799e60a6a07c8610f254b53eea4f,Train,Sarampion,True,258,195,b2d038023f4cc0a459ed823b99481865d95aea416f0cab27779ff8270f7a077a,e2e2d2d43c3caf09,172.12027429934406
Train/Sarampion/Sarampion (52).png,Train/Sarampion/Sarampion (52).png,94487,861f7c7910f095770420003d4e117dc7f31b6380bc7d6c25dc455a11167f18a3,Train,Sarampion,True,224,224,6dadd396acad0b328c115a986580038399bec8cf774e5a63cf616fe46ba31b8f,c78706161e5efe09,102.47644292091837
Train/Sarampion/Sarampion (53).jpg,Train/Sarampion/Sarampion (53).jpg,4101,91b00ee8fb92bb7fae7d2f28e2618e725391e524c7335e6f07b4bd39bc2571c1,Train,Sarampion,True,389,129,b100f1569fbe67aec694026c5f23701985d73ad72df8b44fbbf7dd3618530ecb,b5695472a5d46a87,199.65486937287022
Train/Sarampion/Sarampion (53).png,Train/Sarampion/Sarampion (53).png,87972,c89cd17a4bf57352468a2982c1e02413c73bc670fa79d51e3d88c0c42d8d9053,Train,Sarampion,True,224,224,3cbb4ed4f3319ae5ae8cf206cd4738c3cc7e1307f3c64b2bab516d3a8be1cb41,47ee8fc3e073014b,136.0080117984694
Train/Sarampion/Sarampion (54).jpg,Train/Sarampion/Sarampion (54).jpg,7411,f948d8cc484374a3e15ac66825e3e2eebb4d94ee92f4adcd2cf3b047157622dd,Train,Sarampion,True,268,188,bd7748c2493cc718533859b7bfe386fcdd46b8416c03270371861f0a301d4d19,03ada0c7c4f57e43,180.8070022229279
Train/Sarampion/Sarampion (54).png,Train/Sarampion/Sarampion (54).png,98798,21455e3eb113acc6c37f681b0a0bd165564d5d9f236a3d7a3037e66b9fbeac14,Train,Sarampion,True,224,224,6acae4b6418d782edf3109d0b313653d62b1cf02155cf8770772386f855956e9,fed44446462f9671,140.52840003188774
Train/Sarampion/Sarampion (55).jpg,Train/Sarampion/Sarampion (55).jpg,6555,64746e461e9d760d9e9486b6ed99debc88958c4ee35902e1f3a990759d19351f,Train,Sarampion,True,290,174,37d2ce80c2028ee74fe63ff5a4e7373d35083ac72a47df9c69f57124967244fb,5f5a5a527a02fa0b,195.63186682520808
Train/Sarampion/Sarampion (55).png,Train/Sarampion/Sarampion (55).png,92517,ff76c54e753110a802f982e137969c312418a3e0efbfffa4a028f1fa25e90d8e,Train,Sarampion,True,224,224,d1414627b3cf09695accea4782b31edf50b84f899be1b0ee457c849488fa0a0c,2c70016edfae7329,167.54972496811226
Train/Sarampion/Sarampion (56).jpg,Train/Sarampion/Sarampion (56).jpg,4499,69868e3ec149c08a0554403416da7a685c3229eaabb0358331083312b7420af4,Train,Sarampion,True,284,177,8f8868cfe1be087c9e92e9ab5eea851538cfd478027987b17b19714d920af94a,809e84bd15bc8ef9,103.17287339858359
Train/Sarampion/Sarampion (56).png,Train/Sarampion/Sarampion (56).png,72240,cd706dd6c08ff498a51ae27e8a838a6bff020b336d7d026048b3504d32cf30ec,Train,Sarampion,True,224,224,705564b43555a3e540ea79af6f713acea4a932ae599f7532c72726e5cd32b10b,61ccc79a9296e687,182.28055245535714
Train/Sarampion/Sarampion (57).jpg,Train/Sarampion/Sarampion (57).jpg,6274,9d08e0024182641ea924f01273bac0ba48f398a7dfa402b80ba4f4766a498b3e,Train,Sarampion,True,282,178,ec39364b91959e429ea330c58442518ec290bca890f1c383aea7d301365b413b,f0f4a10f0f09f0f5,212.94923898318592
Train/Sarampion/Sarampion (57).png,Train/Sarampion/Sarampion (57).png,92743,d71e2c97dacdeef37431c775620ab92f1ee076e71ea538bfe67fc928a96e2048,Train,Sarampion,True,224,224,61a8cb6cf834fd3abe0767fad78e623f589b598beffbff7ddc25476a51e50a37,36767319593b8391,155.23678651147958
Train/Sarampion/Sarampion (58).jpg,Train/Sarampion/Sarampion (58).jpg,3727,8be2e62fb129b109bfecc5d7673fc1088525f12bda204fd78986fc33d5d37ecf,Train,Sarampion,True,204,247,dbb837d97da9a2d7fcabcfb705d9b789f99865614f75868064d54ab6da0746f5,f0fefcfef6400001,180.3456576962769
Train/Sarampion/Sarampion (58).png,Train/Sarampion/Sarampion (58).png,72167,16830b0ec9113f74dba649578e269ae3ba72b7fc7c02e0f773d2b51da5e83d3f,Train,Sarampion,True,224,224,2f898497579086b9af79c81cec0bb102306b2c0ca3291d3fd796e83b8dcd34af,737999166c891e93,75.60961415816327
Train/Sarampion/Sarampion (59).jpg,Train/Sarampion/Sarampion (59).jpg,8019,7641bbf7b53894153aeca629ed6a93ca6e23d8b4f49506ead8c5ec55a5355a58,Train,Sarampion,True,239,211,c3b6393c1ba301ba4eb78f66fe0045716a7d6ec1716cda14c9a3e2667d5d2436,078757d25ed2905b,144.45081203275893
Train/Sarampion/Sarampion (59).png,Train/Sarampion/Sarampion (59).png,55712,a7447950237f24ebfcbfa531442c349635058341de165e57d4711a27c00f9d11,Train,Sarampion,True,224,224,b17277ea2c6c8d09f0e4803c906e8ac5a84749eb0121b9d0fdf481198458750c,69e68c5c698636b9,63.5065768494898
Train/Sarampion/Sarampion (60).jpg,Train/Sarampion/Sarampion (60).jpg,4169,87c7a24f80b3eb50f8e975374f73bc4efad65afa849537329e758febe2456e6e,Train,Sarampion,True,275,183,2e2a0b25a105948625795edca3d6ed212112dc21164a36677679d40effeb16cc,c08e9f72f0396e0d,180.25367113760555
Train/Sarampion/Sarampion (60).png,Train/Sarampion/Sarampion (60).png,100323,5a866e57a1a5e4aca53fe511391e4941db355bfbdeb901915593b5d54bf897b9,Train,Sarampion,True,224,224,919bed05a2f938e928aa6b57f30e655e62b9b58712c587c8351c8a5f619e2ad6,6b51660a96795f85,105.73784279336735
Train/Sarampion/Sarampion (61).jpg,Train/Sarampion/Sarampion (61).jpg,2319,d5db80a036bd7502b723cb94b4de1b848dc4f3d5c1aaebd015cfb3837f267fff,Train,Sarampion,True,275,183,272497259648931e40b89fc56f35153f866379c8497ef2ce17dedb4abc85a4ed,4ba52a56a95ab4ab,171.6634475906607
Train/Sarampion/Sarampion (61).png,Train/Sarampion/Sarampion (61).png,74235,18708cf38daf733b5d254c86ef3a47da59745554bbaefec9b4ae8c1460220ad7,Train,Sarampion,True,224,224,cc189bd6c47893d623e9edd871e69bfa8f8c04b3c509b7a6f82cbf92a2e61c93,87743c0cb4c636d7,192.11477598852042
Train/Sarampion/Sarampion (62).jpg,Train/Sarampion/Sarampion (62).jpg,4280,25257276070184e616b3d399cd1561788d825eb5355456afe411568fcb30f111,Train,Sarampion,True,259,194,e48f42f4b477b987edc83d9acf70a54e229b560d5b49a0930c989d0e52577387,135cdfae235c1f01,122.57323966086852
Train/Sarampion/Sarampion (62).png,Train/Sarampion/Sarampion (62).png,94057,b6f946d3c687e6c138ce6e26a9626f7ac8dea646c752beb00f724d0908ffb932,Train,Sarampion,True,224,224,7caa033280e11ad0c87d7b2f812a6971659bc3075cb487fc0466d825895d39cc,715e5bd34848bb13,103.5228196747449
Train/Sarampion/Sarampion (63).jpg,Train/Sarampion/Sarampion (63).jpg,5920,4b08fed6c07ffeb29cb941776ca74a858308f29859474012dccd86c16aba7340,Train,Sarampion,True,259,194,b7299d58fc1344a044508552970cceb1675b8e0d0df068d126e420774076ea10,2b363256b7d2b151,127.6435338136369
Train/Sarampion/Sarampion (63).png,Train/Sarampion/Sarampion (63).png,71092,37264f02d861290d6e1525f9b91b73b8fcb55002bf46f70c27894ffa7d13b4fc,Train,Sarampion,True,224,224,2e21304bfa6b8039f2e05d2b4e3a3f0c44c07b820dddcae9608ac2d22245d28e,c71836c6472cdc97,174.13351004464286
Train/Sarampion/Sarampion (64).jpg,Train/Sarampion/Sarampion (64).jpg,6398,a08c0271e137da80b6bf8bae9cfd4a099542f6bbe1a5b1e75c9d8e4a6ac87680,Train,Sarampion,True,300,168,7389795d002648f52f8c4cfe9d8df247a246b9d37fffc6990eef0c7db48edfcf,3a8c354ada34e4eb,175.54174603174604
Train/Sarampion/Sarampion (64).png,Train/Sarampion/Sarampion (64).png,71838,c8349ed096aeb4fbe085c4168191c20cdf0b7fb3758980327731bffa64d96721,Train,Sarampion,True,224,224,736d44bc59bc44c848573fc18f3cfb41564196bd38fd3e22a5bfdb9f8df0444b,63c3e9c9dc0c343d,180.7254862882653
Train/Sarampion/Sarampion (65).jpg,Train/Sarampion/Sarampion (65).jpg,4780,49f3cddd23e13f3df9e8cd2e76d341e064c3344f9e37adc1fff10adde2987049,Train,Sarampion,True,213,236,71893b4929d7ec9db5a1a6748cd2ec6ac8257f6acb067cb0a2fe30e7b0deaa18,8f70a770a754bf01,176.08438768202436
Train/Sarampion/Sarampion (65).png,Train/Sarampion/Sarampion (65).png,73101,5318967191459b20b503237be650d1cf0c1450539deca16839f083ff9d009c01,Train,Sarampion,True,224,224,e142ef8de1d4f7c8e05f32e1d2e638a8bee25cae7312f237f0304c6ace760a7b,92dc961c9c4ec33d,162.53148915816325
Train/Sarampion/Sarampion (66).jpg,Train/Sarampion/Sarampion (66).jpg,4246,b765627cb83656c8c9f0afa6540d6abb0f12b9ea839f093570dbaaf059a26c6f,Train,Sarampion,True,293,172,e4eead3dbe49c4bdf674074958ec9b31ba06e0c27fcab17cdc88ee8e54ec328f,0ffecc848f0d0957,146.5755417096595
Train/Sarampion/Sarampion (66).png,Train/Sarampion/Sarampion (66).png,69018,41f2ac1eae2272581fda4c6d244a80134e9b2f5c16fb0419cfc6f45befd9625c,Train,Sarampion,True,224,224,f56a3c2dac9bf270c599bbce00aed6a17a048ce69a5967cf3b628df60d7b8f77,27e326343c96933d,163.33400430484693
Train/Sarampion/Sarampion (67).jpg,Train/Sarampion/Sarampion (67).jpg,4985,297acee49e30176aa60a7b8f0301c0a59c6c0c0692e139b902571f4a72763466,Train,Sarampion,True,183,275,23d6e77d703fc492652368d851bcb09907592cd1f81522a21dd25ff928c115cf,5f5252d272a0a6f3,144.5436661698957
Train/Sarampion/Sarampion (67).png,Train/Sarampion/Sarampion (67).png,73639,29a58dbb80ea5b0047ea2bb3d1dbf68d75e85181cd327bcef08f50c9605679a2,Train,Sarampion,True,224,224,d912de4769c426164fdeb8eb896d838f780fae854cd67a7b82f0b957603500b7,3964cc9c38b4c3d7,152.84371014030611
Train/Sarampion/Sarampion (68).jpg,Train/Sarampion/Sarampion (68).jpg,4531,8c0318c3e30e00743a651fea4db16a700d0fbe244a5905cb9fc69acf964441c9,Train,Sarampion,True,259,194,9bd0a781405fa9ba886d6cd7b4b6358d744fda5b0ecb75a6438962a3e27e4280,af7daa558250abc1,102.5110257532938
Train/Sarampion/Sarampion (68).png,Train/Sarampion/Sarampion (68).png,75552,99c61e07009aa18049ac1a4d3dac2ec6e29b7cf48a64e49f4da31a415ebae746,Train,Sarampion,True,224,224,bbbe1f75e40ddf364aeba344b9372f87aca1f2c92d11e86a2f32058b3966ae49,9369c6ac66a63c17,169.0872727997449
Train/Sarampion/Sarampion (69).jpg,Train/Sarampion/Sarampion (69).jpg,3689,f80cc50e9b16767c01caca8bdcb01b2bc56943346e2353601b08fd1425d30fba,Train,Sarampion,True,293,172,ab7a4be60d9cd53ef0681b1c0e1cac3192690601a32ad82c027e6336eca053fa,d6d84e616c26b695,134.96948170489722
Train/Sarampion/Sarampion (69).png,Train/Sarampion/Sarampion (69).png,81803,64395622b4a5678ccdcd0d375cefd390873635bbcc823f4347ec952d5904bf0f,Train,Sarampion,True,224,224,6f32277445c77ef3cffe0cc3d8ce69c764bc26b2632b4009109557108178f329,e30dd885f6833c63,99.3744818239796
Train/Sarampion/Sarampion (7).png,Train/Sarampion/Sarampion (7).png,28590,4d881cc54b1b4c23847f7ec18eab3b04680916a6d59fec7a905f303d5cd20666,Train,Sarampion,True,128,128,69f1a8d467ef37d0d3afcb222b19d035678430d27b88f691a14eec9afbcdc354,1455552e2bbe9791,136.23370361328125
Train/Sarampion/Sarampion (70).jpg,Train/Sarampion/Sarampion (70).jpg,6319,0f1c485bd9dd8b0f2073b1a35de8b81c0fec6484cfd7b417349e1861b83d2186,Train,Sarampion,True,288,175,91ef353e49d8505809d171ef559baf4cf569fbb56a96b549801c03d83821afa5,288e1b118abedcf5,124.8900992063492
Train/Sarampion/Sarampion (70).png,Train/Sarampion/Sarampion (70).png,68792,61ddad6a658247ba7e3f0103ec9860daf647550eb02979d751689383a0817a88,Train,Sarampion,True,224,224,5cadbb9bb2bf029026b86b79016c381cc9ca115db9ec11a5eb64f0d425829d7e,cc474c2c6c8d3c7d,187.6845105229592
Train/Sarampion/Sarampion (71).jpg,Train/Sarampion/Sarampion (71).jpg,4947,6b38a2432fbc1e7b9ef3a07ef84e7d0e7b6d0a2b86ec1b4477ce2eb193ea9ee1,Train,Sarampion,True,259,195,03bccb141aef3239396cf76c2f0860c6f3789a4549fcc7fe8788fa32d36ae2d4,48c9966cb6e6961b,96.66975546975547
Train/Sarampion/Sarampion (71).png,Train/Sarampion/Sarampion (71).png,96921,ea2c9cd733c4c438f228d7154d1cfd567efd58db589753d292ee242c932dab9e,Train,Sarampion,True,224,224,78295ce10a3bfe949e96c9b0cf4e417fab91b7281be38239c9e7ec3e504406b0,037900cfba0ef93b,170.55518574617346
Train/Sarampion/Sarampion (72).jpg,Train/Sarampion/Sarampion (72).jpg,5900,ef6e4b164e3d69bdea737b52dfaed9a771adb365bce773da68e60861e2617a4d,Train,Sarampion,True,243,207,1f2e79542fff0f121af7cc86bab3c2b8ebb46a610cb41abb5f494cca3e60f872,8e2f16bf90d48a93,159.44231725015408
Train/Sarampion/Sarampion (72).png,Train/Sarampion/Sarampion (72).png,68731,6f7cab9e18d4b3b0070d316baa92285147805b484f5a01ea4b0adc1eff2e598f,Train,Sarampion,True,224,224,c5f373e6224826c8c4911e756b72f14625683157623d32fea94924cc07ab6bdf,6c6607f399fce009,103.76953125
Train/Sarampion/Sarampion (73).jpg,Train/Sarampion/Sarampion (73).jpg,5803,5c0c348b39db00bf4d3131c7e137ebccaabba2102fe47dfdb5e204a73a48101c,Train,Sarampion,True,240,210,813b80458c644497730077122246bb82ceeef69ceb23fcd9b1f444b82591e53b,073e1674e152e17b,136.7621626984127
Train/Sarampion/Sarampion (73).png,Train/Sarampion/Sarampion (73).png,58727,54e94ff54c0c8ab41b85861650a97f5bb583bd62602059ef63492097756f529e,Train,Sarampion,True,224,224,fa2fdd27b9a8534fc4dd6fdfdec7778cf68a68f6bd7e4c8e501e798c6b9f41d3,696361b262acb759,87.26482780612245
Train/Sarampion/Sarampion (74).jpg,Train/Sarampion/Sarampion (74).jpg,4893,3f0cff50faaf0c581718e1cb79d2e6e1168388c6cd84ca460e56d99912624693,Train,Sarampion,True,300,168,5b4f8a0242bb725b843ba4cfa1c644f50441f5c96897a7136b28bd8e0b92f6cf,d6d65a52ea5aa849,175.71817460317462
Train/Sarampion/Sarampion (74).png,Train/Sarampion/Sarampion (74).png,57793,06b872f8c398617c2ddc04bc15eb5c106a421ab8ab2a75a92dcfca57e4fb6833,Train,Sarampion,True,224,224,ce255a21cb07110ffe3226e96e5e5dacda4ba05e4bb7867a52693707a86dfc69,0c375fbed648a511,93.34103954081633
Train/Sarampion/Sarampion (75).jpg,Train/Sarampion/Sarampion (75).jpg,6264,03bff658f7ef44478d45d75e611ae38a64660734a61b5714de880ecb83487d38,Train,Sarampion,True,270,187,85d4e2e32bfbd2f1515ed82d41101eec54b62b46a259c2f4b750200004884050,ebb6a36a5e168541,116.23428401663696
Train/Sarampion/Sarampion (75).png,Train/Sarampion/Sarampion (75).png,66838,e2ff55ed121fe256ac71ee92460b0a8b9d0251571c53641a3f567d413b1e9dbe,Train,Sarampion,True,224,224,0948246f37b5622c600f2f86cf6c45ca0b87001bd2a57429a9b163eb5236a40d,699625e596863c3d,159.65900031887756
Train/Sarampion/Sarampion (76).jpg,Train/Sarampion/Sarampion (76).jpg,2945,f226724976462700764b103fb28a441039555dde21e2397830c063fd62ed33c4,Train,Sarampion,True,197,256,0585e212bf06c10d201b825384e2a00e05235357a3fd980c34924c1d40eca4e3,d55591a8ab8a731b,132.26881741751268
Train/Sarampion/Sarampion (76).png,Train/Sarampion/Sarampion (76).png,64945,dffef9bf4ef764b2ad58660f3dbd783671352b0db5a51a7f148f8f3d2f8a72de,Train,Sarampion,True,224,224,4c749495919ca4efb4c73daaf31eaf663614fb225f16f638b07a18f1957010fd,9de65186690eaf51,61.9270169005102
Train/Sarampion/Sarampion (77).jpg,Train/Sarampion/Sarampion (77).jpg,4435,e4f6742da5bf7955cfc9feac0f4373a2302e9836997e0d135f7f49d73d9d17b2,Train,Sarampion,True,275,183,66cad904883e723108505a58d85f5cc7a16cacab2c243624105e5553b87cd9b9,19b94996ce8e6387,176.41541977148535
Train/Sarampion/Sarampion (77).png,Train/Sarampion/Sarampion (77).png,59624,0921980e5be9d8c77c6391fc12a0b2189f9c52d776032d6b6d5016285d258342,Train,Sarampion,True,224,224,6b8c4ab8fd70f1737c055f59cb8d1fff3a59b416e086f2c40d5bdcc699089062,05f895f817e836a9,72.63422751913265
Train/Sarampion/Sarampion (78).jpg,Train/Sarampion/Sarampion (78).jpg,5906,be0abae400f29246e4c460cdf41d3f591cb4368ee1eaba6486034dcab1e963a3,Train,Sarampion,True,259,194,9ac16d3fbfc166a8a4ddf464c87482c8ad7fc47454937146263a8b6edc839512,1b7154d592efa80b,186.82868288022928
Train/Sarampion/Sarampion (78).png,Train/Sarampion/Sarampion (78).png,75755,5473614b5f688563a2acc0c89fd4cab6b67ad21d7c2e3949943d282bc4eaf9be,Train,Sarampion,True,224,224,1d7969db9c3348818cc3be099a1ab36cf773a506e8ec62f026d820077e0e8d40,256d11bef9d27821,109.11310188137755
Train/Sarampion/Sarampion (79).jpg,Train/Sarampion/Sarampion (79).jpg,4641,a95b5dbd4efe6c9302aa285501ea7b8658742a64253b4820df9c87a725a05796,Train,Sarampion,True,300,168,b788bd7dec6e223e182cb516b5c604a5f5ec55f0a31d5cc1ee9519ccca5c6aec,c63cc76c1cc4750f,177.70154761904763
Train/Sarampion/Sarampion (79).png,Train/Sarampion/Sarampion (79).png,79494,f4946b70722b03600eda3518035e8b121e302dfb68d02d5cc5fe1cdb63f903cd,Train,Sarampion,True,224,224,f6e36a05cd15bbf768618e71fac55196d8d637f856443a918deee906873755cd,969c94cccd949697,194.80841438137756
Train/Sarampion/Sarampion (8).jpeg,Train/Sarampion/Sarampion (8).jpeg,3780,9c211ecf49a1252c750be8848ea7e191a4664388ec9985624dd2ded6ed89e0c8,Train,Sarampion,True,275,183,c3aaf4b170e509a198ab4e8fc45097c9d87b7572d1ba1e7e50e8cbc9b8770b96,44d0f4f2be2c2e53,179.52765027322405
Train/Sarampion/Sarampion (8).jpg,Train/Sarampion/Sarampion (8).jpg,14501,93901b5d95c370b0f470aab21db28a930c7ac7db00a5d2d87ba5a04f4823d3e8,Train,Sarampion,True,316,380,1537193977597a68b70e0a1c2b1b61a00628338116714cea3b3c2ad308e2fb75,a4d2daeb25f2d109,129.45333944037307
Train/Sarampion/Sarampion (8).png,Train/Sarampion/Sarampion (8).png,31032,9f252d3cf02cbdd7fddb8eaafce1f8d72d15f8849cf04ef4b6df996365cb50a8,Train,Sarampion,True,128,128,31389cecc6a8644617902e128372fc46c9d107c79d547bd21c262887ea330a19,183c30f6e2a67d53,142.412109375
Train/Sarampion/Sarampion (80).jpg,Train/Sarampion/Sarampion (80).jpg,4406,3a59aee8d1562a82fc51693f0dbd5da683a349f73f5b29c8d266e37119730752,Train,Sarampion,True,259,194,2a55b4408ae0ccea06b30f443c823ce51850b94e7b9a80f313251d25e81de4c4,4ecef4bcae085859,161.4353182342873
Train/Sarampion/Sarampion (80).png,Train/Sarampion/Sarampion (80).png,86096,7c461be9e2d86abab22bf0f378c17a5394e130195e9fd0f0c20dc4584f36913c,Train,Sarampion,True,224,224,1083f11aa0146907ed97618cab505d13e4793545c237f2bcd16d7f08f2ece619,449cb307f89b538b,126.4456712372449
Train/Sarampion/Sarampion (81).jpg,Train/Sarampion/Sarampion (81).jpg,6341,81779b1ef4f692ad35df00fb844ce91b296fd1163089f6787111b7c99184ccea,Train,Sarampion,True,259,194,999d6e0638f1f597b21c9438f0718b4e353dbf7ea813123cbc6e6d389e285766,b72a522e568e2dd1,164.1122079369502
Train/Sarampion/Sarampion (81).png,Train/Sarampion/Sarampion (81).png,78610,836e019168f69a8162a82af8642b8467e25e43514859404bde5c777092dad5c7,Train,Sarampion,True,224,224,25a16bf541949a3fa13926779c772d18e75cfec70e850afdd4fc629d471c00bf,b59ce564b730f00b,113.08354591836735
Train/Sarampion/Sarampion (82).jpg,Train/Sarampion/Sarampion (82).jpg,4692,2476dd0236d203ca0de0f4471b7ebdef3d5893757bb1a71a8ebcea6de712b7be,Train,Sarampion,True,299,168,37a00a0089626617e490c4414fe16faa1896ac25ab3dac6ebd04326b283a1cdc,43420f0f2dbc2f57,166.2177695492913
Train/Sarampion/Sarampion (82).png,Train/Sarampion/Sarampion (82).png,70567,129c7bdf9f534936521ba779952463f424767cf5fb08b29db4bf8864a1549ae5,Train,Sarampion,True,224,224,4386cc9b497bd274564718aa32b20df632d77f117a822a1d1a7b4cfc47a7adba,f850d8e8d0da7b61,125.82515545280613
Train/Sarampion/Sarampion (83).jpg,Train/Sarampion/Sarampion (83).jpg,5996,87d40464aa1f239ca9142d5b1f008447a0e47b7556e63de66994cc7db3623708,Train,Sarampion,True,259,194,9ac336f806ad14129406756d929f6d813fc0bf2d2cd73c6706f65efd177c323e,09e989f19cf8ce89,176.64612108426542
Train/Sarampion/Sarampion (83).png,Train/Sarampion/Sarampion (83).png,75328,4bb4e1a78efdc2680ffd3e1d9ffcf2347dece9e40d18cc1ae58bc1a032012ab3,Train,Sarampion,True,224,224,754038a044a8357772b29a92f96e461381e559db9ddc5a25e8eeb380bfaef1d3,f94109477f7230ab,94.57852359693878
Train/Sarampion/Sarampion (84).jpg,Train/Sarampion/Sarampion (84).jpg,4381,448d7c72a6af01cca8fcda3c581d6dc70fcf5db6911483629546aa32d4968824,Train,Sarampion,True,329,153,25a80824791f61c3b1685551ddd61a2e37c216e7c23415b17c6e014941c0afb1,b1b5e10dc31ec7c1,159.29332300296005
Train/Sarampion/Sarampion (84).png,Train/Sarampion/Sarampion (84).png,70634,f91b83600aeb012f615470861e978b131262f3b6092a96d08cf65acd107a189a,Train,Sarampion,True,224,224,d380089df347d1567825748af512c8bac2440268b374e22dcec49657c8783d82,0b8ec39cf90649f5,106.69268176020408
Train/Sarampion/Sarampion (85).jpg,Train/Sarampion/Sarampion (85).jpg,4798,8f6af1dc718912d67f615699f96f86227adac2ff0f4b25fc7f357ab55e751dee,Train,Sarampion,True,259,194,046629b9e01fb2faf830307107f95be636e587aba49160c4214a0cef76a8f1b2,47f97c0d01e1e0ed,116.31928909763961
Train/Sarampion/Sarampion (85).png,Train/Sarampion/Sarampion (85).png,83355,15f649e6e374ac05512129200a12b1fa6eb1409476954a1424a70d4fdf7b3344,Train,Sarampion,True,224,224,24eea1c23927ccd7a2ca9d34d636404b8c243edbb8f05c8772c4c8497c1a3ab1,a95472b9e61e0ce3,88.38484534438776
Train/Sarampion/Sarampion (86).jpg,Train/Sarampion/Sarampion (86).jpg,6850,96f581f98f7961227224d2f674529487c026c961cb20168fc9dcfa0a18c25d8c,Train,Sarampion,True,304,166,c793350c8403441c6b7bcde7b9ea2347e4a25c5f8435936cee87150025794338,71643866ce5a4f8b,164.2385066582118
Train/Sarampion/Sarampion (86).png,Train/Sarampion/Sarampion (86).png,75969,1ee6977aa163c01dd52e34ae40725310bfc6b70b02af9fb72f4f1d7b50fafad9,Train,Sarampion,True,224,224,91bfb908eee64100506ab20dc2b1ccef1a8bcf07a06e4c37ad85392f4ce4be89,8e81ac555cdfe0a3,126.09845344387755
Train/Sarampion/Sarampion (87).jpg,Train/Sarampion/Sarampion (87).jpg,5033,b6428a3fa0605dea03602a5feb9cdb127ad6ef4738bfcd8df592512976447b20,Train,Sarampion,True,294,172,464cc142bff7e8b380a4908bd3eb540aa66ade9d63cb2ad09adc63437e10dcc7,feccfe689e484803,170.31419079259612
Train/Sarampion/Sarampion (87).png,Train/Sarampion/Sarampion (87).png,75985,747fb1681671a72dc1d0482eee415cdd14ec17225810edf69004ebdc185c0392,Train,Sarampion,True,224,224,b13aee106b0b270abba7340a436c8209787518e7ea29e9c5646694f8dc13c89a,8fc30cd81cbce43b,121.9155572385204
Train/Sarampion/Sarampion (88).jpg,Train/Sarampion/Sarampion (88).jpg,4769,aba6ba8c76dd63491d652706feb35ad6aa5e7feda6fb8a4190b2d8f79524476c,Train,Sarampion,True,310,163,e6be7dffe8a380038ee9e1a146fd4b8e1ffee0f5df9330c1ab619a11eefbbb62,faeefe589e484003,165.44971304175738
Train/Sarampion/Sarampion (88).png,Train/Sarampion/Sarampion (88).png,89255,34c13523c565dfcbd09e3e82c28d64fde84fcbbe580927206c6c5493c34b924c,Train,Sarampion,True,224,224,3bfdb19b3d1ef378b090f1d95c1d6b562cfc2576154675ca2f0b572cf73bd25f,f398e6405f80caf5,132.6222297512755
Train/Sarampion/Sarampion (89).jpg,Train/Sarampion/Sarampion (89).jpg,5105,d8ba3177893ace7abbcbe1d3e44b870b93d425dce835c26377267b804eb8d5ce,Train,Sarampion,True,263,192,a69704ce115b8be2132977353d31630a0cd5a2fb3229fd01a2c1b3c6a917b8d1,4887219fd77cc239,115.10594898605831
Train/Sarampion/Sarampion (89).png,Train/Sarampion/Sarampion (89).png,82520,4e43104db2e3cb5c6ce2a604e60dd57ba6936e9ae1601bfcf51366b715456d8b,Train,Sarampion,True,224,224,8017c8644bde4aeb29c50993675cc023c492b545f9d46e550007fe4e711e8a68,3c50d0e7e764c23d,131.63117825255102
Train/Sarampion/Sarampion (9).jpeg,Train/Sarampion/Sarampion (9).jpeg,6722,25a9f714f63691b9b625b7818c2dfe32da9ec138715fe3d3559ff615c4520dc3,Train,Sarampion,True,275,183,c0c8b8e70616428eb4b4fd544d3aed7e717f68aa34ba48f8a3f854e60eb66e13,66a6d319d3730ba1,166.27316443119722
Train/Sarampion/Sarampion (90).jpg,Train/Sarampion/Sarampion (90).jpg,5166,e88b444a89f532ca4a71dc78ae4efc5c225d69a4abebbd885035fbcee2489285,Train,Sarampion,True,249,202,bbfe36cbf53b4e0ec12b51dc29b6f5a9c1fd04fa0d41055656541dbe63f09cd4,917ee1fef4d080a1,170.78195952125333
Train/Sarampion/Sarampion (90).png,Train/Sarampion/Sarampion (90).png,85716,16c9557e648c16c724f89ee6960bfc519deeb55ca539234438f797effbb450b7,Train,Sarampion,True,224,224,3d7978fa7d009369513fe5510da553ba4722e58b929b17c1dfb1c35ff4f7a71a,13ac5b643bdc0b2b,116.37284757653062
Train/Sarampion/Sarampion (91).jpg,Train/Sarampion/Sarampion (91).jpg,3415,aee034e3b9889920eb325a6acd5b8dc1b8fd4c3487e93dd149a61518266b4de5,Train,Sarampion,True,277,182,b82284b38d06c97f22da0735b0955954a2191ce94ee771d7f851cfcbb97bd375,e425c995e8cf1e51,180.96153846153845
Train/Sarampion/Sarampion (91).png,Train/Sarampion/Sarampion (91).png,77617,86f0129b1cf0815f59d5e8073d97faa12c6c4b8903fc3c520d39bdd7f69017a8,Train,Sarampion,True,224,224,52c32b4450c61b58749be026c1b4352425fc038ec2cd9bb20f60a1121bf2f077,884ead3445f6bb83,101.86876195790816
Train/Sarampion/Sarampion (92).jpg,Train/Sarampion/Sarampion (92).jpg,3470,a1293f6ac85e472de59810dbfb45e80fee0827e70db71e6885c76f7f5f4d113f,Train,Sarampion,True,258,195,4d874b6017d37598303c23fb6e23827189150860a2b17449c8c115d85fe07f3a,ccf1cc3964c93ac9,91.11947922878156
Train/Sarampion/Sarampion (92).png,Train/Sarampion/Sarampion (92).png,71266,1cef4573bb453080cee3ca48cb2c0cc99b602b28e3d4692f29702d8cd9cc110a,Train,Sarampion,True,224,224,8aee932e3e29b25f06b7359e735dcc9dd25e6c2ff5e6a305122e72cc3af87657,d8d1099b56c48d7b,58.44325972576531
Train/Sarampion/Sarampion (93).jpg,Train/Sarampion/Sarampion (93).jpg,7308,dc62ca6c4c5711f3d52d7be4f3f1f4d86443c017d44e860d5090f384416aec10,Train,Sarampion,True,268,188,95bfdc3dd16534f4ae41d8b835c1d81231e0d7062c4bff29436999c67d04b3d2,f0d744072e2f9671,142.36325023817085
Train/Sarampion/Sarampion (93).png,Train/Sarampion/Sarampion (93).png,77968,37c0e963b818c8f29f7b97ac82321bb954fc4088f08d075681a4557fe115254e,Train,Sarampion,True,224,224,c01b266e89ab53f80ac9664a54adbcc5dd4362050afc96b56bce1605f217fe40,5a098158fcf6db31,84.55913185586735
Train/Sarampion/Sarampion (94).jpg,Train/Sarampion/Sarampion (94).jpg,5565,c95e6a4df77d6bc6a87198ca330755bc5457089db9fe5da4a0faf4e72db2ce6d,Train,Sarampion,True,272,186,058950c6cdeefb77a01df73aba6c802edd544f2f8b69d0ae72e2ba8d1d9208f1,9659dec55a56a123,107.40302814674257
Train/Sarampion/Sarampion (94).png,Train/Sarampion/Sarampion (94).png,79625,c20783aa418ddfc3a8003904a7371109085783103750155d368831f15b8604c9,Train,Sarampion,True,224,224,5bdc5c4984bf18780cf9fd94a2a2fd9285045c251a49beebbfbe2df6e2e1ac79,8bea19e679aa05a9,135.21239237882654
Train/Sarampion/Sarampion (95).jpg,Train/Sarampion/Sarampion (95).jpg,5502,4f4128e1860e99f028b664b6b08c50d9d4a455989c67abe42f373435c5aa5061,Train,Sarampion,True,194,259,11c04db2414e94c308aa394126b4cf47ddb0bf98ffe0782b3e3ed0dbddb6e8d4,0a61666aaea73379,152.50736377025038
Train/Sarampion/Sarampion (95).png,Train/Sarampion/Sarampion (95).png,74029,12cc008b7472572428b56490a17c75ed873bc7becbf51aeb8e3b83ccbf19108b,Train,Sarampion,True,224,224,b6b006180047951bb81d142b90b450aa483a82dbe3bdead3ad745c81032855ae,07c37cbc4dc2b80f,78.9926458864796
Train/Sarampion/Sarampion (96).jpg,Train/Sarampion/Sarampion (96).jpg,5392,780541c3f4d34160c6ed012692696164488391391c30c7347b581d105b46efb6,Train,Sarampion,True,258,196,6ba006d107e2b778873d8f11054b313909b05e2147f1eb7d5a1f64a261e91a3a,140415a63fbf4fb1,126.59774956494226
Train/Sarampion/Sarampion (96).png,Train/Sarampion/Sarampion (96).png,80733,a29ca2874723e68be45db86c41d0cfa40551f610f2157fc27dfaa2c8f2661234,Train,Sarampion,True,224,224,aa0f1547f03f34da0454dd85076a32764b97a97c285a34a8531384773908e8df,5d3c6922f5f62603,101.29956552933673
Train/Sarampion/Sarampion (97).jpg,Train/Sarampion/Sarampion (97).jpg,5557,ae4fafe5c82102e910a20c814461b45d35eeb24faa7dcc6fc70515267df55803,Train,Sarampion,True,259,194,ebca44d1c617db2528b0b1357746cb8aa8652a712b516581944b31fe69c93178,766e7d7cc4e4a009,153.8214584245512
Train/Sarampion/Sarampion (97).png,Train/Sarampion/Sarampion (97).png,104490,56c29d9815ee503e57eee0a5129e4ad66a486a18ecaed82e5f4fd377a6a8a652,Train,Sarampion,True,224,224,df245409725a4d2210382ba75d1c24aeafcc415837e035cfb4eb63dec5f35b50,c4efbf6061280d9b,122.7366868622449
Train/Sarampion/Sarampion (98).jpg,Train/Sarampion/Sarampion (98).jpg,8368,08fc7a3580ad96781772bb8322a159d1d8e4ddea2a9b1bdc89b4747acb310ff5,Train,Sarampion,True,275,183,ecb975fbdc0a255163383dbad9084c9a2332c643fea5cbfd67b6559cbef4a334,1fbc6027ce842d79,134.29303527074018
Train/Sarampion/Sarampion (98).png,Train/Sarampion/Sarampion (98).png,75640,539cd4ae0096fd3ca16b53ae46e03405fd37a2a826c4dcfc33da0e2497461e3e,Train,Sarampion,True,224,224,082489360a99f5e88d8d03112f0471401c4e97c699645fb8a568366a5b600846,547f1497ae43294b,90.8891302614796
Train/Sarampion/Sarampion (99).jpg,Train/Sarampion/Sarampion (99).jpg,5651,c803bf8ed86dfcfeea2c3815c7afa1069a5a149718ca3ee9b54c255afefe4709,Train,Sarampion,True,275,183,7d0cc22ddd347d45abdc5bca708c9603ac6b01ab290c6e033a819dd3f452911b,dcb57abc53f02103,102.59906607054148
Train/Sarampion/Sarampion (99).png,Train/Sarampion/Sarampion (99).png,98167,ebee21a329a3b5f06bbc87c9a481187324f6a2de00a903853e7dc789e207f94c,Train,Sarampion,True,224,224,5bc2120b9f97c9a79d28a0199c70441726d109ae7e913f23d83d6e24812c4882,9651594eb1fc3945,138.65770487882654
Train/Sarampion/Sarampion.jpeg,Train/Sarampion/Sarampion.jpeg,64151,68b03c66fc97e862d366be521957cc3184ad6ed32e06f780fe429224707222a6,Train,Sarampion,True,800,785,04c62770ec5e11d77a894ead8799ac203d07c2bc658fc2c79c66c1ff0f454897,6dae96456a3ea819,91.71674203821657
Train/Sarampion/Sarampion.jpg,Train/Sarampion/Sarampion.jpg,117780,8de02e66e4d20fa7969f77407425356ca6be8a690b61805d3053955cb58af310,Train,Sarampion,True,1280,960,4662d186e4f525590c84e7da1d8b83a1f46257f6c52f49cba008ebfcec66379d,b72a522e568e2dd1,163.800263671875
Train/Sarampion/Sarampion.png,Train/Sarampion/Sarampion.png,391538,c2f7b43ca7234b9004f85b74769364ab64cda7c0e58bece0eca57368d8aae32b,Train,Sarampion,True,670,406,ac76b6855c7b36d4a661c5fb84227e28501474d5e847e7245be2bd2c235cc0e0,5bb50bd2782d1743,115.2714947430336
Train/Varicela/2024-06-25_20-58-06_2640.png,Train/Varicela/2024-06-25_20-58-06_2640.png,1196234,4bbde675cd67dc37c8b4f56865b9030664dc98c5767d46e3f0fcaf0c9d09b56d,Train,Varicela,True,1152,896,9e6ae139e62ba89a4aced24a50095a9c8097263d9ff73607c2270a4ba7ea414f,c0878f8f2f3425cb,125.70737227182539
Train/Varicela/2024-06-25_21-30-59_7969.png,Train/Varicela/2024-06-25_21-30-59_7969.png,1177753,47b7310f5bb15705db227e02911cce63d1686666718e76244d1e117787b20a19,Train,Varicela,True,896,1152,cf7f500874c92711299d42c8c2351aaef48aa220ed3ee54b94ca25fca2737136,f427c79452766583,156.62494865296378
Train/Varicela/2024-06-25_21-31-21_6606.png,Train/Varicela/2024-06-25_21-31-21_6606.png,1202187,0427ad5ed63571691bef01faaa6acaedf1a07161eb7d63ed24be2c0470cdb4fb,Train,Varicela,True,896,1152,7f1c813f77eb1485c094009517255126593dfc8e61da55d8f8dec59402d804a1,2876e78c5216778b,135.86116536458334
Train/Varicela/2024-06-25_21-31-46_9293.png,Train/Varicela/2024-06-25_21-31-46_9293.png,1154687,8016b46bfdc7b4324f09040492e944fe2f5020e6fa2f54be6965112750d5246f,Train,Varicela,True,896,1152,082c62e3dec4120209fd43a36f3bdaf3e5335391439145bba4460d51f77e3940,88aa6aea7a9e5529,127.74820963541667
Train/Varicela/2024-06-25_21-32-13_9390.png,Train/Varicela/2024-06-25_21-32-13_9390.png,1145968,08b7765e377a426d4128285428deceac01d0abad981fa8c2a4496c6e5d7b5e9b,Train,Varicela,True,896,1152,3a6e861aae6ad508ca71d66daaab8a6b007dba8ca8973e31cd5cf4f312282554,0b96ad1f9e14dd09,155.47371806795636
Train/Varicela/2024-06-25_21-32-59_3164.png,Train/Varicela/2024-06-25_21-32-59_3164.png,1172917,aff625df265b9acce7a1bb3e7ee378e19d59a048d6198ee570d6413c7d8db90c,Train,Varicela,True,896,1152,e9333b76891871f4e237feb35a58139aa6bf0cc1d4e1d576b3c5fe54d0c3a819,7ad2e24a52a2ed63,142.53163074311755
Train/Varicela/2024-06-25_21-33-23_2075.png,Train/Varicela/2024-06-25_21-33-23_2075.png,1247901,59920addc2fbac2c219c0fbb8986064c8a2fb5039751b43160096d037a418cdb,Train,Varicela,True,896,1152,e29cbf1b6e892db7e1366b84b6087d9f995cdd0e3ae9e58521e7696e8a6503fb,ae60e68e1256e59b,143.41876414465526
Train/Varicela/2024-06-25_21-33-47_7689.png,Train/Varicela/2024-06-25_21-33-47_7689.png,1203561,575f8a824df42ba413a44b8afe625fc8d6d33b4e4844dcb8c505cadf3c18059e,Train,Varicela,True,896,1152,b084127685bf97d8bf7a33212c30ef7db2d811de377a3736bac3839d977cc33c,12163656a5ed6b93,157.64513288225447
Train/Varicela/2024-06-25_21-34-14_6309.png,Train/Varicela/2024-06-25_21-34-14_6309.png,1223867,cb08b8d11f80e523cb1ed272d617bd194832701940002328a30974c1ee12f734,Train,Varicela,True,896,1152,5657a9bac49b29142a137d839f7d7ca1c93cb4c2bfcc54cd6deedae7aba2e2b8,42d4d0f4a3addd0b,143.73106650700646
Train/Varicela/2024-06-25_21-34-38_6327.png,Train/Varicela/2024-06-25_21-34-38_6327.png,1191999,efff304bb6de51c1591f93803ff7fdc8819513f9377b7b3740fca5e83d67623c,Train,Varicela,True,896,1152,a9ff5446b81dbb7770b731057610bd50f3c1728cec1e85e3b224f1076926b415,322762d65474b5cb,149.84099372984872
Train/Varicela/2024-06-25_21-34-59_8825.png,Train/Varicela/2024-06-25_21-34-59_8825.png,1252795,68c24ae27889168bc008b6e394f7a72e31c5a3c563cffcacb6b4e434785dbecf,Train,Varicela,True,896,1152,dfbf248f8372cf37616c2a99c5eaf4dc65fa5f0839980e10fda08670d0edb1fc,ac9a4d20f8fccf21,140.81503247457837
Train/Varicela/2024-06-25_21-36-05_2508.png,Train/Varicela/2024-06-25_21-36-05_2508.png,1261442,07d66e808adde965c549ebf7b7331dc8357c5b65d3a9a7534576ab54b25287e5,Train,Varicela,True,896,1152,80c7938dab97ee7e1881231a7cd85e36269355b4312792b6cdf064eef0867ba0,b106c3f81ecadb61,143.62474132719495
Train/Varicela/2024-06-25_21-36-27_3809.png,Train/Varicela/2024-06-25_21-36-27_3809.png,1202820,57fafbbf524c598c9a2c1b55c2463636cfc2ea478c704f3aa93a0cbe8d810f09,Train,Varicela,True,896,1152,e0d6fbea9f397cf890da4584367343e85cdb79bd2a1e30c5aed9272ba6fe3a75,a29c2526e8ecff21,153.28776138547866
Train/Varicela/2024-06-25_21-37-59_4761.png,Train/Varicela/2024-06-25_21-37-59_4761.png,1107292,3031c18951ec61ddead8a7d23d4b9fd8132c74b0d2b356974f1f7a46cae3e970,Train,Varicela,True,896,1152,4b4da7a84bd6229765c0ec54b93573b720e162973f3ca18c78ccf92cae48a765,204c53b664f1fb53,154.22673979259673
Train/Varicela/2024-06-25_21-38-42_1894.png,Train/Varicela/2024-06-25_21-38-42_1894.png,1148048,59b9d23b3a5b9749c4dceff411ffeacb74b97a63d444b7d97b367c1bc68aacfa,Train,Varicela,True,896,1152,cf31d6f9407b7eb1cebebd2296b74105ca6b73df93017daa1fdf4a8fb741c5e2,f072a2aa7276658b,142.52122763981896
Train/Varicela/2024-06-25_21-39-26_8196.png,Train/Varicela/2024-06-25_21-39-26_8196.png,1129999,9f5079466c9f11ef29f427e7ffd8244b559f972d8bf19383249278f19f28f1bc,Train,Varicela,True,896,1152,3da8d62831fed6b367ea7bb3bad8c8fdb04ab0f478578842be812a15098cafa8,9827946786763787,162.51349555121527
Train/Varicela/2024-06-25_21-40-43_8904.png,Train/Varicela/2024-06-25_21-40-43_8904.png,1203066,3efd5484584e6517da8e76890a6d4000280e10ef33c0f7b338940b19a8841c4f,Train,Varicela,True,896,1152,f95736f79b69161e78c7799fba28be68ee1270f994faf1fe70fee89864b03cd0,2f20e28eea54e5ab,152.2733163984995
Train/Varicela/2024-06-25_21-41-36_4208.png,Train/Varicela/2024-06-25_21-41-36_4208.png,1234931,d82e884e00e879e464be6c813fe257605cd3ea20ab4e6ff9fa15cb877a3752e5,Train,Varicela,True,896,1152,1d9c688c2b6a260bd392afe3fc97a80344c6942948a90914c2cd5f5e6fa509fb,184d34e8f8de9f21,148.7615995861235
Train/Varicela/2024-06-25_21-42-00_2502.png,Train/Varicela/2024-06-25_21-42-00_2502.png,1208786,35c858392fcf1836fa05b706acd5aeeab9a1d230a199021001ccd468b0562ae2,Train,Varicela,True,896,1152,eb5338ae7d8d73c2dee020634344fba1d91a5aa8106e3be2ec200ce218269879,61ce70d091bfad43,150.03862944103423
Train/Varicela/2024-06-25_21-42-21_5589.png,Train/Varicela/2024-06-25_21-42-21_5589.png,1235523,25f2b1808a3a955164edd98c9d573333ac11af8f8abfdca84253d97243bddf41,Train,Varicela,True,896,1152,2d4b764fa3c1c185b0815306397fc5db0739fef011c22e9f49aef75b0ebc2c4a,725e195c9957d321,139.37418135385664
Train/Varicela/2024-06-25_22-11-29_4631.png,Train/Varicela/2024-06-25_22-11-29_4631.png,1174682,ba62cee218eede2cdf84de36adfac92053bbe9f83782e8bc6d379dadd02af74d,Train,Varicela,True,896,1152,94c600122d0ac1571e39d8d1aec82d9adb5b37665f539de42830262be40e723d,14cd2646f8dddd21,146.7687019469246
Train/Varicela/2024-06-25_22-12-18_9867.png,Train/Varicela/2024-06-25_22-12-18_9867.png,1087812,0aced6e3047b8b1b77e4771c0821d6ac4868bfda437ba3bacbaa1d8849bd9a10,Train,Varicela,True,896,1152,78fcefd73b05f2e14fff4f61a4ea2b9cb0984e6377666392840d502d72d12c9d,e8a0e4f86ce6c32d,150.07454427083334
Train/Varicela/2024-06-25_22-14-22_1849.png,Train/Varicela/2024-06-25_22-14-22_1849.png,1278208,faf35902687d9fbd98d9589479b21c3ddb5f1dcc6625a2e4bd6dbfab278fe0b6,Train,Varicela,True,896,1152,f774eec61ff50c61d34d8ef0f1c51ed4079e51f3e01daec602c139e82c97ed30,d2d821b6fe4e03b1,120.87242005363343
Train/Varicela/2024-06-25_22-20-24_8033.png,Train/Varicela/2024-06-25_22-20-24_8033.png,1272060,540c9a50e25ad41f16cfb328187fe2647bb995861c66e3d2d9d7d830fad06ef1,Train,Varicela,True,896,1152,b6035761b7288ec31c5095274134abf9d40debda3a4182a1cd73ad6dc0e73048,c983983f06fe8707,86.57735866970486
Train/Varicela/2024-06-25_22-31-04_9853.png,Train/Varicela/2024-06-25_22-31-04_9853.png,1078884,f04f6c25b9649c1c2da5f00894d90fe534cc310c93d444609ba0e0c9316a47d4,Train,Varicela,True,896,1152,40756cedbb8ec47badab88595dd0c77708e6ff13bfd12fc28e1dc289481cb570,6c8c480cf2fc6fb1,152.2246287512401
Train/Varicela/2024-06-25_22-33-28_7859.png,Train/Varicela/2024-06-25_22-33-28_7859.png,1149539,fc7bf9cb17f05009f3b67ae094a14b35fe200d5b41f932df4251e7184fa6ef54,Train,Varicela,True,896,1152,6395ea98e21b3010ccbc86845acaffd3d42c1f6b4d45035295efd579e9235a9a,72f67a565250748b,141.219724624876
Train/Varicela/2024-06-25_22-36-19_9409.png,Train/Varicela/2024-06-25_22-36-19_9409.png,1096840,ecb9f9207a72d3bce35913402a1eae5768094d3252743b904cb9fc712bb8a9b1,Train,Varicela,True,896,1152,14ce4d70ea618d00f0bd5f1c7680047af682debc7446030587bceb0fb2a4d78c,13e6c9d05678fc43,140.11626131572422
Train/Varicela/2024-06-25_22-37-53_9106.png,Train/Varicela/2024-06-25_22-37-53_9106.png,1081619,0a8b9c59491145bcfaf1821716c6ee42c31436837e571c350e4c4a6205c6dafb,Train,Varicela,True,896,1152,d9b7f021fe48da262b98f50e2b5ac9af88f5e33f21fd3e7cad6d7f7be28f2c19,67a416c74c5623cf,144.03689332992312
Train/Varicela/2024-06-25_22-46-30_4040.png,Train/Varicela/2024-06-25_22-46-30_4040.png,1053565,edc13fe1dba0c3f1c3f818173160738b6eb096d53210ac36ac507031027fded6,Train,Varicela,True,896,1152,ec2ab18a76404e9001e910646e30003eecc57e2e9ade323f35c3f20fb7330dba,fdc01f3c7202be13,163.90828934926836
Train/Varicela/2024-06-25_22-46-52_2920.png,Train/Varicela/2024-06-25_22-46-52_2920.png,1011477,ae461f3495630a8af89e95bc979abd88602ff5553dc0de776904d260a017566a,Train,Varicela,True,896,1152,d9e8d9f86220eacc4bce502ac0af50b3e227c2575310164951d85e8a89493bb9,cbe09c060976fbb1,161.15125868055554
Train/Varicela/2024-06-25_22-51-15_4515.png,Train/Varicela/2024-06-25_22-51-15_4515.png,1298597,81a9b81afc773aaefaede25e2e6b76879b1cc108e3f08cf58848edd1b5537e4d,Train,Varicela,True,896,1152,362bf50afed367ab1f92c9af36e301c8c5694840c18d072d1b219ef1b552312a,c924f9f455d85e03,128.51699683779762
Train/Varicela/2024-06-25_22-51-36_2788.png,Train/Varicela/2024-06-25_22-51-36_2788.png,1362598,c85c8d1cf8de2b659b0c344e2c6fab6c656a1cb4c8cf464106d63dae0fd991a1,Train,Varicela,True,896,1152,f8b9335e4b04cba32f86be122bbf21f0d9d35dedc173f055054b8682ca15982b,de3acd529ace4341,123.55643233041914
Train/Varicela/2024-06-25_22-52-04_6072.png,Train/Varicela/2024-06-25_22-52-04_6072.png,1299972,db8230339739de03fe2285e6fa06ac42caeaf26ac24c834a570b7ed8fc41a044,Train,Varicela,True,896,1152,76b74f30b1379d951779f5204742a4aaf661042a083c6713c1e297dff83d405a,5e1872fcecc490ab,116.33740815662202
Train/Varicela/2024-06-25_22-56-41_5614.png,Train/Varicela/2024-06-25_22-56-41_5614.png,1343134,df40acc36b57cb1defd087b0dc7f049acf9b40319ddda543b837c979a824176f,Train,Varicela,True,896,1152,c0e5a87bed4c036b7307cc59e226dc8a37656431148b171a23f2ffdcd3516eae,9825327bf88ed721,127.08714367094494
Train/Varicela/2024-06-25_22-57-04_9288.png,Train/Varicela/2024-06-25_22-57-04_9288.png,1157470,d17137e310b583c91cf5dc16b091b37435c02d316876dccf6b27528397078f0e,Train,Varicela,True,896,1152,7add1c789fbe999e0b7126b4864df778f12e57f4a9f4c7c24f9cd8d59ac4eb6e,7f56864c56c4d50b,124.4141119094122
Train/Varicela/2024-06-25_22-59-03_3240.png,Train/Varicela/2024-06-25_22-59-03_3240.png,1095120,78e975d3c3674d4655e76d80923773639f4ec3f2e39e517d29acefb8fa28c14f,Train,Varicela,True,896,1152,99e374c7ae419f9a4d429490b902b484be2a6a0bcb444e9603bb5e99723766d6,e171303c5c6e7e19,133.89179338727678
Train/Varicela/2024-06-25_23-00-15_9266.png,Train/Varicela/2024-06-25_23-00-15_9266.png,1290840,0b1930958abc9a2a744aa0212b36d2a97136fc8ba1f2074bbcfc67cfbae9bd78,Train,Varicela,True,896,1152,8796409ce334382bdf1360d622f8b0816e999bfbd14f409c659868748fbc30ae,825a0d22f8fcdf31,135.5320860847594
Train/Varicela/2024-06-25_23-05-29_7467.png,Train/Varicela/2024-06-25_23-05-29_7467.png,1347283,a70e510038d02ad1e4e3c4d86d878eb8968b529b2e2ae8fc29f6eeb99348bf8e,Train,Varicela,True,896,1152,54ba1b0bec4757240b098302c3d915fce79e6db7efb89472e71544143b016170,3a12cbf8d074758b,146.42958189949158
Train/Varicela/2024-06-25_23-05-52_8893.png,Train/Varicela/2024-06-25_23-05-52_8893.png,1293391,a7e7f9c3428bccb0e872553b809cb84ba187700bc68334ee95c00a7589c9a832,Train,Varicela,True,896,1152,c1414501cc7885207a35947d080b89a5fa4a7c95f564803114739eb9e6acd973,a738b38e4872758b,142.34001619853672
Train/Varicela/2024-06-25_23-11-27_2933.png,Train/Varicela/2024-06-25_23-11-27_2933.png,1149700,f2a8b91dbe3509ac0c73ae65e0d182e9075fa02e5647b3ff62f691ecb2b39ad7,Train,Varicela,True,896,1152,1ee8f1270101d89fda4ddcc547bf3a833d02df8588fcdfc10158b7212b4668ea,d65f0f2f21949391,147.6503431532118
Train/Varicela/2024-06-25_23-15-58_7774.png,Train/Varicela/2024-06-25_23-15-58_7774.png,1362195,f40b4bbabbef1ee0bdc9773afdb783604815039f1917107ee1ac19321568c0d5,Train,Varicela,True,896,1152,08b317073e558f99d421efc393c337b6db238e271859467d0287fa23c9d48e5e,fc077806d87e0f61,137.45059736948164
Train/Varicela/2024-06-25_23-21-03_1368.png,Train/Varicela/2024-06-25_23-21-03_1368.png,1172460,98dd3a38d65b0709a75361abd97e3acd59a10491fe770f170c92a417a1cc6fd9,Train,Varicela,True,896,1152,141180bd80ad4e2c737f85f34fb32b00c67a43a38bdd12a807ca2747d59b71c7,e67c3cbc16d0ab09,147.69085596478175
Train/Varicela/2024-06-25_23-25-43_5693.png,Train/Varicela/2024-06-25_23-25-43_5693.png,1245232,b3554edc6dbf069b747eb5739e2ae72c43750d1b9aa32b42e689890b0014e9a6,Train,Varicela,True,896,1152,5ea5d222a03723741053913cfd257c00aa67b32b2b63aa6aa5524bcacb3b1b8a,bcb4b0f0d0dad361,137.83506750682042
Train/Varicela/2024-06-25_23-25-51_6387.png,Train/Varicela/2024-06-25_23-25-51_6387.png,1241566,e2a2ff118e677cfc1d667218436e0af60b7528fb748fde459cd69e208777e7a9,Train,Varicela,True,896,1152,ed8bac114ae3a54f9447c854fee67c7b27452a1967d8ec5bcfb5005c27906dd3,faf2c2c2c242e33b,132.9334493970114
Train/Varicela/2024-06-25_23-26-55_5054.png,Train/Varicela/2024-06-25_23-26-55_5054.png,1237337,3efa42306420dac9e2f31b6708ba5888c0793ba1d4a8c939cfb63a950ee387e4,Train,Varicela,True,896,1152,4aa55ae464ad2adfc0a7e23e5c327c20fab9550e29fc6a604b361a121ddf285f,727272e2e2e27389,137.79578896174354
Train/Varicela/2024-06-25_23-27-04_9434.png,Train/Varicela/2024-06-25_23-27-04_9434.png,1178792,35694987811cfb612bccf27248d36e06e3455a85ee4945c9427ddb0d3b86f22f,Train,Varicela,True,896,1152,25bb5649f61ca812bb874ff8ec8046e9c86b24c486d52e05956e0c0ee466062b,dc9cba5e1a1a1365,135.37030998108878
Train/Varicela/2024-06-25_23-28-19_8482.png,Train/Varicela/2024-06-25_23-28-19_8482.png,1341552,38896b56a202907634757e58ee9dda3ed7b7196d68720492ef7acfa576869185,Train,Varicela,True,896,1152,a8438cdfe89627869082e88063747200dcdd1af74b08e553a86893b102372380,b0f4b070f0b275cb,143.40545848059276
Train/Varicela/2024-06-25_23-28-38_3798.png,Train/Varicela/2024-06-25_23-28-38_3798.png,1279529,6efd9c592ef28dc6faa1009cd2c02800fb6fd806244ff66ee09cf998cba07a33,Train,Varicela,True,896,1152,2c23771760e32e53e6eb461896911f4e9aa9df7068f638b2abdc77ea13ee5ccb,5a6a2ce4449e1fcd,136.23250616164435
Train/Varicela/2024-06-25_23-28-53_7661.png,Train/Varicela/2024-06-25_23-28-53_7661.png,1293520,5e6328bdb38c1a27caefbe258eac62872b4a6af2e121f97ad4237c2aead1fbff,Train,Varicela,True,896,1152,77ff0699b06d3c34b89f86bd9a0618a3849fb4b63c23e4022f4471ef0caf5c81,7c38f838b8a8e98b,148.65528796968005
Train/Varicela/2024-06-25_23-29-06_9974.png,Train/Varicela/2024-06-25_23-29-06_9974.png,1336114,0e04f75a8414bc9985c5b69f640ee4662794158a29a0cf7f34f0df7990f64a48,Train,Varicela,True,896,1152,da6d3021b58a46995f75f84abd91c6d7c967e9b1e19b319dba5af73cbbcf782e,fae8ea88ea1a8175,136.55380588107639
Train/Varicela/2024-06-25_23-29-23_8925.png,Train/Varicela/2024-06-25_23-29-23_8925.png,1202434,90cd3ed6723fed71517e63f9899b68bed621a5a218c23387e019f1c974c2ded1,Train,Varicela,True,896,1152,8d84b8c82fe975ea6a1f35d4ac8b51ec344a5804e41cc9f1183f9f27acf604f6,6e6d27524b4da839,122.34725806826637
Train/Varicela/2024-06-25_23-29-36_4640.png,Train/Varicela/2024-06-25_23-29-36_4640.png,1208638,6085857ed304e404e8497f3a22376fa1e1999c748b2ecce2ffd98e17db5dea74,Train,Varicela,True,896,1152,d902b330afc5d2e2b50c9432daa777a48df8a1281dc9c08e21090d69c0b4e893,adad8d849af2138d,153.17616489955358
Train/Varicela/2024-06-25_23-38-21_2324.png,Train/Varicela/2024-06-25_23-38-21_2324.png,1299413,cd9ec8bf08317634611a836cbbf078ca306c2519deacb0367826c879f9b9a51e,Train,Varicela,True,896,1152,4833c5e92714fbc0070f15fc299571dabcdc5c91519af20c518fad4049f257c8,2a257626c66eafc1,139.6130128890749
Train/Varicela/2024-06-25_23-39-12_8419.png,Train/Varicela/2024-06-25_23-39-12_8419.png,1292549,da1b410ef7d82e033c5f24ae663b5980234f30612cbd6284245ccf8716db9c90,Train,Varicela,True,896,1152,911f1034dcca20d39c241765740f69819d7908ba7bce39fd110ebddeae8fed9c,6dad5574963a1aa1,138.65391903831846
Train/Varicela/2024-06-25_23-42-05_6670.png,Train/Varicela/2024-06-25_23-42-05_6670.png,1215121,87f8fe2928c900b5689c7483ee017a4db6c5f7129f9cc12373b2a3331599e5ed,Train,Varicela,True,896,1152,68c91e31720791da6eae74360131b68e081645d36125bf90ddd24b996077cb8c,4f88b8b3d7564a0b,139.70734320746527
Train/Varicela/2024-06-25_23-45-27_2202.png,Train/Varicela/2024-06-25_23-45-27_2202.png,1266728,937ee1e1922e89c7e87113a9b4c182da093542e1edb5d8fc3a11e79cb53b108f,Train,Varicela,True,896,1152,a3eff8a45ef6606f7e8090b71c1980f1dc4ced55722bd527c1f902f97bb9646d,f6f4949c8c2c24af,144.83962867373512
Train/Varicela/2024-06-25_23-47-38_4480.png,Train/Varicela/2024-06-25_23-47-38_4480.png,1248456,c7afb9c5c4b6ac68a1dd964b25994461ad3e3067e712f589f1a963031abf511d,Train,Varicela,True,896,1152,d7d1fc113f61b2ce432a6fbff81d45ad2bfbc346d451a44367e37bb15cf69195,307267e68c96169f,138.42882138206846
Train/Varicela/2024-06-25_23-51-14_8933.png,Train/Varicela/2024-06-25_23-51-14_8933.png,1263482,74c050756efc67abe0184c375ffdcd8ad3117cd42ee74cb10c4e69508ae1af60,Train,Varicela,True,896,1152,662c6be7197bb8f201696c7632b51d69561783ec23650ad4759f9951f3acacca,5e666c64268e1fa5,149.56734018477184
Train/Varicela/2024-06-25_23-55-47_1149.png,Train/Varicela/2024-06-25_23-55-47_1149.png,1245591,65f1203fdfdcb77ee6d24cf6497dca54529b124563ce068828fda3015cac33f5,Train,Varicela,True,896,1152,8817c5db35dca4a8249e20050ebc0c87f89761c779ba8b0f446bc9c737c9bb60,f0a4a60666e6678f,138.44177730499752
Train/Varicela/2024-06-26_00-04-55_9211.png,Train/Varicela/2024-06-26_00-04-55_9211.png,1164961,9d73da11fd68f4f228f2b1ff15a38900f5b4c60cb3d1efcd23125e8c2dc61eba,Train,Varicela,True,896,1152,aedb735bdb7d9ab0fa75f1f2a2fcbb8d99b057d5910e59fd3829f6371efb79cc,f19cde9c2c94250f,146.39546421595983
Train/Varicela/2024-06-26_00-12-13_1837.png,Train/Varicela/2024-06-26_00-12-13_1837.png,1342792,5f5065826d9dba0015e0b51405c521ab1440bb8efa7412b4caf8dcbcf4d81165,Train,Varicela,True,896,1152,6ad0cd2c26ab566e86f1c6b51f8b8313095563e1749f8fe5f3fff9dbe17af09a,d5dfdf8ad8088831,129.84110029916914
Train/Varicela/2024-06-26_00-15-36_6738.png,Train/Varicela/2024-06-26_00-15-36_6738.png,1261222,e392411e95ec9ff4ee2a4615ba0ddeb32bd0a0ad38ecd3e95d75202631faa20f,Train,Varicela,True,896,1152,dd7b86ed90c83406d81708cb394e2ee436a678d8167f7d3209e0b92e75706de9,1a6f4464a47cdda5,130.23298863002233
Train/Varicela/2024-06-26_20-52-52_2698.png,Train/Varicela/2024-06-26_20-52-52_2698.png,1224865,958ce9d116d4219dba59147eedbd5518aea1e1cd07eb92a81db1f09610988245,Train,Varicela,True,896,1152,79b49bb3c09a724d39a0fa0dfcf504d701f7ff85b95737b6c7926a53ed964f39,c40cd3d3f30e0bab,134.90550207713292
Train/Varicela/2024-06-26_20-54-16_3668.png,Train/Varicela/2024-06-26_20-54-16_3668.png,1190165,7da549028ede2334cf5e1576846c8900438f6d777466fe0abc43eaa112740f20,Train,Varicela,True,896,1152,55c4cf5335b25b696f99595fb9a46f8e44095c43f20a758c2c8ea9b01837b3e4,0e411c54ab43afef,144.88342866443452
Train/Varicela/2024-06-26_20-58-35_8287.png,Train/Varicela/2024-06-26_20-58-35_8287.png,1269465,4bcd1318a38d07b5bc3ff7b76dfdd7de075c22f47a4a51bae8d3ccd6f6dc06ae,Train,Varicela,True,896,1152,fb46fe04afdeb6671c192d936a6e90d00309d22309b82808d2b83b3052db0f9a,eb5589a7899a312b,131.0504353841146
Train/Varicela/2024-06-26_21-00-58_9801.png,Train/Varicela/2024-06-26_21-00-58_9801.png,1278175,8c43a0611c560aaf74c2208665694a867cd9aec5711a3b482cb5d942f8c0ae0f,Train,Varicela,True,896,1152,a39ea3d0c14fad5e7925ed6907ef957cfa61897e9102be2908c382e6e4b80b7d,09e3720cabf9f80d,124.59065464564732
Train/Varicela/2024-06-26_21-03-51_2168.png,Train/Varicela/2024-06-26_21-03-51_2168.png,1201396,43f6ffed7f7ae134fb4086542b697457cfa3707befbdb3a8e7eebd1b53a4de3d,Train,Varicela,True,896,1152,6d90fbba848671449b9b32abbdc7dc3bb3243d9e6e2185a9b21e0d681828a055,d0f4abed0b32b381,132.37887040395586
Train/Varicela/2024-06-26_21-04-36_4100.png,Train/Varicela/2024-06-26_21-04-36_4100.png,1238502,409aeb0fc55997f01277f39171724ca310b012ba86b0ba8b31f964fbc9cbb413,Train,Varicela,True,896,1152,849fc7469c730d244f79efeadfe5d15ef07a408bf86fcabdbe51f15d40a2913b,7c3607a6725625cb,154.527586921813
Train/Varicela/2024-06-26_21-05-22_3450.png,Train/Varicela/2024-06-26_21-05-22_3450.png,1159763,c39bbeeb029e2cf0899ac5fce01890b755a18897817c26816a1e97ccd20891f5,Train,Varicela,True,896,1152,60458c8724d91fbedb6b57dc5e5b7949c6f96609e422fc065c379a22ff085521,d020b64f07aecfa9,137.35584271143352
Train/Varicela/2024-06-26_21-06-29_5345.png,Train/Varicela/2024-06-26_21-06-29_5345.png,1170591,101108612a991e8fddedabcfa55afd22fb1f97469e44b66d4d0be387b4244768,Train,Varicela,True,896,1152,f43504af05304e6027c83bc302fed3306c62aa0e6b6c97e45b2ce26c9339e055,2173df07829a9f29,139.85004340277777
Train/Varicela/2024-06-26_21-06-51_7094.png,Train/Varicela/2024-06-26_21-06-51_7094.png,1129297,048157c6b54e44bb9101f80f2f1dd0d132e6444d0f84ab01e9909fc7c9d2d396,Train,Varicela,True,896,1152,350d843eb84395e304e0c663cc5fca44e408543f632591ede5ccb1f27fef8df6,cecd21b9435ace0d,128.5834001813616
Train/Varicela/2024-06-26_21-07-13_8006.png,Train/Varicela/2024-06-26_21-07-13_8006.png,1245713,24b1c247cb703165a05fd9b1bc0dc09959bf2c4954d4ccf09572c5130193b9fe,Train,Varicela,True,896,1152,5c576f3bbc6dcc1ecbbb76e576a623a2708ce38b1e6184fd3d39b90346705312,a8988d8e88fccfa9,147.73800029451886
Train/Varicela/2024-06-26_21-08-41_5316.png,Train/Varicela/2024-06-26_21-08-41_5316.png,1080312,b45fb6c854d041e26e7823f76b9d1433ba09e2804627fff960662a1cc913126d,Train,Varicela,True,896,1152,0a7fe25391d1352f1bf1922d73f1b92bd93d816b8dfd5f4802f4e365755026ce,76439a33ad643723,153.56266372922866
Train/Varicela/2024-06-26_21-09-09_4889.png,Train/Varicela/2024-06-26_21-09-09_4889.png,1244445,c11c0023803eb226b36c09dd4336b242593fcd208391797b5565fb245b4f477a,Train,Varicela,True,896,1152,e7df2fe9ca2e7c6632ba16f5f275591215136daa00115842339b93009cbba759,cbb8e28aaa66278b,137.3830798921131
Train/Varicela/2024-06-26_21-10-45_6870.png,Train/Varicela/2024-06-26_21-10-45_6870.png,1116424,07479e378ddf6f69bc2f9538c352e80c27ad47ce872181ccae6a3af894a7aac9,Train,Varicela,True,896,1152,66b47c1008235dcebb50e3accd1c381435e72fce9a61ef26f913060273bef616,838f5daf68707423,133.65508839440724
Train/Varicela/2024-06-26_21-11-09_4559.png,Train/Varicela/2024-06-26_21-11-09_4559.png,1157077,49a49622018e549a523eea383b676051a9c69d66c32a3563f91dbb038f2fd427,Train,Varicela,True,896,1152,292ad7819a31c75732a9416053ce47e8d49b04c1894e016fe27a1310bbb245f4,0f56fa2a52b85ca9,135.65243869357639
Train/Varicela/2024-06-26_21-14-28_3487.png,Train/Varicela/2024-06-26_21-14-28_3487.png,1171223,36f05107350322baffe42a1d5b37426c392cf50b3af7e71de8619675c3570db2,Train,Varicela,True,896,1152,c89a57745a7f49d45d88f099937e0c766d963a09a932df219b1eca64fc5aad7a,d6b3b0b12934253f,148.5895027281746
Train/Varicela/2024-06-26_21-15-21_2575.png,Train/Varicela/2024-06-26_21-15-21_2575.png,1181088,1541252fab0a317cb35008119446495221a7c6e743dbaac5a3b357a6810f5f87,Train,Varicela,True,896,1152,a51bb4aea74a281a4a178dd9c605aeb3e9f11d98e09f3f8b7baad831e854e5d3,92c79e31ed6074a3,141.58421882750497
Train/Varicela/2024-06-26_21-22-44_8014.png,Train/Varicela/2024-06-26_21-22-44_8014.png,1152375,d956e3b74b43cc17f7ae658520b2010d89991cb67173bd02dec49d20f6236843,Train,Varicela,True,896,1152,570ec3ded118081e8861b759f08ed4bc0d50b55a2b29ae85ce0b6ab26592fb13,fd61f0dd00d89f09,148.8098900204613
Train/Varicela/2024-06-26_21-25-10_8880.png,Train/Varicela/2024-06-26_21-25-10_8880.png,1184938,71c1a312c4d9e9af6b7bca51a87d0626e2676e23c7928c995a256adc784f374a,Train,Varicela,True,896,1152,0eb86469883ae460c6e4b08bdce33d759cf2cc69c61464b8ac7f5caa008e258a,726706ae5256659b,146.9955308702257
Train/Varicela/2024-06-26_21-25-34_7875.png,Train/Varicela/2024-06-26_21-25-34_7875.png,1304611,0994f4db961755313e77dce6dcbfa93af6c3ad92cd56657df0a4e22b1020ced1,Train,Varicela,True,896,1152,6c1459b2f39a8fa8e4b446cb3b07fb858df3dab4243ac71c9b05b5e445d5c562,65e69e27069c9f21,153.4843004014757
Train/Varicela/2024-06-26_21-28-26_2531.png,Train/Varicela/2024-06-26_21-28-26_2531.png,1156305,0345c0e663aad6b6ca5e9ace5b4d9b403ba29877f7c86e310b9db446b3966f27,Train,Varicela,True,896,1152,73f5cba7322a16baa84380122a1f660d281e00d6259979dac3ea10b39b5b3342,cd4a985de4a89f61,137.4127923874628
Train/Varicela/2024-06-26_21-28-50_5244.png,Train/Varicela/2024-06-26_21-28-50_5244.png,1136560,76076303c67a3455c6dfed97c680a3ff9381c43d3cd440037146d19e5421bca2,Train,Varicela,True,896,1152,92e449d8e2cb9a64c30bac114fc9226e6872847308b1514aa4ebf11d16793e54,fa98a88aa8f8df21,137.80047026134673
Train/Varicela/2024-06-26_21-29-43_5939.png,Train/Varicela/2024-06-26_21-29-43_5939.png,1213325,ba6255e85ae4efcb447e0431e70b01d732dd60f0136ee3dc0b2244566c8d0dd8,Train,Varicela,True,896,1152,92b592dcaf7135d4b0c32fec4ed1dbcb78a5253fb1ffe8f947b194872701f588,1735f6de4258da09,128.49370272197422
Train/Varicela/2024-06-26_21-30-07_2725.png,Train/Varicela/2024-06-26_21-30-07_2725.png,1223471,9612bbd2b1843775ef8341efa685fe66f13b3c28f6df9701a336073a71705664,Train,Varicela,True,896,1152,e2ca8aaf7f66742ca4cb06ac53840bb786191400b1eb1d4b1a827b3278d1005b,227577df070a9e09,146.429691375248
Train/Varicela/2024-06-26_21-30-30_7786.png,Train/Varicela/2024-06-26_21-30-30_7786.png,1197333,ab930133a01c719b9577569daa995395485dc714b70163af5a43fa1c023737f5,Train,Varicela,True,896,1152,14d03d6e081b0607bb30b1fa1f02f097c24e5515a3acb34ee3190ae659cb9fc8,1b4f7c74a8b074a3,136.10464235336062
Train/Varicela/2024-06-26_21-31-25_1709.png,Train/Varicela/2024-06-26_21-31-25_1709.png,1137349,81645914081f51729091f510827c1839af0feeff564661749dfcfd7982bd5de1,Train,Varicela,True,896,1152,6cd22de63d64fbfc6bf01aa0b5303e1f8e880fffb5e9e3315e448f44b9ece9a8,4e2db0c9e246ef25,143.23163229321676
Train/Varicela/2024-06-26_21-32-39_2026.png,Train/Varicela/2024-06-26_21-32-39_2026.png,1318550,f151d2564c28c93813343bdeb97fa4418c08f29e1635308e79d1f872a344f020,Train,Varicela,True,896,1152,0aa0739a3048109030338e50f3b903079e4cd06026441acb0d7b0eb15bf6c4a3,9d489ccd20fcdf21,144.09111967540923
Train/Varicela/2024-06-26_21-33-31_2267.png,Train/Varicela/2024-06-26_21-33-31_2267.png,1211683,fd631d110e1b5a34370b25b11599c32779172ed4282fb04238ca134116acc8cb,Train,Varicela,True,896,1152,f1ec39467f18d409fb7bfe41ab7dbeccf942d2440397369ad1092540c2862e3e,35664d1551bcce35,129.73021976531498
Train/Varicela/2024-06-26_21-34-18_7832.png,Train/Varicela/2024-06-26_21-34-18_7832.png,1161365,c8f8fc98c849d9ac6b5c2ce86ef93351868ea21aa4be21d35df1705a3e332626,Train,Varicela,True,896,1152,3967320250b00350f31e6eed311c33681183a1d18dcd312fe66ee487e6fdd94b,118d5cb6b872749b,140.92271592881946
Train/Varicela/2024-06-26_21-40-27_2949.png,Train/Varicela/2024-06-26_21-40-27_2949.png,1177760,424812f367c7250d8d98d363d2de2ff3d6b6f30bce0b14f5166ead9b42be1f97,Train,Varicela,True,896,1152,f3d278b00ef407923c1f1e293a21c17646d964724008da0f04b0fca5c5771487,b52197c742cade29,130.68982708643352
Train/Varicela/2024-06-26_21-41-58_5889.png,Train/Varicela/2024-06-26_21-41-58_5889.png,1245227,7078eab3cab9a1129a4995ae37fd742490a8dc075e51a1bcff86903ad26a8ff7,Train,Varicela,True,896,1152,96a77826b3bbc4c0590d2f4cbac70894b7e13c887ad27cfe16f2b2b5b29a6d31,b8b282a65236f78b,141.5386778816344
Train/Varicela/2024-06-26_21-42-24_5384.png,Train/Varicela/2024-06-26_21-42-24_5384.png,1079455,ee0867dd10ac35117e04e0ef5eaa9497c064c09aa37f9ee58be8d357cfaebff4,Train,Varicela,True,896,1152,fb0c1415e559d2af30633ecaf7c49967543e197297a226b852d1e8d9d25013db,f474d2da528ada29,131.40067642454116
Train/Varicela/2024-06-26_21-43-52_2834.png,Train/Varicela/2024-06-26_21-43-52_2834.png,1052853,e4577b1635bd8179017a435c4db456c158c70a8530412fd641f32b98dd2669af,Train,Varicela,True,896,1152,69c94b9ce6b2713914aa4110aaeac6519367ac223910f68b53aea69f5ef3bdf1,5862c7e27c309f8d,153.04177808004712
Train/Varicela/2024-06-26_21-47-08_5752.png,Train/Varicela/2024-06-26_21-47-08_5752.png,1156173,f309e774a4829c4467b9da7b7004f4790661598832d691929b8a94a3bbe5ef66,Train,Varicela,True,896,1152,617854d117e1bf4dbac2a13dd2fa29e8d4bd56fe2fd544b8110df3039cac8d97,2132db07c28ecfad,134.50453404017858
Train/Varicela/2024-06-26_21-47-34_1642.png,Train/Varicela/2024-06-26_21-47-34_1642.png,1062106,30e27951fb27b4c2b938aa914c7b9a48556ba21e093eb6592dfc0fce2f61e244,Train,Varicela,True,896,1152,a5006b5d15650785acca200178160fb8e912988d664e4ae3964d74cce8653c0b,d55aa070ca2eaf4d,111.78287857297867
Train/Varicela/2024-06-26_21-47-56_7865.png,Train/Varicela/2024-06-26_21-47-56_7865.png,1159131,7a5238c903845d2fdac04cc9ff9dc9e0ec6c98b8f4af921b6e3d3daa911a11e0,Train,Varicela,True,896,1152,72de48e046bb2ce204374dbc0e13aa4212bc847d2236f9b6e68aea3a18ac5618,65269d4f0c5c8f2d,156.06802997891864
Train/Varicela/2024-06-26_21-48-53_4177.png,Train/Varicela/2024-06-26_21-48-53_4177.png,1180328,d1cd0d8d10af6cd8fbc95aacf0243cd529d724cfbbe71c9671e5c8e337e54b36,Train,Varicela,True,896,1152,6cb169e00ccbbd41823d256d5848eb6b45029b468bf58bc3080e8dbed4f32cde,faca8a00fa0ecfb1,131.78128100198413
Train/Varicela/2024-06-26_21-50-05_2915.png,Train/Varicela/2024-06-26_21-50-05_2915.png,1139778,b0df11ddff129c37f8424dc6186305ae03fdb1025bf25fd6f62ff5c17d7ae963,Train,Varicela,True,896,1152,850699c2d5320bc0623b534f0f4cf7af754079ac4b1fba0c5f1d3eb02489dae9,2173970780dadfa9,150.41270616319446
Train/Varicela/2024-06-26_21-50-27_6383.png,Train/Varicela/2024-06-26_21-50-27_6383.png,1121892,33ed45a7e14e160b79754caccd6a68ce01b36e253ed80f3fe6b92e5b6a7be632,Train,Varicela,True,896,1152,673596e3ef48a92116cafa082b2644e36aa1c291ccf99a309198dc5d8ff56659,fa03183dad64278f,153.93981255425348
Train/Varicela/2024-06-26_22-14-23_7795.png,Train/Varicela/2024-06-26_22-14-23_7795.png,1257880,521812333e74fbecf4f45cf1e8cb36889cf8bea6231ba221074f05aac35222fb,Train,Varicela,True,896,1152,44b8af88342d8fc64e90b41b606840c7d780e2a666d030e099c0a82d09028a87,eafaaaaa6a10bf01,132.8201410202753
Train/Varicela/2024-06-26_22-14-46_9038.png,Train/Varicela/2024-06-26_22-14-46_9038.png,1182008,0b6639db9b97f94e5ab3069ce1fe243050e2e4070e1082ab3742d19c1d14dece,Train,Varicela,True,896,1152,bddbd1429dcff3f83c976360401aa907165f2e56ec2c9c9b464728e11ed0092f,952557df4258de09,131.5999533032614
Train/Varicela/2024-06-26_22-15-08_3458.png,Train/Varicela/2024-06-26_22-15-08_3458.png,1093553,e791b1b11a0a177ab4d1a86c878013f563b7f720d287c5b160c74d4ec76d1642,Train,Varicela,True,896,1152,d0e82c1ee3d276c9cb3f320519f98ff4df201a16ceb0eab690e7b59566b089d6,1d393a0f06cecf0d,158.02096606057788
Train/Varicela/2024-06-26_22-17-57_5411.png,Train/Varicela/2024-06-26_22-17-57_5411.png,1152537,207a09e8d229bc84c28d2e5d58edf1636d856c50c1e1c5cfcdea848aefcdb035,Train,Varicela,True,896,1152,3669d1c91f46b1a4e9e8e9044c1ba03915093d45af7015b1fe0453572f8119eb,cd3c65ac2876258f,153.98281521267361
Train/Varicela/2024-06-26_22-19-02_4211.png,Train/Varicela/2024-06-26_22-19-02_4211.png,1107078,1973401080b9840de8b7fdf269589030f9914fda3ea925c1ee6d981d11e4ebed,Train,Varicela,True,896,1152,867732eb189fd114f3575fbc8f1b68cfa232a5511902d04befad6c9a0997c4b5,e9d9574a5a4824e7,137.74725632440476
Train/Varicela/2024-06-26_22-19-48_2727.png,Train/Varicela/2024-06-26_22-19-48_2727.png,1115616,a7f9cff0a5d0b8f6a93bfc83b0f637e06ad3e172434e6d9a3f1e74c6ef1aa5af,Train,Varicela,True,896,1152,e88ae56bc74d775abbd6fa843b47f93d213df6b838c5dac2a073d6154a99dd9d,66604d7955ea7623,151.9651092044891
Train/Varicela/2024-06-26_22-21-16_1772.png,Train/Varicela/2024-06-26_22-21-16_1772.png,1165608,d366f7b3dc3376895a5960635d46509ec8d7e1fcc35c251dee32011fb8de2ead,Train,Varicela,True,896,1152,14c3e82035ef9303137789bf497c758c1acb621df18c1a17d4b69f892f31bf9f,db5832f81784cf0d,144.5127205016121
Train/Varicela/2024-06-26_22-21-38_8382.png,Train/Varicela/2024-06-26_22-21-38_8382.png,1194685,f711e5beeda8ccf45081918e59ed8b69f4e19714bce37891f27d1b73db8f9c8e,Train,Varicela,True,896,1152,44e49bb98eb529e0d1caeff0d545245c512e7fec2ff8dbe6071c5ad5d96e1c5d,3766c60f06eccf21,151.99251302083334
Train/Varicela/2024-06-26_22-22-35_1947.png,Train/Varicela/2024-06-26_22-22-35_1947.png,1278597,3f1f0caadda6981e88d65b681615fcf87db7c803bab2e2a4487e831e37f976f9,Train,Varicela,True,896,1152,c0c6cdd0250d551bdaa217c5176ac3315d8b20240a498ee1bc998318db36a19e,da88a92ae8dcdf21,135.8852742513021
Train/Varicela/2024-06-26_22-22-58_8722.png,Train/Varicela/2024-06-26_22-22-58_8722.png,1073095,68e15703d7b049a8a81908b85603ab15761fff926ec844cfc65a25fef09b5d41,Train,Varicela,True,896,1152,608e416c486fab44680f0b4b0b3003526cdd2ed72330c9b942a5fe301c3c1d94,65769692929ada69,113.1896478562128
Train/Varicela/2024-06-26_22-24-16_5150.png,Train/Varicela/2024-06-26_22-24-16_5150.png,1162133,5a04a59b317eb7ac31ba08da4443ff0b7f7fbfece05a044151033cef5552da9f,Train,Varicela,True,896,1152,afb7b07d698427adafbc93fbf5b08c78953f5153482309280660a47835800052,423caf0e50dcdda9,151.85135033017113
Train/Varicela/2024-06-26_22-25-48_7311.png,Train/Varicela/2024-06-26_22-25-48_7311.png,1164166,df53a71798930b774b820f6be0ed12d108118f1502a5d628d17350a07aa084d8,Train,Varicela,True,896,1152,fab3dac819e56574c5252723e6d13f7c3102ed279ee59de7031ca1c0af2f9c02,4a486d7d4752de89,125.18446664961557
Train/Varicela/2024-06-26_22-26-31_9568.png,Train/Varicela/2024-06-26_22-26-31_9568.png,1093957,f30cf6d130eb33c81b2068a0f6bf709afa089524bb36d42740d9c49cc1819c62,Train,Varicela,True,896,1152,66953e699b26c1f89e10724b2ec784682e165e09c8c2227b14075cea8831ecc5,d62f3a3019865f8d,156.20371791294642
Train/Varicela/2024-06-26_22-45-59_3695.png,Train/Varicela/2024-06-26_22-45-59_3695.png,1365807,713b9b60f96d2b8716f8f72a9289ff1042bfabb7854f61159f49b1f7634f0bea,Train,Varicela,True,896,1152,747347834770e9d794d836831c83eda8f61540040c003b8eca0d29ec6d961a6b,54f4f490d8f89b31,126.10002015128968
Train/Varicela/2024-06-26_22-52-01_7605.png,Train/Varicela/2024-06-26_22-52-01_7605.png,1239714,e5904dbd72ca362dba3f9a36740d7dd75958cd67e4cd79736d0b8116a5e5c1e2,Train,Varicela,True,896,1152,13b8921257c13bfd12ba04c601370c840d3690cb9add318643fef409efcf07d0,fcb870f84028fda3,126.95697893415179
Train/Varicela/2024-06-26_22-52-29_3423.png,Train/Varicela/2024-06-26_22-52-29_3423.png,1311356,0a89a390f954dc97f4a1011d7adff31ef0a9f8f4092bbe4550b12fe7b629091d,Train,Varicela,True,896,1152,883aa346a7e00024ef3ad8b11afcbba97484298fda545e8fbd45fa1e70c1b74d,77b62a74ac4424f3,141.90435694134425
Train/Varicela/2024-06-26_23-08-14_4919.png,Train/Varicela/2024-06-26_23-08-14_4919.png,1174947,31b974fc328dae73ac65c051eb36f34a7150c81f12751bba157e526aaa3eeadb,Train,Varicela,True,896,1152,19f92e23313983ffd65aed334753098d7129e652d90d78e2487f416a34aefde8,0f07052cbcb8f9e5,140.45253014942958
Train/Varicela/2024-06-26_23-10-04_2229.png,Train/Varicela/2024-06-26_23-10-04_2229.png,1232934,ff53d78bd3492c5b21a5c5eab8f52cbbc12632e57c95740faee995bffab5a366,Train,Varicela,True,896,1152,21592ec9119ff5f293d95693e3e7e06e0a705e58c62c89c8f0da6a209d2a0d44,94540757fa4a9b63,152.71353004092262
Train/Varicela/2024-06-26_23-10-49_9079.png,Train/Varicela/2024-06-26_23-10-49_9079.png,1190489,c211daa102bb17d79dcb38f32e8fb2c5e0bd6745526033477d75eb1b1c6bf253,Train,Varicela,True,896,1152,d2029a706e4094084aaaf3636045020097ac9a37114d83979436792e43c11499,0e9e0e3474e4e51f,137.5315125480531
Train/Varicela/2024-06-26_23-15-54_5816.png,Train/Varicela/2024-06-26_23-15-54_5816.png,1230643,9e4532af3b7a9c447339d519ba9542ce39762d52291aca4619f9997bcaefa8fb,Train,Varicela,True,896,1152,dc9f9b37099c14b3ca477b2b381df33477f88d361258dac36e3b851f9757394a,30b496cece146d4f,143.96245465959822
Train/Varicela/2024-06-26_23-18-02_9733.png,Train/Varicela/2024-06-26_23-18-02_9733.png,1174185,0dbe8145afd348c28e9ac75566f4101272308071fcd5d8a7e39ad4863c175892,Train,Varicela,True,896,1152,2c9176b7f7056573cd27e6b1c113bc41cb6aa74fec6c1b62de81e0c3157e06b2,878757de7a700133,115.9909164186508
Train/Varicela/2024-06-26_23-19-03_2869.png,Train/Varicela/2024-06-26_23-19-03_2869.png,1199504,6e9ea6d3308000bb0c57c51efd3585d3ee1f86506c3993220e3dd5c89f01db98,Train,Varicela,True,896,1152,5f49954bb26979242a2adfe956f249ab1aa43094e21774cdf09bbe5ad38d1135,b5955868da5a8be1,116.72145104786706
Train/Varicela/2024-06-26_23-29-52_3990.png,Train/Varicela/2024-06-26_23-29-52_3990.png,1242515,ac615dcf6201aed808c3ae37cc9ecd02bb50b33d2dc3bc14bb7675d8f604651e,Train,Varicela,True,896,1152,bac6cc7e7ba809d2cbb4fbb5852b4c03b69cd9f6930fd3658c24ec1ad86d73f3,f470f020f4617f8b,120.21559361049107
Train/Varicela/2024-06-26_23-31-59_4740.png,Train/Varicela/2024-06-26_23-31-59_4740.png,1126846,1fd6a2ef216c093afdc635260080134b7a97349164fac8af3dfc570befc22313,Train,Varicela,True,896,1152,715c56c7f3142a6236987c5d609047b644e75fc818c1bf75d9bab692f39faca8,fe9c3824676e242d,141.4691152421255
Train/Varicela/2024-06-26_23-32-45_2160.png,Train/Varicela/2024-06-26_23-32-45_2160.png,1226855,6ec27e944712f90e811c99430a1720ac2babff7fb19d30ceb5ab170a1a4fef37,Train,Varicela,True,896,1152,6d07838d010fd4b7d413969f814cd90a36959a7125c1d177a437bcab9002e768,e7a585a59c0acba9,135.03797161768352
Train/Varicela/2024-06-26_23-33-37_2384.png,Train/Varicela/2024-06-26_23-33-37_2384.png,1208884,28a8b66a329834a3d2b35c8c3fe2c7f4ba5c899e79e2337d6cd3eae7bbdf46f8,Train,Varicela,True,896,1152,f7b0db054728b46ad56f192996672b61f812f89142d8f1994c94d6ba608a460d,3f3d7c3870b0611b,114.77230786520337
Train/Varicela/2024-06-26_23-34-23_5504.png,Train/Varicela/2024-06-26_23-34-23_5504.png,1112194,f9905284a0bf21392634ddbdfbf43ac3b6d0e0bac458965dcfb0dacce4fa4694,Train,Varicela,True,896,1152,49f35e80a2a3908c4dcf08aa8ff252ae9405f207a99f0943efb236d9806a5c36,43070f0ebc6cfc1b,145.02922033885167
Train/Varicela/2024-06-26_23-39-33_6681.png,Train/Varicela/2024-06-26_23-39-33_6681.png,1114718,245eae4837713a2c654d7e59159fb48313559008d11a1b4fe310d56e887f6a97,Train,Varicela,True,896,1152,1a406da50bcf493be88f62ee41f9db8af4e1dac4e8230a13d555e22bd7f93899,8dcd0d0c5eaabd19,134.932860359313
Train/Varicela/2024-06-26_23-39-58_7227.png,Train/Varicela/2024-06-26_23-39-58_7227.png,1132077,c0b10c12022d2564242b2b09c3bde1ab997041028119111448eb7354f74ac54e,Train,Varicela,True,896,1152,ed3d00d86d5c3b3ac44c2c3d7fed5ded49ac6b45c4c92aa96821a5df33be484b,78a8e68aee6e85a1,130.31412663535465
Train/Varicela/2024-06-26_23-41-52_7860.png,Train/Varicela/2024-06-26_23-41-52_7860.png,1108690,d5f0612067d4c0b5ac6f487b0a004c0fc2884b2bdc180d716adabc5187d0667c,Train,Varicela,True,896,1152,71450b96181cfb98224df7ed1af497bbc7ad9ce5ef732d931161e2526ceb06ce,a6c68fcdcd2838a9,140.17910911923363
Train/Varicela/2024-06-26_23-42-43_5387.png,Train/Varicela/2024-06-26_23-42-43_5387.png,1067042,4d4fab49da5186b1b3181f3c96d1f052f1b7d3282bc739297d6d12538efaa562,Train,Varicela,True,896,1152,a3aa3064e7f5d76c5ae08f8a624f92206716aff47b051cb2dc8e769cbf77022f,fceae090f82c03f9,154.50748310391864
Train/Varicela/2024-06-26_23-43-05_4164.png,Train/Varicela/2024-06-26_23-43-05_4164.png,1218838,24a6dd95993969026b71b4ee014d89ac37b1d0c6ac569925373ae7f5ad6007a1,Train,Varicela,True,896,1152,911df5637aa1a715826031fa28533db785f80ff9d87c9fa766f7ac7ee7025d37,7043e78e4cd2b28f,126.91109502883185
Train/Varicela/2024-06-27_00-01-24_1094.png,Train/Varicela/2024-06-27_00-01-24_1094.png,1274396,91dd3f80b7089ffc5f5021298aef6f7ef2d988b4aff47f2baa691a855bdba898,Train,Varicela,True,896,1152,ac0efa91172e08b3a09b70dcc1b3aa3d02dcf587bb0b4f55dce3e6098c3d086c,7260601e5edcd4f3,129.95122225322422
Train/Varicela/2024-06-27_00-08-58_9769.png,Train/Varicela/2024-06-27_00-08-58_9769.png,1244384,699907f71d45bd2cafec32c223d284284444b1832e72974aca16fb71e2a18bbf,Train,Varicela,True,896,1152,332b7133a3ab62d1fe954aed21b6e7043cc956aa5b8bcb124dd9ba7d72ddffed,cec4d4b0a8b839d7,127.13643101283482
Train/Varicela/2024-06-27_00-11-50_9064.png,Train/Varicela/2024-06-27_00-11-50_9064.png,1278401,73d82ae971f9500404b0394972009669bfc4e6f9cdfb2a932121c7e6ae6bb454,Train,Varicela,True,896,1152,23e27d615e90963917d7616092e32caca0c584a49940bd5bd4f8f26659c7dae7,e521a431b5035fcf,102.55349198598711
Train/Varicela/2024-06-27_00-20-03_5480.png,Train/Varicela/2024-06-27_00-20-03_5480.png,1414530,8127ec785bff775de4048107b066f0fdc7214b3ccc8cc365f74a2bb6d441df3f,Train,Varicela,True,896,1152,d5213df0d4d67c00932c2682f0ae514cbee145ea0f2ed22707e9bfacec696b38,0e0f07cf0c3fc371,118.44632297092014
Train/Varicela/2024-06-27_00-41-24_8907.png,Train/Varicela/2024-06-27_00-41-24_8907.png,1211404,ad9979de2ea0c895fa4e6463e80c881e880abe69edcfa6e3ddeb4bbed620f426,Train,Varicela,True,896,1152,eb1b1cadaf62866673cfb2e3191b4af5955f23e1e496049deedc6d17e4ee8e27,1e2ff62230323bcb,99.23343912760417
Train/Varicela/2024-06-27_00-41-48_7699.png,Train/Varicela/2024-06-27_00-41-48_7699.png,1221691,e2794c388fb225d9ea94834f4e18d60a0a41cd78aa30b9b32c227b1d09291fbc,Train,Varicela,True,896,1152,8a70ad35491a32ee52bf8fd2d3dcd76f7b4eb25b744eaad7159b76a381b63882,7ae890ba7e68a913,124.81056237599206
Train/Varicela/2024-06-27_00-42-35_7770.png,Train/Varicela/2024-06-27_00-42-35_7770.png,1404145,46077e7368e77af4aaf6e4bbe0469eaf77248d6897e008a54ba26492252690d8,Train,Varicela,True,896,1152,ac8983ffa511a8fe9cb0d6f11ef3e98140d10a223bc1836e0e59389888a821ab,c508d62a52ffad43,118.3506363157242
Train/Varicela/2024-06-27_11-22-16_9058.png,Train/Varicela/2024-06-27_11-22-16_9058.png,1225797,271a05951de0557daac4c9acc918eaa7b61d4468246942fe7db77eef352e8891,Train,Varicela,True,896,1152,c9fb337fb81f5641dda858addace30872590623215f63e88b3abe9d80022847b,e86767b8097ea0b1,92.42112610832093
Train/Varicela/2024-06-27_11-22-38_8705.png,Train/Varicela/2024-06-27_11-22-38_8705.png,1076408,e1b614ffd06f3ba732373b987f2f2f3c0ab601a39d0bb049669ea59dd49defff,Train,Varicela,True,896,1152,b599b92be835f29d33f63ecfde687142afd1aff096aae66c37de68b6142d41d0,a3809993d80b2ff7,109.94073389446925
Train/Varicela/2024-06-27_11-23-22_7767.png,Train/Varicela/2024-06-27_11-23-22_7767.png,1139411,75c5d9571d5701ccc123798e08c3d62bfb094b15d607576e97a9ceda55916200,Train,Varicela,True,896,1152,1551206bc21b02d8d81fb860c5ca6788d85f9242294ebda37a970b0b414f821e,ad94534c52e2cead,75.74002511160714
Train/Varicela/2024-06-27_11-27-46_2502.png,Train/Varicela/2024-06-27_11-27-46_2502.png,1081316,e18ec9d98c70d4949d5f66206f8f5d7d5792868a2fa1ea07fa60288a96917721,Train,Varicela,True,896,1152,a7e9068871a9cd81c335e42e97fd940c97a52873714938ada9d71477c159b6d8,c2e8f3f2e91f0603,71.31410047743056
Train/Varicela/2024-06-27_11-28-30_5799.png,Train/Varicela/2024-06-27_11-28-30_5799.png,1034453,2b927eaf157148892164505deb7500b6fadc285bac672813ffef4c4aff8e799d,Train,Varicela,True,896,1152,ce92a61e49229b76b3736f51933b65797d69c00e16a6a890b6f5e9182e70b0d2,171e72627af0e433,131.40485491071428
Train/Varicela/2024-06-27_11-30-20_9486.png,Train/Varicela/2024-06-27_11-30-20_9486.png,1137679,bf947d110f51621e332456ad091502764556e6c154fb8cc13e1d7eb77b7b8266,Train,Varicela,True,896,1152,b2a84f903dc6ab6d68d48732bd52393817b6f42f54ccc2458c57eea617c41dd8,d6da2e8697ac7441,108.90960499596974
Train/Varicela/2024-06-27_11-44-17_7281.png,Train/Varicela/2024-06-27_11-44-17_7281.png,1067868,2c9eb590542120cfd21203b1dcdb7a788644273e74a70e9a7128b0030f558f72,Train,Varicela,True,896,1152,1503cfc441638669d88e897eb1f1cab71e8f04837bf8e9f24cbaf2a7461dab51,d1c7e7027ef61803,108.85560535249256
Train/Varicela/2024-06-27_11-44-39_9559.png,Train/Varicela/2024-06-27_11-44-39_9559.png,1110993,265c4354487d21e98b0fa7c3e016ab5c1ae660bd553d3ad49ab20551f4ff6c7f,Train,Varicela,True,896,1152,2075cbf38d214882a56eed1caf7e17421de3884286af2022bc1a6594bc594e12,bcf073c7cf04320b,78.99012974330357
Train/Varicela/2024-06-27_11-45-02_2390.png,Train/Varicela/2024-06-27_11-45-02_2390.png,1063928,35b3f53011e74a056a79b97d7bd8f44fcfb89819733b9680af638b9325ee77ec,Train,Varicela,True,896,1152,1a6ea5dcbc316d11e1bf93604190be5f9c8a6294676dacbdcf6a9b67a003e028,e0c61bb0874ebc5b,85.5616687593006
Train/Varicela/2024-06-27_11-54-24_5017.png,Train/Varicela/2024-06-27_11-54-24_5017.png,942010,5f0709a09ff44b154cb8f6143e10faedbc2e751b84ed6dc7d3d1cc91eef239c9,Train,Varicela,True,896,1152,6fb3bf8d852640320219ef4b9607f12485d8ff7a6170bb5a8edefefc78a653d1,fe5a0ac0506c2ff9,118.40279812282986
Train/Varicela/2024-06-27_11-59-28_1614.png,Train/Varicela/2024-06-27_11-59-28_1614.png,1124077,bebdbd71a6af537a6f17be742b57295da469eb2af62308ae17a73b4d16c32d71,Train,Varicela,True,896,1152,d9154ba1fb82ea605b782f746b398e3e0febefee3abd9fddfaa1391539ccb1da,ded2b5a1e13aa213,126.82643151661706
Train/Varicela/2024-06-27_12-00-14_3007.png,Train/Varicela/2024-06-27_12-00-14_3007.png,1155399,b13d015ea2b7e83a860939b41e762694a12354ac8e7ecfb094a667278635a6f8,Train,Varicela,True,896,1152,fcc8933b18cf6243dde93f2eb3f6da5cf004762bdeb3ceee089f9ba15db03096,9692eb492cbce529,94.11395263671875
Train/Varicela/2024-06-27_12-00-36_9068.png,Train/Varicela/2024-06-27_12-00-36_9068.png,1164222,c0fc2e7f077beb8a3de08e6dd0c2bbb59d55caf1ee4f71b862967233499415e3,Train,Varicela,True,896,1152,56fcbec45506a6307a5bba2162d9b1602eae52bd1b4c43e2862644e770638996,fef612b2e2c2310b,121.39093598865327
Train/Varicela/2024-06-27_12-01-22_7986.png,Train/Varicela/2024-06-27_12-01-22_7986.png,1213330,276541f776bdacab55c57eaa780eb1c6bdf59e97d4736f3909bf30efe77278da,Train,Varicela,True,896,1152,0953782b23798c333e499dce4ce9dfb48190d19b4d63c0bc6f50240d47f3bc68,971d3d38a8ca86e3,101.62661597842262
Train/Varicela/2024-06-27_12-02-07_7463.png,Train/Varicela/2024-06-27_12-02-07_7463.png,1253750,00e36c7926729c518f46a914e007e6668f56af6ee40a218383223476eda5c278,Train,Varicela,True,896,1152,c23dda4fdb02118435faade3a466b5884a9d807664f3298ff32ec9a130ea83e6,78494d1cb7e70e0d,112.99787055121527
Train/Varicela/2024-06-27_12-02-51_7437.png,Train/Varicela/2024-06-27_12-02-51_7437.png,989778,39c692f6dcdccfe5a33e2146f664629e02f13e32b6d3f548f3dc723c35ee1f3b,Train,Varicela,True,896,1152,0b3f68735e9a49370352e7cbe0c0de07bf4990aab4603e5bd4e4fd125ee57360,3d9c7c5c5a88d519,113.16109987289187
Train/Varicela/2024-06-27_12-03-36_5978.png,Train/Varicela/2024-06-27_12-03-36_5978.png,1133720,3d8ca47f7cfb88b583524b49c85632de3c054ba0dab90860dd8c27e7f5ee64fb,Train,Varicela,True,896,1152,b4269c4b0780007f9ef4347d08805c8cfe7a5f729b04ece86fceebe49caacf55,d1d2198d4ea9a657,120.42815483940973
Train/Varicela/2024-06-27_12-03-59_8548.png,Train/Varicela/2024-06-27_12-03-59_8548.png,1166639,71fefa499bd0ed2f0e466164a587749548cd23bdf3a6302fc6f913c311ea52c7,Train,Varicela,True,896,1152,9399022ca58cafd1b09b422d8e41daa66b47b0d9058ab7aa3cb8627b203838d8,1a37771a5b0fa283,103.90932404048858
Train/Varicela/2024-06-27_12-04-43_6538.png,Train/Varicela/2024-06-27_12-04-43_6538.png,1097222,194b8b1530736c5da558a455f485c12c92e7a284a03e4018fb34e2f5e59c6f66,Train,Varicela,True,896,1152,da9d4ff21dd4cbb4fb226e87efe6ef2058a5e0360e5bb9199d6af31a7a32ea01,30b272c585eeaea9,106.58560035342262
Train/Varicela/2024-06-27_12-09-09_1375.png,Train/Varicela/2024-06-27_12-09-09_1375.png,1020610,bd66960ae1539497b0f1a567d798bd19fd7092e86afb892af0edf014253490e6,Train,Varicela,True,896,1152,2b5431960a7d899d25962317a1087b4c30e9c0424a05cb6599682937ebda2697,ef0c4d703a6a32cb,114.98341975136408
Train/Varicela/2024-06-27_12-14-38_7691.png,Train/Varicela/2024-06-27_12-14-38_7691.png,1176285,49e09d1c18beacbe4f055a65e6d1e410bbc59ecb20afb4f0ed644435897a2594,Train,Varicela,True,896,1152,52e6728275f6937797e13fd545a331353d314f9d805e3bd153932415742d0995,879c13ca99b77609,87.74908931671627
Train/Varicela/2024-06-27_12-16-07_7493.png,Train/Varicela/2024-06-27_12-16-07_7493.png,1185196,9dc23ea0f8cebf63cad2209e8ad9a2185812b577459a46f6ceadc76d2183e0fa,Train,Varicela,True,896,1152,38d7504c063e0e02d9bd60cdc88b324c3eb3be31acff136f5a3e8c782e04f6d6,3d90cf3c728fa413,86.40564546130952
Train/Varicela/2024-06-27_12-16-30_9803.png,Train/Varicela/2024-06-27_12-16-30_9803.png,1050638,fd5da24eb2b00f5a40e8ed9cde6d8e14ea500fdaa212a43cd92f3bd1c8eb9077,Train,Varicela,True,896,1152,baf3f423e3b9e1cdb9018e34748ebfbef70afec96b8dbdb33a01759032cf18b2,30666778c68f7833,70.59760393415179
Train/Varicela/2024-06-27_12-17-15_4089.png,Train/Varicela/2024-06-27_12-17-15_4089.png,1037892,32c60e5c1fc846b87c88de23ac99ca525fb8b431688cc288b1e961576a0077ef,Train,Varicela,True,896,1152,42c266bf04ad0c1e723bafda64ac50454475185b8094715a3b6f23b71479fdb5,38fb8fd27022619b,113.07663981119792
Train/Varicela/2024-06-27_12-17-37_9902.png,Train/Varicela/2024-06-27_12-17-37_9902.png,1155492,14adc837f667c04d748c7b1402ae2656b7417eda126a8b1ef7387360626d3b7e,Train,Varicela,True,896,1152,6385372169e1f0f89701e99021893bd68ac9450544aaa29678c4c53c8d93ae49,3a068ce674bda2e9,105.08110215928819
Train/Varicela/2024-06-27_12-19-30_5397.png,Train/Varicela/2024-06-27_12-19-30_5397.png,1277192,fd5bc79ab305e52e376ad6d4d65fc17ac8c3a48ea027edff9513af9df34a5872,Train,Varicela,True,896,1152,0885d71b3b4ed64a31b7773abc5f9c3fd3847f5e68a8f4a00c6c9ac3be075878,3ac1cbb239cd24c7,92.96634540860614
Train/Varicela/2024-06-27_12-20-37_5347.png,Train/Varicela/2024-06-27_12-20-37_5347.png,1289706,0dee4774ac8dc4c251a5e9682c8ed16a4b6f0770c4752897c61dd280b2755d01,Train,Varicela,True,896,1152,59a51744505e003e2f20d8e2350ab0df558bb682a75d7e3a54d12226ff333161,c1ae9e9e5d20b8a5,105.3612554640997
Train/Varicela/2024-06-27_12-22-51_8259.png,Train/Varicela/2024-06-27_12-22-51_8259.png,1182266,e71e4a7f19791da9f8e9e41d2718cc00a15eb59fd52568a315ac4fd8f2b6ac67,Train,Varicela,True,896,1152,7fb4cec79fd769a848292f333823847caae4261f2883170f2950e40708e4ee49,f0aa0dac8370acfd,93.68029300750248
Train/Varicela/2024-06-27_12-23-13_3807.png,Train/Varicela/2024-06-27_12-23-13_3807.png,1203184,f21391e1279502aa660465cfadf7fdd9c5085a8031725a6e64e1790f66df5858,Train,Varicela,True,896,1152,3c969a716a46af393a9b1e0aacc1cd259144482367e02b566b585169bf9bbced,d4f0a170f3956c69,95.21752251519098
Train/Varicela/2024-06-27_12-25-49_8796.png,Train/Varicela/2024-06-27_12-25-49_8796.png,1150713,6cda4fccd8bad42d790a436630b7e753b770a4e387437eed45a11012c4448484,Train,Varicela,True,896,1152,a61e7c9b7a3981cc9fd2c86f81324893d85f5987204b09cdba86d9ff6c7f782d,2546fdd00e1d7873,85.58167666480655
Train/Varicela/2024-06-27_12-26-33_2242.png,Train/Varicela/2024-06-27_12-26-33_2242.png,1251078,9e476aae9243ef2a881e39a335528f6510d122c6c0d628a0beee3be0d4f53f18,Train,Varicela,True,896,1152,f081b4ca99a2dd52f0d7505ba71e891a3e4485552deda01592022a6a564bbb31,714bcb61633b8437,99.07779366629464
Train/Varicela/2024-06-27_12-26-55_4277.png,Train/Varicela/2024-06-27_12-26-55_4277.png,1203446,d2bbd46aa328005141f4ff22985c1923590ea311803dc1d673e426b5acd78e06,Train,Varicela,True,896,1152,b31e745a84897e48eff308fdc5642e94a6f6da8e916b401fc538395445511984,bc3987d239a94ca3,83.69712611607143
Train/Varicela/2024-06-27_12-58-30_3916.png,Train/Varicela/2024-06-27_12-58-30_3916.png,1182664,1f0667e6843529a4d29d4b77b84de37865249b904ace4501ae07b40830b76dfb,Train,Varicela,True,896,1152,80f363ccdb2225e790c2a5d6749f3776faba1157fd69784e5cc9466370511836,92d1537729a8e077,96.85465301029267
Train/Varicela/2024-06-27_13-00-36_6029.png,Train/Varicela/2024-06-27_13-00-36_6029.png,1133411,ba6f0a7ebaadd401be643ae53b1c77d81f1b31d2c768f321317adafd1cef33a4,Train,Varicela,True,896,1152,e6c2f3e86a5120fa9a8ebcde8f3ce0a8b38825d7865f06ecffbd1c5059b22137,3881cf7073cc34cf,73.98332868303571
Train/Varicela/2024-06-27_13-02-05_7559.png,Train/Varicela/2024-06-27_13-02-05_7559.png,1251581,23d57a6f753d4000872f261667b64b13dc37d56252f00869f399247aba50242f,Train,Varicela,True,896,1152,2366781a01a6957d35c80dc61afc3b86459f8e0c61f819cbf72b5c5febc49683,135dcaed241274dd,101.7759273468502
Train/Varicela/2024-06-27_13-04-04_6045.png,Train/Varicela/2024-06-27_13-04-04_6045.png,1048491,4c34b086f75f50d634abaf76caa7d4d90bd5f93003acff73a826ae1c84f8e72a,Train,Varicela,True,896,1152,d090d75532d1ffbab811a14a3816e9a509a8859ab44f075bf864472cf405bb56,f05606b61566de69,100.3490697467138
Train/Varicela/2024-06-27_13-04-27_3645.png,Train/Varicela/2024-06-27_13-04-27_3645.png,1112763,3eca1d2457290197ea5b7484a64771ca8687298abfe650477cc076cfc9b3c8af,Train,Varicela,True,896,1152,9e7ee4bfca46ec4954d4fe47057df9e98353df78fdbb05f94fa13c4914b706e0,ba726266e64e8ea1,130.95853969029017
Train/Varicela/2024-06-27_13-05-13_9479.png,Train/Varicela/2024-06-27_13-05-13_9479.png,1086988,45038221cc8fadb14672553858efb7096a099110cfdb5761d1306de0212ee551,Train,Varicela,True,896,1152,5d8fe262ce6e1446e1106a30b07803b8b0d4e68bda6fc1c606365522efd5af68,f1acc9c72cc51663,112.37180873325893
Train/Varicela/2024-06-27_13-05-58_8631.png,Train/Varicela/2024-06-27_13-05-58_8631.png,1078393,5036743e4a98eae15f27d845f5b38417c8b3b320f8d3f686d6795e4fa1c1cefd,Train,Varicela,True,896,1152,b1964d1aa453d9fe32ac9f55d99e3d99d5ef1ed2f96ce8955b32dc68eca312bb,9d12b4fd47052cb9,103.18248542906746
Train/Varicela/2024-06-27_13-06-21_4404.png,Train/Varicela/2024-06-27_13-06-21_4404.png,1137737,af67a96cff08c0dc99858e274c2359cc26f946f068d535eec7dd3054887449b7,Train,Varicela,True,896,1152,0d26838b8c67900c44d9a13e9e2a3212b1da3bb6cbda1e4cb14a2bdc7861df75,e3dc93a71c0e6cc1,80.22095307849702
Train/Varicela/2024-06-27_13-06-44_7104.png,Train/Varicela/2024-06-27_13-06-44_7104.png,1136320,cc0f405c884a473694401c3143dc7c4e7f51fc97351adf69646ba691746b8ba8,Train,Varicela,True,896,1152,4d06383214a2bfb5260e4cde88db158c5976bbad6a874b2a6889055393876d29,61e7cb709b9e6403,91.09802536737351
Train/Varicela/2024-06-27_13-07-30_6442.png,Train/Varicela/2024-06-27_13-07-30_6442.png,1122156,9b1f4d83338f6c916bd116bb0136f7b32766a0c7bb91e9e7db3a91bb35d5fd3f,Train,Varicela,True,896,1152,997219e97dcbdb9368ff00e6d6cdca4b93fd57dd56da99ab09e4bf4586422beb,35b98d30f375c485,108.36445545014881
Train/Varicela/2024-06-27_13-09-02_4277.png,Train/Varicela/2024-06-27_13-09-02_4277.png,1210762,820f68f167be16f50741bfc4f54a55e41e741e00d9ed926cdfbe15fd4f4be624,Train,Varicela,True,896,1152,45c364b2323f3333ca4712e37d691a542d3d11e3fedef908fcea42d36d9d2768,2d480d36f3e8b437,106.54111056857639
Train/Varicela/2024-06-27_13-09-25_3201.png,Train/Varicela/2024-06-27_13-09-25_3201.png,1133486,fa8d438e729c1959ed49d79524a033a55160e922854e2c3d448471ac6fb5c0dc,Train,Varicela,True,896,1152,e91ed1443f8c77d3105e7593afbce4ad542295824e9718b1899824a14d584ad5,90e795d8e7255a83,88.25625561910962
Train/Varicela/2024-06-27_13-09-47_8141.png,Train/Varicela/2024-06-27_13-09-47_8141.png,1085436,9447ee7a9533b508ee2ba9e43c362ecf9a32d0ab05029a364e28601439485ea7,Train,Varicela,True,896,1152,5dc18e6952472a81a3bf537411c413148d24da49a174bf199f544b3b3e41b9bf,ee6e171181c26bad,94.96678234281994
Train/Varicela/2024-06-27_13-14-00_6433.png,Train/Varicela/2024-06-27_13-14-00_6433.png,1233816,911659b12ea0a43f9426e9565f56e041eece6850b66d30ae462f06fa790ffb1d,Train,Varicela,True,896,1152,f8841d5f931196b352361674441fcbb8b0223ca92b36b56ff98fde795e672192,9984d5122ef8566f,108.76653180803571
Train/Varicela/2024-06-27_13-14-23_4885.png,Train/Varicela/2024-06-27_13-14-23_4885.png,1137822,a500b8921a47760ea5c199f7b909ebc873477706b02e32137a81b37fc4022ae0,Train,Varicela,True,896,1152,2fa9ff25b56bd2e5b8eddbf2c4b5057922a790dbc4fcc5bdd57043ddf28becb0,a5968cbd687db083,110.14101252480158
Train/Varicela/2024-06-27_13-19-41_3117.png,Train/Varicela/2024-06-27_13-19-41_3117.png,1024703,e160691aefce0481caf6e66f43779121ec25e822940cc2ef5279a48f35e52a76,Train,Varicela,True,896,1152,916e5465c81a4f81b287b9024d781304592c37e3f21f64edb78435671cb7d700,7afaf3424b4ec809,122.23708767361111
Train/Varicela/2024-06-27_13-22-20_2530.png,Train/Varicela/2024-06-27_13-22-20_2530.png,1121063,bece25a44a14a7ada6266c2ad17f7f2662f531072165fb018602831e70387e98,Train,Varicela,True,896,1152,7245a4094a2ebc632a2c607fe738ff7a61735c6655b40cd536cc7056bbd7d31d,90b2a4a46b6e56d7,124.59852139911955
Train/Varicela/2024-06-27_13-23-04_4621.png,Train/Varicela/2024-06-27_13-23-04_4621.png,1204245,bae0a4d4169f55d5c03fe714e18e8c7d2b98b9abdb96edf3c345af2c43ac0502,Train,Varicela,True,896,1152,9b44a4e42c27fac94a7baa9f5d72cf95748c5c18f44920065fd9fda06ebfd79a,dfaba1516c2c9471,117.28896658761161
Train/Varicela/2024-06-27_13-23-48_7560.png,Train/Varicela/2024-06-27_13-23-48_7560.png,1381426,ef2575615bc862c844e95f3117351be28a9f652bfdb4a03198ceb37af1b59768,Train,Varicela,True,896,1152,e60b25557e5b361404ac704d1b445782a29e991f28d247dde49dcca5b741da99,3c77c8b30a38d68b,80.2756115141369
Train/Varicela/2024-06-27_13-25-40_4106.png,Train/Varicela/2024-06-27_13-25-40_4106.png,1122804,52236aab249f27a85f71f57f5236610346368d0ed20187f244ab7e5def592183,Train,Varicela,True,896,1152,f3f1515210fa03473e728df5864172e5c3f59624884d0dde8d39b91c48c62708,1695134bf34a4cf9,110.99736676897321
Train/Varicela/2024-06-27_13-27-31_1578.png,Train/Varicela/2024-06-27_13-27-31_1578.png,1180662,1fb18bf8fb57687a26ef885639c8dff5ae3751e1f505111e847c2ef4473b11f2,Train,Varicela,True,896,1152,07291b4f5814dc563914549408b1145c18ff57557cb9be80aae9235482c8357a,59696d25e6861793,117.3247796921503
Train/Varicela/2024-06-27_13-29-23_7051.png,Train/Varicela/2024-06-27_13-29-23_7051.png,1152828,84fe33f70bdf95d84e5bc76817b4d58ba30fdd6134f82e1bb42994bcb15681a3,Train,Varicela,True,896,1152,1ca166e20f96d65cdab0d8d67aa0fdbc12ea3a8d389839da4647c7df3f84f51c,3147fce2ecba1609,80.0985088045635
Train/Varicela/2024-06-27_13-29-45_3966.png,Train/Varicela/2024-06-27_13-29-45_3966.png,1192271,88c70f677b45c01f1646c598a99378fadb65ecfa80de665e6a5c88d457fee006,Train,Varicela,True,896,1152,80798aeec27f9643bc1e3d8701e78867249cf8a33d5f85bf3c71895ec5868145,93c7a4581b3ed417,102.71278696211557
Train/Varicela/2024-06-27_13-30-07_4062.png,Train/Varicela/2024-06-27_13-30-07_4062.png,1119307,d0d483e7661c18613047f4bd9175a19cfaae31baabbd33f1ec0156546d48ac02,Train,Varicela,True,896,1152,3c2e41478ee3b78b1eeb1117aba12d008cffbfbb1b9dcbb3366dcb985217b9f4,632fe58c3c92d28b,107.39544871496776
Train/Varicela/2024-06-27_13-30-28_8366.png,Train/Varicela/2024-06-27_13-30-28_8366.png,1188141,13ed0f3391a5e87f80a48537fa128176b98a246fba7de7c515ba7ec56d0963ce,Train,Varicela,True,896,1152,3cef674ffb647b9d059c7c029959c0f62d6f981f651f7f952fb7785ee61d1c06,704959c6c5527c5f,128.18461487785217
Train/Varicela/2024-06-27_13-33-29_2260.png,Train/Varicela/2024-06-27_13-33-29_2260.png,1113014,98c96621420bd9bfba2e3ffaed9da48afb25f352ef4f5e967537317c70fb9f25,Train,Varicela,True,896,1152,61e065e05691a0bc84826eb8bd095942d85467c264f831a8aca50683abfa7544,6864c6ed042cf5ed,108.36732119605655
Train/Varicela/2024-06-27_13-36-48_4302.png,Train/Varicela/2024-06-27_13-36-48_4302.png,1135228,54580ee50fc257e82c95b34f4a8f0d58ed5aa6d8f8a233a6463eb298905690f6,Train,Varicela,True,896,1152,04fcb94dc6389a0eac9757562a3ffb96d7dfe9f97a578cb5478d14c680e67d2b,a6fe0a6e8aa4a5a3,124.6133791000124
Train/Varicela/2024-06-27_13-37-10_9100.png,Train/Varicela/2024-06-27_13-37-10_9100.png,1129947,a3d70d84cbb6761bbc8daba264b0c82ae9e69581e5a466d873f14c52455f4a7c,Train,Varicela,True,896,1152,1923a8680f280b6ac565acb529fecfcd3cf07ce91d877000bab06f13281056e4,0b28f78e19e5e4c9,83.48309132409474
Train/Varicela/2024-06-27_13-37-32_4401.png,Train/Varicela/2024-06-27_13-37-32_4401.png,1114819,07917afb9667ca0c225b93f5faa0bce9c4589be26d575cff3cea5a6cf51bc6c4,Train,Varicela,True,896,1152,6eb9a8dd6095ea0ff808e2cd1015e8d1a051d9c83415cb1bd48f912f8df2d2af,b0f0fc5f4f14108f,100.87500484406002
Train/Varicela/ChickenPox (100).jpg,Train/Varicela/ChickenPox (100).jpg,4180,92ebd9d8dcd3eeefdddf19e48067bb03f0a46b7c2e4b532ced5ef43df62e878a,Train,Varicela,True,300,225,a6d77fcb1f09a201df25ff7f6fe9475e4a526b6dfb76e471599254e521ae6179,2aaabbab494d9923,178.10485925925926
Train/Varicela/ChickenPox (101).jpg,Train/Varicela/ChickenPox (101).jpg,31199,91488ba679440143bc167ff5170fb0f4f53aba58ac8035eb38aeac44f144b038,Train,Varicela,True,640,400,7224defd04d769f739822932289b0686fc5df3c789cd7f6da13b76ece93df275,68c6c1c68d87695f,231.36496484375
Train/Varicela/ChickenPox (102).jpg,Train/Varicela/ChickenPox (102).jpg,19878,e8a75962f2984048044b7e2cd360019c4ba098abb1caf5e1396704701d965445,Train,Varicela,True,420,280,05aa4ca44c37447d10ffc66f86b756463f1762aa7118a3bc9ab12971ecb324e3,0bd86404f0b99feb,177.35339285714286
Train/Varicela/ChickenPox (103).jpg,Train/Varicela/ChickenPox (103).jpg,52078,9be889af623a976e2d79db54a9b2ca571d7d2b44a8a39486c0539cd492a385bb,Train,Varicela,True,732,549,10aa66667e7c2c9a1972ffd0909e20a186f3d4ffe0e8e5ca2cf3ed8e40753d66,2aa357e3a462acc7,141.2551857823962
Train/Varicela/ChickenPox (104).jpg,Train/Varicela/ChickenPox (104).jpg,8321,932977e9f896debc9822db54035053d652d21d6094651e8e860913e3979c1677,Train,Varicela,True,300,199,82fa9f11bb4c070a6ad5d589ef0ff6e4bdaf1122216529d0273abdf08cbdc3e7,6bb8dd8a13166789,188.2819430485762
Train/Varicela/ChickenPox (124).jpg,Train/Varicela/ChickenPox (124).jpg,29392,96080b7141549774560315f31546a60c0e6ac41ecba0a74dce8f473b76981899,Train,Varicela,True,700,394,2e8df2f62c5d7d3343b53205b026f5f151f70cbf86767d9923590f64ba8d0b57,728e89c3e4a1f971,168.15092458303118
Train/Varicela/ChickenPox (125).jpg,Train/Varicela/ChickenPox (125).jpg,41768,6ff8edf97486cc37e1959664c7fb44b4cc1d636c672d808cba4acf6fdac1a558,Train,Varicela,True,1000,667,0e3dfb98556bdd14dea9ff28306bff8692f03f5746046585c67dab5e3ed45f67,1959898c4e96eeb3,171.47508695652175
Train/Varicela/ChickenPox (126).jpg,Train/Varicela/ChickenPox (126).jpg,5567,ef84194bbcbe8163e467fda9a5d34062701dfb6a84944b266e177fbd452ebe68,Train,Varicela,True,300,150,d36b8764b6413fff8f08dfef86abcfa5992a5ee5dd0bbd24d72155bf7f507411,de4c4c6da71c7289,92.30813333333333
Train/Varicela/ChickenPox (127).jpg,Train/Varicela/ChickenPox (127).jpg,7511,01b25c4cbe03193a9e21aaaee003e3a3fb5adbac739a01f6e455c16cb2d51067,Train,Varicela,True,183,275,ce2c432c58c481ab8a6d9194bba1e0e90b7cbf75f800a9ec33e92601f6981038,03320307dfcf9d39,126.31111773472429
Train/Varicela/ChickenPox (128).jpg,Train/Varicela/ChickenPox (128).jpg,3106,cc4889cbf291e928d0a9165911607c717dd4ff772323576c21199f3725f4c82f,Train,Varicela,True,221,228,c3087db8b5c45e054cda6e80d77e9e50bc5d5a8cfee922d1582c798cbc48e640,2019de9b223febc1,128.1138564737636
Train/Varicela/ChickenPox (129).jpg,Train/Varicela/ChickenPox (129).jpg,2103,751a357e1820a7009b6a990e7187646fe0648062d3088dd75e6f27f41bdceb87,Train,Varicela,True,139,215,6f9e87fb5f3491914e02f6ec98f0ff5acffc55c8b39f5b5844fdedf617628a73,531356ce503279eb,136.16975071105907
Train/Varicela/ChickenPox (130).jpg,Train/Varicela/ChickenPox (130).jpg,2721,e740c5e75000208db108b15fab5bd4b0003025a73a0d8ca8b302e7dc2a975b81,Train,Varicela,True,299,168,fd99887503532bbf6f010b1eda282f44115a9db75be7dfe680280d4286f507bd,49c84a8e6e366eb3,175.7487060041408
Train/Varicela/ChickenPox (131).jpg,Train/Varicela/ChickenPox (131).jpg,3674,87f52fdad691d627e5586c642d63b3d62f693b83bb383af937bacde721342ce1,Train,Varicela,True,259,194,c6d48b979a06de2cbd6806b15369abb46786fcfbf68117cc40b83111f2c55ee3,3332266e6e706aab,148.50109461449668
Train/Varicela/ChickenPox (132).jpg,Train/Varicela/ChickenPox (132).jpg,3861,26f3ec44b0fd172db2bec98ac421abf3015f051d6b2e521c6c491f041f001ae0,Train,Varicela,True,275,183,11a9181f9d8200f535cbc93c5a4c69d6581d3dab689a3381276e0a033e42dd80,b326662c4dcc8b37,184.9160258320914
Train/Varicela/ChickenPox (133).jpg,Train/Varicela/ChickenPox (133).jpg,4280,80baad06680dacefbff880b1e0b5178e78dc65a9da013428376a9260712eeee9,Train,Varicela,True,275,183,a0b8a023ee79d16eaf56752e701e012953f3302c279f7b2697f2dbef097c2c01,f42030763e7e4d8d,177.4030601092896
Train/Varicela/ChickenPox (134).jpg,Train/Varicela/ChickenPox (134).jpg,4895,5d5f2bfaa465791922fe81a77d6f32f97d4a740ff00802e9c62a54c4b9d595a8,Train,Varicela,True,283,178,6e81a4378d6044096ca85b5fe4fe9f15267cbb4e33d36049f3370209bef343bd,3c7ddffe61000447,97.60247349823321
Train/Varicela/ChickenPox (135).jpg,Train/Varicela/ChickenPox (135).jpg,5948,b3fafcd985afa12a7a77d9273e4714ec25da128bbc22ed1d77b62110a0cec923,Train,Varicela,True,276,183,fd6d3e74970c3fc92c8e47e073caa922278383e0676d2571aab7ad931d5b46b3,661ef27b00737f01,160.0251247327156
Train/Varicela/ChickenPox (136).jpg,Train/Varicela/ChickenPox (136).jpg,3496,ca11ff87932a3b837ab0a6ca36dc56626dd2f1d00e70abf29431dc2886878a80,Train,Varicela,True,255,198,a113334bdfe6c153a38fc820d719a6c4bb4616ce0b284dba213dd5fa746e32a7,ce311ece673209cd,181.05387205387206
Train/Varicela/ChickenPox (137).jpg,Train/Varicela/ChickenPox (137).jpg,3843,d6b137791f702c8feef8279ecbe8f027ebb1d140b89f7d9aedf077719fe99700,Train,Varicela,True,301,167,c91576ec15802e423b48bce88ae96ff0a95f8f266179ad81b6feb23f527493eb,2d69a6346be15317,173.9245031531621
Train/Varicela/ChickenPox (138).jpg,Train/Varicela/ChickenPox (138).jpg,5115,6a06f1e55feb65b97f0325f95795577e811b8e58098ea7284903797d30393b3e,Train,Varicela,True,194,259,a78ee848231b7ab4b76240cc053ed35b74cf78fdedf244199d54b140d4d6d89f,f5d9640622db6655,191.19374676591173
Train/Varicela/ChickenPox (139).jpg,Train/Varicela/ChickenPox (139).jpg,3265,0c42385aaedc966324dfdeaaafa4ee4d37f23846c8e341ad560796938c2112e4,Train,Varicela,True,259,194,6094be2a007027a955772923641653fa29cfd3a894511d5d5b964a5097f0eea0,44fc6d528f02af53,199.7108028499781
Train/Varicela/ChickenPox (140).jpg,Train/Varicela/ChickenPox (140).jpg,5235,1371107bcced74671205329835f82eef95206c98ea5427920b283275bb3506e5,Train,Varicela,True,275,183,e9e7cd35e3dbc065b2a937857406e6881573f38bd249b5e033382ad9630b0cd0,f8d0d3c1ed0d9469,107.19872826626926
Train/Varicela/ChickenPox (141).jpg,Train/Varicela/ChickenPox (141).jpg,4996,3c7761f540e58999e0f183406630a0f3118f0386ea1e209ae4b71633083f21e2,Train,Varicela,True,279,180,39234db2a6cf2c88752fd8d78f406dc8dc25d9d64ab70bf9367601e39b26e0e6,cb0e8f1ea6e858a9,197.710513739546
Train/Varicela/ChickenPox (142).jpg,Train/Varicela/ChickenPox (142).jpg,4745,66e6724f1c19f8c64ab51dd8e618db2e2d5bd53ef983e938c93fb012184eb328,Train,Varicela,True,308,164,ba4bca2bf358c0155e9580e7383995855216f59c315a6a407a5d2f8d8d32d21f,2d7d3c2a44e1833f,158.54650380107697
Train/Varicela/ChickenPox (143).jpg,Train/Varicela/ChickenPox (143).jpg,3890,83d89e4f473cfc26f70af913f7fbdca8815a389580c32865d287db63d0554af0,Train,Varicela,True,210,240,ab3a14943555595c11a68bb75f7bfd2fbc42b2c4b20988a774492026bbc26da6,3e3e969a5e285e81,155.90075396825398
Train/Varicela/ChickenPox (144).jpg,Train/Varicela/ChickenPox (144).jpg,4196,d4b26ef4f9151303baa8a728e6d5bbf12c3f32651737dc85ea1abc199f3262c4,Train,Varicela,True,259,194,2d668d48b4c831081e17970ed747475d6633079b4d9da308f98d9e1c9c2652c0,d651565b6a4b031f,136.04308800700554
Train/Varicela/ChickenPox (145).jpg,Train/Varicela/ChickenPox (145).jpg,5030,a151f6a521ef75b59ea95326959995e3a7bd1d692e67c83cb6307f723b8f3921,Train,Varicela,True,301,168,5f9b9f55842bb7be79b5e90364cb2beb749613034ec151157b8109c059474577,66c11e65c556387b,113.99422559721563
Train/Varicela/ChickenPox (146).jpg,Train/Varicela/ChickenPox (146).jpg,4692,b434f325fbc8f62fa36273d5834f0f64764a473c28092cad4efa0f23dac2b784,Train,Varicela,True,322,156,451ec4e7266e529073e52d98bae45aa415887a76165a3540ce30425284234ed9,4a6a3baa4bb929a3,157.8647475712693
Train/Varicela/ChickenPox (147).jpg,Train/Varicela/ChickenPox (147).jpg,4090,15733eb5d35886b47d2ab4024fe230826abcb9c71b30afc18635f15d3eb2dac3,Train,Varicela,True,301,167,566bef569565202e09973f09169b7b21c6e53bd91eb5408e913c9283222f15de,8e1c383c1e1cbe9b,116.84562436588617
Train/Varicela/ChickenPox (148).jpg,Train/Varicela/ChickenPox (148).jpg,3164,18623c33ef9f1b756007e6c25f8a1680d5a9540b6a8779326c098094065c725b,Train,Varicela,True,305,165,92d6f2a06ce811f5c9e4517dfd005c7aedd8409b3d77005940112b80b63653df,c6ac0f46fc0465af,178.1125086934923
Train/Varicela/ChickenPox (149).jpg,Train/Varicela/ChickenPox (149).jpg,5853,914c4eb2173ac3f544ddcd29f4a565857bc923166ee2960ef92e726a748b4718,Train,Varicela,True,259,195,87b855cfc4616e7cb409e75d44be9daa8d178e0513bf24b7570a7b6a1b720afc,29694d6c4ed6272b,111.19447579447579
Train/Varicela/ChickenPox (150).jpg,Train/Varicela/ChickenPox (150).jpg,4285,dec15c154f6d78a01ac823530748090135681011032a8187e28ad0031c9b07cf,Train,Varicela,True,261,193,c7769db7006e6fe12f8b9af88fa37d6d40e3000ba7581e970f3d1bf0befe6cf5,4e1cdab0c2d8e3ab,152.6979731205209
Train/Varicela/ChickenPox (151).jpg,Train/Varicela/ChickenPox (151).jpg,3224,000877e26ca87fce29a381c30b2d2adf3fda32bebc0fabbc29aed0724c5de07c,Train,Varicela,True,225,225,10f9f5df67d44da08817f4a59b42bf8290d860659c6a8ff9d89fbffb70749e91,e830546fef54682d,162.06010864197532
Train/Varicela/ChickenPox (152).jpg,Train/Varicela/ChickenPox (152).jpg,3233,55e7e3d850abb20a9318c57e1090ea2408e00184ad35d5aa698dbb00e6befe18,Train,Varicela,True,300,168,040f2501db8347c109611da6408d5f047119b9b8503b7c380e0f1403b24175c3,8ba9e92bb1290bd5,195.71404761904762
Train/Varicela/ChickenPox (153).jpg,Train/Varicela/ChickenPox (153).jpg,3237,7816829a72e8ed7607e1785a41bf4003aaa98e21c1fb6ed207a6e1e768b7f993,Train,Varicela,True,310,163,da1964a0b5ed7a025e7b85b535029b716b45d67b372735129cded12d86129a40,696e64e65ba42ba1,123.79493370275084
Train/Varicela/ChickenPox (154).jpg,Train/Varicela/ChickenPox (154).jpg,3871,46a44dc5551ed53323234e2232ef04e4dec3ccde1cb00b825e5d1c903340a5bf,Train,Varicela,True,260,194,5202a56a4949cc494b80eab614315511c6ab529f0f8b22997746abbc8bfbebcf,7a7af8aaf07800e9,173.97844964314035
Train/Varicela/ChickenPox (155).jpg,Train/Varicela/ChickenPox (155).jpg,2820,0741cfc25b9a27d2dcb931b280a55b952c432c063be11d9c2641183515ce004c,Train,Varicela,True,284,177,691bcc70ff51d17723930ad19f2323f9ba5aec388c8752c92817af7d5587bb82,35ade9753506c271,144.33967931885095
Train/Varicela/ChickenPox (156).jpg,Train/Varicela/ChickenPox (156).jpg,4768,c9001a4fe2e82b27abd29221c2fb3bf49dcd7005d8076e94a9794e19e18dc5bf,Train,Varicela,True,275,183,2087183432f1586a28b3a9290c311bddc7e8acf60ab09c4109b4f788a732557a,13bb113b9e16cf11,128.24015896671634
Train/Varicela/ChickenPox (157).jpg,Train/Varicela/ChickenPox (157).jpg,5576,402bb1453ee2b18fbda3c859a0656c17ca407d95283192fbbfc10ea2dd2206c6,Train,Varicela,True,275,183,f773b8062e87274f6a6fcc5afb67b54eac90cee0b7ef2a3f55d65874a8fc9a3f,0f2f1e5636223a57,173.34853452558372
Train/Varicela/ChickenPox (158).jpg,Train/Varicela/ChickenPox (158).jpg,4362,0367d3086e881ea3d69d6beda8c2c62fa68b276fcedd325f4dcdfe51949c3899,Train,Varicela,True,224,224,80b095d1e19cb43078bba73d8f56f4239338d90ebf174c6cf1bd7ece649e42b5,e44445ee0e683df9,147.27541055484693
Train/Varicela/ChickenPox (159).jpg,Train/Varicela/ChickenPox (159).jpg,4485,3b9981388ea40f7da616ecaa561edbbd9b84e165cd3d1e681b7fc35c9ab5c28f,Train,Varicela,True,259,194,a75fd43f1e80aec3bc8ded53ffa8a7dd8cd52a1c8e5828d01fbb515493cec7cb,8c510becdc7b7185,154.96841539625044
Train/Varicela/ChickenPox (160).jpg,Train/Varicela/ChickenPox (160).jpg,2438,ca45d1b2107f9b6ce88eb22ba931c6d25654d256e8f6c822d26d01c766590e4a,Train,Varicela,True,236,213,9d4c4bea13540a3f525f5a8ce33ca37379d118ff6358ebe1f5a4ebd4b01345dd,19c7e721e95f5181,166.78127238004296
Train/Varicela/ChickenPox (161).jpg,Train/Varicela/ChickenPox (161).jpg,3499,cbb2bf63c3f126dfdfd5eb316e89bfe8eb3d9286f7f04f18002a021d00c4fde1,Train,Varicela,True,274,184,ff5612339da4f2dc4429904562d683f9f3bb4a2225b1eff533da1864da831740,f646f8f44956a581,194.95979450967945
Train/Varicela/ChickenPox (162).jpg,Train/Varicela/ChickenPox (162).jpg,4253,d9707ff13d5a0ae29ab622ff0cd28436e9aea2e8a88662208d3b46901bfa9a87,Train,Varicela,True,282,179,be01ca2fa259db830eda3c064c650c4213e2a068ac0deff8d8107dc572766c06,6b40c5b0df74a7a1,211.79717896905584
Train/Varicela/ChickenPox (163).jpg,Train/Varicela/ChickenPox (163).jpg,3702,34e58e3681cde3ebde6ebc7a35b65e54719cf22cd1b91c5649ee44edcbddb646,Train,Varicela,True,225,225,7d65bb29e265d061523885b481f38b856df2a9f44b50209282bba0f7cfb8ddb6,d1f0f3c3420a1e3f,166.86457283950617
Train/Varicela/ChickenPox (164).jpg,Train/Varicela/ChickenPox (164).jpg,4017,68915fe524944bcf98939a5328ad0b74f23a68657e6bbd7ee3e98e18606223fb,Train,Varicela,True,225,225,3612de419fb197fbae8148cd322d56fd55894e2d7b2cfefbbc6d7418b155a725,2ce3d538c3066e6d,174.29165432098765
Train/Varicela/ChickenPox (165).jpg,Train/Varicela/ChickenPox (165).jpg,3846,a6a425a3add4baee6bf4c3fa45974292faadab863910ed5b4375a4d8c9c000da,Train,Varicela,True,183,275,76162ff53c8ae25a715d10e2707750895d841e2f674cd16a62c392099fb6e2a7,c6f2e09109a86ebf,91.57967213114755
Train/Varicela/ChickenPox (167).jpg,Train/Varicela/ChickenPox (167).jpg,5079,c35540eb1960dba639fd9c6c6acc05612023673a1ce120dfcc8eec3a4ac10e12,Train,Varicela,True,237,213,7e99a2029116d8fe009105009aad407593dbe7486f2d171705aa97765cca45d4,7243e3fe83a471a1,118.6024048651968
Train/Varicela/ChickenPox (169).jpg,Train/Varicela/ChickenPox (169).jpg,5666,d242793778d9f7b098afd9be2d797070cb58bf59fa791453904d6ca06f8e1518,Train,Varicela,True,194,259,12fe30d1601ad10d6d0ff00659a2abd49335b98cee61046351c416650a80961f,57b556921e920f55,97.4160530191458
Train/Varicela/ChickenPox (170).jpg,Train/Varicela/ChickenPox (170).jpg,6174,3a557df7f4c73a4ed47b3642494c817cf4d6c5e07b4bffb03891790abe42238c,Train,Varicela,True,284,177,f30332f168143999a5a3ed9db0fb1beaf54f1e682a0e668aed24330a07e4f1ea,73b10f31e01f1c6b,108.5749582239198
Train/Varicela/ChickenPox (171).jpg,Train/Varicela/ChickenPox (171).jpg,2590,a5b2066adfb4b4473311a09086a9c137ed0837f8bec5978fe8f5db80dd881ab4,Train,Varicela,True,275,183,0e3ddbf2e23cb01fc0d6125c11725ba07233b0e6a4a4ad5c13a688fbfa831a5c,54aacb7dab42350b,159.62698460009935
Train/Varicela/ChickenPox (172).jpg,Train/Varicela/ChickenPox (172).jpg,2858,9ce15784214f72b73f15425a749298a6274baa761a9f0aea76771cffb3cd74c2,Train,Varicela,True,275,183,a23da4e6eaf89f14943fde906a40dd3aa6a05cabd329d963dc3e4b00bae8984a,9804eaf9fea1f0a1,161.85774465971187
Train/Varicela/ChickenPox (173).jpg,Train/Varicela/ChickenPox (173).jpg,4682,8f3f4377f27061dbfea58e0709f76c624e794d9e1f02b389c80f4ff833631992,Train,Varicela,True,260,194,6f0c53d51a8e773428b71bd99fd5b9838040e03bfe4bb94c53b292440630140f,fe99916e459a2961,131.13330689928628
Train/Varicela/ChickenPox (174).jpg,Train/Varicela/ChickenPox (174).jpg,4404,42acb8e4e4c4b5a94f32b481b5fcb3a0b7d14c3d650d8ffdd1788bbe806bafc6,Train,Varicela,True,300,168,171df43d10babfa7543dedc0b37c18461c97a37b252f6e2e37ffc74937079a10,edd22d9e96240f25,194.3648611111111
Train/Varicela/ChickenPox (175).jpg,Train/Varicela/ChickenPox (175).jpg,2911,83ec65adac0624355cacbf01561a6c29260f6d8e46abeea7c95eb39c571b3cf6,Train,Varicela,True,275,183,0414f06b0034e0ea42c119b401509b51ad7a50bd999bff9a8b3fb96bb554c261,833c46f887e007ef,177.63928464977644
Train/Varicela/ChickenPox (176).jpg,Train/Varicela/ChickenPox (176).jpg,5608,97cb4edaf91f161f93b956edaaa8c24ca89f29bf0b7be9dd8d95826eaaadca8d,Train,Varicela,True,275,183,b291d5b60e75253cc097387bc8ca26d4e50fc631dc413c42517f15b22064fb7f,97707ef12c02c99b,110.91358171882761
Train/Varicela/ChickenPox (179).jpg,Train/Varicela/ChickenPox (179).jpg,4757,796ecef448fb64c811135340e458d0b85adba1d971a88ace6d6e563f8ff81b00,Train,Varicela,True,276,183,a2281265e91368726ec2b6532437cc237b5d387c481d394b8bf873ba90f0019c,aca55378ca7ca487,179.33313534489585
Train/Varicela/ChickenPox (180).jpg,Train/Varicela/ChickenPox (180).jpg,4387,b95bc35e4f453bceb94564e65cad6492b78401c99168118415c811a589e4647d,Train,Varicela,True,318,159,78dcff1fa3f5b70e70333a20a04cac1d8782c4daed2ad8bbcb33b84859664171,e3726732b392d289,128.38408290811282
Train/Varicela/ChickenPox (184).jpg,Train/Varicela/ChickenPox (184).jpg,4222,206b3c9a642f5ed85c3933679a8ca1c2e01fb2fa85c449a4119038f31c217824,Train,Varicela,True,275,183,89010a5a238e3cd0dd0bc12d0bd80057d87de53d4ed8187c3e05ec55edbb96d0,30f6a61e3c44c7ad,129.43779433681073
Train/Varicela/ChickenPox (185).jpg,Train/Varicela/ChickenPox (185).jpg,4337,d4722911b70ba769a366f5388e505926cb7779de343fbe74e2fcf4c0d3979127,Train,Varicela,True,289,175,b44b71d8e940eb4445a2c085269c8ff8f0ee451bcfb74fa69b9faa6cc68cab44,70efc08f109f9c55,137.5557291151755
Train/Varicela/ChickenPox (186).jpg,Train/Varicela/ChickenPox (186).jpg,2848,3ee4d06c7d28bc6d2c1e772e2006af7c6a29111b680f204010917226166953fd,Train,Varicela,True,181,278,d29c18fbf3ee8159e2682a35a77ba95457e6a4254225d09c73b6baa70f69ab69,4c38e593e762994b,185.38427600461068
Train/Varicela/ChickenPox (187).jpg,Train/Varicela/ChickenPox (187).jpg,4078,47fd6f385769959d13c161384b2e5e259d7ab5fb108d670151009b9d887f6c82,Train,Varicela,True,275,183,769cc93eb2dda86498ebd90e86cf28aeaffb9b9391edf10e5eb647bf6f88dcf2,b99a922e695a7453,163.31988077496274
Train/Varicela/ChickenPox (188).jpg,Train/Varicela/ChickenPox (188).jpg,5197,d5675be2916410bc2e97ee339a8aefa9cf8014f31f64d9c958a8d339b3aba729,Train,Varicela,True,300,168,82e7a1a4893ff8bc148bf06d5ce4fc50a4c0b823e14c19deabddad6dd3b52229,d64b1e8646927ec9,163.46964285714284
Train/Varicela/ChickenPox (189).jpg,Train/Varicela/ChickenPox (189).jpg,2822,354279edb46933b31cebac22485f720f7b48d66a77b148ca34fcc7289c3d59d4,Train,Varicela,True,275,183,e02615e00fe8826d9a965342a8cd350f3e0652f1e6424da1592cded8bf92451a,0bd86444d0b99feb,177.34817685047193
Train/Varicela/ChickenPox (190).jpg,Train/Varicela/ChickenPox (190).jpg,2773,e4bbf9cae4a07ad252e93d530981b9ed577f42d187ea32751b8a454cf094e41b,Train,Varicela,True,299,168,83a53756cd2f096028cd6028d7d1e74d9d847fc4fb8edb90ff3021920b093db1,49a8b33a4d6daf81,103.9417701863354
Train/Varicela/ChickenPox (191).jpg,Train/Varicela/ChickenPox (191).jpg,2346,92dbbade36fe31602b9197b822d329479d5805e082e264a856cbf46c3ac0a12b,Train,Varicela,True,275,183,cc178c4640c7d402db5d111ce7f15612c0117dfb7beb588127c2c0f54de73f35,48ad6e54a87ad52b,136.60830601092897
Train/Varicela/ChickenPox (192).jpg,Train/Varicela/ChickenPox (192).jpg,4175,4460c729ec8cd5d82a515d2caeb668c57e4517aa53b83d6aad9fb23526d29f83,Train,Varicela,True,275,183,76efeccda0c0e30aa9eb7199831796d6638a85bb03e927921d339b311369dfaf,29a5e1a7a58605f7,200.25291604570293
Train/Varicela/ChickenPox (193).jpg,Train/Varicela/ChickenPox (193).jpg,3391,c1a2b33a34af346b70afe0a7d0e4eb43ff517181483b2a042359aeb17a76b47c,Train,Varicela,True,194,259,992abdbae5eb27821b5634550ad79cf4074606f257820efc1719291b1a9f5be0,7e2a02aa7e2a01ff,120.71926123472515
Train/Varicela/ChickenPox (194).jpg,Train/Varicela/ChickenPox (194).jpg,2645,5c7f4a283d1343f2b3fde982d5add8e7a108a82be532c10b2361dab5c77fbcdf,Train,Varicela,True,275,183,37f1d56cd9a78880ce552bf60db7f69cdaa4c7d1391fcb0ee0404aad6c65fb3c,07c2011e3ffcf1e1,107.95385991058122
Train/Varicela/ChickenPox (195).jpg,Train/Varicela/ChickenPox (195).jpg,3798,a544e4b73bf57eef5613c25b7f679bebeecccbb69775dbd2e1b0a1c7d8453348,Train,Varicela,True,258,195,295ef4c196bc0cc764047702a75f3e65c4ea07b689ecb36ec5a9e007aeefb640,f82af1ba18fea301,129.44253627509443
Train/Varicela/ChickenPox (196).jpg,Train/Varicela/ChickenPox (196).jpg,6032,52669d85c001a03eb3ea9ff4e135d453259069f1f47b8388f08b778f50805e99,Train,Varicela,True,251,201,8a9a7f9866f04050389c2edadca779ff734b2745b8a86451f49f8e392604b323,235ca3fe137c6701,135.98107074190798
Train/Varicela/ChickenPox (197).jpg,Train/Varicela/ChickenPox (197).jpg,4235,ae6688726107f9089a65a842c78f367c4854924c3ddec43ca98b279d71045928,Train,Varicela,True,271,186,4c85885cbdf21fd78d62d0c79857995c68056b46aae11e3428dfee0a48e2ffc8,251696162bdef607,151.39814704598658
Train/Varicela/ChickenPox (198).jpg,Train/Varicela/ChickenPox (198).jpg,4204,fa46bb903c6501c7c0dd3e2b718ed9780070dc329efcc779ba406846f878d4c8,Train,Varicela,True,272,185,6009f916bdf92aafb65816a95edb110123073b4e25c5a415861498cd931d028b,1e1c1c3c78fc78a9,141.64304451510333
Train/Varicela/ChickenPox (199).jpg,Train/Varicela/ChickenPox (199).jpg,2995,ca913d05e05befc28e16730a1dd88979a0c3bef986fcc9b1b900c22996499951,Train,Varicela,True,299,168,3e61d20ebbcd20def2c04151af9ef64ae8e58d8c60cfc70389bbcdbcddb7ac25,c22d5166a55a5dab,169.4788182831661
Train/Varicela/ChickenPox (200).jpg,Train/Varicela/ChickenPox (200).jpg,5740,6597adbb358f5a9ddd0b4a40e8bd3de5d7ea7d6a78eb90b2bebc90095f13e47c,Train,Varicela,True,275,183,689dead854b1eaf9a1cf1a73d8b00d9b3f5d8bcef7d81c425c04dc4b667e84af,6693ae995bc5302d,197.7895479384004
Train/Varicela/ChickenPox (201).jpg,Train/Varicela/ChickenPox (201).jpg,4913,aa3707af8dd93b12b55e7be52999f3bcbae803390f39916fd40944ad1301df2d,Train,Varicela,True,276,183,3d837c7495300558cdcda4a5b7e6f551a97ce0ba852a9b6ebaab54c7d926cf09,629de2c98c71fd03,185.78706343549536
Train/Varicela/ChickenPox (202).jpg,Train/Varicela/ChickenPox (202).jpg,4999,4b44288c398c6a92f38fe3e9a8f9b0666ff635d47e7c9e1765bf6ae76309eb0a,Train,Varicela,True,305,165,d375ff2414c98d7c876c66de375e498219751ef3800eebec3b13741a297f93d5,072e74d2b29387ad,195.27791356184798
Train/Varicela/ChickenPox (203).jpg,Train/Varicela/ChickenPox (203).jpg,3431,8a566cf6449d85033012e20ce75470e92e04f9b4cc4d306afd842412b7610f98,Train,Varicela,True,284,177,b2ea737732198a234f2fc41f7b4b7afbe64caa61c1b8f96452bfe237f8ac3835,68c6c1c68d87695f,231.23169809819368
Train/Varicela/ChickenPox (204).jpg,Train/Varicela/ChickenPox (204).jpg,4462,4591d553efeb1ee68844acccfa7186d49efae0e447e73547266ea2d294e08fc3,Train,Varicela,True,345,146,aeadee121107dbb4c092e0372e3b80904e52bffed69d6b6f08664072fe3265d6,aff8b5475554a901,140.33063331348023
Train/Varicela/ChickenPox (205).jpg,Train/Varicela/ChickenPox (205).jpg,4833,5d65433ada4c99d5f14b051ec00939f8398c6aa033af824dfc1fac30e5e6e4df,Train,Varicela,True,183,275,f4cc4fdf39122e9a55b39e955c12e0293a7ad881c841ad51976bc99cc83866b6,0aa6bc5550bd56e9,159.05124689518132
Train/Varicela/ChickenPox (207).jpg,Train/Varicela/ChickenPox (207).jpg,2690,1db99a3cfccb90b81d44aff30248dc579ee22568f9483f346bff39f3ef0e1f92,Train,Varicela,True,318,159,75ef2903f6e92f9dc4e164114ee6c132ff5aab2337aea636be587cbf07d4ad3c,4968b7724deb23a1,102.06498951781971
Train/Varicela/ChickenPox (208).jpg,Train/Varicela/ChickenPox (208).jpg,3521,fb194b8c8f92928b1813e7bd6acce584ae8f565edaf81fe0b7d50c5a172a29a5,Train,Varicela,True,257,196,23c25a27cab64810ff703ad09e8a3e666f56d0e83ba90dfd35b037fc3f88fc21,855f80bf60fec381,125.33449138410228
Train/Varicela/ChickenPox (209).jpg,Train/Varicela/ChickenPox (209).jpg,5227,ba384f1d040ac05ab7845ad7f481fa884de6f55e37c226ed5fbbade78d4ed78a,Train,Varicela,True,275,183,39b6c081f06cc362662766fa49c1cc5ec448f7133c09e883d5eca65087144de2,861e343475b6cea9,135.09420765027323
Train/Varicela/ChickenPox (210).jpg,Train/Varicela/ChickenPox (210).jpg,3400,2b05d9cce53d4d02186e3405708e660dff5c9ab3e7fd98f196c25e8abc3647eb,Train,Varicela,True,299,169,51e5fc731b96ef63d205a3ea2003d7d3c167ef3c1cbe439387dfeb9a6545dea3,7c719a4304eaf45d,139.919158536344
Train/Varicela/ChickenPox (211).jpg,Train/Varicela/ChickenPox (211).jpg,3176,1d2398f3b07309d7b5b409e5e8a0dec2536cb3a8d7d31bce092b48a262a91b23,Train,Varicela,True,225,225,385650888e374cfdcd65ac64147227ee6c27d4d4fde8a3855972dcff6324666f,bcd211a0adf656a3,80.64592592592592
Train/Varicela/ChickenPox (212).jpg,Train/Varicela/ChickenPox (212).jpg,4650,b10b2e133c008a79f313b564d2ad2623f5df5686f31a69ca4036b17ad5035f02,Train,Varicela,True,300,168,18edfcd45878ad91084ae4e403eb53c46489c558b8e5472a644aceca4ede5fca,5d092d8f2616deb1,119.75440476190477
Train/Varicela/ChickenPox (213).jpg,Train/Varicela/ChickenPox (213).jpg,2781,f820ca5d8d0d4c0b7a678f4995b5079b8d8ed6b18d7722ab9f51f2ca2c742933,Train,Varicela,True,275,183,fbfceb2e31cebc15a319a30065636b514e66871638d39cd66cfd5681ea5fd01f,9804eafbfea170a1,161.84635866865375
Train/Varicela/ChickenPox (214).jpg,Train/Varicela/ChickenPox (214).jpg,1979,80c3aecc8a265ce5e9421c07162526e2b46fdab9c66b7808727e26e1bd4b356d,Train,Varicela,True,276,183,d20c7266287369f97468a6f082a96d37ea643ccfe08c079b88c260fabb8ebe52,315ced92811eedc9,181.25401916528074
Train/Varicela/ChickenPox (215).jpg,Train/Varicela/ChickenPox (215).jpg,3815,146b6a89b6a94248c99380a9723f35247532f762bb4ec16b41daffd0ae91a7ac,Train,Varicela,True,299,168,46418b8a9a05dad9504ec6bb9bbe84b853bbefba5f3f7bcace4ee6e788fd92b5,728e89c3e4a1f971,168.15390587673195
Train/Varicela/ChickenPox (216).jpg,Train/Varicela/ChickenPox (216).jpg,4408,d072078823942e40322b98b7c54df2af65e35585a480803244d5e2a477efc794,Train,Varicela,True,252,200,b4b12e75b72d9c19d265f486abba7f2fc6027129988bbbc94caec3e184aaf6ba,a890aa122cd4fcff,156.70464285714286
Train/Varicela/ChickenPox (217).jpg,Train/Varicela/ChickenPox (217).jpg,2649,355b86fe0546a6c7c44dc5f844f2187b7647b3b91a9eb312df526e38817c6aa9,Train,Varicela,True,275,183,1be9ccaed68bfffea44ca2f2a8abb913fba486262b9e002fb58f460f7bb6f681,0bd86404f0b99feb,177.345434674615
Train/Varicela/ChickenPox (218).jpg,Train/Varicela/ChickenPox (218).jpg,5622,731ad58944f05b0b3a310dd755a47dd3caf5c5d5089b9b0c2ea06cccb4343b2f,Train,Varicela,True,188,268,fed1c1071bd1967685274be95c07a4242b6094471e5a300330723bf599423a5f,1c0e87cd88f87e71,146.18823436011434
Train/Varicela/ChickenPox (219).jpg,Train/Varicela/ChickenPox (219).jpg,4310,4a512d8231bcf96f7557219bcf05a360f65b31d4caab11cd871ff56ab637107c,Train,Varicela,True,225,224,24862a15d50dcb80886c7b0276a6ddd9ae22b9a78700da5c0f882129e9bbfaa7,fba03336faf2c081,131.5506150793651
Train/Varicela/ChickenPox (220).jpg,Train/Varicela/ChickenPox (220).jpg,5161,6dfc3a7cbc6144451866161456da6eb493be3aa3b727bff6d58fc32e8702aea9,Train,Varicela,True,217,232,752f2f17a02f1e31d47a6255a8e9aa1fb66d48dae65209f69970d6b608e31440,334aad0d4ad54bab,167.85761957730813
Train/Varicela/ChickenPox (221).jpg,Train/Varicela/ChickenPox (221).jpg,3176,a775238d714f8bf621fe67cb77fc6aaab4036663f8c32941ecaae9a20eca65a4,Train,Varicela,True,265,190,8e74ba74942d0e6ee9d28558c6a1705cacc38165f6d2dfe9e8d470db831c7ed3,51e3a54b6315b52b,110.07771598808341
Train/Varicela/ChickenPox (222).jpg,Train/Varicela/ChickenPox (222).jpg,4046,7ec513530b88a7b762634b29c60c1c989ddf46b33a04a64c1be8ed98c81678ac,Train,Varicela,True,275,183,f018f6372b6687dfb3a2fbd2442cfc5856217bc914940041b447f21a2dded990,8c265c399336c3f3,62.901500248385496
Train/Varicela/ChickenPox (223).jpg,Train/Varicela/ChickenPox (223).jpg,2301,fc72b505414b647075ed54316135b002eca3cff216875fa50be520c87e0863af,Train,Varicela,True,450,112,c5a8bfb76ad2b594e015cb678d7ba5749878a483fd79401f63a1cf813ee4bced,3a90a6f6965243eb,190.47369047619048
Train/Varicela/ChickenPox (224).jpg,Train/Varicela/ChickenPox (224).jpg,4898,1b72eac42fde9ce1b1ea2d8e8de348fb8ca3855a01b132ccacd24689075c4139,Train,Varicela,True,195,259,4b824a23462ef058b02214c8ea09597046007477762877ef6e980398d10b99c9,47e4bbc536ceb021,178.67135927135928
Train/Varicela/ChickenPox (225).jpg,Train/Varicela/ChickenPox (225).jpg,6468,a8f785e3dfe07dd504dfe4c508ef1daffde05c5bf3e9fa3ae4f0379ca9e28bcd,Train,Varicela,True,225,225,d1f773495a0a0c605b1fa82ad34aa9aab7a3aae8f9cf975465d666959f95b6d0,ee583a25b93521d3,123.5407012345679
Train/Varicela/ChickenPox (226).jpg,Train/Varicela/ChickenPox (226).jpg,5437,1f6c2e4d191c0f327b948a8dc5c60fbdef2e8f9de32d05e5db3c329c220a4b42,Train,Varicela,True,279,181,888be4410882dcf96f41b56ba3a62037893108a384ba57f2ebef7d075cea3443,8d5adb7360262d1d,181.81007544703854
Train/Varicela/ChickenPox (227).jpg,Train/Varicela/ChickenPox (227).jpg,3535,233085a58296984b46bca509e1c679a74dd1b88c184f08d87990fda88e7820b8,Train,Varicela,True,271,186,ef316419909e4d4b5c845b45de07b3eef8f62dad07d7b3026033f48a533714dc,dcdef63239f8c001,175.6412927032496
Train/Varicela/ChickenPox (228).jpg,Train/Varicela/ChickenPox (228).jpg,6030,9cdcb13a1735e0a8415b94d690cd1943031581d0478f44cce0ccf2394369c7a0,Train,Varicela,True,256,171,e552584431d51476e5e487c52534f948a3aa5b6ea0e10f4a1686f718d9ae1751,38397a34f95865e1,123.6764437134503
Train/Varicela/ChickenPox (229).jpg,Train/Varicela/ChickenPox (229).jpg,5210,b4fdf3d3b4d4961e63514c20a4eaca2521f8023207458011a613a180cd13d04e,Train,Varicela,True,225,225,94070a53dfe8c87b88f943e8f937ea2e6d4ccd16cbcfcd7cf8dc4ed67360d138,f4b7d64e80296c65,178.90330864197531
Train/Varicela/ChickenPox (230).jpg,Train/Varicela/ChickenPox (230).jpg,3144,dc0db6943d1cf1647ad167750c720870e9ea4ef4aa42ee91ed36cdf96ef2e6af,Train,Varicela,True,273,185,3b4250dff84b41b2cf629a44255bd0d9ac619734ae65cd74a136ad4d59ec4eca,35362fc0c9fa3b21,158.93648153648152
Train/Varicela/ChickenPox (231).jpg,Train/Varicela/ChickenPox (231).jpg,3469,1ae56334bec8964d15cfd56cfa6094179b12875f9e870b8ef39198e3ca8e6606,Train,Varicela,True,213,237,6f31e5e8989f0e2727a73a4f8c2888f4b9009bba35295e1ea60c8d6a94dd02a7,46d2d757d7145603,195.06398446940432
Train/Varicela/ChickenPox (232).jpg,Train/Varicela/ChickenPox (232).jpg,7092,12d07dea7e23437a95e8431015b187a067b57da1a096574d11afcf9571966d3d,Train,Varicela,True,275,183,b7e0cd002b82f33d5362db5a0a60710628bf71ec6698cd81dc52f092b256d800,0c708c2b1b1ff9e3,170.57547938400398
Train/Varicela/ChickenPox (233).jpg,Train/Varicela/ChickenPox (233).jpg,3393,6dc8353fead1a869ea038e8d418b9677058eeb518c77d5670e2dc3623edc50f9,Train,Varicela,True,278,181,a90b6e8f46224ddce2f28d246c6843bdc8d6c5501b87a825fd05ac2f622196c9,954d8f4a073a5fa1,144.6067013792281
Train/Varicela/ChickenPox (234).jpg,Train/Varicela/ChickenPox (234).jpg,2801,600822bf5c594931ccb52863f2af6bcbfd7b004dd9e282c3938b7b6fe0f3aa63,Train,Varicela,True,275,183,8b128292cf125b7a16dd780caa78ff6fa1b28e8a6629f7c5d5e5a940fd3e8072,4d8699672699d175,108.53367113760557
Train/Varicela/ChickenPox (235).jpg,Train/Varicela/ChickenPox (235).jpg,4259,4fa9fde63b0ced0fe0dabe6313a604a2c476f41ca91ceb87c93ce8797476b02a,Train,Varicela,True,277,182,cf2d9848df8fc5f67c509c1bc002728e57c10dfed26ef7ac1740879845e9fbfc,49fe1093b618d3ab,187.0675010909668
Train/Varicela/ChickenPox (236).jpg,Train/Varicela/ChickenPox (236).jpg,2884,3b3b0ea75e1d9e9ab13db12ba7334eba330f8fee949747b112cae1490a78ca1a,Train,Varicela,True,300,168,a39582ca1441c0643a30adf715cfa069309614fd660c59b009653fb10a7dc3b8,b5e96f16150ae271,148.3855357142857
Train/Varicela/ChickenPox (237).jpg,Train/Varicela/ChickenPox (237).jpg,2229,c6066e75d7610c7312ae45315f8b74c2970dc10295df59ba5ec548263c25feff,Train,Varicela,True,202,249,07934986b56d75afad9a904fda793503f696d6e0b8e20f0cdc9c2f23cfbddfae,ca4bb6b6dc4e8095,167.49286253926599
Train/Varicela/ChickenPox (238).jpg,Train/Varicela/ChickenPox (238).jpg,3205,ae8c76b61e6ff7f46b1c2de78506e6e9c4ad311d7c1c424dcf4287ad8a40ca87,Train,Varicela,True,221,228,f2b2e322cd6ca651f68c04ce3c9c82e69b8fd54b2a31777aa83926585aedf0ba,0019de9b223ffbc1,109.90154401841708
Train/Varicela/ChickenPox (239).jpg,Train/Varicela/ChickenPox (239).jpg,4833,a4d84520aac3c6d5ebeaba22d24d98d956ed45466ddf5859631e931d1ba09651,Train,Varicela,True,290,174,7da00207685835e299fff79cfbe31b639a64f8b0489905078c1cdea5205f70e9,b25aa9993ae744a9,115.49904875148633
Train/Varicela/ChickenPox (240).jpg,Train/Varicela/ChickenPox (240).jpg,2988,8c6a1354cc6a53c6f67ee4943e3595ca734bd2af37f9b5310897f6d51c564638,Train,Varicela,True,275,183,9bbfd8947c804f1a8b70774793751bbd4f851831c83feb63d604328010fff298,fb85767680d8a323,158.7725782414307
Train/Varicela/ChickenPox (241).jpg,Train/Varicela/ChickenPox (241).jpg,7498,fa6b30a8f183e5cfc5389b8324bb736de26c027ad366096852f15267f4cbe7d6,Train,Varicela,True,168,299,24475b2a03d65cf7fd8b7ee5f9891d8cdb46cacbc907464d70a368a7711f2059,8f055566ce46c7a9,118.5642618251314
Train/Varicela/ChickenPox (242).jpg,Train/Varicela/ChickenPox (242).jpg,4521,b194c9bb71d443830263f470d2a84f4083c0dbca2b35f401165ce0f5e57ffb60,Train,Varicela,True,183,275,8b19e2db62d58e60971a8def7768b23e29f6749ae5833eb4fe737ff1ee52192b,484aca6ac6bc373b,155.6532737208147
Train/Varicela/ChickenPox (243).jpg,Train/Varicela/ChickenPox (243).jpg,2833,c42d474b29105ecb05792bad9ba9b6ee6e7c2ce921ec8e8cd97c9b6ab27df100,Train,Varicela,True,258,195,da2d82f74644c0a5ca35b1087828d0cea8849b4e74c523c967fd86425e8a1080,cfb217cc633209cd,177.7123037169549
Train/Varicela/ChickenPox (244).jpg,Train/Varicela/ChickenPox (244).jpg,2988,8c6a1354cc6a53c6f67ee4943e3595ca734bd2af37f9b5310897f6d51c564638,Train,Varicela,True,275,183,9bbfd8947c804f1a8b70774793751bbd4f851831c83feb63d604328010fff298,fb85767680d8a323,158.7725782414307
Train/Varicela/ChickenPox (245).jpg,Train/Varicela/ChickenPox (245).jpg,3455,fe919c14345e153f80e6039ab6e96e20b0e37bbb5c323c4b8abe664c64438167,Train,Varicela,True,259,194,bbf4c94e47bb9edac0ddba910f076fde5511b9aec34efb292aa052e170ffe58c,2aaabbab494d9923,178.12763205031246
Train/Varicela/ChickenPox (246).jpg,Train/Varicela/ChickenPox (246).jpg,4082,3ecea3ae623af5adbf20717f02e95faf683fca18724af3e2d6eeb03e9bd5cf98,Train,Varicela,True,300,168,fe1dff3aa9f9b2a36b48dbd099e83fbaddfe4fb785ed0aef0416e962a3952b17,c6234af65a767521,90.58916666666667
Train/Varicela/ChickenPox (247).jpg,Train/Varicela/ChickenPox (247).jpg,3256,2aedb4a1d5da61fa8d6a7356fa7aac38b7b19a6bd6b4ab4e796f67fc37a34766,Train,Varicela,True,265,190,d0ed28d98ff20c8123ec23a9b19e7fd335d0f619858fe6a4c0bbf61bd8749bf6,9fdc090c2f74f0c3,111.56150943396226
Train/Varicela/ChickenPox (248).jpg,Train/Varicela/ChickenPox (248).jpg,4317,5dbac34044d0fe5c7ef6a414969ef493cffbcd8fcfe28e4ee09f2385e31e4614,Train,Varicela,True,274,184,3acfb254fe3e7c6f9b4503d77bee841f309be31d9830bae89b089fca15cd09fd,e40ba40bf6bd5349,149.31476118692478
Train/Varicela/ChickenPox (249).jpg,Train/Varicela/ChickenPox (249).jpg,2495,df540a5c5950ada1245454e30d90493eef92b3511327be5f85fed380d5a4db63,Train,Varicela,True,276,183,173f93735060e199e3e24f4f2de316ae12fade21b1377eeb190df6ef226695ef,6bb8dd8a13166789,188.29256751405717
Train/Varicela/ChickenPox (250).jpg,Train/Varicela/ChickenPox (250).jpg,2765,96cc8cfd686c5a2d303878a44b5487a767ee6a9c987aaf3417fb77c184096191,Train,Varicela,True,290,174,09f531de7be7a404d8ff98e6a36272649ebb250bc09163759f44a02c643cc8d0,e3199295bdf24f01,126.75830360681728
Train/Varicela/ChickenPox (251).jpg,Train/Varicela/ChickenPox (251).jpg,3786,87d9dc524fc8c56b98eb92dc3564e19be65af034af46ee1b0cc925d7b7126c93,Train,Varicela,True,281,179,51f6ecdc8fb7770902d51fbc81b96a4d47a19b37afd792266d618345c2b4f456,9fbd3d111d718107,137.81771009364004
Train/Varicela/ChickenPox (252).jpg,Train/Varicela/ChickenPox (252).jpg,5419,cdfa9060ece2c04833bc6036e4e92b19963190690e29e293de53a5cd23c42796,Train,Varicela,True,259,194,abaf5fcd2d81b3341f4d6a19d5b4c845633c842f041e1069dd352f33a1507725,e620c66c5eb4b8d3,103.68256179596386
Train/Varicela/ChickenPox (253).jpg,Train/Varicela/ChickenPox (253).jpg,3581,195caf34dbdb7b034c74d916046e143d77aba440825705c17ffecf6e1b11a3cc,Train,Varicela,True,275,183,5339a95574932d3f402028aefed3a5cb389325568ce50021111fbd5086c9693f,30a6a7c7d6d8ca29,162.39709885742673
Train/Varicela/ChickenPox (254).jpg,Train/Varicela/ChickenPox (254).jpg,3463,3f265c2831d705a18cd405567112c927b41fb45e0656bb3f7d7e3debe4a2f8b9,Train,Varicela,True,279,180,1ff6380ebab2c9afbda589c21b72ff8889d92f7c6e26ebb3d31ec7f3bd07b445,c34b0e3d3d30f507,145.5099960175229
Train/Varicela/ChickenPox (255).jpg,Train/Varicela/ChickenPox (255).jpg,2749,0a69d19f5d59c1abf3efe12aa659862ce622a5144742d77e62ea76e48e6a210e,Train,Varicela,True,275,183,459a0a67da2cb9275b2fa2de35e9b8a53edaf0f9b1f4a39b00cfb3fa2e86dcb3,ded8080c3f76f0c3,121.33897665176353
Train/Varicela/ChickenPox (256).jpg,Train/Varicela/ChickenPox (256).jpg,7016,eb85eeb88f7c7ee2c6f748fcac1e5163dfea0439b673278834dfd780510a70c7,Train,Varicela,True,256,197,e5e758aca4873189508c64d1b59bd077d1ae4a31251dd89489eb8e75196b3aec,38b01d0c9c3c7b7b,104.65523873730965
Train/Varicela/ChickenPox (257).jpg,Train/Varicela/ChickenPox (257).jpg,1336,af72836da1c09b2f8974f8c1b3b90c9bf158812c6f514a60894016f7901b1a68,Train,Varicela,True,100,100,3fa55b94e52f5f015d455c32839a42f00d8cacaf488fede2e99c55d7be5c62dc,faeae0fae0e0e181,186.1101
Train/Varicela/ChickenPox (258).jpg,Train/Varicela/ChickenPox (258).jpg,3821,9581aa9cfe538265ddeece04960ed086746d2f060e666a76ac2a0f6b844d4aa1,Train,Varicela,True,275,183,5b6f5636d902dbd3891e654848284b4376b0dac6fd0cddeec9a3b6955814f6e7,136270787a4adfa3,151.25462493790363
Train/Varicela/ChickenPox (259).jpg,Train/Varicela/ChickenPox (259).jpg,2906,7b6f9b0a4ba80819da18045f8d35f126ecc74e758a25ce4b4ecfd7d5230d1b14,Train,Varicela,True,259,194,8e545959a2dbfc7fc30e457695d5694e003904966d33b310fc811bc0d6b9150d,d4e5b41495e2f0f1,144.17625283604664
Train/Varicela/ChickenPox (260).jpg,Train/Varicela/ChickenPox (260).jpg,2224,70bc77f2d6e690b6ff01243bc1c16d614a41c07dc49a81d5f30b7736367905e5,Train,Varicela,True,274,184,4c1acb1f8d0668175bf95bb4f7ef14c9f270b4984903e268698edf54922b7e45,48adea54a17ad52b,137.17952634084418
Train/Varicela/ChickenPox (261).jpg,Train/Varicela/ChickenPox (261).jpg,4774,ef78f2cc0952b65877b9545ca486d82fe0afc5f60d34f8aba2ee9214875b222e,Train,Varicela,True,277,182,dd9f8bc965622b1863906dfd7314283613d41335035ccacad2801dfeb62decbb,7b1079107f76e1c1,168.55397310270956
Train/Varicela/ChickenPox (262).jpg,Train/Varicela/ChickenPox (262).jpg,2268,743fb995532862be8ee598b05a417d84916498c470d6b38c3a6338dec4d62880,Train,Varicela,True,275,183,6972c38238e40018077a541411f6e429a34954f2328cd5942b43ca6a44cc2031,abb8dc8a131667c9,188.43272727272728
Train/Varicela/ChickenPox (263).jpg,Train/Varicela/ChickenPox (263).jpg,4669,b727c0558cb17de042f0efa36400f9cceb2a7a16790b4251457eb2fd4e1ae788,Train,Varicela,True,259,194,ab323b02f0ad0fa1fea7f9b1d5aaecda5af99abffc9dc7b5a742d10698c82f45,4cccf4b4f4044bf3,123.46186761135215
Train/Varicela/ChickenPox (264).jpg,Train/Varicela/ChickenPox (264).jpg,2663,739c4864f1bd5626302f951efb9fd3412050369dbb751d360acd868f259f0069,Train,Varicela,True,275,183,5f3d7d3e9b4d71e78e3394bb5c89eac95ddd8d95379f9aa9597a99c262f4ffa8,a952a59a756ab50b,144.8972876304024
Train/Varicela/ChickenPox (265).jpg,Train/Varicela/ChickenPox (265).jpg,3442,dbfd0624af5d9fc0161fb5b01f9838311e852887bc60631a8047e8fc4e29b72f,Train,Varicela,True,310,163,aa154798ad9e35ce4c49838923ca26d64a95c72dbcb93b21ee9c2466cec756fe,1b2068d8ee4edda3,155.94628933306947
Train/Varicela/ChickenPox (266).jpg,Train/Varicela/ChickenPox (266).jpg,2898,0f153d7f188d38e75c36e6a4f04846a377f8111f15b5beb13c9fc914e2fade54,Train,Varicela,True,278,182,6fe9fef64afff17372d7634a85ec011b0f3126638d074dd1f52a6c21fd7d1dca,d8b8f88a6ec2526b,197.38408174559254
Train/Varicela/ChickenPox (267).jpg,Train/Varicela/ChickenPox (267).jpg,2798,9221c046a88f4bb47cd9691b57f1984d138f2bbcc0bf17df82e5823f453b43c4,Train,Varicela,True,266,190,a5343ccd94c3d82c43b46109dfdf4d3cd580c06cb02de2f51cc8bc4202b1265f,9c7626f43c867f01,177.88694103680254
Train/Varicela/ChickenPox (268).jpg,Train/Varicela/ChickenPox (268).jpg,4370,b295f68ce29e23ddf27ebc061b1421e1d1d14641ef1d1f76cabdf20f5350d80a,Train,Varicela,True,275,183,646832e4b207e13ee0f1d70e7113c586aa1e4483f4240f76e2233a7559a16d82,521a092dadf872f9,153.90336810730253
Train/Varicela/ChickenPox (269).jpg,Train/Varicela/ChickenPox (269).jpg,3313,157f9a97d92374c89c1a71802a927d1b540e64765b1b3d5b4ae81e3df390eb30,Train,Varicela,True,183,275,5213d6354ae120432e548990dcfc699534555daba526d549ccfdf6fa59ef2d5b,dc0351f649bea741,168.83300546448086
Train/Varicela/ChickenPox (27).jpg,Train/Varicela/ChickenPox (27).jpg,39168,6df178c7d6b21a354be2cc76206617ebf178fe1c8cbc5c28b9de535524412c8e,Train,Varicela,True,700,697,9203fc96b954304a28b7c5f8ae56c43e744c824d1b3b4dcd048444342c824e99,9daddd54d4bc8a01,207.60928468948555
Train/Varicela/ChickenPox (27).png,Train/Varicela/ChickenPox (27).png,96099,d2d8462e48c0d7cad743caca97c17ad943bbcc8146e28fa1b394f1c47e619a91,Train,Varicela,True,224,224,75c0a948881d8bb73bd6c0fb805d322d74680c2780b88350ee6f09ecc1ea4a01,d3422d05e9b569cb,173.47540656887756
Train/Varicela/ChickenPox (270).jpg,Train/Varicela/ChickenPox (270).jpg,2565,928ac2bb764df5c94366c96086cde6e10b414012459be9b6c194fb5cb7f12bb0,Train,Varicela,True,284,177,ffcb7e55172eb61216376e40d4099e226d01f81f79e749cdf5656b691234cdb4,09f86444f8999f6b,176.63147529243255
Train/Varicela/ChickenPox (272).jpg,Train/Varicela/ChickenPox (272).jpg,3163,34505f3d8d1227b8d043f45c602265a84d7f52e23facbde314ec3ac9ef786a1e,Train,Varicela,True,231,218,8dfac331d948db71db6f9bd0f519c25adcbdff1f8bc05dbb2af23ecf7974e591,59f08b1a71c2dd99,208.1933555740895
Train/Varicela/ChickenPox (273).jpg,Train/Varicela/ChickenPox (273).jpg,4073,7a67927e624bd64f0a485f2281f1c5a92ce0113cedba6f9231f4366fd017e259,Train,Varicela,True,259,194,fdc42b6c6e5ed74e0eed86d0915ab170b7579d56a9af56e34f99618e60059b62,ce336acc99326665,163.49512398996936
Train/Varicela/ChickenPox (274).jpg,Train/Varicela/ChickenPox (274).jpg,150723,2ad02d5c3bf4fc397c415d4af2adde40264751f740165645fd874f434c0837f4,Train,Varicela,True,1088,1600,b294460f18ed38b75f4d19f0535ee1052308ecb1a7659357d19afe1ec5d5ae27,f4f0f0e0f250f0ab,155.43228975183823
Train/Varicela/ChickenPox (275).jpg,Train/Varicela/ChickenPox (275).jpg,78228,f4409491440f0a5eb68de87a6ede695cf148ae927265c77e50e7f8406a027c50,Train,Varicela,True,928,628,5fe1d39af0612b9645fd397d76b0694a7a269e6a63380d968dbd87974b22eb4a,35362fc0c9fa3b21,158.9380576680211
Train/Varicela/ChickenPox (276).jpg,Train/Varicela/ChickenPox (276).jpg,33936,54ebdfbde8936f9671156cef4606fbf01c00ea29bab618c6aa3168d5e8ec5294,Train,Varicela,True,600,450,2f28195a7079a5ea3964db719fdb6a4240b049ead8c7c18722fdd66cc7effac2,3332266e6e706aab,148.48121111111112
Train/Varicela/ChickenPox (278).jpg,Train/Varicela/ChickenPox (278).jpg,468878,6dcb92f87fc1944f2777365c53864f25a2dbc3604f17e5f87a3ee5dc0b843c4b,Train,Varicela,True,2038,1536,65bcbaae592e2491d30b3dab8ee5298c5ca68f6bad41f48ee6fbd915ac000cb2,f3d6f0b4347c4503,157.30430767245258
Train/Varicela/ChickenPox (279).jpg,Train/Varicela/ChickenPox (279).jpg,12960,ff707f118274a4aa749254cb2471430c147ce0c81d526a8325d48c05a887ade0,Train,Varicela,True,493,335,7caa1819048eec9db43e90da114b2d86a9e326df5436b99d62e6a24cdb2d3a44,1e1c1c3c78fc78a9,141.55716750930944
Train/Varicela/ChickenPox (28).jpg,Train/Varicela/ChickenPox (28).jpg,37557,b1a4519c729cfa9f8034b7f46519565201c0467ec933042384079ae7cce66240,Train,Varicela,True,670,625,266e57726c175aff6bcf60b65a5d56a6a457229b7e82e8ff02e6cbac4f71e5a7,a56711bf61bf5401,197.0617504477612
Train/Varicela/ChickenPox (28).png,Train/Varicela/ChickenPox (28).png,66593,b03b53ef3bec703f86f1df4946128ce58e26afcb33bc8e830b433cbb66114161,Train,Varicela,True,224,224,3eeaaa945d43cc23255b549f0c9bafd2f545394fd9dd79b543d86409e61963fa,7ba95172a3a28d0f,187.84582270408163
Train/Varicela/ChickenPox (280).jpg,Train/Varicela/ChickenPox (280).jpg,7232,a8c75f7c678778b90f2023bb4b4a0f5e678d252f2bb344ff02eb17200002769b,Train,Varicela,True,480,357,cba90f13127e6b0982c6a263303b40e914521ae6f727709ad9561031ef308a93,2a559a56ec58b347,139.1937908496732
Train/Varicela/ChickenPox (281).jpg,Train/Varicela/ChickenPox (281).jpg,316486,0859b73e81ad47190909fb97a54b4881fda5ed4ecd9e201450d0fe3aa31eb0ea,Train,Varicela,True,474,374,b406aee441ab00940d93c3afb4c9019455c8636869b112aad9dee16213ef9c82,cbf486b66684fc09,112.66100318147973
Train/Varicela/ChickenPox (282).jpg,Train/Varicela/ChickenPox (282).jpg,192591,528023ca22b3c763d8bfc61dc6596786a14b0b1932af308116c609e5a678bd93,Train,Varicela,True,1600,1071,ddfa07bfbc621f5d599078b5ec30202bd332fa551b368e9be9b5c9f5553feeef,b74ef93e8f00c521,210.91684990662932
Train/Varicela/ChickenPox (283).jpg,Train/Varicela/ChickenPox (283).jpg,17439,09365cf32c7ebc86058da84f534e8614e455acec2c7683c657f27ec5707462e3,Train,Varicela,True,675,365,e54c18620ba3f53665ed1aae435257df4124b549a8fb2cebd744c3694f92991d,072e74d2b29387ad,195.3216194824962
Train/Varicela/ChickenPox (284).jpg,Train/Varicela/ChickenPox (284).jpg,47430,e942f2004b8c2b32bb7a531aed53da72e32b722bea2d04059d368afcc029b0de,Train,Varicela,True,632,472,1ae528e148821c12c14ca12f595ca420e630bdd2db57c7ffd899418fb8efc287,78b50a077ec6a539,136.13820129800473
Train/Varicela/ChickenPox (33).jpg,Train/Varicela/ChickenPox (33).jpg,54052,fdb00428cd7d8c97e22bbce475da7c93054c03a5213b05b6e76b515f7076b8d6,Train,Varicela,True,524,494,4778637db7801dd7854033577b671a1628ddda533b785dc3e3198093b3e0bd72,e11f4d0b0ed492f5,114.01951664245759
Train/Varicela/ChickenPox (33).png,Train/Varicela/ChickenPox (33).png,72709,0f55f7caa677b22a5a3be821da1622e11d848753f25e508b56642060fc6d8be2,Train,Varicela,True,224,224,b27a9e9d8ee01afcce411164ed2b223c2145a61db31b22e1452813764c5f6e69,24646d7b795ab443,183.62436224489795
Train/Varicela/ChickenPox (34).jpg,Train/Varicela/ChickenPox (34).jpg,21641,d62e2971d4541a3e28734ef30ebc500cd772a34dbd37ed80438959705d1ef01d,Train,Varicela,True,590,567,7c663a92d5b99f38e13255aed936910a34b4def6b993209a430c6b402e3870f4,5e21daab14efa911,172.9647983738379
Train/Varicela/ChickenPox (34).png,Train/Varicela/ChickenPox (34).png,54207,8aa0c3fbb114d5171f0d10e5fc2118ff91340a4eb4ec6889c64aa1a2c5c2aedf,Train,Varicela,True,224,224,3b42e00feb196736c3fc4523f5f22a73e8eb2a66072165948e93154903d19dda,19598d8c4e966eb3,171.54526068239795
Train/Varicela/ChickenPox (39).jpg,Train/Varicela/ChickenPox (39).jpg,32269,5baa8e8cdf2d4748158eafedc4ecaa02a5b6fe324cd22e14f11a1a1a349299f2,Train,Varicela,True,734,483,b46f01afbb41ac078f5443be4a806a1ea4125df2969d74984f2249b91b8d0f50,e56697ae19994067,195.80196433507652
Train/Varicela/ChickenPox (39).png,Train/Varicela/ChickenPox (39).png,57428,1bc9e4e03768ed6acc91467d4e7f6ebb06ee92afc54b3b7be64cd9173da6b677,Train,Varicela,True,224,224,1ce410c4b97be14961db9f8e735f657960e8221802fdd5f6a7e6940d285b779d,ad1856d4a5a9f88d,213.388671875
Train/Varicela/ChickenPox (40).jpg,Train/Varicela/ChickenPox (40).jpg,50969,992c9542f5ced41b9ecdd7a8253441da060fbd539e65e95a4aaa2d21648dc3c2,Train,Varicela,True,734,493,d223608cda42068f2a4a8464ef4f1988aae3b30552827012a75cccc133cf52dd,5b36e0d8371ed341,148.4877107847743
Train/Varicela/ChickenPox (40).png,Train/Varicela/ChickenPox (40).png,82081,30baf19a0f88aa3bf0f1c4b87e3a5624a5cdd564f1e2ae722231448dd7a45a8d,Train,Varicela,True,224,224,850484aca0797c76db4575bc5ad60be22f8c307e4bcc3a3aed304ab734f223d2,802aa45ce8ec4eff,138.67032047193877
Train/Varicela/ChickenPox (45).jpg,Train/Varicela/ChickenPox (45).jpg,81388,e751c931cef70cd4f646899f7748727df3eb2b53b5e14d4dfe9e81221d180cbe,Train,Varicela,True,734,481,61f9cc7f94d4cda0ffdbf2adf1202ef166c718ca9829a511a0f433a06a9ad6e9,b8ccffb0688813cd,151.9473451653288
Train/Varicela/ChickenPox (45).png,Train/Varicela/ChickenPox (45).png,76705,067ba39eee5f0c7bbf675e20e7ae8643de25c6f3752623503a15a746ffbd4ca4,Train,Varicela,True,224,224,3aec6d1ba450262266fbcdb6717a83eceba77b4a4089b1a0a6fde4f515c9d936,868939837b68c5bb,169.3703164859694
Train/Varicela/ChickenPox (46).jpg,Train/Varicela/ChickenPox (46).jpg,57765,8ce159c1cb5a99c69e98bcfdfe9e1229deeea2212ae28a5642850c74479a18d2,Train,Varicela,True,734,485,f987b90c1734f6c008149e27a5e0336e03ba7a8eb670b97f22b33febff7c94d1,31d6e63b98c37885,116.66848506980533
Train/Varicela/ChickenPox (46).png,Train/Varicela/ChickenPox (46).png,96278,ec687d34978a9fc961600b4f3b2ed8e6bd9405c7d893dd26366ce97bd91a4b21,Train,Varicela,True,224,224,260c06308057a4b971750f89e8f0609ab91c9ef2f46216eba9ff7cc4a57a2766,3870e7ad6981315f,173.0525350765306
Train/Varicela/ChickenPox (51).jpg,Train/Varicela/ChickenPox (51).jpg,54282,97f1efc7cc630064bc8deaaab49a5f842aa7d4799b9723dd6de661f27d652c7d,Train,Varicela,True,734,493,bf439bbefe7b5a52bc273012038f40b693013bd5cfa39a097b0b5a45070f94ce,5ac538c5b85ad43b,135.0638475440914
Train/Varicela/ChickenPox (51).png,Train/Varicela/ChickenPox (51).png,71040,d4b4fb60d2805ad3b3fc023f05562d66ec0a59566e8259eb2835ba848365c6c9,Train,Varicela,True,224,224,f8fef4807d865c79c59ed6f8e8d3d1f0143000a4a944132c5191e238e9b11cd6,36e956a972cee901,183.43209901147958
Train/Varicela/ChickenPox (52).jpg,Train/Varicela/ChickenPox (52).jpg,62301,d44d3b39340334c6f04bf5ebb993778ce8205ea7aa3172ec0a5ee8f9497c38c1,Train,Varicela,True,734,501,eb9fa9d2c3e6ed8e9ae9ad04d33570d1e2c874e40e994f2ef434d1c08aa599e7,04b133cbce3bb8c5,123.20771807882872
Train/Varicela/ChickenPox (52).png,Train/Varicela/ChickenPox (52).png,57944,38d23f7848f84b4d9a0f02921c373239c3c33d8b245e350c514b0d0b3958b09d,Train,Varicela,True,224,224,3fe3c86331bfecc314cbe363d8526dd4b66c9aadd77c3a0bd961b77ed0c3ba5c,e666e45cdc58ac89,165.38891103316325
Train/Varicela/ChickenPox (57).png,Train/Varicela/ChickenPox (57).png,75210,d7e746df7002a3466c2b11a058560bbf9668bcd9e68829eb0953793157c7ea0a,Train,Varicela,True,224,224,65a133db85d16b0dbe465efa992980f877f92da034da2ee8e19a656e1e06e33d,734e33b3e658a055,155.54043765943877
Train/Varicela/ChickenPox (58).png,Train/Varicela/ChickenPox (58).png,77256,8781ed15357f7e834db299ac8d270ef2f984dfbfe3be50b0146b98f9ac31266c,Train,Varicela,True,224,224,2fc7c9d5c7cd2c78ff3e5d199e9561cf34ff1c84b072762975aa5a56ccb09167,1585cef83117dc69,129.28467793367346
Train/Varicela/ChickenPox (59).jpg,Train/Varicela/ChickenPox (59).jpg,19692,2c4a9e75d8ca88b0b33352a6d3a70e9233d159eb766b3736c4b31c6fd7bfed59,Train,Varicela,True,477,462,85c14ef9ddf16225fe443cc3ebb9a655563aa49a61d28dff438b585b5ab32caf,6ad4342bb895c36b,203.11566246471907
Train/Varicela/ChickenPox (59).png,Train/Varicela/ChickenPox (59).png,63505,f3ac73b84f0431837095fb0c120a9c59682d81c0acd9f0f9f4acc5b70cfcd531,Train,Varicela,True,224,224,12ed1d4944bddb652e34507f5112d10605f022b19398a02ba8d855d4b7d2e671,29a5e1a7a58605f7,200.2687539859694
Train/Varicela/ChickenPox (66).jpg,Train/Varicela/ChickenPox (66).jpg,23604,fe90746e7ed4f81ffc772db29823be139cc7abc382807c3b4da49b2a1b0179c0,Train,Varicela,True,548,565,4687fa13794acd5105c13c9bc8485767f580c72aca88510c0b8ba88737426211,16a6ba9959d8a2a7,149.07320263548866
Train/Varicela/ChickenPox (67).jpg,Train/Varicela/ChickenPox (67).jpg,299166,7bcac27aef851d8d953505bd6dbb5c3b1f47df57d6c37c3c151e506094c82514,Train,Varicela,True,2164,2156,a9a063352e8175b33dea4f7c81389a4cb95e558c173fcfa3d07d65d3c7ffc322,c77e3c080df23cb1,117.92722583067844
Train/Varicela/ChickenPox (68).jpg,Train/Varicela/ChickenPox (68).jpg,58022,5ec922cd6b4f1746607807e762a9433d47f23ee7d55534a6ae5a36de28b62eba,Train,Varicela,True,734,493,7edce08c8f36242135e21b37793d5b033603c8a42ebc89f7f49cd8b19fdec3dc,1c2cb5a5c3525b5b,135.5472970358866
Train/Varicela/ChickenPox (69).jpg,Train/Varicela/ChickenPox (69).jpg,58283,21d75ee5c66821f1d43d86522f4e0d15003ec3c90aa42dec26c6f709bdce8aa8,Train,Varicela,True,734,498,9ab2661509a7f408317da5fa31249d8bc7f07fc59ea7f6f75935a7ff7a76b0ab,a3a54352c9383b7b,148.03718415897924
Train/Varicela/ChickenPox (78).jpg,Train/Varicela/ChickenPox (78).jpg,70825,d6d0cbf2b0182609f1babd673d371bb1f1f4e2f04fc05440bd2946dd4e060b81,Train,Varicela,True,734,609,8ced004b312851c865f1276ccaa7a43e4c99a0bcf9a851f2f536f680a8de1202,33cf8cec433df081,189.9902842467439
Train/Varicela/ChickenPox (79).jpg,Train/Varicela/ChickenPox (79).jpg,83874,57524573c07609c82317942cac8bff33acfd11b74a1c9c553f799d6e5de2eaee,Train,Varicela,True,734,478,696cca689d13b3f48599d172d85e138a6b5a9531acb7ebf46a758bf907a21b30,baa2d4cceb449539,116.79823401320215
Train/Varicela/ChickenPox (80).jpg,Train/Varicela/ChickenPox (80).jpg,72264,90ce58ae7e78d5406b3bf9a44e6d854cbefdcdef26360f867dbc4cb75c52e08c,Train,Varicela,True,645,734,dfd73ee559592d51a071cb13500e341c87618792f918706fc6a0d34af761bdd8,02146bb0a7baf5f1,151.16639207485795
Train/Varicela/ChickenPox (81).jpg,Train/Varicela/ChickenPox (81).jpg,170278,cd10ed3e2d55440ef174dcb6d1f8348d1bdd055f0a865b973010daf2e58a8b52,Train,Varicela,True,1588,1650,f5378cdac72d77b646fafbd933735e7d09f5184255a9e7e596995e558ee67303,faf22b4aa9a65503,178.24010571712083
Train/Varicela/ChickenPox (90).jpg,Train/Varicela/ChickenPox (90).jpg,18785,4a2d374269a4dab0d53d80bf63711f527de65157ab66cf5af6eb2bec47ee2ca0,Train,Varicela,True,599,350,ee683dc2fee0fb631ab5bf3fc9da45e7883f3dc25468ebc609dd0797d1905ebc,3d73fdcebc388001,177.7482900071548
Train/Varicela/ChickenPox (91).jpg,Train/Varicela/ChickenPox (91).jpg,123628,ab6a3ebf5574f4e7417aa8630762a3a904ee3fc31ea89548481ad9444bd8efb6,Train,Varicela,True,1280,720,0a577a9f8e7103de3efd4d8b1b0328aeb1b1dc8c0d17d7d0968b0a7da7862054,291c33a15d6aa5d7,168.34131293402777
Train/Varicela/ChickenPox (92).jpg,Train/Varicela/ChickenPox (92).jpg,109067,85755f979cf12970ce8294f9c9d08dc2af83968569af84a2282d90f74105ecdd,Train,Varicela,True,632,650,21d20f292f706fa3c6a3576ada866d5f6092843c14b8b34a2fb8f79352532ab6,2019de9b223febc1,128.11281888997078
Train/Varicela/ChickenPox (93).jpg,Train/Varicela/ChickenPox (93).jpg,5243,ecd1976f9c89193c6910ca05248c98eb2325026248ce5e8d7cc5ec1c479287d8,Train,Varicela,True,294,222,663360ff7b4936dc109c890f0218e401730dafa48d9fc250c198f6a09b4fdaa0,f82af1ba18fea301,129.44297358583074
Train/Varicela/ChickenPox (94).jpg,Train/Varicela/ChickenPox (94).jpg,28860,9502f2740a89e7858f3efa77b32f86f27f11392bdaa444bdc87d95b57a790426,Train,Varicela,True,764,476,101a858fe828d597a6f7329450dde94289e18a134b772265f64843ebb19ab4b6,2b5685a95605a9fb,232.12542346781643
Train/Varicela/ChickenPox (95).jpg,Train/Varicela/ChickenPox (95).jpg,24088,3d1d312622b6c709b7f872b81ca0ac6d9dc96100140ee1a1164776cfc199998c,Train,Varicela,True,1000,750,80525008df6ab6f5031c51a96af3edd9d6bd85adb5996f48a49f5d5482c3b641,1d73a5191b4d274b,147.78791466666667
Train/Varicela/ChickenPox (96).jpg,Train/Varicela/ChickenPox (96).jpg,165798,1dc9732def369efc0b90e5076e21776b2cd7d2bb5653653fd6fffabea55eab66,Train,Varicela,True,620,330,29a7b63ed23525d77fc6572a48c6676f1661976868b98e39383e9a19b5053de1,2d7d3c2a44e1833f,158.54496089931573
Train/Varicela/ChickenPox (97).jpg,Train/Varicela/ChickenPox (97).jpg,100160,2f0b666b8d4956bb43c3d5ea83d09e4f53bd30dfaa506b00fda1a71c69391263,Train,Varicela,True,1296,728,252033664d6f70316f4dce042e3f7658430ac442aeb53ef772746e6cce5ccb95,10df7c083672cfc3,144.86816260514178
Train/Varicela/ChickenPox (98).jpg,Train/Varicela/ChickenPox (98).jpg,26676,33485ccb2f0e9274334f8a60da1ca9b1ff0af164646aec49771cceb98e4c05b1,Train,Varicela,True,393,280,a57cc83abb98612be37b8b7248274b270a46286b56e6c220410e2d09ab557ba5,722f9a072699f865,195.7962195565249
Train/Varicela/ChickenPox (99).jpg,Train/Varicela/ChickenPox (99).jpg,40032,202ae27be7894a5fb36817a5a19dc6cac23d7d36bc162b29265c9d62addf7fb3,Train,Varicela,True,722,406,d20c6e2cf97310bfc4b6ae641af11667935a8457e0ee5506e5b329eac660ceee,c7b638381fcce039,123.74835568958694
Train/Varicela/ChickenPox.jpeg,Train/Varicela/ChickenPox.jpeg,153462,a9a17ff7fd0b3bda0bd3e91e978182d05874b05605d50527082805d97a8b0ac5,Train,Varicela,True,632,650,84136da73068a98da5be133129952ea50e87d47bdf4b76622d1d10187cb5e4d2,2019da9b223ffbc1,109.88726387536514
Train/Varicela/ChickenPox.jpg,Train/Varicela/ChickenPox.jpg,7698,a086f14c125ad10a6d96a631515e185633c1661fbed9184e347e45e4dc8ed70f,Train,Varicela,True,624,420,84da3fcf9516f212bdee6aef9052a526eccae21783f96763242c31d4f3f4d443,c73d112f2b2c49d3,109.0583485958486
Val/Herpes/Herpes (10).jpeg,Val/Herpes/Herpes (10).jpeg,88550,e7d5ae9cba7277659746f9d5adf1cb77d717195741b7968d98ff79c94e8709b8,Val,Herpes,True,1200,675,3e115a4c8150bab204b7ed560e16be5b259f7db20c97f24b7cc58eb82359c95c,9bd98dcd6d045471,125.22791975308643
Val/Herpes/Herpes (10).jpg,Val/Herpes/Herpes (10).jpg,17342,b47eb7be71900909f94732b2a80156bca22a9570f14837b46ed85083bfe1672d,Val,Herpes,True,306,226,0deeace4da911ee0dd29e915f66ae160c8717093848be14ce0c996ae7a06752d,66549aa61e69e18f,162.9437069813176
Val/Herpes/Herpes (10).png,Val/Herpes/Herpes (10).png,565722,8a62105f8ae6b86570cbaa233a552aad5f172ad71e8282e5ea13011f588eb11f,Val,Herpes,True,444,492,09b0242c3362ed014ee7b536c1bf2edeae0656a5317d63875cba81a9db7ee99d,90dce519b66f0e13,128.58411612832344
Val/Herpes/Herpes (11).jpeg,Val/Herpes/Herpes (11).jpeg,1622,03e5121c2dabd1c52a42b453ee0c16e5b594be6067a01eb3bdda6b04c8a8d1a4,Val,Herpes,True,100,100,8b329e8dbe1daae80cd16bcb9342049e2821fa0a3ee7c19842c16c4dd94410b2,9ea59d752489e117,224.7592
Val/Herpes/Herpes (11).jpg,Val/Herpes/Herpes (11).jpg,29956,6b019e20040cfca9281a7689d9431dcc1ab9a87b28a834ff5c5270154a8b7d7c,Val,Herpes,True,640,480,3f84ecf42577563e1404fcf864ab02dd2173ab9e4ca784c6cf590fbd26f93bfa,8582bede5cb8a84b,120.80205403645833
Val/Herpes/Herpes (14).jpg,Val/Herpes/Herpes (14).jpg,55936,e236f269cb73be8310758f1b71cbd84b5b0987e71319aaf0494deabe513d8f44,Val,Herpes,True,400,320,e464b94011535765699a7599c0dbcd23cd84ce148707969fd61c05dffa4e92ec,94c334632dcbd335,216.82328125
Val/Herpes/Herpes (15).jpeg,Val/Herpes/Herpes (15).jpeg,4535,a847b075c21e13a441ebd82571080d7b228a0aa5f8e215b4806c5f5737edc616,Val,Herpes,True,311,162,80fcf016112222cd909f572e823d45623e046dc9b632d7eb1f7ad7350625aff6,d13b0f0819371df3,149.2132507641618
Val/Herpes/Herpes (15).jpg,Val/Herpes/Herpes (15).jpg,14217,9307359fd68e330bd005f1bf56988ab675d35c77e8fa1fd664465d621f5f1905,Val,Herpes,True,380,248,be8dff74b71290f2e179b4a2f597eeabe19c30463c1c972bf7ab407a7cf3d272,e62a3fc3940cad8b,110.47384337860781
Val/Herpes/Herpes (16).jpeg,Val/Herpes/Herpes (16).jpeg,3292,056d341e3ac835713389caa0cef123173e517c690c84076d78453e3348fbdec2,Val,Herpes,True,275,183,041c414db6f612c2b181e77cca3048c9d409426663126f57bb81373c12513a72,1d5ce30c1972b16f,190.23117734724292
Val/Herpes/Herpes (16).jpg,Val/Herpes/Herpes (16).jpg,13215,e8b1885c92619f7b55641e366f57fb512e600d168a8ddeb4d81bcf7cebcf1e2a,Val,Herpes,True,300,380,f41f5f55954c0b71ab91fb50198361c12bea20c59ea696293d03f8e8684b365c,3f9a0b2e127368b5,126.20848245614035
Val/Herpes/Herpes (2).jpeg,Val/Herpes/Herpes (2).jpeg,39229,5f40452451cf843c24794586584a34892ce4e9cf9a493177055040d3fff661ef,Val,Herpes,True,474,374,5755abe3c2b772aa0afb2a69363016c2f57f3acaedf1ca345b8666f43c44e44a,6974c3942b70abab,129.26409666283084
Val/Herpes/Herpes (2).jpg,Val/Herpes/Herpes (2).jpg,25110,37a442b2a3b10eb55e0b267a8494b2179b3ba6a81e4b1f217c6afaf77353bc76,Val,Herpes,True,400,291,239d963b3fa6b61ea23420ec82dea7d8b94a696c354b5bc0c34a906a2e916b3d,983c1cb91c8c7bab,99.05249140893471
Val/Herpes/Herpes (2).png,Val/Herpes/Herpes (2).png,267275,ca390e878a723878b638218b4b47bf127bdbe38a01d16f8abaf1351d3bfbc976,Val,Herpes,True,1200,628,74ed5cd35dbee59c622eeefeecf80042027cfe2b7f24d3701a073c106d2015fd,3bfc84000b7f7c39,170.63436305732483
Val/Herpes/Herpes (20).jpg,Val/Herpes/Herpes (20).jpg,87493,337cdb8f00fdf07b5d6a1ff357a766cd0e13d8422927c487223ac43ab190577a,Val,Herpes,True,1706,960,8b309d15a05d0947d9c551523cf22fdc81123b98cf2d1cf3546eb68a4781bc25,9e94dcacad019d59,129.3605864107073
Val/Herpes/Herpes (21).jpeg,Val/Herpes/Herpes (21).jpeg,4688,13b976ca179b4712999315bca46c702880485c93ae55291d7dc8a407113018df,Val,Herpes,True,271,186,44ca2d6cf998ae1be9875b71e2cbfdd857a12f8a938b143359e1bf0e754e7cf4,71c2497667f2e829,131.4702614768083
Val/Herpes/Herpes (21).jpg,Val/Herpes/Herpes (21).jpg,165592,b91ac6bb3e37dd5c965b430e903f958e0aa7981f37b665a96f449549a5dacb8b,Val,Herpes,True,768,1024,3520f0e55e6d0b798482cd6d2914583ebead1a5852ec28309fe6e0ef964f0142,5e334cbb145ab44b,143.73829650878906
Val/Herpes/Herpes (22).jpeg,Val/Herpes/Herpes (22).jpeg,5090,a813934ca99f1ac3882cb5fd3571adc3962a6778dda1618e27a605399220911c,Val,Herpes,True,251,201,3bf3ccf7d19e30d7361060b28924fc7d453239e0803617e244698ab41cea0c72,94c334632dcbd335,216.4443717666647
Val/Herpes/Herpes (22).jpg,Val/Herpes/Herpes (22).jpg,166326,11b575324e4c3e0e93f2204c4fe49b983027ecd51ae428c7cb051eaaa768e61e,Val,Herpes,True,1024,768,e7d407aceb55c147bf334c0479ebc2d8402612c0554e7aecaadad788429e8505,57b6aa8881497ee9,142.18675740559897
Val/Herpes/Herpes (26).jpg,Val/Herpes/Herpes (26).jpg,102171,ffb0225a420d1ef22c37a8521528930ded43eda7a8fdb602f4815f65ff027795,Val,Herpes,True,1019,573,8e68c9509ba94df24d5598af2a3fb347389b899122068a0d567d586bb13e84fe,73097309732d99e5,123.4126363491566
Val/Herpes/Herpes (27).jpeg,Val/Herpes/Herpes (27).jpeg,37993,059aa1a94f5045d4082eb4a9e4fa8a274157903515cf1f3ec0f9f7674496c599,Val,Herpes,True,474,314,cce762e7179aba12fd319e299cff69b18137ed56aa7df9015cc5c91b3cc24d00,cd7e196639cea301,103.45951920234351
Val/Herpes/Herpes (27).jpg,Val/Herpes/Herpes (27).jpg,92476,ddc473661f093668712d58c131dbfd52f5fa23a5860d8e6e8377d0af44474a51,Val,Herpes,True,640,640,c81619f6ee72c206851c1a9172a6ff7ac9d0b6af2e46e4a855a2d3b55a9436ef,991bd49396949fc1,145.60152099609374
Val/Herpes/Herpes (28).jpeg,Val/Herpes/Herpes (28).jpeg,31854,37789b6b26a1418790f5c8f603f763edb340e30e039f02773075d2b8426fbb78,Val,Herpes,True,474,319,35fcbc0328306dff4b460593e230b22be617082f4d72f288ea91357a35ea0130,465696f9851998f5,158.39034826660318
Val/Herpes/Herpes (28).jpg,Val/Herpes/Herpes (28).jpg,31443,e6f45ba249e16ec9b35c336e307c8aba51f13d7cc0bff02323a6fbf37e0bd96d,Val,Herpes,True,651,512,f2e4640ad47392dbf4dfaa22f9e91b89e1ce9c8a84a5ea69d65a454327d46ae4,daf6d6b998686103,127.79141765072964
Val/Herpes/Herpes (3).jpeg,Val/Herpes/Herpes (3).jpeg,85745,42e65f188c8e62b2a0bcada0a5e346653e9361dfc95b5dacd70fcda1755fa372,Val,Herpes,True,1200,675,7357de8b25b5a265583b858e79629141e378038a10c21d59d587e63accb4b8f4,aaaaabaacb31a983,158.92188765432098
Val/Herpes/Herpes (3).jpg,Val/Herpes/Herpes (3).jpg,75865,e2cb359e96f6bf1dc6ad4eab205d822af4b3cfedfdf4db7ff96baba6b9fac9ff,Val,Herpes,True,600,450,4f2f9ea9f7a96019765e9b4174d3b7c9dc3314db30cf8e7beef64ca811831a58,d343d989a93a5e89,100.25741111111111
Val/Herpes/Herpes (33).jpg,Val/Herpes/Herpes (33).jpg,33659,3f2ca707b6bd47d3ca87baaf3c7209fb6f3bd5c931380c64efab14142e675cf4,Val,Herpes,True,800,400,a6f65d231975358037067f01186cc7755ce09801cc8c60240548e10bbe6b8db2,0434e3cc1d59b3d7,157.71559375
Val/Herpes/Herpes (34).jpg,Val/Herpes/Herpes (34).jpg,21850,0fc277347189c9763d4fafbf7f8990005b776be2b7ceb38d4af08b50b05a1c88,Val,Herpes,True,468,316,f4f3fc8ac549ad3994b868a3e201465c1a9bdc2cfceb6adaebf94bfe7b90db9d,c8a7e487c81f07f1,158.76579573731473
Val/Herpes/Herpes (35).jpg,Val/Herpes/Herpes (35).jpg,161009,3999b6390b7feb47dd2fb555ccda45569b90794476e1fdd03038173c7b5d7fa2,Val,Herpes,True,1125,1280,5e48a3717760608e5e2a9ec0dc0f55784b1ea2afe60c0971abf978266e4bdbf6,1ce2fe0746dc4ab1,109.37581597222223
Val/Herpes/Herpes (36).jpg,Val/Herpes/Herpes (36).jpg,132491,d955d0d097f3058881393513ce05b0efd68fdf044c5863f617a7f68f28492f2e,Val,Herpes,True,640,640,93e02945c6954ea0a7a96c517c20ea38c7cbf1eb67195ce275dbf09ea66c0b3b,b458eca0fd56ab81,99.360244140625
Val/Herpes/Herpes (37).jpg,Val/Herpes/Herpes (37).jpg,211679,ba9c8334b17b7051592a48871a41522306b2cb05ebeadc0f12eb621aab00d010,Val,Herpes,True,956,1280,4a7bdaecb9123c94ac57c97ee2b913cef3222267ddf7b07c64ee7a6012ff853b,076e8ca6b8bc57c1,86.46945688415272
Val/Herpes/Herpes (45).jpg,Val/Herpes/Herpes (45).jpg,203048,5414515d6ca65289958c7df08f49637efd59473cfb6553a96b55b02d6f6d7a8f,Val,Herpes,True,620,395,673ad5a8d721113e9c14946c4b1054b169af75968e96694aab334302239a27d6,974ea81649ab5753,163.26579011841568
Val/Herpes/Herpes (46).jpg,Val/Herpes/Herpes (46).jpg,263824,b3902d9bc3e88557da907053477de3df6f189e32a4586ed28b3d4e6837f90ff9,Val,Herpes,True,800,450,1664bfd153f132d696b199874aac59dd1e3d42fc2720d316b440d25315b9ebe4,691cf30e1972a16f,191.7052138888889
Val/Herpes/Herpes (47).jpg,Val/Herpes/Herpes (47).jpg,344008,1e5d7db705c1c72a6e6da4dcde1f9d01ea9d87b31b355d25908a3fcdbd022b9b,Val,Herpes,True,1940,2000,e1e2c574d17b5ba64ceac1944faf2651ca77b29dfc4dbebf2e4690a1adf26d8b,ad25257c64d29b8b,155.9485793814433
Val/Herpes/Herpes (48).jpg,Val/Herpes/Herpes (48).jpg,112370,624ab5eb98915837ff9d1a7a30dd9dbe9b1320e7ea5b742ba285bcd0155f35c6,Val,Herpes,True,1131,1155,7bcce1e8031b56c30377ca36fe90464b8a884211891f4145895e19b116c57d6e,844a6a9834b1f97f,176.49413651482618
Val/Herpes/Herpes (49).jpg,Val/Herpes/Herpes (49).jpg,379448,f03923ff9cbe60603c733c98852a3a6a93797f04b393c1ce2660076a2a44f6f5,Val,Herpes,True,1200,840,8a2e4a55e3dba26cccefdce74a0bcb29c3a81d8ed49530c64e788b007d59051b,9e274a96cbd6c581,102.91140178571429
Val/Herpes/Herpes (57).jpg,Val/Herpes/Herpes (57).jpg,80329,75759f9652c5618f58141774f312c32dca3877b2aba18d3af25f5b711fb30470,Val,Herpes,True,1920,1080,d4729f7d5e21931b2cba21cc38ea4d05e6680ca888174d40f4452d1cc26eac7d,236cc4cf9c103beb,153.25430989583333
Val/Herpes/Herpes (58).jpg,Val/Herpes/Herpes (58).jpg,37469,b8e155cd0a503766a1afeeae978e9bdf23928e574873c92006e68ae3de4a2ad9,Val,Herpes,True,646,363,ba590d45a6520072c44a39576f51a8357ba49975c52082a29ff7e67061889629,13ff847df4003c39,150.81066789482213
Val/Herpes/Herpes (59).jpg,Val/Herpes/Herpes (59).jpg,81372,de6de5fcec6919d3040fc2f46e385d591a47ea69eb59699376be4d50e5d4cd8f,Val,Herpes,True,400,263,4f9eec12e699abda04c4a97f498ce447a50fdb7da7fc2092cf2000995fc50779,db76262c09143e7b,80.17667300380228
Val/Herpes/Herpes (6).jpeg,Val/Herpes/Herpes (6).jpeg,71199,18f4d8c41aa6c70c4476c4329754156d97a51c1a1221dbd5f085b9205da04d22,Val,Herpes,True,366,256,d29c5cdaa21ae57c290011122354e6ea77c24fceae00086076ff1be8e012888d,e6e262e07e1c27b1,125.26402407786885
Val/Herpes/Herpes (6).jpg,Val/Herpes/Herpes (6).jpg,36901,cad333e87363d76c7e3a1016f397d1ef0b5c8fc4157668216851f0af0cf91571,Val,Herpes,True,320,366,6a4f6558ef168566bb1231d68ce48c82dd5d2af31a9f63653c6131d0a3c28a8b,9f18e7cc3994c985,156.03907103825136
Val/Herpes/Herpes (6).png,Val/Herpes/Herpes (6).png,1041435,b0ddd11f4c51aff41c723b53967895c65719373b317ab01b3a6e004740464514,Val,Herpes,True,1200,991,2f4b604764d714016721c03fff50adea361f8be52c4b7d0d53f40311579630de,7cf3a0472ea9889d,120.20411705348133
Val/Herpes/Herpes (60).jpg,Val/Herpes/Herpes (60).jpg,1224619,0ea0084593b00ff5c9ac136551b23d9cf3b89975e87e9303b3acbee95d728a78,Val,Herpes,True,2121,1414,540c75315d2323181434ee164c64106e6d251ba0a740c71109c3dff5ecda9828,34c5771aae43952b,170.619073960336
Val/Herpes/Herpes (61).jpg,Val/Herpes/Herpes (61).jpg,75746,7428b02b47d5aa348da2049b89e4487ca8105a447cb7f719997c79def9f9844b,Val,Herpes,True,872,654,1f420a7da4613d37468e858e3d307a8436bde463ddc7c4328a8d13c43186896b,7b952a9154a9c58f,178.17055943663553
Val/Herpes/Herpes (69).jpg,Val/Herpes/Herpes (69).jpg,35648,f9f03e793d94c96d3db4714c844796c724d722219a82005dd977b73f87a208ff,Val,Herpes,True,474,416,bc8021402c736c69e9d2933e908669d758a15d14661f0012dff4a811f7a1edb5,0c0516267ffdf851,126.14149221032132
Val/Herpes/Herpes (7).jpeg,Val/Herpes/Herpes (7).jpeg,547897,3947f5c0095b39d89a460ed9abe8d430ce3403e88ee488954fe7d069b44a6607,Val,Herpes,True,1920,1080,35f96183e203b52061ca09d89fadc6f3dab2de9d64ab791dc60126d6b33c615e,716e651d16a49557,145.31109375
Val/Herpes/Herpes (7).jpg,Val/Herpes/Herpes (7).jpg,27914,7b396ce752d2d18a6a57ce6b54d3efe6ad1234166adbe486e0cc67fd6c4435ba,Val,Herpes,True,750,300,272187aa9b8fd9629457a932ab89b50c3489075b9df2a83f0f8cdfeaded8d24d,5f55757574b8a801,133.15450222222222
Val/Herpes/Herpes (70).jpg,Val/Herpes/Herpes (70).jpg,17733,708ed7f107d3c5d77705476683b5094fa4db24528fb0264c05d75467d546aced,Val,Herpes,True,474,346,4a578ca0aa7891791db8db0e14c8abe71a085848eed9f6281b267605107a807d,23ec0cd3146b0faf,152.90880100485353
Val/Herpes/Herpes (71).jpg,Val/Herpes/Herpes (71).jpg,14353,0e8b1dbf069183e03abe523c0c64cf7c2b3dca7b31d395a85051c50afe625192,Val,Herpes,True,474,316,f0bd52b4d5bea9dc7e2aed3299e3bd47ee33a4fb576a78207999b6b34d2a04c0,dc3d214c4bc07fa3,165.01501495486835
Val/Herpes/Herpes (72).jpg,Val/Herpes/Herpes (72).jpg,47769,3e7207edcff584f84420ace64e13e766e7a64b3b24b1f531a13e11b336cbe4f9,Val,Herpes,True,474,632,e28e79350a141eaad8d4f32dd83de5b216062eac7efacc7fb415da9fd44d6bff,a4c3ab83d2a17d2d,130.7615165838808
Val/Herpes/Herpes (73).jpg,Val/Herpes/Herpes (73).jpg,36566,b22d51d78a429773c103eb6528ccef3b0696f1374094a59588de1aef6f61578e,Val,Herpes,True,474,363,1ef2403c26ba4c809779717e5a309ddf5bbabcdfebd80697260691227e0b9b0c,2ff7760ba931d081,146.06173356115818
Val/Melanoma/Melanoma (101).jpg,Val/Melanoma/Melanoma (101).jpg,240315,d1a0083ac25ee1307b2d1713de0960ab18157ecb04b92dff8cc69186454f646d,Val,Melanoma,True,600,450,d85c618f284c0a37774083f7bc0ac1167b8257f7c57f314e847d0a617be66991,c92c7832974369bd,160.5429074074074
Val/Melanoma/Melanoma (102).jpg,Val/Melanoma/Melanoma (102).jpg,254916,3256676cefa08f7e168bb5e07cdb8abc218e19826e1f897a5f468295112c03d2,Val,Melanoma,True,600,450,eed621c2c3fdf6e47d4752be3f9b2dc3e79fdbfad7d7b2512797e986b2fe9884,d8237c4bd0830fdd,160.45042962962964
Val/Melanoma/Melanoma (103).jpg,Val/Melanoma/Melanoma (103).jpg,338582,01cb07b0f7ae05454692b7a9b2bac56a2ed7a10f97aad987bffc75d8bfcf2721,Val,Melanoma,True,600,450,151e775ef26e2330d23524e24bcc9da80d1e3430f05bd473359cae6876739d16,d96d13d8fc23421d,163.41516666666666
Val/Melanoma/Melanoma (104).jpg,Val/Melanoma/Melanoma (104).jpg,245984,5e39f67c4173f56db08476082eec2e675ddedd977ed2190070540bcdececc852,Val,Melanoma,True,600,450,fafc4e9c14d1bb4284f53530068140b5ee329a1862619d51150a3eb297a3fdd3,38c7d61c1973668d,179.16925555555557
Val/Melanoma/Melanoma (105).jpg,Val/Melanoma/Melanoma (105).jpg,214501,9a26d48f4b254066ff46f5f9c480674b676946b3b96eaa64429382db291d8748,Val,Melanoma,True,600,450,a5a8b4033d4f7928a61f6ab1379d8eb96ed9904b23ebfa03980883a10d461f28,436ac48e19b355cf,165.88397407407408
Val/Melanoma/Melanoma (113).jpg,Val/Melanoma/Melanoma (113).jpg,358868,543e453d4d30faee6a463a72ea2e5faf5c109ca1e970ab56cb54918e38dbe069,Val,Melanoma,True,600,450,c7703c6ea9ecc2232ada85e28df27e0d2661a9fdd6c4498fa52f33f476d5d0ae,8cce363cc3d3342d,178.67633703703703
Val/Melanoma/Melanoma (114).jpg,Val/Melanoma/Melanoma (114).jpg,313703,ee87c28926a7f5ffdf3abc6b3909e7ad3de087844700357c532cc0b2a9d426c2,Val,Melanoma,True,600,450,c829d930b38c3f15c9b4faa27a824fbf115fe43e6661aaab70271ab12e6c645e,d3d6894bac295257,135.12422222222222
Val/Melanoma/Melanoma (115).jpg,Val/Melanoma/Melanoma (115).jpg,238941,0d6c90b2312b5356caea94bdb9bd2fd54f95820cb2fa56c5b01a55689cd577cf,Val,Melanoma,True,600,450,801648212a11ee4460d570cf06e9dfa7b1c83500d9828fe81d06fdbe7ac399b2,f3ea48c636994f21,151.4725777777778
Val/Melanoma/Melanoma (116).jpg,Val/Melanoma/Melanoma (116).jpg,296046,83dffab74778242b2f1ec2c5d199bca2b4289191df0e3c6a7ba4b1788ad61075,Val,Melanoma,True,600,450,e0028bc795b6cd474557b78e978202c09b82b672ba5e5c5b287e55624edb2ea1,36986b8df2618793,156.13680740740742
Val/Melanoma/Melanoma (117).jpg,Val/Melanoma/Melanoma (117).jpg,263803,e4ff084f2d1fd306fe76ca656731e7072718e2ef8fd794bfe0da485c1740d3d0,Val,Melanoma,True,600,450,46752e3e0ae3bdb1bc30a78cb810f850e9f0e4564f64389d971ac49a6737b283,7191c6192cf3d30f,164.0779962962963
Val/Melanoma/Melanoma (125).jpg,Val/Melanoma/Melanoma (125).jpg,290512,ce346308d7d61610520b7fa9bda4fb8f022b963fdb4ac3b91ecf2c8e7dddee77,Val,Melanoma,True,600,450,443b5228f440938cb4bd8499238cc239716bc3fb09cc199cb5d0cbe25070abad,b036c2f2ad09723f,175.2230851851852
Val/Melanoma/Melanoma (126).jpg,Val/Melanoma/Melanoma (126).jpg,273545,4a7107356c91c08db699f3f5847ac863577eb21fba65d4aa9868cb4ff28acb42,Val,Melanoma,True,600,450,e73a72cd23a2f7c68150f36310fffeef47e315d94a0a9b99332079b5658e5f8f,349b996e649b9361,172.87411481481482
Val/Melanoma/Melanoma (127).jpg,Val/Melanoma/Melanoma (127).jpg,302297,18ec6a6e6d1a2678b360322e7c9a832d70ac7a6bbf85da8be4589538927d7924,Val,Melanoma,True,600,450,8ab54092e51688c2da0f32c5ea49703c801354f3784b565f728b3cd30281cb05,601846f3b64b59af,143.9140148148148
Val/Melanoma/Melanoma (128).jpg,Val/Melanoma/Melanoma (128).jpg,240959,328606c1a57e1d9cd230e74aef38c62d2428d89fc7718d16643af2ae59fd8786,Val,Melanoma,True,600,450,3c30b3890042052da219a3f2088e1329a0e56400a69245f88d4b68a4b567ec22,4179499b9c7b23a5,125.23367037037038
Val/Melanoma/Melanoma (129).jpg,Val/Melanoma/Melanoma (129).jpg,304809,acbd7779023b54efcdd68567f485d1a25157d115d46c6b00ce236e3f6e1dfd2d,Val,Melanoma,True,600,450,b3a66e45cae3e29470fed9b04c9a2777886ed5582f1b69a56c4b902a39aa3492,de58de4af4a20a8b,143.54151851851853
Val/Melanoma/Melanoma (137).jpg,Val/Melanoma/Melanoma (137).jpg,307377,9b2d79427b7b3b5bc05784ea90114fdac050b68e0e5664f3666da2d7ff03e24c,Val,Melanoma,True,600,450,c251b7a5152667f5a777219b685e353a6f129208b632ecb98196a67915b530ae,c55de949472330b7,123.4221925925926
Val/Melanoma/Melanoma (138).jpg,Val/Melanoma/Melanoma (138).jpg,304622,03e501f64de5b8b01db241cca552372f67327a4d26736204dfbc7c7cf11c70a5,Val,Melanoma,True,600,450,ccb978d44a330ff605c29fcf951e9ecda7a58b65217c8093acfe31a08432c060,1d3854e47d9afd01,164.6299925925926
Val/Melanoma/Melanoma (139).jpg,Val/Melanoma/Melanoma (139).jpg,243259,d472057aac043f82be713eb769bb0c73c7d117b538e69f8a97e123e78042f137,Val,Melanoma,True,600,450,b2dcf79ed9e9e6685afb27892050bb49dbac5a820c39f3f38d784d0f6867e1ca,11b1e4e61338dfc9,147.01754814814814
Val/Melanoma/Melanoma (140).jpg,Val/Melanoma/Melanoma (140).jpg,214240,3e9e6d9cbda185b76e57bbb6ff4000c9ed79c8657a7433c118db209d266e5bb1,Val,Melanoma,True,600,450,a70f6ae1e98507b7fad83455f0f2d8a63733dab8e318f0d164c0da0cb9deb6a2,dabb76ec2698c241,195.7344740740741
Val/Melanoma/Melanoma (141).jpg,Val/Melanoma/Melanoma (141).jpg,255559,39572e43f846599ac096d24a72acc9dec7a0d01802bed059f58cec29e0e3aa08,Val,Melanoma,True,600,450,4db0d18767bf09993ceaa44fc9aace412265ef5c191ad0db9f72524173c4b74c,d63630493379cca7,158.09076666666667
Val/Melanoma/Melanoma (149).jpg,Val/Melanoma/Melanoma (149).jpg,304502,5bb76e1ef270f4d4d24647efaebe23c9daa46a63ba424637e1fa4ebae7c5283a,Val,Melanoma,True,600,450,ebf75157a4967fcee15fb6664ab23c0987d3d0e88e2a53299ecbaa57fa67413b,4e2c585897836f1f,149.29603333333333
Val/Melanoma/Melanoma (150).jpg,Val/Melanoma/Melanoma (150).jpg,293897,1511ae43b1274452a2f9eebefafe2530e70bbdf8d6e468cf9abdaab4f5f45c6f,Val,Melanoma,True,600,450,b97542bb469d0c93eb7cdf547e2f10534c6fa957e68f3c034c6dfa6759267fa5,d1330749d3236cf5,138.81324074074075
Val/Melanoma/Melanoma (151).jpg,Val/Melanoma/Melanoma (151).jpg,275251,fffad06cc7ec1db14b68a67d5261f4d0b3a6d9df644263370fbc3e9d98e915a5,Val,Melanoma,True,600,450,fbfc8c7472839dffac483bec4f6195deae9e15b1dba76896287bebb712b29dea,9989415959d3e6a7,182.09898518518517
Val/Melanoma/Melanoma (152).jpg,Val/Melanoma/Melanoma (152).jpg,184871,4c54b2118d18269e65378047e537c1f62cf95db30f408817d9e6bc35b653af8e,Val,Melanoma,True,600,450,ac3c95d3d12ff24a27a226a80486de06b63621d0f69ffc047320e001ea164b2c,993366cc99306dcb,175.49383703703703
Val/Melanoma/Melanoma (153).jpg,Val/Melanoma/Melanoma (153).jpg,350491,a06f0f639d23559c925667419b6baca3550edc5a2401dc3553d3032c80ad8646,Val,Melanoma,True,600,450,3ab555c507ad3904beb7d18374ddf5afffad5ad556528513b0f03973173e6028,99122d30b9a365ef,183.11884814814815
Val/Melanoma/Melanoma (161).jpg,Val/Melanoma/Melanoma (161).jpg,257471,eb9d988aed14163ea3ac548c5a467853453d385037bf5fdd180867e811b0d4a2,Val,Melanoma,True,600,450,f7e6cd693bb273d15f60bb2dd7d10bade7112225476d5eab5a822300386217ff,3df670589902f68b,143.56781851851852
Val/Melanoma/Melanoma (162).jpg,Val/Melanoma/Melanoma (162).jpg,326161,72d215cdcd897e49a1ab3dbe6a994319cc1085605464c52cf30479f662a3ab18,Val,Melanoma,True,600,450,dd22a2ab8384785ba71bdf3ed6feef761d757735355f5db8b2644fc2275fe806,3ff90f93b1492125,168.94005185185185
Val/Melanoma/Melanoma (163).jpg,Val/Melanoma/Melanoma (163).jpg,302870,b49312e34407bc1fa6d39ba4b063441a8a7b36c3025d70af44210326dab3666e,Val,Melanoma,True,600,450,11c504726d084b715abedb99296ba35d9cecdfddd4664a5ef4e837493d7dba1c,c9e6264cc933a6c7,141.63373333333334
Val/Melanoma/Melanoma (164).jpg,Val/Melanoma/Melanoma (164).jpg,279843,573505e85bf27a020335ca74389a36b34fd40e16117ce042c58c0c63c9277440,Val,Melanoma,True,600,450,e860a3ff99c974ebb503c4c1506f8c05e6710aef46ad6613d110be22cd01fb20,16306ed325e3db0d,144.16037407407407
Val/Melanoma/Melanoma (165).jpg,Val/Melanoma/Melanoma (165).jpg,213990,acf9ce7aa013a7f49e8005b8dcd10b263b2d9e59333e16cd0bd09f7d91a3e0bf,Val,Melanoma,True,600,450,482a620f7a699205fc1fca60408c7137a0ce10c50057d349d83f1d84e7a0db0f,78a689567689c937,153.48888148148149
Val/Melanoma/Melanoma (173).jpg,Val/Melanoma/Melanoma (173).jpg,245521,ddecd4d54e0e2c789bac55ec3a60e66b9b1bb4f0215f87bffe1927cb56a242a7,Val,Melanoma,True,600,450,3ba832f3ac4d62ac0937f9f9f560444d8e95dcd3b67baee989f3cbed057db027,8c72333c99f3a60d,183.64027407407409
Val/Melanoma/Melanoma (174).jpg,Val/Melanoma/Melanoma (174).jpg,307700,9ed857eba393b1ecb9b368771fb6ec0f74b1667c942c71cec04e19b5c48fd8a4,Val,Melanoma,True,600,450,a0f801bea8195fa608d8376c538123d19fd56f6375f84ada693ff6f345949d77,666898a63ed0acaf,121.84273703703704
Val/Melanoma/Melanoma (175).jpg,Val/Melanoma/Melanoma (175).jpg,233012,6b5a3c17befc752f864b3f84fa9b8bc8034c84682c75daab387a3835728fed1e,Val,Melanoma,True,600,450,34282d42185d2830cef57e855e7637dbb87bffe0a94d96ffaf1da1f1f4f676d5,b3e6cc8c64b1986d,204.3861222222222
Val/Melanoma/Melanoma (176).jpg,Val/Melanoma/Melanoma (176).jpg,254714,5aecbcd04669bd9e1782b9aa70500895d8c141cd8dfc91a45496feac793d760b,Val,Melanoma,True,600,450,2ff05c7de71e54c0bd80b2544b4a397a214c2a1b50a1a22fc996cfcca891c669,6ec197c86a71612f,145.95545925925927
Val/Melanoma/Melanoma (177).jpg,Val/Melanoma/Melanoma (177).jpg,273530,201e47296dcc3df7e646d6370204c3c417339ee6103244147b59e374956dd7bb,Val,Melanoma,True,600,450,4f76f64d7f35c00b21a302c026696bc7c651e9fbb8d94465a1fb6836cad3cd95,e65a930738cbc395,161.12875555555556
Val/Melanoma/Melanoma (185).jpg,Val/Melanoma/Melanoma (185).jpg,294474,01098938d6f6d974c7f26699084bfcf9fb1fe3e81e6bbfe35b3698c4e7d30536,Val,Melanoma,True,600,450,508cdec7c875ea0a58f62677be2d5dc21f450632c15d3cc24b2ba74cf26fed21,c92c33962479de87,156.42835185185186
Val/Melanoma/Melanoma (186).jpg,Val/Melanoma/Melanoma (186).jpg,290223,96eea13d74e696d2114066ddc1572d7fc3da07a922e6d645ec0282a2798a1eee,Val,Melanoma,True,600,450,7f98cf8720391fa4b4dd24916a4189836e397224a35dd1766530bd790f8f0d1f,e626ced298c97323,139.23377037037037
Val/Melanoma/Melanoma (187).jpg,Val/Melanoma/Melanoma (187).jpg,262698,cb90f738c4fcac6befc691bf5821238ed6b8bb58690577a02b519a2abfa141fc,Val,Melanoma,True,600,450,3b351b7aad0dbda92f8a1180a8af278ef19c6db3c57287231b984e9fb89946be,b664261183d9cde7,156.7843074074074
Val/Melanoma/Melanoma (188).jpg,Val/Melanoma/Melanoma (188).jpg,291211,80b7e9bb959a8257b4c84a2f6b7182545ac36b65147bb7b08d9d95380f10927d,Val,Melanoma,True,600,450,e9b18bd34868019862da55c166b2cfff05e3b01713c86b6ce5ad63e4432ffee9,0696d349197be68d,127.39835555555555
Val/Melanoma/Melanoma (189).jpg,Val/Melanoma/Melanoma (189).jpg,282349,c2b74236c1377085802cb6e4de631ec8a45aad3b15f74d62afe7589f9143bb7d,Val,Melanoma,True,600,450,75e9fae61b39c26c4f0b13b510991029d4bf60c6992032a74e2f07e8e4207dfc,60c3331f932dcd95,122.78148148148148
Val/Melanoma/Melanoma (197).jpg,Val/Melanoma/Melanoma (197).jpg,314076,04687d6b53f988174930ef63272dbd4e9ab172512f2a00dfb290f6d8d077232a,Val,Melanoma,True,600,450,bb94f90dbe345fba60d4c4c1d74020d3da04e3da419c3b3715836d51cb1259a9,668c79e29dc3251d,145.07039259259258
Val/Melanoma/Melanoma (198).jpg,Val/Melanoma/Melanoma (198).jpg,245245,4309420595915206b49ddff9af12dfb8a9514d2ae8d004571252112f27f3351f,Val,Melanoma,True,600,450,202675a95837e15733157c99aaaf613e8da887fc2553db27308bff05f7033c76,49988c6673334ecf,148.77645925925927
Val/Melanoma/Melanoma (199).jpg,Val/Melanoma/Melanoma (199).jpg,250099,73f42f3f17b20c0dcde2d66b676bf416cc9c60e1daef3d14cccdeb8a23c87d3d,Val,Melanoma,True,600,450,7bb0888fd33d4a732776dc8d7dd746f800cb429b9459d39eb76396214f07ed04,2b66c39c4cf1134f,151.1919851851852
Val/Melanoma/Melanoma (200).jpg,Val/Melanoma/Melanoma (200).jpg,269808,490baba13a95b2d95c9f1fe80aae27625be4162d66e79125f49e7d8a96ce6cd7,Val,Melanoma,True,600,450,9712bf538636b555c9d3b529d37abe734b65b4aad64e9172431234699f44ecd1,e7893524df987521,147.2411
Val/Melanoma/Melanoma (201).jpg,Val/Melanoma/Melanoma (201).jpg,262211,ecb14968ec933d18f8b71b9a86003822ae594dd8dadf58517d42ccb76d80d06c,Val,Melanoma,True,600,450,e2ea6ed3e64d84deb4eef291b5f668aa9e8d2f628d5872a0b74f0ed18f86020f,8c4ed2fc600396fd,140.16383703703704
Val/Melanoma/Melanoma (209).jpg,Val/Melanoma/Melanoma (209).jpg,220031,28550b682aa44bc3306eabfb604903449a5c6d7c343b3a569c45c04236b906f0,Val,Melanoma,True,600,450,25dad5e85dcc78454b41be7f4aacc9369e68412ec28f593f97675dc3ebf0095b,a7da9c3c56926923,133.33915185185185
Val/Melanoma/Melanoma (210).jpg,Val/Melanoma/Melanoma (210).jpg,289636,5cca1f02278c9d257c0e4c3ae6c29754cba64a62ad07e244a65359dd39a5d619,Val,Melanoma,True,600,450,aa0d8800fb9e6b79421313a81f3f38910c47eb925da862d77c9aa6fecdfd87aa,339bcc66319a552b,173.04265555555557
Val/Melanoma/Melanoma (211).jpg,Val/Melanoma/Melanoma (211).jpg,273525,d67d48e13a101a323d36b0f807cb5a76d5c6cd51d0748c0b5556ccae58f80fad,Val,Melanoma,True,600,450,be92ddbe4a7a06389b3d17f5055efa36ff0a12fd0a47acc9c5b21a1d356b8038,a613c271cc617b97,158.36975925925927
Val/Melanoma/Melanoma (212).jpg,Val/Melanoma/Melanoma (212).jpg,261863,2d8d2ef2c8ca6519998f42d36a338e9bb96f56a9d94cab9951cbb666be1c8e3e,Val,Melanoma,True,600,450,1aaee548fc853a5e88357c96e827450afa1f2dcdeae34507ad9531c104b8a315,d9b353182c6933a7,152.68198148148147
Val/Melanoma/Melanoma (213).jpg,Val/Melanoma/Melanoma (213).jpg,339830,3a0737f364abe8aa9dfc778206f0b55c529dd68836261c92b058494f3cc69212,Val,Melanoma,True,600,450,fca730f5959859c8e562b466e15a39923736e6b4b9c72e4aacc6df8a67368135,1e1c6159c7a19a5f,134.5721074074074
Val/Monkeypox/MonkeyPox (10).jpeg,Val/Monkeypox/MonkeyPox (10).jpeg,5736,3066fca494a4d1cd79dff603a1d682046f74fc4908c449f01afba93011a35113,Val,Monkeypox,True,300,168,4bb4f09f7621017c2029c61b582f8dc801535fb230fa9cffceab1d21bf3d5590,5447d6a3aada2d89,131.07132936507938
Val/Monkeypox/MonkeyPox (10).jpg,Val/Monkeypox/MonkeyPox (10).jpg,40597,de9248a9ed94e1b39c17f24436f45cfae1d0d68efb81714e2b9483289a7f2a08,Val,Monkeypox,True,800,450,2d7b3d819e91d8573184bb0becf5b28c5bafc342b416b8585ac6202ffbc6e9c7,fcd8e8e8a854562b,147.56335
Val/Monkeypox/MonkeyPox (10).png,Val/Monkeypox/MonkeyPox (10).png,77647,cbc29ea91232e3729b469262bff19f972df6ec7c37f19f9026625560b0d14477,Val,Monkeypox,True,224,224,b1eb58f9922608558f51bdc12b348323fd3118d28ff7e341134b1d8ed8821056,56db5a69a446235b,101.59456712372449
Val/Monkeypox/MonkeyPox (11).jpeg,Val/Monkeypox/MonkeyPox (11).jpeg,7587,4ab5f984feffd9fca17fb43801908e52bdbc23fc0266d55ed2105df59e1f854f,Val,Monkeypox,True,300,168,4ab17c946cb8154c77b975c9c33e78c723d8c5b961807fa1d450064f2c749609,5c378cf61dd0f803,129.05152777777778
Val/Monkeypox/MonkeyPox (11).jpg,Val/Monkeypox/MonkeyPox (11).jpg,469650,f5fb90a051d7046202cdb40b36c30a75fc327ba06dc516bcd1fd324048c0365c,Val,Monkeypox,True,1920,1080,64b7a7de61fb505a36779ff47a612d7ea2493da8d75fe2e768ae340b8f591872,b1bcf4a824725a2f,148.8785300925926
Val/Monkeypox/MonkeyPox (14).jpeg,Val/Monkeypox/MonkeyPox (14).jpeg,41848,6ec5a1aa5bc90bf8ff0d5c6aadd7b15c0b40504c32da9e85c87c47b8f48869d6,Val,Monkeypox,True,1200,900,1b31e3d0b7804a88ce288d2a249cb885256027a04f724263a9de90f778b4258d,5acd8dce9908d879,160.50783981481482
Val/Monkeypox/MonkeyPox (14).jpg,Val/Monkeypox/MonkeyPox (14).jpg,236838,c5cf4bc017fe2fe2b09c6347eae9edafdc3ccf5a646e74c2f3a2d57621bd09a6,Val,Monkeypox,True,1900,1069,e42eed93020e4205b5c68dd891839e5cd62e3b11b7efdc6ea3cf5616f8b1b99b,498534f69c6d83b9,131.92314509379153
Val/Monkeypox/MonkeyPox (14).png,Val/Monkeypox/MonkeyPox (14).png,78062,9e9e579adf2ff61a23025f6c36d14bd595441139feeb1d3bbdd5a7689ac9284e,Val,Monkeypox,True,224,224,da1697ae1826976f9992abfc29f8577ed5ea486c85dd6b8d1125b1aa0bd11a41,3c869cf7b0d7a111,117.19343909438776
Val/Monkeypox/MonkeyPox (15).jpeg,Val/Monkeypox/MonkeyPox (15).jpeg,22622,1f28a6f0b1774225676a0bec57108cfa11b4b0d0ff897370d904a1dede585e89,Val,Monkeypox,True,768,479,fa4296fa201020e6fe52b669c25162b0a0d8cadc6e57a61df5caa7eace597fef,f4f0a9a86de89a43,185.67811901965902
Val/Monkeypox/MonkeyPox (15).jpg,Val/Monkeypox/MonkeyPox (15).jpg,90146,571bb2ed737cd935022439429cdf60f054672112705c0e7b54e8efff1abe320e,Val,Monkeypox,True,1280,720,c296a99c03bb70b5bd576d7590e33736381cb73c1d0067c3b11417adfcb55113,7472b252963a72ab,188.66242296006945
Val/Monkeypox/MonkeyPox (18).png,Val/Monkeypox/MonkeyPox (18).png,87173,530cad1b82f5980c195cf6c43d83ba4843d6065ff5ac723ae13c5b573c7a1baf,Val,Monkeypox,True,224,224,43e49aace1690e00adf6ff987aeefa041123e15ba27f025cf323df121c826869,4d6ac1a4edea48e9,180.17617984693877
Val/Monkeypox/MonkeyPox (19).jpg,Val/Monkeypox/MonkeyPox (19).jpg,94601,109d45241caca18f0dc67c295b9993766f22b224b72aa62ec58c48a1fb06c6c2,Val,Monkeypox,True,1000,786,5d37708e25e5953304a1c7aac941d782dccdfc210d8498f706d1d69807d8ef87,09c8b9b93421c77f,210.59715139949108
Val/Monkeypox/MonkeyPox (19).png,Val/Monkeypox/MonkeyPox (19).png,69994,8af3b66c06d1d21bd43e1dc389e73197125d3e78523c94397abc77ccb3cf4c16,Val,Monkeypox,True,224,224,3a45431dd1d178df12a2e9926ea911018cd5fe223ec15cac88696a9248aedaf5,f095e899d21b03af,36.01068239795919
Val/Monkeypox/MonkeyPox (2).jpeg,Val/Monkeypox/MonkeyPox (2).jpeg,20603,40029fcb12e09e246cf3cbd376edf3871a76e5b1d3cacf69c90bb856dcb0c93e,Val,Monkeypox,True,449,297,ca5d3a95d95dc56033b4473ecfaabf15145881eb189cbd8bc19303926151d4bd,238d5c43a291f797,146.44517933604794
Val/Monkeypox/MonkeyPox (2).jpg,Val/Monkeypox/MonkeyPox (2).jpg,95574,9de1a9979510f66b441dbb282cd761d081234b991fc64034d3b2ab7185c35f2b,Val,Monkeypox,True,1200,1200,d9f23934ccacaa5b02d15d197dc206bc78d7d6f359db4f3b2bf7eb986ba08d90,e08fcf001c7ffc09,134.5414375
Val/Monkeypox/MonkeyPox (2).png,Val/Monkeypox/MonkeyPox (2).png,280308,6f91f43d8f2f23411baa4178b0bd357ea4d5d240eb4338e5d310f48483491dd6,Val,Monkeypox,True,850,680,916e942bb27c66d35a2b04334ed7cb7493f8c373407943445156ce2b1ce1b937,98939a4b24bd6d55,149.4461989619377
Val/Monkeypox/MonkeyPox (20).jpg,Val/Monkeypox/MonkeyPox (20).jpg,5156,3eeba47d1dcc983d5593ad0f5841cb779423b33eaa71113a28000bb481e7ad62,Val,Monkeypox,True,264,191,8acb8337cfbfa120524764de52cb7ffc2639ad58d2d91eb81af4c45d18112380,136fdca14639a31d,151.480782960495
Val/Monkeypox/MonkeyPox (20).png,Val/Monkeypox/MonkeyPox (20).png,77401,e961b6fa44aedc2a9f84eb913b319be0984f9d2f68c7e9ecde8e323dd3da9d2f,Val,Monkeypox,True,224,224,f03ba55efd886b9cf2cbdb69e3a49aad25d6571de309a1e2976080b75844f1a3,6151111d5dde17a7,112.01596380739795
Val/Monkeypox/MonkeyPox (24).png,Val/Monkeypox/MonkeyPox (24).png,101457,a08c730ff839266e92afae35310bdf6b5d8252afce41263281b403ba895c4f08,Val,Monkeypox,True,224,224,889c13f484e3f641152aa9e7dd6285195611c52a1afeb5ad6e632dc3fe538b08,a6c9d6c6761c03d9,141.78657126913265
Val/Monkeypox/MonkeyPox (25).jpg,Val/Monkeypox/MonkeyPox (25).jpg,5667,29b9fab6633d7f2b5b01a169baa8d209bc94d35dc298b648714b70ff76b7a933,Val,Monkeypox,True,259,194,74e55c110366643a9dce68b1ce4d3e1849e379e883d0d28b1a4c7129e94df977,acf628c7702c1b2f,152.46913187119372
Val/Monkeypox/MonkeyPox (25).png,Val/Monkeypox/MonkeyPox (25).png,51938,8c5ebbeebe537c57e526d165d44f2b47b5b56f36b170725c28e6dad0bad66369,Val,Monkeypox,True,224,224,f193ddca0390dcfcc35b2a369b173cb2b777157898c89505cf4be0882f3ac5c2,66449bb36c43b19d,133.34022241709184
Val/Monkeypox/MonkeyPox (26).jpg,Val/Monkeypox/MonkeyPox (26).jpg,8483,2f7e5ea83141a220fa7c165eb85f5e590b24c035f3605ce04be170c4f3193a29,Val,Monkeypox,True,268,188,4be4045fb237472ce6e54a2fb1a1d2e80128b3615e0e9fcd48c880929cae2ec5,36064f47a7ab8b13,141.88595585900285
Val/Monkeypox/MonkeyPox (26).png,Val/Monkeypox/MonkeyPox (26).png,63776,890c75ae72808fd066d15518ea0bc25444390f845c94ef1551fd45dd263b5ee6,Val,Monkeypox,True,224,224,20fd35737de8f6a6391d6e639a4b0c33ccbb383a1037278b8e929736e58d9a74,6aaaaaaaa9cd9163,176.6844706632653
Val/Monkeypox/MonkeyPox (3).jpeg,Val/Monkeypox/MonkeyPox (3).jpeg,79367,1ba14731dea3fd5fdbdb5d7106baddf7732b72912cfcb3fa756b8b5bca4aee61,Val,Monkeypox,True,1200,675,0d2ac084b696688cb63872e73a88859601f7d61b3b0cd24f8ea2fce85db3d180,6647d12b20b99dd9,119.8580925925926
Val/Monkeypox/MonkeyPox (3).jpg,Val/Monkeypox/MonkeyPox (3).jpg,937226,a701ac327a552a811b890614f6e809ce5a89e402442e6f2fd78bf21a202ca351,Val,Monkeypox,True,3000,1955,7cfa13c5ba8d64195afcc1e60b13c66c5209587282063aeace516bf9f1cb1977,676333939196d389,121.56238380221654
Val/Monkeypox/MonkeyPox (30).png,Val/Monkeypox/MonkeyPox (30).png,89930,df7beb148bc016c3e3329b91f6626c1428dff5ac04a8f0ba6d0395b68a51138b,Val,Monkeypox,True,224,224,67741db34a812bba369c0734e784f88e384af265c9c18ed2503b21f24851f263,95e430ce63ec7661,130.2550422512755
Val/Monkeypox/MonkeyPox (31).jpg,Val/Monkeypox/MonkeyPox (31).jpg,5304,642879b1739bb5f2d97c9619ab4197222212a5f727b85ce67046263526ce6500,Val,Monkeypox,True,300,168,02e0a305592aa11ff0cf20f85c6fff46e6b2b4510cf29ab29c1a9ed74a2c907b,7e1f03c0bc3047eb,133.47206349206348
Val/Monkeypox/MonkeyPox (31).png,Val/Monkeypox/MonkeyPox (31).png,95187,076923c440caa36c2ba193db64464b06d840c7888f6502985ed27527bf5c10bc,Val,Monkeypox,True,224,224,4ff2c306a4a3e6dafd85b2cda6f1a8f0be9aa7e9a4facadccc417b139f850a4c,56e666cc018ea1fb,113.82372050382654
Val/Monkeypox/MonkeyPox (32).jpg,Val/Monkeypox/MonkeyPox (32).jpg,7147,ffcf08fe7d1daa190f10b328ab528be4503899a83a10c8e25c033791fedffd35,Val,Monkeypox,True,300,168,5b6090ac860919cf193c9f1e4e2f237e123065015496fbae6a5810ebec48662c,de8570edb480d0f5,139.76198412698412
Val/Monkeypox/MonkeyPox (32).png,Val/Monkeypox/MonkeyPox (32).png,91670,d380a32470589b49b764c8877a0725c58df8495e6fb6358d177130751b36ea07,Val,Monkeypox,True,224,224,d7d4781ab82f29cea02b81cc81ef8fbff9605abffa0bbec7d5a8a3d864bb056f,95da6aad4d6c8705,134.43600526147958
Val/Monkeypox/MonkeyPox (36).png,Val/Monkeypox/MonkeyPox (36).png,94663,d8cd4d2f374cc5d3a6dfd88139d35cf7eabc9e7b8c3484cf56a3d32be8d39414,Val,Monkeypox,True,224,224,c31de6fff4963da3d96d8053251c0a9c1d1d2eab9235dd5f0e6db99c56bfebb2,f18cf8a208ead755,75.51961096938776
Val/Monkeypox/MonkeyPox (37).jpg,Val/Monkeypox/MonkeyPox (37).jpg,5952,df29c9186a4a8c96a93b8d1cc1c3af397d5d451bdbb07fd8c51165c44745cc68,Val,Monkeypox,True,289,174,41f4b194de23d7e43acb5d3bdbf215047c99c1730e84ddb770f64e1d0fe964ca,0f57687047f86369,130.34262021238516
Val/Monkeypox/MonkeyPox (37).png,Val/Monkeypox/MonkeyPox (37).png,89374,a3753fbad872439d49021044b3e491ca562c43aa0eb3d3363246ff1b9e7e1db2,Val,Monkeypox,True,224,224,dc237f81b0e0613fb7c6c6ebb8dc38b1102983228486125f24fe4226bbac5fe0,44a3dc073d37a86b,113.8764947385204
Val/Monkeypox/MonkeyPox (38).jpg,Val/Monkeypox/MonkeyPox (38).jpg,2688,ec0538ceea89a3ed5c8651ad4bf189ec7e322e700fcc685d9b89d6848097f97b,Val,Monkeypox,True,300,168,e4a0d28feb558ce4852982da1d7a45c7ba1fab6e164ed77a05a6ca6f6b59feb8,49c84a8e6e366eb3,174.8935119047619
Val/Monkeypox/MonkeyPox (38).png,Val/Monkeypox/MonkeyPox (38).png,83987,a3a070627b89a32a2d7f84242367103e40bf6d5df2f5eab9f2561d6b80f4a91c,Val,Monkeypox,True,224,224,e99ce4bf956e182f4d52ac0d6b16e183a1bdc2f84e1ac8ad267feb3019b647ba,c87231b019cf656f,125.0814134247449
Val/Monkeypox/MonkeyPox (42).png,Val/Monkeypox/MonkeyPox (42).png,90902,d03537d7fec2ae5c68952e7c11a4d640abc622b866fb7d8be22b3c65c4bc4c56,Val,Monkeypox,True,224,224,5856ea6dacbfebea6eec7d6cf553ae40fafde5c4d735e8391b8218cb0ba96834,9c316336cc9932e7,139.61178651147958
Val/Monkeypox/MonkeyPox (43).jpg,Val/Monkeypox/MonkeyPox (43).jpg,2822,4299628e1291581873a6a6481143fbd2a08e24c56908813ea3745d4587e3566e,Val,Monkeypox,True,300,168,c863c5cbd6a26e9e8fbeaace1198892a456268ec02f2530448b13f7de7d0b023,b5e8551595c2f271,146.98329365079366
Val/Monkeypox/MonkeyPox (43).png,Val/Monkeypox/MonkeyPox (43).png,100848,1ddaffce7b5a7765212ed7012bd3788643fc2daa0181d652b88b72506bd449b5,Val,Monkeypox,True,224,224,688eadde7d50b7c20e0c6a4a0749336112d1ba8cf6254850ad55237f739d8f9b,bbcf3a65580858d5,122.1292649872449
Val/Monkeypox/MonkeyPox (44).jpg,Val/Monkeypox/MonkeyPox (44).jpg,6305,b4038e33d6c14984a4f22a3d8e831cac268eb3bc1b9838becddca0debe40eccc,Val,Monkeypox,True,275,183,e0e24da4965806b507e671054e9ac2effdc8567390df465ef4811df15e7c753c,e44bc0098fbde365,147.253651266766
Val/Monkeypox/MonkeyPox (44).png,Val/Monkeypox/MonkeyPox (44).png,56921,eeae22054c7572cde62c0e753f0f5feb191ffae7f9cc6d89560c6ee34ef54410,Val,Monkeypox,True,224,224,25ae5efc2c8502a67faef2c3ee32eca459db4ae220a60eb29694b28cad9435fd,fdf9f1c8c080c3d1,147.10222018494898
Val/Monkeypox/MonkeyPox (48).png,Val/Monkeypox/MonkeyPox (48).png,73435,f8cf2efe67558cc4a46207630c984583d948a9fa297782836d2fee072cf6e176,Val,Monkeypox,True,224,224,ffac1fd3362b2a68575c347fb1a7289b7ce56e1bed5560b830a3770eaa11ccad,fdbf16993249a0c1,88.51893335459184
Val/Monkeypox/MonkeyPox (49).jpg,Val/Monkeypox/MonkeyPox (49).jpg,4726,206450f00be3cac0cd75d8ea126f7895069c36d10ed935f71f3ff6e1c1fdec4a,Val,Monkeypox,True,262,192,9376e7287fbfb7f1194fcc8a15e2e9918b8d7bcae60aa70b834653b6f5c8b4ee,8de0331cc9f2233f,123.09995229007633
Val/Monkeypox/MonkeyPox (49).png,Val/Monkeypox/MonkeyPox (49).png,74351,08f029642c3b1de0f40acb80fe376d0bad4a8f83e2712f850b2dd8eae10a3bdb,Val,Monkeypox,True,224,224,b122516d1fa7cef778af60b38667e765307a0c4530af9cbd82465bfa24d8d2a5,790c7173e007837f,104.8130181760204
Val/Monkeypox/MonkeyPox (50).jpg,Val/Monkeypox/MonkeyPox (50).jpg,3934,cee6d56d9dd4ea670828245c6a42ae11bef7c769331e82d7192b43625e6cd20b,Val,Monkeypox,True,321,157,575bae2529f43c0200b9cf088d8654183b49f3cc98928164ad66636136f66eba,b087999ed19ec389,126.97728039367422
Val/Monkeypox/MonkeyPox (50).png,Val/Monkeypox/MonkeyPox (50).png,40255,c511736698591cb6ee18c790a72d77f64b405068baadc76e06552b85a349cbe6,Val,Monkeypox,True,224,224,01bf9e4ecfac21385babeffb6c34d5ca6ba8ab7b89ee4876f53351a0ad7147b7,8d01318c4713b7ff,106.84693877551021
Val/Monkeypox/MonkeyPox (6).jpeg,Val/Monkeypox/MonkeyPox (6).jpeg,2150,e103dee089dc7c0c8d2d441439277bdbce6ca22e92e23802234c5ac8f5dc9473,Val,Monkeypox,True,299,168,6c70625a5370e75c8ae0521e925a54fc5f00e19cdbebf2c40a01515db3a7f08d,031bb339796323a7,106.42747650899825
Val/Monkeypox/MonkeyPox (6).jpg,Val/Monkeypox/MonkeyPox (6).jpg,155157,7ff85bde603733f5cca8065b73083242d85f55a75eed821db1f0fca7ad8da204,Val,Monkeypox,True,1200,675,e15fe1ebdad140ebed6c87cf854e2d85109a5d0c5a935082bc4c99245f45701c,4dd33ce3fcab0301,140.80058024691357
Val/Monkeypox/MonkeyPox (6).png,Val/Monkeypox/MonkeyPox (6).png,1108629,aa9a5faf78b6cdb5a680a736fd51bfe291f61dea8e038a453c5dee079366b1de,Val,Monkeypox,True,1396,1376,ef5b350c658627e93f0784dfabbfb1abffe24693d471d96b07225fc794962970,1995f813d5961877,159.50801969497567
Val/Monkeypox/MonkeyPox (7).jpeg,Val/Monkeypox/MonkeyPox (7).jpeg,2699,9c8661f6fbae0408d4c01755f37f3aad3739a852f94d0c7642c70dabe7e9e18b,Val,Monkeypox,True,300,168,b4e1feea1524b848e3fab60f3da43e6eb9b220d1a5a44ffa4d456531a18d40be,49c84a8e6e366eb3,174.89448412698414
Val/Monkeypox/MonkeyPox (7).jpg,Val/Monkeypox/MonkeyPox (7).jpg,77200,192bfddac5991736559cb4bd0b2c6c3bd71a481c91472ac72e065eaf26d80bd8,Val,Monkeypox,True,400,320,ad508afb664f77c80be3f71d763f83c3d3d5f7721358b49737d0d7a65ce9338a,a4ab445bb4b9154f,189.9909296875
Val/Sarampion/Sarampion (10).jpeg,Val/Sarampion/Sarampion (10).jpeg,4510,726f0b3b39ef17ea7cf46c8aab18593b365504c4addf623f178221838f7c7857,Val,Sarampion,True,300,168,bf19ce532bacd40ca1fa2cfb31aa5966de61e01bf45398edd49e032d0967c5a2,e86c45e60632fad3,164.9510119047619
Val/Sarampion/Sarampion (10).jpg,Val/Sarampion/Sarampion (10).jpg,161447,96ab47e98d592cd1aee5a6e763ea46cbcb4e38e791183185608c59e74c20abda,Val,Sarampion,True,504,378,6fa4bf1bf99b6b26e0e8c763710a66c937e21ab01ab71fe9856a2dc5b7d85c06,47f97c0d01e1e0ed,116.33217330141933
Val/Sarampion/Sarampion (10).png,Val/Sarampion/Sarampion (10).png,28898,6226558471ab9cc6fcffc3e4d2d1e4f80e509f99cf19405261e7131d60a8ff86,Val,Sarampion,True,128,128,7d1a10de05ec03cd3f3c6d81b08ee4d7f61b9f4acb684b18210707bb57beff0d,173df8e4430386db,141.53533935546875
Val/Sarampion/Sarampion (11).jpeg,Val/Sarampion/Sarampion (11).jpeg,6977,8d0b9a0ba2ef81622d1fd1df3f6c707f5bf30934f534daf68f394ca7b6b9a506,Val,Sarampion,True,179,282,29cd71cbfefcb5461983b5dbe0304215d7b5321a03d0facc6416c3b90d637f98,6ccd9176c53a1ac9,113.23675660683863
Val/Sarampion/Sarampion (11).jpg,Val/Sarampion/Sarampion (11).jpg,49128,e8c455cc66c6b569493ebf5f3e7ff95615226c9dbd81039a79105a758e4250f7,Val,Sarampion,True,800,1200,e1b03330d09d43cd477d29fdfdc2c2198912c276870bac90b3accf0f53c09a7a,3307177f426ae0e3,153.161734375
Val/Sarampion/Sarampion (14).jpeg,Val/Sarampion/Sarampion (14).jpeg,4976,b2af60db29e32059ed29083a00f76b5e50d64a7fe04a22d73aa49b0845cee21c,Val,Sarampion,True,268,188,1172a39cc33d6bc49f7a21be366d93dc2af7c1f10f1402cc4e2cbcdf0d22bd50,f857a057905f23a9,146.40758971101937
Val/Sarampion/Sarampion (14).jpg,Val/Sarampion/Sarampion (14).jpg,76192,72cd5ad62c1778dbd914a39139d4775a3f767eba741e8a149d8b231f94adf1f1,Val,Sarampion,True,960,640,c9da9b083a747f536910d6db9300ffee6693b21ab98b1dea01b304e22956e704,f6d444464e2f9671,146.56152018229167
Val/Sarampion/Sarampion (14).png,Val/Sarampion/Sarampion (14).png,90931,9b94d963ff719379d244bba5d6705107b40fc0f187cdc90a30ab1051931ab633,Val,Sarampion,True,224,224,f3edb0efef7a98d2c6a48eefbebdd46534f6a4236260d1a0ac6670039fbbadb0,19c8f3bec62198b5,145.8907844387755
Val/Sarampion/Sarampion (15).jpeg,Val/Sarampion/Sarampion (15).jpeg,5193,6f1e18f1ec066272e3982f2136cde3da5b278eb3312f46dad904f0bdfee49bcd,Val,Sarampion,True,284,178,2d5532bb118f61c5b1573b23771923513f44b4c60192b519b5bba113270bb617,1ee12fdae40645ab,171.70450229466687
Val/Sarampion/Sarampion (15).jpg,Val/Sarampion/Sarampion (15).jpg,47218,56fdbbd2c80a8f0b5f5771d34d5a3a2052d06aed48523521dcf8a4d334edf695,Val,Sarampion,True,777,566,1040344c58aa7705c1bbd5982e36ace871d55e8937f58b3be9d8f6e9f7c5e4d8,4887a19f977cc239,115.09250492289361
Val/Sarampion/Sarampion (18).jpeg,Val/Sarampion/Sarampion (18).jpeg,5748,70296f128a7b38da2145ccff445c6cf20e6378316108e2bf2f734068a4447429,Val,Sarampion,True,272,185,88d8ee6bd7f3207e71539c7340acf140c2f9f1c0ace6588d15c637bb3ff16df6,413c84e1fc94afab,141.82967011128775
Val/Sarampion/Sarampion (18).jpg,Val/Sarampion/Sarampion (18).jpg,416294,53ea482e8ce44da311521507f0fee64db9e2af11954a348e529c9428df873db9,Val,Sarampion,True,1500,1101,39dd7bcd2724bd02b110c0bde381f8cc8cc19d49b66366613d0b821e0cff46bf,f916e116e11ea3a9,135.37064486830155
Val/Sarampion/Sarampion (18).png,Val/Sarampion/Sarampion (18).png,67791,f0273c9c6cb675f60b0b881c03d2b8cfd6866ece172fbcf3e77d4040d892d63c,Val,Sarampion,True,224,224,a92437b34a8d5b21c90d315b85810df1433567a6ea61dd9657ba03357bf814ec,48c9966cb6e6961b,96.5758131377551
Val/Sarampion/Sarampion (19).jpeg,Val/Sarampion/Sarampion (19).jpeg,5144,16093d05f73920e8895f2cad8249f79d248cdbfeb563dad8d60605bbca4a9581,Val,Sarampion,True,264,191,c81869fcf973736d6b6773b34433743348d1d31676c36c7e746e5332581275ed,16ed5a91fa17212b,154.0388505473584
Val/Sarampion/Sarampion (19).jpg,Val/Sarampion/Sarampion (19).jpg,79290,87d5f2967e7483d92ca4e211c7c13c6a50a6c7ab8d8a2e81e60c581d0ae0741c,Val,Sarampion,True,342,228,6e2e9168ea5757701bf6fdecf0126ec25e7e10478f3925b4343fc20c8b7f9c72,5fbc6026ce842d79,133.95820508874525
Val/Sarampion/Sarampion (2).jpeg,Val/Sarampion/Sarampion (2).jpeg,108524,18a1cadee1ec262a4ac807402e7fdae6eab5b072b5880af71f63684c225320f4,Val,Sarampion,True,800,1222,15e63519deca56604fbbea50c00a059bf82d5de80bc359dea8b4093b9725fbda,40d6502f855ebef1,112.51528846153846
Val/Sarampion/Sarampion (2).jpg,Val/Sarampion/Sarampion (2).jpg,20480,aca4b2abee572ed6a1697dd40c09c6e8907cf285bb51c1561deda8278ce91f84,Val,Sarampion,True,300,332,e61bc700609eade68169929951e2d041e0c94ea112cade2a19c20428eaf5cb91,8f70a770a754bf01,176.03408634538152
Val/Sarampion/Sarampion (2).png,Val/Sarampion/Sarampion (2).png,2102670,ffb1664d29e9f354b693bb80da28190d64d0391af16f41d566966d97f04acc8f,Val,Sarampion,True,1418,1417,3f65755bbc32425056d2ec245057a9d569fa2d692638cd4f227544edfdb23780,53728494adac9b9b,136.29665665657694
Val/Sarampion/Sarampion (22).jpeg,Val/Sarampion/Sarampion (22).jpeg,20527,98bd156b383a9d84b456aef3c2e078a967e8d275bb6f69817d710e67f2ac58ec,Val,Sarampion,True,256,256,d2d593287df6c6a8d5218170b2f4841a527171174b6ec108ff530db7d24a9840,de7cdc585828a8ab,169.9480743408203
Val/Sarampion/Sarampion (22).jpg,Val/Sarampion/Sarampion (22).jpg,26967,936971da9d79aadd7d99c02e8353dabb907c8ac3fbeefa73ec6430cebae50e70,Val,Sarampion,True,400,267,c0dae13af3dbe4fa408dbebdb37294c88eabc6cec828e5feb9e256f7856a20e5,aaa4a525a5a567a7,136.26955056179776
Val/Sarampion/Sarampion (22).png,Val/Sarampion/Sarampion (22).png,65782,a9f3486992337ffa29587c752c0684fe34e0810caa27feb81eaa0c4606be4000,Val,Sarampion,True,224,224,b55bcf97e059f17312d730ca7fbef51b5be582854b1979d20bd03e8c245cd189,f0fefcfef6400001,180.11916055484693
Val/Sarampion/Sarampion (23).jpeg,Val/Sarampion/Sarampion (23).jpeg,17967,87400e09199de282937a480c9550a807b5112a04b59a23ebc60481f22ce7d6f4,Val,Sarampion,True,256,256,f5ec644e08c2d3e7219c8e5ba0e126d5c7ce1db9f3e4f5955ede4befce44edf6,16495734eb544b6b,129.12535095214844
Val/Sarampion/Sarampion (23).jpg,Val/Sarampion/Sarampion (23).jpg,59254,35dea9f145fab34735cdb05b427704052709b1cdb412ff09a5f0d8e69fc6712c,Val,Sarampion,True,600,400,0365be32eba1157b872c31a010b6eaeddca9e23559c8c120933c2099c2d01f9f,5c6ca4d61b99a32d,156.4492375
Val/Sarampion/Sarampion (26).jpeg,Val/Sarampion/Sarampion (26).jpeg,19512,221e7921c392dde903b251f960219229b22f339ccfd5af2a625ad4e449e84199,Val,Sarampion,True,256,256,4a3ae958cd79a7a193532b84d65ad0331f3efa376006ab7a50d8950b306d4ad2,56edbc4c817e2f01,128.00852966308594
Val/Sarampion/Sarampion (26).jpg,Val/Sarampion/Sarampion (26).jpg,53023,cc99d90e71f1a44d57a03f34ac1fa5744ad4134d4c69f054a1c3665d920cd4f8,Val,Sarampion,True,468,338,c219c0ecf10d84ef3bbeca55d18afac641de57d10ae24be59d32bf1ab265fdfc,16ed5a91fa17212b,154.10030723714155
Val/Sarampion/Sarampion (26).png,Val/Sarampion/Sarampion (26).png,93213,f629817ea7e7d9c66761b0bfe10c654c5dffe8e46ae88d82dfdd1e80c961d6bf,Val,Sarampion,True,224,224,6decfed85e539d2c864b727ea21067ca90a556d1586ec191bc7b0200f7fdb337,ebb6a36a5e168541,115.7705078125
Val/Sarampion/Sarampion (27).jpeg,Val/Sarampion/Sarampion (27).jpeg,14821,03ef0eaaddb84fe760a98bb4ab1ac2d9a1c6d8f8569ba63cd664a7f935c8183d,Val,Sarampion,True,256,256,7ab5c184d774969d11316cd58c70ba8decc3ff7e0c5585d15136827b49d79c1d,e2a54e41a53e71f1,91.68557739257812
Val/Sarampion/Sarampion (27).jpg,Val/Sarampion/Sarampion (27).jpg,53788,ef6a36b31473b797e000ec630957f9dd12d79f599d7b3b613a3de72256bd203e,Val,Sarampion,True,468,576,f07398d13158f4edbfff2867b3160c010a45b342773afd8aa4e5e3f3bcc6f995,8a65fca7a8ad4153,157.6262686965812
Val/Sarampion/Sarampion (3).jpeg,Val/Sarampion/Sarampion (3).jpeg,3344,12af01e17332e8b8aad6759587644a9e5910892c4bed8a22bf85340237447d5d,Val,Sarampion,True,183,275,9c3b86c51bd7fb0c1fdc5a06d000e23b45c871db1863965712c433c43c265150,3307177f426ae0e3,153.16683556880278
Val/Sarampion/Sarampion (3).jpg,Val/Sarampion/Sarampion (3).jpg,22629,55a8919d8602c1046795f6b1246f532afb9caa1d10c740fa68b05c681b159043,Val,Sarampion,True,300,367,704692092554733f97344b7c3d23889323f43d4404f623ddb7aefe54423d9430,52fe5a5672a8a943,153.19092643051772
Val/Sarampion/Sarampion (30).jpeg,Val/Sarampion/Sarampion (30).jpeg,13636,6339aceab6352b953e59ffdb6d71d82677290f254c74afa4549b8f68eae6f100,Val,Sarampion,True,256,256,a32b506f6ac942da1eea86ab75683ce42bb7590790073059d588b2081a9c3061,651804fc56fa26bb,158.52439880371094
Val/Sarampion/Sarampion (30).jpg,Val/Sarampion/Sarampion (30).jpg,49450,a50d8f488ed81eb9834f6646af86815b404a51918f5c303bace64b1be9858510,Val,Sarampion,True,497,595,a73581c6f3558d314fece53d2ee94cb08d18f3b3622e95b8b064a01f2fd95692,a73209e17621f0fd,146.19689904130666
Val/Sarampion/Sarampion (30).png,Val/Sarampion/Sarampion (30).png,92534,274b0c735c6355bb92fc4a6e4c67e6b0bc03caf9885a11d628cd77e14ea97207,Val,Sarampion,True,224,224,c031e074b6398b18920479e9c06183efdeb88bd7ae8467b7d52bd7e809b1256d,2de92849d4ab5d53,134.6179049744898
Val/Sarampion/Sarampion (31).jpeg,Val/Sarampion/Sarampion (31).jpeg,10479,e1bac16185c4881402969cb4c17c8283961c94add665f5eb97bc5f1cbbf4a889,Val,Sarampion,True,256,256,43fc03db0812fdc3780c88d518112fa004c65e6778abf9b5ff26926ade0b36a4,1fdcbe7c10f06903,85.51800537109375
Val/Sarampion/Sarampion (31).jpg,Val/Sarampion/Sarampion (31).jpg,40155,7dfe0c9b969d5c0fc71a6e5cb5b4cd7990c963b46cdcc430e5cb77e3aa55e4e0,Val,Sarampion,True,493,568,56c5db7c7107f4194bcde9df3f964104a6d3692df4d1b7ed60b3363e5111e512,c8894c4b4ccfd675,136.77575493529127
Val/Sarampion/Sarampion (34).png,Val/Sarampion/Sarampion (34).png,87895,f786bf2bacf48d9d8e36d5bf1687e807227d90c21dbf85081517a0a35f6bccab,Val,Sarampion,True,224,224,41df59862be468eedda0c2fecf2f44d25c86346b03c8376a18691ad12b6b2943,cfd6e9b054d40a4b,162.7276387117347
Val/Sarampion/Sarampion (35).jpg,Val/Sarampion/Sarampion (35).jpg,10796,cfc5ca576eefbbbc8e0853836eee802310087842f382aa9ca25a36acdc605532,Val,Sarampion,True,233,217,d89e023a28a69f58dbc1c84c2edb61e11e5c8269b31db980ff9cf89f616c29ed,8eb50f040e7ef4c3,131.82229386285871
Val/Sarampion/Sarampion (35).png,Val/Sarampion/Sarampion (35).png,23862,3699303b4a1c0abd77237d0cca808d8700a3e6a651f87b71852ea49e86835813,Val,Sarampion,True,224,224,70f15b4b2e17896e76b899b01579829bbc68ca6b16a481784f082f01b4fc7558,ac7f01d05eafa151,239.59237484056123
Val/Sarampion/Sarampion (36).jpg,Val/Sarampion/Sarampion (36).jpg,6364,f9002ff69dfd9ff11eaa260bb5e1f29d4a9e3c3669105f73c00ce46927352f37,Val,Sarampion,True,188,269,46b47bc087e9e8fc463faee6bbb1f8949f4bedf092756cfb090a05ae784e2b3a,53a16f25547e04f9,132.12704658704422
Val/Sarampion/Sarampion (36).png,Val/Sarampion/Sarampion (36).png,67406,764e2e4df8248a2dd911492f546eb7d411d1884f20e16181027259ee23505806,Val,Sarampion,True,224,224,edcef4ed64a0d22ba61d8c3e8566657b5b49b7fb6c11f26e6935d13d7690bf49,359ac42b0ef3318f,214.0648118622449
Val/Sarampion/Sarampion (40).png,Val/Sarampion/Sarampion (40).png,91320,253ada9bfa47c94f1e20810f65771b703c51ff13270dc72fbc01e4cc103eda99,Val,Sarampion,True,224,224,2e5e98176a413a2678cd33fc2dd12487087f264b3255c20c59e880e89947fb32,19915e2c967cd6a3,113.84432796556122
Val/Sarampion/Sarampion (41).jpg,Val/Sarampion/Sarampion (41).jpg,5234,20445e6c9c97902f6b7387f967e54aa982e1ec25f1b6de82757e08078a9d18e0,Val,Sarampion,True,259,194,c74029d4d4c91d33fae79be7be75e8e18d834fddbe9e90ccb5e57e793a916acf,9f3fb51a03202d6b,139.8408231501015
Val/Sarampion/Sarampion (41).png,Val/Sarampion/Sarampion (41).png,79542,82253040641dd5ca8f25d8c09b78506811b7290e3a5d3feeb2dd469f6d04e002,Val,Sarampion,True,224,224,468686aa2994de60f1faf7f1be7b2cc9708cd7ab3ab0018044e2e7082bc62db3,c3b39b07991ae41d,134.00534119897958
Val/Sarampion/Sarampion (42).jpg,Val/Sarampion/Sarampion (42).jpg,8751,e7cff597268cb0f49201dc64c5e7901bf02bdcc4602110a6d051e0edafceba12,Val,Sarampion,True,275,183,c200a508456fd3948c16be91e0928150fa82d33081e7c84d5b5c78ff3bf69dab,148f56ecf154a9a3,143.88415300546447
Val/Sarampion/Sarampion (42).png,Val/Sarampion/Sarampion (42).png,80922,46799e2361766925b9ccd21fb591774e64ee35e9dbe578bf306109a0686a1f35,Val,Sarampion,True,224,224,5921946696ed54e5e2dd98a0b116f136bfc1836bc9ca0385d5331712f2fccab0,dc468c1cef76106b,103.7894212372449
Val/Sarampion/Sarampion (6).jpeg,Val/Sarampion/Sarampion (6).jpeg,3703,ffbf06ca369e27ea40aa7efdcec21d7b8dbd771d8a9eae270e045d0087d27a4d,Val,Sarampion,True,204,247,0e07eb5411f91d31955adfd73a7d2463a8ac8e5b4f0936da11294ae05e114e3a,f0fefcfef6400001,180.25309597523218
Val/Sarampion/Sarampion (6).jpg,Val/Sarampion/Sarampion (6).jpg,14079,7e81c3062a0a7f07d8e62bbfd15ccd1188de979dbf549ebd4a248acbf8e84ab1,Val,Sarampion,True,600,192,20adf9f51a357af2ded4e0c3115e86125fcb5d3331878947072b06463d1432f4,8d94d24ab23d1c9f,194.8582986111111
Val/Sarampion/Sarampion (6).png,Val/Sarampion/Sarampion (6).png,23517,ee1c37c7a1fcb377c272a157080561ba5fa2f0b7e4973791a4aaa2f1537e110d,Val,Sarampion,True,128,128,bf7871fc44379e86aa7ba1c35392bd96c6fbebf2c237f01023a84e35d02634fc,8478c6361e38f2eb,163.91119384765625
Val/Sarampion/Sarampion (7).jpeg,Val/Sarampion/Sarampion (7).jpeg,3577,7e13b93a655b6147ce329e736ec923e02f02800bcf0fc3ff209ff90f703e2cdb,Val,Sarampion,True,282,179,4013c989065744b502a6b21eca051420a828913b2308ffe54ad3753a61f9e09e,86b6b26636c9193d,209.63142359047507
Val/Sarampion/Sarampion (7).jpg,Val/Sarampion/Sarampion (7).jpg,231475,fec4224e240e03721fffecf07641eb090299e37d8477f4433f980e9e1ff773fc,Val,Sarampion,True,650,350,5e1c6c282e82d93d99ac502be97dab1e6c8999afd52b56e83fe90f87ede5e66f,83b029c3f43b0fcb,139.9516043956044
Val/Varicela/ChickenPox (10).jpeg,Val/Varicela/ChickenPox (10).jpeg,4543,5b1d48129b33af719edb1bea66e44b5d989f24e7088700eecdcbeababfb29112,Val,Varicela,True,296,170,e1fbd7e6b5cafde8a853b42e3c0aec12a960c7180fd11428c91cf9a017f963f5,ecc545be063278d3,146.36492448330682
Val/Varicela/ChickenPox (10).png,Val/Varicela/ChickenPox (10).png,68338,a22f3d371a49a733cc17984cfef448c8ba69e9d8742db53b6ee8b04917377019,Val,Varicela,True,224,224,2be3e86410c0e71c212a0fbc5bd39f7ab9f9a23bc33e3ebe878ad070c92fd893,4e09051eef7dd0a3,165.40144690688774
Val/Varicela/ChickenPox (11).jpeg,Val/Varicela/ChickenPox (11).jpeg,5783,9b6b73a1ff91009056bdb5dd26caf071d9df38ee8edec81ce8e4150cc5e5129f,Val,Varicela,True,225,225,705a31934959118a85a906f7d5cbbdcf047b5b529cc1c7cd9316f9342386cac4,7695d989806e5477,171.79296790123456
Val/Varicela/ChickenPox (11).jpg,Val/Varicela/ChickenPox (11).jpg,20823,c11feb9bb22a316aefb7945fe2c768d8d50fc68e973da27783301330dfb4588f,Val,Varicela,True,420,280,bc8fc3926262c869f49fce74d7a4aac2acc9c62d5e7432a20f859aa54ffcb545,9804eafbfea170a1,161.82534863945577
Val/Varicela/ChickenPox (11).png,Val/Varicela/ChickenPox (11).png,87963,5d1f75a2c42e468c312bbaf65b08d307cc9c5e7da44b663d368272a1901ec611,Val,Varicela,True,224,224,50d5075badc4c271fd8bfb2bd5c10e4936eaea22e3fb808686672707abbd6b15,a1a5a6161ca515ff,205.3839883609694
Val/Varicela/ChickenPox (12).jpeg,Val/Varicela/ChickenPox (12).jpeg,4786,6d03ca52c8b6ce6c4bdc4853cb72c01cad53c927463cd520f75204229c4a1bfc,Val,Varicela,True,210,240,d8894f21ec9f3b866d4dd84cdfd4d6b6883298eb46646d027a237af92a5cc450,83368b362c0eddf1,116.51664682539682
Val/Varicela/ChickenPox (12).jpg,Val/Varicela/ChickenPox (12).jpg,293318,5b1955eb259ddb6c1219d97b78ec24da8c1cc88493e409c363735432ff0b3160,Val,Varicela,True,1919,1563,1185a0dc07c4c89f4846c60345dc0234c990b2e702025a1a090a9538ac49890b,949ea9391a5a5637,168.5351532324664
Val/Varicela/ChickenPox (12).png,Val/Varicela/ChickenPox (12).png,60683,4701a0b1162cf2bbfbfa18dd3f75a0fa395b923246f3b6bee13a3585d8cbe7ad,Val,Varicela,True,224,224,f262f8d80ad4d391f8c78cb7bac7f5b1b683386148c6cbe46b4c69ece24ad4d2,c6fbe966336e0109,124.05548469387755
Val/Varicela/ChickenPox (13).jpeg,Val/Varicela/ChickenPox (13).jpeg,5811,9728de87fa4dcaa4bc8df6b1baa5628e091fd25a2b135110396df215c27b3ef6,Val,Varicela,True,259,194,8f37d644c4a5b55709263968a57539d54b19caf42fe66ef3b144ea19c3dc9f78,2aa357e3a462acc7,141.2838235879473
Val/Varicela/ChickenPox (13).jpg,Val/Varicela/ChickenPox (13).jpg,4612,e23a0621743162ee949646cbdab254580a99899610f4f92ccfa5fb384dbfa5ea,Val,Varicela,True,300,199,b08ad65458e5ca7abf7e5b90f8986d52c8cba32b9cb7426f226564ed450acfd6,315ced92811eedc9,181.2327135678392
Val/Varicela/ChickenPox (13).png,Val/Varicela/ChickenPox (13).png,83838,080835c23ec21ccdb0f23df8a89a3be859cd6ecf98dd9ea5d35d43ebf4af49a9,Val,Varicela,True,224,224,f04103e1ff51ed2340ba8b96e86821ef559ee65d5258a57da82d109ea230a2d3,52d3d2c0a0fcbcad,180.59612165178572
Val/Varicela/ChickenPox (14).jpeg,Val/Varicela/ChickenPox (14).jpeg,4631,bdb3f0271346e1d91beffd6f538e7aa736059d25b97d5da385297af8f40a23a7,Val,Varicela,True,259,194,557ab346ee9ab85c0df686818114160324bdd97f236e97ade3b4f2c922cd13f7,cd0b7a107a862bdb,155.17213310512278
Val/Varicela/ChickenPox (14).jpg,Val/Varicela/ChickenPox (14).jpg,34940,b1df8f264aa1f86f8916d18d0e7a07fec9a383ea9493241d0e5e8764f8bed532,Val,Varicela,True,1000,668,c058b1d59ae51d5ead11bd6ba8586fc52a64c12752094a0671c5b85330617961,b99a922e695a7453,163.33177844311376
Val/Varicela/ChickenPox (14).png,Val/Varicela/ChickenPox (14).png,65388,bc39b095b2bed6ac6093d275804023223bc9697fe30b3e1647d4469c73bef906,Val,Varicela,True,224,224,fdaa208f653eb4f2a8e73109f517515479370b3f539d3b248ed5416b22811dd5,295ca85c9dae5729,146.05450813137756
Val/Varicela/ChickenPox (15).png,Val/Varicela/ChickenPox (15).png,74352,285b75221ae94eb9622037678aea13e19d6a4933eb3003637a0c31c5c1f5dd27,Val,Varicela,True,224,224,bd04d4e759962339f7ea85c4725108af4462f16ace0a35bfc37314af3f9838fd,5932cb03169d8ecf,158.4150988520408
Val/Varicela/ChickenPox (16).jpg,Val/Varicela/ChickenPox (16).jpg,51802,ad2c25fa2464b30bb703c311e71f3f13ec85bfff3d7cc9cd5ac3216a7a61992e,Val,Varicela,True,411,330,fa15c09060c6fc30166665b12696793afce9ede4a12ab3715caeaef9995ec7d3,635ca1fe137c6701,135.84251271842513
Val/Varicela/ChickenPox (16).png,Val/Varicela/ChickenPox (16).png,74352,285b75221ae94eb9622037678aea13e19d6a4933eb3003637a0c31c5c1f5dd27,Val,Varicela,True,224,224,bd04d4e759962339f7ea85c4725108af4462f16ace0a35bfc37314af3f9838fd,5932cb03169d8ecf,158.4150988520408
Val/Varicela/ChickenPox (17).png,Val/Varicela/ChickenPox (17).png,367038,5bc9e6df0c88479ea89f5d9def54d759d63d96e5883ab53a481001686fe78007,Val,Varicela,True,500,385,a6459ac44974e37ed16b106345e283a4103f812e0c36449e74640466c7e00fec,38b01c1c9c3c7b7b,104.46733506493507
Val/Varicela/ChickenPox (18).jpg,Val/Varicela/ChickenPox (18).jpg,20727,5387dff5dea424d8cf46e3ae067ce808a660374a28d442d3a1ed272cf5840728,Val,Varicela,True,470,470,4d940d9aa7a1927cd25bbde98d67f24b8a6688d2b5721e6e8ae6f3254ba5ddb2,6c40c87cf8dad4f1,169.15675418741512
Val/Varicela/ChickenPox (19).jpg,Val/Varicela/ChickenPox (19).jpg,20636,8506d6473ba7418c28f6cc62230aff6d07e6d1abea99f9b78349b6c5a5d322f0,Val,Varicela,True,470,470,b2e801069a9a62849beb512e9fa30a398c1b3e199a491eb724d775172a5bb0cf,d85c5858d8f8197d,171.61103214124037
Val/Varicela/ChickenPox (19).png,Val/Varicela/ChickenPox (19).png,70254,8436ea327ebad9a9ac38cb3da7855fe0998eaf39b574e3c53396e10ff4cae3f3,Val,Varicela,True,224,224,f9977f60599aeba5a9ccb79251adc32cda2d1380c8a893212fb7f6977c57a2a9,16e10ef28fe1854f,177.44519292091837
Val/Varicela/ChickenPox (2).jpeg,Val/Varicela/ChickenPox (2).jpeg,2713,a35ce9f160cbbcb6824a7cec84d31299bdd72060950f1ceb29cb2eccebf46026,Val,Varicela,True,242,208,4455ede3712da4631a885740ca09666d4905662a8307c00355fd9ee76023d09f,663e35c0d9ceb429,189.0525667514304
Val/Varicela/ChickenPox (2).jpg,Val/Varicela/ChickenPox (2).jpg,40031,abcc61f5f6b5ddea4aff4fafac8b662f74bd7f2d215e51762ef369432518bea7,Val,Varicela,True,550,330,ae7ea28c4184582d256bc476d99b40337ccec531ed5ad0f3f5a0e11201705a81,a3589295fdf24f01,126.76107988980716
Val/Varicela/ChickenPox (2).png,Val/Varicela/ChickenPox (2).png,85125,be7c3bc93fec97cfad25a08df006f7b74a43f07ae8befd368779a3f22b794e0d,Val,Varicela,True,224,224,3111c94b3c9393ed576b86e309f44902ac140b7e564fd9f601382520f6d57107,ecc545be063278d3,146.23788265306123
Val/Varicela/ChickenPox (20).jpg,Val/Varicela/ChickenPox (20).jpg,20987,a03e4fbab5e6bb8882b93fc47facd18158f0f184eb626273e72296b2669a3bd8,Val,Varicela,True,470,470,8519562c3eb74dd9bcbf3f7d1e09a96b6ff7ae1a4fb7efc790a5017d59c2d689,619c03dc07fc0e7d,171.33927569035762
Val/Varicela/ChickenPox (20).png,Val/Varicela/ChickenPox (20).png,62098,c16a3d424372c382adf787b8a396a61dd61ae8309eb12904c085807fb1dc1134,Val,Varicela,True,224,224,a2f0c8d7d112fa79929e5739cee8e74cc7a235dc2ef0294ed56156b9e73f0f23,a3b49cd41672d70b,152.03061224489795
Val/Varicela/ChickenPox (21).JPG,Val/Varicela/ChickenPox (21).JPG,14189,04803660abcd090c0072996145c40f0b70f51e987d1e918bdd8c9374791652aa,Val,Varicela,True,448,459,949b3055d2c2164d8361b9909182f089285cf4402b3a27e3ffb5c697e29f5078,376a8aa85610edaf,193.5105187908497
Val/Varicela/ChickenPox (24).jpg,Val/Varicela/ChickenPox (24).jpg,22174,73ce32ba4019087ba5ee1aeedd50ee5ca825106ef51d04469181c2476ebfeb92,Val,Varicela,True,471,464,665b5c1d2bd5438618e36b2b7fa5aee6593c52c1e2bb2871428e6695ac1dc80b,2de9ca5a7003be99,116.27935793249871
Val/Varicela/ChickenPox (24).png,Val/Varicela/ChickenPox (24).png,87616,08ebff7fbe9b73159420b2b234ffe92cb4042c9d74ba741f1601f4b46e4560aa,Val,Varicela,True,224,224,041150fc1eb8ce91f69fa2817ae76f350b59277216a478f482a86b88f4c738b9,90de4fbe697a8501,168.91212930484693
Val/Varicela/ChickenPox (3).jpeg,Val/Varicela/ChickenPox (3).jpeg,3831,ffebff732e463ec0e94a4af3d4ea8fd7edd728aad6bc2191aff63b95527ec013,Val,Varicela,True,185,272,4edca5a7e16a82bb8faa8a7c2a8407e679cef4d32ad714951247ef05b62be089,f4f0f0e0f250f0ab,155.44328298887123
Val/Varicela/ChickenPox (3).jpg,Val/Varicela/ChickenPox (3).jpg,32723,019498790d54ca9acfdab3c8fa663339ab470f92515c2595649fca3213d0b35e,Val,Varicela,True,615,409,b718183c0f7ca50f2113a011e2471f209012f0d839365ac6a217eeb4b19851b5,3f06c873bd897099,98.48888623849564
Val/Varicela/ChickenPox (3).png,Val/Varicela/ChickenPox (3).png,80276,25f76bec622303c66f892931773830c145b791f973f0213c7ac542c3c6f79260,Val,Varicela,True,224,224,a33909e3486e7a21f7d089a4b34c6fe54659d4ef278e258bf665dfbdc53e362a,c3b197cc59316d83,151.03085140306123
Val/Varicela/ChickenPox (4).jpeg,Val/Varicela/ChickenPox (4).jpeg,2795,370bea3d69529cc059093d02cefc0e0ab56386e4da3b1df411421df840c4e4b5,Val,Varicela,True,275,183,f3dcb32054117a7773881a298b8a3cc06dcf655d7074bf6e81c8197c8bc52375,9804eafbfea170a1,161.84302036761054
Val/Varicela/ChickenPox (4).jpg,Val/Varicela/ChickenPox (4).jpg,32237,5ddc25149dd0f9b790a9a0f82d47d53645d367b27bed944d0186eae8bf54496b,Val,Varicela,True,626,417,18162b55e855c3e370ec64f6593abd529338340cd440072c018b5fd566911a1b,b326662c4dcc8b37,184.7045149822634
Val/Varicela/ChickenPox (4).png,Val/Varicela/ChickenPox (4).png,264410,f9933e19ba6a7d8aa620675ec79fe0e07de00ab6df5b5c4bb0d7350b5592a52d,Val,Varicela,True,470,425,a182408dc1da3f644ed584c68506b0ffa0e8e181a32d288b1b804de3256f531f,19c7e721e95f5181,166.7835944931164
Val/Varicela/ChickenPox (5).jpeg,Val/Varicela/ChickenPox (5).jpeg,3640,0f162351b732159e32600bb6b9f64fac9dcf7a1c75f6333bad4fac04511bdd7f,Val,Varicela,True,300,168,1afc31d5ab10e237b77f3ddaadff36c839aad4eec848ef77e0e0eea16b0fb8fc,125e0d056fedd4a3,161.16341269841269
Val/Varicela/ChickenPox (5).jpg,Val/Varicela/ChickenPox (5).jpg,135081,9c0c14e371d1a41d8cc7ff6f150212b0cd5ecf404709351f960aea5c8aaa3790,Val,Varicela,True,1024,1024,43b95739f510ef5c3bd36ebcb1c83a3c7d242d4d341205df7e13fe18847cb569,ee583a25b93521d3,123.57368087768555
Val/Varicela/ChickenPox (5).png,Val/Varicela/ChickenPox (5).png,69169,90f6364cfcd7f0b8b0d72c2b57a5bf200b4a7679b155329c3db889c644a9f6f7,Val,Varicela,True,224,224,094c4f330366e64900ff3e656eb418dd4b79c3e9e01bb7fe0b70cab576cbb23d,a756bb3eaf00c521,210.86896125637756
Val/Varicela/ChickenPox (6).jpeg,Val/Varicela/ChickenPox (6).jpeg,3042,bdbf840c36e594c4cd666c966e6871813f66be4e5c5fb531da21a681073ec3b9,Val,Varicela,True,221,228,af2222ee58835e73c7ade37ea3b80b2ed7aedc8144ce5b7a5d30b4a1f7d950c2,2019de9b223febc1,128.12326347543066
Val/Varicela/ChickenPox (6).jpg,Val/Varicela/ChickenPox (6).jpg,24742,b945ab56745f43964cfb70163436fec05c08730d46d91c4da7eb05899c2691be,Val,Varicela,True,642,361,5b7c60effee5d0481b0eaba1c9f1ebb311133470b058a0aa061ced98648c9e0f,125e0d056fedd4a3,161.19378931835246
Val/Varicela/ChickenPox (6).png,Val/Varicela/ChickenPox (6).png,59240,05218daccef62d2b1e428e8179c712832b23a44d3843af0c26a243ad7343d246,Val,Varicela,True,224,224,95adad858ccd4e9bb38a65e6fae04277114f48993f48a8bf16d2ed6346f1afd1,e619663066831bfd,196.8380899234694
Val/Varicela/ChickenPox (7).jpeg,Val/Varicela/ChickenPox (7).jpeg,2650,15bc7464c0fe717805207b59061dccc05bb55a01fab2b110d8bff3127d8bd66b,Val,Varicela,True,275,183,023ecb44973e60345666d3cf1dcb47ee8170413525d146e02f2ee5cf34a82b4c,0bd86424d0b99feb,177.35354197714852
Val/Varicela/ChickenPox (7).jpg,Val/Varicela/ChickenPox (7).jpg,9732,49620d0ea33f1d08929370ed1bb5d554e7197fbb05a45c171c932643117f1f02,Val,Varicela,True,380,326,c71564b354cfd27e8fdfc720f1cb375955c71ad1aab549f0ac7608531bf11673,663e35c0d9ceb429,189.05408459799807
Val/Varicela/ChickenPox (7).png,Val/Varicela/ChickenPox (7).png,46808,b7f281cf94140419306326fdef26605ec61c979d31ac7d73164b417734d06a31,Val,Varicela,True,224,224,69b2adf8803bb966bfc3aa448443a99b8e768790296bb1c0f8e270864c1a3e8b,3d3cf1d43134f10b,189.3414979272959
Val/Varicela/ChickenPox (8).jpeg,Val/Varicela/ChickenPox (8).jpeg,4326,f4377a38c3bdbe7dac1b8a74acfc3d49d3396236416a2034bb349c0a9022c264,Val,Varicela,True,260,194,87c7bd5a08002d3dc582029d0321b82c2f825074847d83967598c970fcabd532,78b50a077ec6a539,136.11748612212529
Val/Varicela/ChickenPox (8).jpg,Val/Varicela/ChickenPox (8).jpg,62703,3e3276eab29aff369587991bbfdac7c8e3095f471ccdd5210c588bbe3d9c1ee9,Val,Varicela,True,732,549,b37a62afd8d60a876ddff1112bc9037784590e6846a67ad9b071c94b547ef259,cd037a117a862bdb,155.16896841749033
Val/Varicela/ChickenPox (8).png,Val/Varicela/ChickenPox (8).png,64952,2b97704763962ee6261968a906d333f1f1ff77d1447a58620c5fac09f4995525,Val,Varicela,True,224,224,1bbd0b300d8b939567de15b7b28641e2b0adbe289654f4acea538cf7901b1710,9aaaaf2d69564b81,131.5777662627551
Val/Varicela/ChickenPox (9).jpeg,Val/Varicela/ChickenPox (9).jpeg,3032,aced1b8150d58a767c1081565a1f5cbb125914833e64e97c228830e5f8749591,Val,Varicela,True,275,184,29be4ac37b35014b21494a0b4a10c51edcdcc661b11821ff2d51b751ae47ed7e,b74ef93e8f00c521,210.88903162055337
Val/Varicela/ChickenPox (9).jpg,Val/Varicela/ChickenPox (9).jpg,31114,c42fb337f0604fbfd0ae4a8f0287a37ca16f23f3ab009e6d89b32d8519a3756e,Val,Varicela,True,600,596,94df46a25e476d3277139599d73244ccde7c934f9c1dceb28222ae21b016edc0,fba03336faf2c081,131.54099552572706
Val/Varicela/ChickenPox (9).png,Val/Varicela/ChickenPox (9).png,63272,ef73c825783a27afbb6e0568a7dbe8d9ae2850271d615ff78914c35c713002b8,Val,Varicela,True,224,224,195b4f360a94b31ede7c1da274f0d3d90c9a14b11b0be337e2c6cf1d08b22de1,c32c46f887e087cf,177.7096619897959
