sample_id,label,fold,role
Train/Herpes/2024-06-26_19-59-06_2731.png,Herpes,1,Val
Train/Herpes/2024-06-24_22-25-44_4746.png,Herpes,1,Train
Train/Herpes/2024-06-24_21-30-57_1119.png,Herpes,1,Val
Train/Herpes/2024-06-26_20-16-27_2419.png,Herpes,1,Train
Train/Herpes/2024-06-26_20-33-21_9436.png,Herpes,1,Val
Train/Herpes/2024-06-26_20-28-42_1276.png,Herpes,1,Train
Train/Herpes/2024-06-24_22-39-53_9260.png,Herpes,1,Test
Train/Herpes/2024-06-26_20-00-00_2438.png,Herpes,1,Train
Train/Herpes/2024-06-24_22-24-05_4912.png,Herpes,1,Train
Train/Herpes/2024-06-26_20-32-30_7417.png,Herpes,1,Test
Train/Monkeypox/2024-06-27_17-18-10_5638.png,Monkeypox,1,Train
Train/Monkeypox/MonkeyPox (119).jpg,Monkeypox,1,Train
Train/Monkeypox/2024-06-27_17-04-03_5055.png,Monkeypox,1,Train
Train/Monkeypox/2024-06-27_17-15-54_6385.png,Monkeypox,1,Val
Train/Monkeypox/2024-06-27_15-15-30_1184.png,Monkeypox,1,Train
Train/Monkeypox/2024-06-27_15-21-00_4397.png,Monkeypox,1,Train
Train/Monkeypox/2024-06-27_16-55-56_6429.png,Monkeypox,1,Train
Train/Monkeypox/2024-06-27_14-57-21_4658.png,Monkeypox,1,Val
Train/Monkeypox/2024-06-27_16-09-50_4446.png,Monkeypox,1,Train
Train/Monkeypox/MonkeyPox (12).png,Monkeypox,1,Train
Train/Monkeypox/2024-06-27_16-40-50_5478.png,Monkeypox,1,Train
Train/Monkeypox/2024-06-27_16-11-34_7850.png,Monkeypox,1,Train
Train/Monkeypox/2024-06-27_17-42-30_9573.png,Monkeypox,1,Test
Train/Monkeypox/2024-06-27_16-02-21_3451.png,Monkeypox,1,Train
Train/Monkeypox/2024-06-27_16-41-54_5120.png,Monkeypox,1,Train
Train/Monkeypox/2024-06-27_15-50-39_9232.png,Monkeypox,1,Train
Train/Monkeypox/2024-06-27_16-01-18_1261.png,Monkeypox,1,Train
Train/Monkeypox/2024-06-27_17-01-01_1172.png,Monkeypox,1,Train
Train/Monkeypox/2024-06-27_17-45-32_7703.png,Monkeypox,1,Train
Train/Monkeypox/2024-06-27_17-42-52_5360.png,Monkeypox,1,Test
Train/Monkeypox/2024-06-27_14-02-31_3776.png,Monkeypox,1,Val
Train/Monkeypox/2024-06-27_17-50-27_3590.png,Monkeypox,1,Train
Train/Monkeypox/MonkeyPox (168).jpg,Monkeypox,1,Test
Train/Monkeypox/2024-06-27_16-46-36_6608.png,Monkeypox,1,Test
Train/Monkeypox/2024-06-27_14-00-36_6070.png,Monkeypox,1,Train
Train/Monkeypox/2024-06-27_14-18-51_3062.png,Monkeypox,1,Val
Train/Monkeypox/2024-06-27_15-49-56_8367.png,Monkeypox,1,Train
Train/Monkeypox/2024-06-27_14-52-08_5422.png,Monkeypox,1,Val
Train/Monkeypox/MonkeyPox (176).jpg,Monkeypox,1,Train
Train/Monkeypox/MonkeyPox (64).jpg,Monkeypox,1,Train
Train/Monkeypox/2024-06-27_15-34-33_4126.png,Monkeypox,1,Val
Train/Monkeypox/2024-06-27_16-56-59_4214.png,Monkeypox,1,Val
Train/Monkeypox/2024-06-27_15-16-04_2907.png,Monkeypox,1,Train
Train/Monkeypox/2024-06-27_16-06-05_8682.png,Monkeypox,1,Train
Train/Monkeypox/2024-06-27_13-57-46_4307.png,Monkeypox,1,Test
Train/Monkeypox/2024-06-27_17-20-03_5247.png,Monkeypox,1,Train
Train/Monkeypox/MonkeyPox (105).png,Monkeypox,1,Train
Train/Monkeypox/2024-06-27_14-52-28_5298.png,Monkeypox,1,Train
Train/Monkeypox/2024-06-27_17-43-15_7289.png,Monkeypox,1,Train
Train/Monkeypox/2024-06-27_14-54-11_8569.png,Monkeypox,1,Val
Train/Monkeypox/2024-06-27_16-32-48_7476.png,Monkeypox,1,Train
Train/Monkeypox/MonkeyPox (183).jpg,Monkeypox,1,Train
Train/Monkeypox/2024-06-27_16-59-09_9054.png,Monkeypox,1,Train
Train/Monkeypox/2024-06-27_15-49-34_9540.png,Monkeypox,1,Train
Train/Monkeypox/2024-06-27_16-38-42_9869.png,Monkeypox,1,Train
Train/Monkeypox/2024-06-27_15-08-13_7810.png,Monkeypox,1,Train
Train/Monkeypox/2024-06-27_15-30-50_6002.png,Monkeypox,1,Train
Train/Monkeypox/2024-06-27_17-53-25_7938.png,Monkeypox,1,Train
Train/Monkeypox/2024-06-27_15-42-16_6387.png,Monkeypox,1,Train
Train/Monkeypox/2024-06-27_16-32-26_5748.png,Monkeypox,1,Train
Train/Monkeypox/2024-06-27_16-39-03_5719.png,Monkeypox,1,Train
Train/Monkeypox/2024-06-27_16-42-36_8358.png,Monkeypox,1,Test
Train/Monkeypox/2024-06-27_14-03-39_2943.png,Monkeypox,1,Val
Train/Monkeypox/2024-06-27_17-14-24_5816.png,Monkeypox,1,Train
Train/Monkeypox/2024-06-27_15-02-21_1478.png,Monkeypox,1,Test
Train/Varicela/2024-06-27_11-23-22_7767.png,Varicela,1,Val
Train/Varicela/ChickenPox (67).jpg,Varicela,1,Train
Train/Varicela/ChickenPox (124).jpg,Varicela,1,Train
Train/Varicela/2024-06-27_11-27-46_2502.png,Varicela,1,Val
Train/Varicela/2024-06-26_23-10-04_2229.png,Varicela,1,Train
Train/Varicela/ChickenPox (225).jpg,Varicela,1,Train
Train/Varicela/2024-06-27_12-25-49_8796.png,Varicela,1,Train
Train/Varicela/2024-06-27_12-20-37_5347.png,Varicela,1,Test
Train/Varicela/2024-06-27_13-23-04_4621.png,Varicela,1,Train
Train/Varicela/2024-06-26_21-03-51_2168.png,Varicela,1,Train
Train/Varicela/2024-06-27_12-17-37_9902.png,Varicela,1,Train
Train/Varicela/2024-06-25_21-38-42_1894.png,Varicela,1,Test
Train/Varicela/ChickenPox (57).png,Varicela,1,Train
Train/Varicela/2024-06-27_13-05-13_9479.png,Varicela,1,Train
Train/Varicela/2024-06-27_13-09-47_8141.png,Varicela,1,Train
Train/Varicela/2024-06-26_23-15-54_5816.png,Varicela,1,Test
Train/Varicela/2024-06-27_11-22-38_8705.png,Varicela,1,Train
Train/Varicela/2024-06-26_21-25-10_8880.png,Varicela,1,Train
Train/Varicela/2024-06-26_00-12-13_1837.png,Varicela,1,Test
Train/Varicela/2024-06-27_00-41-48_7699.png,Varicela,1,Train
Train/Varicela/ChickenPox (222).jpg,Varicela,1,Test
Train/Varicela/2024-06-27_13-06-21_4404.png,Varicela,1,Train
Train/Varicela/ChickenPox (258).jpg,Varicela,1,Train
Train/Varicela/2024-06-26_23-29-52_3990.png,Varicela,1,Train
Train/Varicela/2024-06-27_12-16-30_9803.png,Varicela,1,Test
Train/Varicela/2024-06-27_11-45-02_2390.png,Varicela,1,Train
Train/Varicela/ChickenPox (51).png,Varicela,1,Train
Train/Varicela/ChickenPox (265).jpg,Varicela,1,Train
Train/Varicela/2024-06-25_22-51-36_2788.png,Varicela,1,Val
Train/Varicela/2024-06-27_13-33-29_2260.png,Varicela,1,Train
Train/Varicela/ChickenPox (218).jpg,Varicela,1,Train
Train/Varicela/2024-06-27_12-14-38_7691.png,Varicela,1,Train
Train/Varicela/2024-06-27_12-03-36_5978.png,Varicela,1,Train
Train/Varicela/2024-06-25_21-41-36_4208.png,Varicela,1,Train
Train/Varicela/2024-06-27_13-14-23_4885.png,Varicela,1,Test
Train/Varicela/ChickenPox (188).jpg,Varicela,1,Test
Train/Varicela/2024-06-25_22-56-41_5614.png,Varicela,1,Train
Train/Varicela/ChickenPox (278).jpg,Varicela,1,Test
Train/Varicela/2024-06-26_20-58-35_8287.png,Varicela,1,Train
Train/Varicela/2024-06-27_12-23-13_3807.png,Varicela,1,Val
Train/Varicela/2024-06-26_21-43-52_2834.png,Varicela,1,Train
Train/Varicela/2024-06-26_22-22-35_1947.png,Varicela,1,Val
Train/Varicela/2024-06-25_21-30-59_7969.png,Varicela,1,Train
Train/Varicela/ChickenPox (279).jpg,Varicela,1,Val
Train/Varicela/2024-06-27_13-22-20_2530.png,Varicela,1,Train
Train/Varicela/2024-06-26_21-47-08_5752.png,Varicela,1,Val
Train/Varicela/2024-06-26_21-33-31_2267.png,Varicela,1,Test
Train/Melanoma/Melanoma (207).jpg,Melanoma,1,Test
Train/Melanoma/Melanoma (167).jpg,Melanoma,1,Train
Train/Melanoma/Melanoma (421).jpg,Melanoma,1,Train
Train/Melanoma/Melanoma (424).jpg,Melanoma,1,Train
Train/Melanoma/Melanoma (276).jpg,Melanoma,1,Train
Train/Melanoma/Melanoma (439).jpg,Melanoma,1,Val
Train/Melanoma/melanoma_5669.jpg,Melanoma,1,Train
Train/Melanoma/Melanoma (154).jpg,Melanoma,1,Train
Train/Melanoma/Melanoma (369).jpg,Melanoma,1,Test
Train/Melanoma/melanoma_5698.jpg,Melanoma,1,Train
Train/Melanoma/Melanoma (206).jpg,Melanoma,1,Train
Train/Melanoma/Melanoma (108).jpg,Melanoma,1,Train
Train/Melanoma/Melanoma (225).jpg,Melanoma,1,Train
Train/Sarampion/2024-06-26_17-06-48_1275.png,Sarampion,1,Train
Train/Sarampion/Sarampion (34).jpg,Sarampion,1,Train
Train/Sarampion/Sarampion (99).jpg,Sarampion,1,Train
Train/Sarampion/2024-06-26_12-13-46_3831.png,Sarampion,1,Train
Train/Sarampion/2024-06-26_18-26-56_2099.png,Sarampion,1,Train
Train/Sarampion/2024-06-26_17-30-13_9287.png,Sarampion,1,Train
Train/Sarampion/2024-06-26_18-53-19_4672.png,Sarampion,1,Val
Train/Sarampion/2024-06-26_17-33-09_9314.png,Sarampion,1,Train
Train/Sarampion/2024-06-26_12-18-48_6483.png,Sarampion,1,Test
Train/Sarampion/2024-06-26_17-17-13_1972.png,Sarampion,1,Train
Train/Sarampion/2024-06-26_12-09-55_7255.png,Sarampion,1,Train
Train/Sarampion/2024-06-26_18-39-15_9521.png,Sarampion,1,Train
Train/Sarampion/2024-06-26_12-13-23_8548.png,Sarampion,1,Train
Train/Sarampion/Sarampion (63).jpg,Sarampion,1,Train
Train/Sarampion/2024-06-26_12-14-41_4147.png,Sarampion,1,Train
Train/Sarampion/2024-06-26_18-54-10_3473.png,Sarampion,1,Train
Train/Sarampion/2024-06-26_18-51-17_6827.png,Sarampion,1,Train
Train/Sarampion/2024-06-26_12-13-00_2392.png,Sarampion,1,Test
Train/Sarampion/2024-06-26_18-38-52_1584.png,Sarampion,1,Train
Train/Sarampion/2024-06-26_17-33-55_2715.png,Sarampion,1,Train
Train/Sarampion/2024-06-26_18-46-07_8847.png,Sarampion,1,Test
Train/Sarampion/2024-06-26_18-29-45_4418.png,Sarampion,1,Train
Train/Sarampion/2024-06-26_18-49-37_3624.png,Sarampion,1,Test
Train/Sarampion/2024-06-26_12-15-30_8710.png,Sarampion,1,Val
Train/Sarampion/2024-06-26_17-21-07_7403.png,Sarampion,1,Train
Train/Sarampion/2024-06-26_13-32-47_3652.png,Sarampion,1,Train
Train/Sarampion/2024-06-26_18-34-51_1021.png,Sarampion,1,Train
Train/Sarampion/Sarampion (81).png,Sarampion,1,Train
Train/Sarampion/2024-06-26_18-34-27_7487.png,Sarampion,1,Train
Train/Sarampion/Sarampion (60).png,Sarampion,1,Train
Train/Sarampion/2024-06-26_18-52-05_8640.png,Sarampion,1,Train
Train/Sarampion/2024-06-26_12-12-04_1572.png,Sarampion,1,Train
Train/Sarampion/2024-06-26_15-55-42_9594.png,Sarampion,1,Val
Train/Sarampion/2024-06-26_12-10-47_9594.png,Sarampion,1,Train
Train/Sarampion/2024-06-26_17-13-45_5162.png,Sarampion,1,Train
Train/Sarampion/2024-06-26_18-35-38_6808.png,Sarampion,1,Val
Train/Sarampion/2024-06-26_17-17-34_2732.png,Sarampion,1,Train
Train/Sarampion/Sarampion (46).png,Sarampion,1,Train
Train/Sarampion/2024-06-26_18-20-50_1741.png,Sarampion,1,Train
Train/Sarampion/2024-06-26_12-18-02_3000.png,Sarampion,1,Train
Train/Sarampion/2024-06-26_18-21-15_3616.png,Sarampion,1,Train
Train/Sarampion/2024-06-26_18-32-01_3999.png,Sarampion,1,Train
Train/Sarampion/2024-06-26_17-19-08_7470.png,Sarampion,1,Train
Train/Sarampion/2024-06-26_18-45-32_8285.png,Sarampion,1,Train
Train/Sarampion/2024-06-26_17-19-55_9561.png,Sarampion,1,Test
Train/Sarampion/2024-06-26_18-43-03_4744.png,Sarampion,1,Train
Train/Sarampion/2024-06-26_18-30-15_8910.png,Sarampion,1,Train
Train/Sarampion/Sarampion.jpeg,Sarampion,1,Train
Train/Sarampion/2024-06-26_18-50-54_6828.png,Sarampion,1,Val
Train/Sarampion/2024-06-26_17-33-32_6380.png,Sarampion,1,Train
Train/Sarampion/2024-06-26_12-11-40_8397.png,Sarampion,1,Train
Train/Sarampion/2024-06-26_18-28-54_2223.png,Sarampion,1,Train
Train/Sarampion/2024-06-26_12-21-06_4254.png,Sarampion,1,Train
Train/Sarampion/2024-06-26_15-20-17_4986.png,Sarampion,1,Train
Train/Sarampion/Sarampion (75).png,Sarampion,1,Train
Train/Sarampion/2024-06-26_18-43-52_5069.png,Sarampion,1,Test
Train/Sarampion/2024-06-26_12-19-10_2182.png,Sarampion,1,Val
Train/Sarampion/Sarampion (71).jpg,Sarampion,1,Test
Train/Sarampion/2024-06-26_18-41-33_8344.png,Sarampion,1,Train
Train/Sarampion/2024-06-26_18-29-19_9529.png,Sarampion,1,Test
Train/Sarampion/2024-06-26_18-41-57_2773.png,Sarampion,1,Train
Train/Sarampion/2024-06-26_18-47-59_2594.png,Sarampion,1,Train
Train/Sarampion/2024-06-26_18-50-23_9423.png,Sarampion,1,Train
Train/Sarampion/2024-06-26_18-20-56_9388.png,Sarampion,1,Train
Train/Sarampion/Sarampion (156).jpg,Sarampion,1,Test
Train/Sarampion/2024-06-26_18-28-28_2670.png,Sarampion,1,Train
Train/Sarampion/2024-06-26_18-20-42_6725.png,Sarampion,1,Train
Train/Sarampion/2024-06-26_18-31-32_3669.png,Sarampion,1,Train
Train/Sarampion/Sarampion (122).jpg,Sarampion,1,Train
Train/Sarampion/2024-06-26_18-23-21_5509.png,Sarampion,1,Val
Train/Sarampion/Sarampion (58).png,Sarampion,1,Train
Train/Sarampion/2024-06-26_18-22-15_6467.png,Sarampion,1,Train
Train/Sarampion/2024-06-26_18-22-40_3317.png,Sarampion,1,Test
Train/Sarampion/2024-06-26_17-22-28_4993.png,Sarampion,1,Train
Train/Sarampion/2024-06-26_17-18-22_5687.png,Sarampion,1,Train
Train/Sarampion/2024-06-26_12-14-09_8993.png,Sarampion,1,Train
Train/Sarampion/2024-06-26_12-12-27_2080.png,Sarampion,1,Train
Train/Sarampion/Sarampion (68).png,Sarampion,1,Train
Train/Sarampion/2024-06-26_12-18-25_3518.png,Sarampion,1,Train
Train/Sarampion/2024-06-26_17-12-32_1943.png,Sarampion,1,Train
Train/Sarampion/2024-06-26_12-17-39_1278.png,Sarampion,1,Train
Train/Sarampion/2024-06-26_18-26-19_1707.png,Sarampion,1,Val
Train/Sarampion/2024-06-26_18-40-35_9429.png,Sarampion,1,Train
Train/Sarampion/2024-06-26_11-56-48_4821.png,Sarampion,1,Train
Train/Sarampion/2024-06-26_18-50-00_5687.png,Sarampion,1,Test
Train/Sarampion/Sarampion (83).png,Sarampion,1,Train
Train/Sarampion/2024-06-26_18-41-01_7341.png,Sarampion,1,Train
Train/Sarampion/2024-06-26_12-20-01_8361.png,Sarampion,1,Train
Train/Sarampion/Sarampion (8).jpg,Sarampion,1,Train
Train/Sarampion/2024-06-26_17-20-19_7898.png,Sarampion,1,Train
Train/Sarampion/2024-06-26_18-48-23_2524.png,Sarampion,1,Train
Train/Sarampion/2024-06-26_13-19-14_4091.png,Sarampion,1,Val
Train/Sarampion/2024-06-26_16-49-12_3470.png,Sarampion,1,Train
Train/Sarampion/Sarampion (37).png,Sarampion,1,Test
Train/Sarampion/2024-06-26_17-21-54_5728.png,Sarampion,1,Train
Train/Sarampion/2024-06-26_13-56-58_5654.png,Sarampion,1,Train
Train/Sarampion/2024-06-26_18-43-28_6048.png,Sarampion,1,Train
Train/Sarampion/2024-06-26_18-52-53_8287.png,Sarampion,1,Val
Train/Sarampion/2024-06-26_18-52-30_1239.png,Sarampion,1,Train
Train/Sarampion/Sarampion (52).jpg,Sarampion,1,Train
Train/Sarampion/2024-06-26_12-19-31_3606.png,Sarampion,1,Train
Train/Sarampion/Sarampion (59).png,Sarampion,1,Train
Train/Sarampion/2024-06-26_18-48-46_1629.png,Sarampion,1,Train
Train/Sarampion/2024-06-26_17-22-52_8567.png,Sarampion,1,Train
Train/Sarampion/2024-06-26_15-19-25_4994.png,Sarampion,1,Train
Train/Sarampion/2024-06-26_17-30-39_1313.png,Sarampion,1,Train
Train/Sarampion/2024-06-26_12-10-19_6265.png,Sarampion,1,Test
Train/Sarampion/2024-06-26_17-32-03_3173.png,Sarampion,1,Test
Train/Sarampion/2024-06-26_18-30-41_4357.png,Sarampion,1,Test
Test/Herpes/Herpes (29).jpg,Herpes,1,Test
Test/Herpes/Herpes (18).jpg,Herpes,1,Train
Test/Herpes/2024-06-26_20-39-30_8341.png,Herpes,1,Train
Test/Herpes/Herpes (44).jpg,Herpes,1,Train
Test/Herpes/Herpes (13).jpg,Herpes,1,Train
Test/Herpes/Herpes (5).png,Herpes,1,Train
Test/Monkeypox/2024-06-27_15-08-34_5633.png,Monkeypox,1,Train
Test/Monkeypox/MonkeyPox (28).jpg,Monkeypox,1,Train
Test/Monkeypox/2024-06-27_15-10-20_8807.png,Monkeypox,1,Train
Test/Monkeypox/MonkeyPox (105).jpg,Monkeypox,1,Val
Test/Monkeypox/MonkeyPox (3).png,Monkeypox,1,Val
Test/Monkeypox/2024-06-27_14-16-08_7006.png,Monkeypox,1,Test
Test/Monkeypox/2024-06-27_14-09-37_4091.png,Monkeypox,1,Val
Test/Monkeypox/MonkeyPox (9).jpg,Monkeypox,1,Train
Test/Monkeypox/MonkeyPox (117).jpg,Monkeypox,1,Train
Test/Monkeypox/MonkeyPox (17).jpg,Monkeypox,1,Train
Test/Monkeypox/2024-06-27_15-08-58_1940.png,Monkeypox,1,Train
Test/Monkeypox/MonkeyPox (39).jpg,Monkeypox,1,Test
Test/Monkeypox/2024-06-27_14-10-01_4450.png,Monkeypox,1,Val
Test/Monkeypox/2024-06-27_13-59-23_4022.png,Monkeypox,1,Train
Test/Varicela/2024-06-27_12-05-49_1014.png,Varicela,1,Train
Test/Varicela/2024-06-27_11-43-31_5038.png,Varicela,1,Train
Test/Varicela/ChickenPox (60).jpg,Varicela,1,Train
Test/Varicela/ChickenPox (31).png,Varicela,1,Train
Test/Varicela/ChickenPox (44).png,Varicela,1,Val
Test/Varicela/2024-06-25_23-32-13_6030.png,Varicela,1,Train
Test/Melanoma/Melanoma (2).jpg,Melanoma,1,Test
Test/Melanoma/Melanoma (66).jpg,Melanoma,1,Train
Test/Sarampion/2024-06-26_18-55-04_6340.png,Sarampion,1,Test
Test/Sarampion/2024-06-26_12-16-35_2776.png,Sarampion,1,Train
Test/Sarampion/Sarampion (48).png,Sarampion,1,Val
Test/Sarampion/2024-06-26_18-25-29_9961.png,Sarampion,1,Train
Test/Sarampion/Sarampion (32).png,Sarampion,1,Train
Test/Sarampion/2024-06-26_14-01-28_8761.png,Sarampion,1,Val
Test/Sarampion/2024-06-26_18-55-27_6748.png,Sarampion,1,Train
Test/Sarampion/2024-06-26_17-15-57_5912.png,Sarampion,1,Train
Test/Sarampion/2024-06-26_18-47-24_2909.png,Sarampion,1,Train
Test/Sarampion/2024-06-26_17-29-44_1576.png,Sarampion,1,Train
Test/Sarampion/2024-06-26_18-46-32_6310.png,Sarampion,1,Train
Test/Sarampion/2024-06-26_18-54-40_4156.png,Sarampion,1,Train
Test/Sarampion/2024-06-26_12-16-14_5492.png,Sarampion,1,Test
Test/Sarampion/2024-06-26_17-25-28_7382.png,Sarampion,1,Train
Test/Sarampion/2024-06-26_12-09-05_5942.png,Sarampion,1,Train
Test/Sarampion/2024-06-26_18-25-06_6595.png,Sarampion,1,Val
Test/Sarampion/2024-06-26_17-14-45_6203.png,Sarampion,1,Train
Test/Sarampion/2024-06-26_17-16-45_3964.png,Sarampion,1,Val
Test/Sarampion/2024-06-26_12-09-31_9870.png,Sarampion,1,Test
Test/Sarampion/2024-06-26_12-17-18_7060.png,Sarampion,1,Train
Test/Sarampion/Sarampion (9).jpg,Sarampion,1,Train
Test/Sarampion/2024-06-26_17-24-12_1688.png,Sarampion,1,Val
Test/Sarampion/2024-06-26_18-23-44_7036.png,Sarampion,1,Train
Test/Sarampion/2024-06-26_18-25-56_9550.png,Sarampion,1,Train
Test/Sarampion/2024-06-26_18-46-57_1618.png,Sarampion,1,Train
Test/Sarampion/2024-06-26_14-56-41_7181.png,Sarampion,1,Val
Test/Sarampion/Sarampion (17).jpg,Sarampion,1,Test
Test/Sarampion/2024-06-26_18-36-04_7670.png,Sarampion,1,Train
Test/Sarampion/2024-06-26_17-24-34_7466.png,Sarampion,1,Test
Test/Sarampion/Sarampion (20).jpeg,Sarampion,1,Train
Val/Herpes/Herpes (59).jpg,Herpes,1,Train
Val/Monkeypox/MonkeyPox (14).jpg,Monkeypox,1,Test
Val/Monkeypox/MonkeyPox (11).jpg,Monkeypox,1,Train
Val/Monkeypox/MonkeyPox (14).jpeg,Monkeypox,1,Val
Val/Varicela/ChickenPox (24).png,Varicela,1,Train
Val/Varicela/ChickenPox (5).jpg,Varicela,1,Train
Val/Varicela/ChickenPox (9).jpg,Varicela,1,Train
Val/Melanoma/Melanoma (128).jpg,Melanoma,1,Train
Val/Melanoma/Melanoma (186).jpg,Melanoma,1,Val
Val/Sarampion/Sarampion (41).png,Sarampion,1,Train
Val/Sarampion/Sarampion (2).png,Sarampion,1,Val
Val/Sarampion/Sarampion (18).png,Sarampion,1,Train
Val/Sarampion/Sarampion (2).jpeg,Sarampion,1,Val
Val/Sarampion/Sarampion (14).jpeg,Sarampion,1,Train
Test/Varicela/ChickenPox (87).jpg,Varicela,1,Val
Train/Sarampion/2024-06-26_13-34-03_3621.png,Sarampion,1,Test
Train/Sarampion/2024-06-26_17-21-31_4636.png,Sarampion,1,Train
Train/Monkeypox/2024-06-27_13-57-20_2703.png,Monkeypox,1,Train
Test/Varicela/2024-06-25_23-07-03_7302.png,Varicela,1,Test
Test/Herpes/2024-06-26_20-41-17_6240.png,Herpes,1,Train
Train/Varicela/2024-06-26_23-34-23_5504.png,Varicela,1,Train
Train/Varicela/2024-06-27_12-02-07_7463.png,Varicela,1,Train
Test/Monkeypox/2024-06-27_15-22-32_9308.png,Monkeypox,1,Train
Train/Sarampion/2024-06-26_15-15-19_6482.png,Sarampion,1,Train
Train/Sarampion/Sarampion (45).jpg,Sarampion,1,Train
Train/Varicela/ChickenPox (133).jpg,Varicela,1,Train
Test/Herpes/Herpes (38).jpg,Herpes,1,Train
Train/Varicela/ChickenPox (241).jpg,Varicela,1,Val
Train/Monkeypox/MonkeyPox (142).png,Monkeypox,1,Train
Train/Varicela/ChickenPox (192).jpg,Varicela,1,Val
Train/Monkeypox/MonkeyPox (178).jpg,Monkeypox,1,Train
Train/Varicela/ChickenPox (263).jpg,Varicela,1,Val
Train/Varicela/2024-06-25_21-34-59_8825.png,Varicela,1,Train
Train/Sarampion/2024-06-26_15-04-05_3977.png,Sarampion,1,Val
Val/Varicela/ChickenPox (12).jpeg,Varicela,1,Train
Train/Herpes/Herpes.jpg,Herpes,1,Val
Train/Varicela/2024-06-25_23-26-55_5054.png,Varicela,1,Train
Train/Sarampion/2024-06-26_13-58-38_3554.png,Sarampion,1,Train
Train/Monkeypox/2024-06-27_13-55-01_8231.png,Monkeypox,1,Train
Test/Herpes/2024-06-26_20-34-15_6954.png,Herpes,1,Val
Train/Sarampion/Sarampion (102).jpg,Sarampion,1,Val
Train/Sarampion/2024-06-26_15-08-43_2940.png,Sarampion,1,Train
Train/Sarampion/2024-06-26_18-13-01_6573.png,Sarampion,1,Train
Train/Varicela/2024-06-25_23-42-05_6670.png,Varicela,1,Train
Train/Monkeypox/2024-06-27_15-30-27_8136.png,Monkeypox,1,Train
Train/Varicela/2024-06-27_00-08-58_9769.png,Varicela,1,Train
Train/Varicela/2024-06-27_12-03-59_8548.png,Varicela,1,Train
Train/Varicela/2024-06-26_21-14-28_3487.png,Varicela,1,Test
Train/Herpes/Herpes (261).jpg,Herpes,1,Train
Train/Monkeypox/2024-06-27_16-35-25_1474.png,Monkeypox,1,Train
Train/Varicela/ChickenPox (91).jpg,Varicela,1,Train
Train/Sarampion/Sarampion (69).png,Sarampion,1,Train
Val/Sarampion/Sarampion (14).png,Sarampion,1,Train
Train/Varicela/2024-06-27_12-01-22_7986.png,Varicela,1,Train
Train/Sarampion/2024-06-26_11-59-57_7197.png,Sarampion,1,Train
Train/Sarampion/Sarampion (123).jpg,Sarampion,1,Train
Train/Herpes/2024-06-24_22-08-54_7574.png,Herpes,1,Train
Train/Monkeypox/2024-06-27_14-17-03_8584.png,Monkeypox,1,Train
Train/Varicela/2024-06-26_21-50-27_6383.png,Varicela,1,Train
Test/Herpes/Herpes (51).jpg,Herpes,1,Test
Train/Sarampion/Sarampion (85).jpg,Sarampion,1,Train
Train/Herpes/Herpes.png,Herpes,1,Train
Train/Varicela/ChickenPox (255).jpg,Varicela,1,Train
Train/Monkeypox/2024-06-27_16-32-03_5617.png,Monkeypox,1,Val
Train/Varicela/ChickenPox (221).jpg,Varicela,1,Train
Test/Monkeypox/MonkeyPox (134).jpg,Monkeypox,1,Train
Train/Sarampion/Sarampion (73).jpg,Sarampion,1,Val
Train/Monkeypox/2024-06-27_13-58-11_9592.png,Monkeypox,1,Train
Test/Varicela/ChickenPox (49).png,Varicela,1,Train
Train/Herpes/2024-06-24_21-30-27_9522.png,Herpes,1,Val
Train/Varicela/ChickenPox (228).jpg,Varicela,1,Val
Train/Sarampion/2024-06-26_16-11-54_9373.png,Sarampion,1,Train
Train/Herpes/Herpes (262).jpg,Herpes,1,Test
Test/Herpes/Herpes (74).jpg,Herpes,1,Train
Train/Sarampion/2024-06-26_12-58-54_4368.png,Sarampion,1,Train
Train/Monkeypox/2024-06-27_16-03-29_1919.png,Monkeypox,1,Train
Test/Sarampion/2024-06-26_15-06-38_7428.png,Sarampion,1,Train
Train/Varicela/2024-06-26_21-42-24_5384.png,Varicela,1,Train
Train/Varicela/2024-06-25_22-36-19_9409.png,Varicela,1,Train
Test/Sarampion/2024-06-26_11-54-26_3910.png,Sarampion,1,Train
Train/Monkeypox/2024-06-27_15-30-04_7633.png,Monkeypox,1,Val
Train/Herpes/2024-06-24_22-23-40_9531.png,Herpes,1,Train
Train/Sarampion/Sarampion (45).png,Sarampion,1,Train
Val/Herpes/Herpes (28).jpg,Herpes,1,Test
Train/Varicela/ChickenPox (229).jpg,Varicela,1,Test
Train/Herpes/2024-06-24_22-37-38_3707.png,Herpes,1,Train
Train/Herpes/Herpes (194).jpg,Herpes,1,Train
Train/Sarampion/Sarampion (67).jpg,Sarampion,1,Test
Train/Sarampion/Sarampion (94).jpg,Sarampion,1,Train
Train/Varicela/ChickenPox (132).jpg,Varicela,1,Train
Train/Varicela/2024-06-25_21-32-59_3164.png,Varicela,1,Train
Train/Sarampion/2024-06-26_12-07-02_7219.png,Sarampion,1,Test
Train/Herpes/Herpes (162).jpg,Herpes,1,Test
Test/Sarampion/2024-06-26_11-56-01_5361.png,Sarampion,1,Val
Train/Sarampion/2024-06-26_13-59-29_3375.png,Sarampion,1,Train
Train/Varicela/2024-06-27_11-59-28_1614.png,Varicela,1,Test
Train/Monkeypox/2024-06-27_16-35-47_5319.png,Monkeypox,1,Train
Train/Monkeypox/2024-06-27_13-56-56_8334.png,Monkeypox,1,Train
Train/Varicela/2024-06-26_22-22-58_8722.png,Varicela,1,Train
Train/Varicela/ChickenPox (174).jpg,Varicela,1,Train
Train/Varicela/2024-06-27_13-23-48_7560.png,Varicela,1,Val
Train/Monkeypox/2024-06-27_14-06-48_9948.png,Monkeypox,1,Test
Train/Varicela/2024-06-27_12-22-51_8259.png,Varicela,1,Test
Train/Varicela/ChickenPox (59).png,Varicela,1,Train
Train/Varicela/2024-06-26_23-41-52_7860.png,Varicela,1,Train
Train/Monkeypox/2024-06-27_16-45-06_3027.png,Monkeypox,1,Train
Val/Varicela/ChickenPox (10).jpeg,Varicela,1,Train
Train/Varicela/2024-06-27_12-09-09_1375.png,Varicela,1,Train
Train/Monkeypox/2024-06-27_15-31-36_1699.png,Monkeypox,1,Train
Train/Monkeypox/2024-06-27_17-00-17_9938.png,Monkeypox,1,Train
Train/Varicela/2024-06-25_21-31-46_9293.png,Varicela,1,Train
Test/Sarampion/2024-06-26_15-05-21_1652.png,Sarampion,1,Train
Train/Sarampion/2024-06-26_13-00-26_1168.png,Sarampion,1,Train
Train/Monkeypox/2024-06-27_17-02-55_8647.png,Monkeypox,1,Train
Test/Varicela/2024-06-26_23-15-32_6074.png,Varicela,1,Train
Train/Herpes/Herpes (191).jpg,Herpes,1,Train
Train/Herpes/2024-06-24_22-26-33_4237.png,Herpes,1,Val
Val/Sarampion/Sarampion (34).png,Sarampion,1,Test
Train/Monkeypox/2024-06-27_16-41-11_5769.png,Monkeypox,1,Train
Val/Varicela/ChickenPox (11).jpeg,Varicela,1,Train
Test/Sarampion/2024-06-26_15-53-59_5452.png,Sarampion,1,Val
Train/Monkeypox/2024-06-27_13-54-37_8772.png,Monkeypox,1,Train
Train/Monkeypox/2024-06-27_15-44-12_6606.png,Monkeypox,1,Train
Train/Herpes/Herpes (301).jpg,Herpes,1,Train
Test/Sarampion/Sarampion (33).png,Sarampion,1,Train
Train/Monkeypox/2024-06-27_16-46-59_8373.png,Monkeypox,1,Test
Test/Sarampion/Sarampion (44).jpg,Sarampion,1,Train
Train/Varicela/2024-06-25_21-40-43_8904.png,Varicela,1,Train
Train/Sarampion/Sarampion (138).jpg,Sarampion,1,Val
Train/Monkeypox/2024-06-27_16-57-42_6530.png,Monkeypox,1,Train
Train/Varicela/ChickenPox (179).jpg,Varicela,1,Val
Train/Sarampion/Sarampion (133).jpg,Sarampion,1,Test
Train/Varicela/2024-06-27_12-58-30_3916.png,Varicela,1,Train
Train/Monkeypox/2024-06-27_16-47-45_4595.png,Monkeypox,1,Val
Train/Varicela/2024-06-26_22-21-16_1772.png,Varicela,1,Test
Train/Varicela/2024-06-27_11-28-30_5799.png,Varicela,1,Val
Train/Monkeypox/2024-06-27_15-06-29_8544.png,Monkeypox,1,Train
Train/Herpes/Herpes (170).jpg,Herpes,1,Train
Train/Varicela/2024-06-27_13-30-28_8366.png,Varicela,1,Train
Train/Monkeypox/MonkeyPox (155).png,Monkeypox,1,Train
Train/Monkeypox/2024-06-27_16-55-34_9688.png,Monkeypox,1,Train
Train/Herpes/2024-06-24_21-06-09_9645.png,Herpes,1,Train
Test/Sarampion/2024-06-26_15-50-55_9056.png,Sarampion,1,Train
Test/Varicela/ChickenPox (38).jpg,Varicela,1,Test
Train/Monkeypox/MonkeyPox (164).png,Monkeypox,1,Test
Test/Varicela/2024-06-27_11-30-42_5146.png,Varicela,1,Train
Train/Varicela/2024-06-25_21-31-21_6606.png,Varicela,1,Train
Train/Varicela/2024-06-26_21-48-53_4177.png,Varicela,1,Train
Train/Varicela/2024-06-27_12-26-33_2242.png,Varicela,1,Train
Val/Sarampion/Sarampion (42).png,Sarampion,1,Val
Train/Varicela/ChickenPox (187).jpg,Varicela,1,Val
Train/Sarampion/2024-06-26_14-13-24_4439.png,Sarampion,1,Val
Train/Varicela/2024-06-25_21-33-47_7689.png,Varicela,1,Train
Train/Monkeypox/MonkeyPox (106).png,Monkeypox,1,Train
Test/Sarampion/2024-06-26_12-50-45_8660.png,Sarampion,1,Train
Train/Sarampion/2024-06-26_16-37-39_3050.png,Sarampion,1,Val
Train/Herpes/Herpes (196).jpg,Herpes,1,Train
Test/Herpes/Herpes (126).jpg,Herpes,1,Train
Train/Monkeypox/MonkeyPox (29).png,Monkeypox,1,Train
Train/Varicela/2024-06-27_00-01-24_1094.png,Varicela,1,Train
Train/Varicela/2024-06-25_23-51-14_8933.png,Varicela,1,Test
Train/Sarampion/Sarampion (139).jpg,Sarampion,1,Train
Test/Sarampion/2024-06-26_13-24-18_3831.png,Sarampion,1,Val
Train/Monkeypox/MonkeyPox (158).png,Monkeypox,1,Train
Train/Varicela/2024-06-26_23-08-14_4919.png,Varicela,1,Test
Test/Varicela/2024-06-27_12-07-18_3814.png,Varicela,1,Train
Train/Monkeypox/2024-06-27_14-20-42_3059.png,Monkeypox,1,Train
Train/Varicela/2024-06-26_23-39-33_6681.png,Varicela,1,Val
Val/Herpes/Herpes (35).jpg,Herpes,1,Train
Train/Varicela/ChickenPox (163).jpg,Varicela,1,Val
Train/Varicela/2024-06-25_22-33-28_7859.png,Varicela,1,Val
Test/Sarampion/2024-06-26_14-19-28_8644.png,Sarampion,1,Test
Train/Sarampion/2024-06-26_11-59-09_9737.png,Sarampion,1,Train
Train/Varicela/2024-06-26_23-39-58_7227.png,Varicela,1,Test
Test/Varicela/2024-06-27_13-11-42_9144.png,Varicela,1,Train
Train/Monkeypox/2024-06-27_14-14-32_9360.png,Monkeypox,1,Train
Train/Herpes/Herpes (115).jpg,Herpes,1,Train
Train/Varicela/ChickenPox (158).jpg,Varicela,1,Test
Train/Varicela/ChickenPox (157).jpg,Varicela,1,Train
Train/Varicela/2024-06-25_22-20-24_8033.png,Varicela,1,Train
Train/Varicela/2024-06-27_13-29-45_3966.png,Varicela,1,Train
Train/Sarampion/2024-06-26_11-59-33_5864.png,Sarampion,1,Train
Train/Varicela/2024-06-26_22-21-38_8382.png,Varicela,1,Val
Train/Monkeypox/2024-06-27_14-14-04_7146.png,Monkeypox,1,Train
Train/Varicela/2024-06-26_21-50-05_2915.png,Varicela,1,Val
Train/Sarampion/2024-06-26_15-08-18_5207.png,Sarampion,1,Val
Train/Monkeypox/2024-06-27_16-00-14_4345.png,Monkeypox,1,Val
Test/Varicela/ChickenPox (61).jpg,Varicela,1,Train
Train/Monkeypox/2024-06-27_16-50-00_1112.png,Monkeypox,1,Train
Train/Varicela/2024-06-26_21-07-13_8006.png,Varicela,1,Train
Train/Varicela/2024-06-25_21-32-13_9390.png,Varicela,1,Train
Test/Monkeypox/2024-06-27_13-56-10_7526.png,Monkeypox,1,Train
Train/Monkeypox/2024-06-27_17-53-03_4787.png,Monkeypox,1,Test
Train/Sarampion/2024-06-26_15-18-09_5961.png,Sarampion,1,Train
Train/Sarampion/2024-06-26_12-04-07_3372.png,Sarampion,1,Train
Train/Varicela/2024-06-26_21-10-45_6870.png,Varicela,1,Val
Test/Monkeypox/2024-06-27_15-22-09_5488.png,Monkeypox,1,Train
Train/Monkeypox/2024-06-27_15-20-38_3227.png,Monkeypox,1,Train
Train/Varicela/2024-06-26_23-18-02_9733.png,Varicela,1,Train
Train/Varicela/2024-06-25_21-37-59_4761.png,Varicela,1,Train
Train/Varicela/2024-06-26_22-25-48_7311.png,Varicela,1,Train
Train/Varicela/2024-06-26_22-14-46_9038.png,Varicela,1,Train
Train/Sarampion/Sarampion (107).jpg,Sarampion,1,Val
Train/Varicela/2024-06-27_12-04-43_6538.png,Varicela,1,Train
Test/Varicela/2024-06-26_21-17-12_4644.png,Varicela,1,Val
Train/Varicela/2024-06-27_13-14-00_6433.png,Varicela,1,Train
Train/Varicela/2024-06-26_23-43-05_4164.png,Varicela,1,Test
Test/Sarampion/2024-06-26_13-26-37_2353.png,Sarampion,1,Train
Train/Varicela/2024-06-27_13-06-44_7104.png,Varicela,1,Train
Train/Monkeypox/2024-06-27_15-48-09_8163.png,Monkeypox,1,Train
Train/Sarampion/2024-06-26_15-15-39_8676.png,Sarampion,1,Train
Train/Varicela/2024-06-25_22-14-22_1849.png,Varicela,1,Train
Train/Monkeypox/2024-06-27_15-52-05_8391.png,Monkeypox,1,Train
Train/Varicela/ChickenPox (127).jpg,Varicela,1,Train
Test/Sarampion/Sarampion (43).png,Sarampion,1,Test
Train/Monkeypox/2024-06-27_14-09-13_6917.png,Monkeypox,1,Train
Train/Varicela/2024-06-26_21-06-51_7094.png,Varicela,1,Train
Train/Varicela/2024-06-26_22-17-57_5411.png,Varicela,1,Train
Train/Varicela/2024-06-27_11-44-17_7281.png,Varicela,1,Train
Train/Varicela/2024-06-26_21-31-25_1709.png,Varicela,1,Train
Train/Sarampion/2024-06-26_12-57-46_4028.png,Sarampion,1,Train
Train/Varicela/2024-06-26_00-15-36_6738.png,Varicela,1,Train
Train/Varicela/2024-06-25_23-45-27_2202.png,Varicela,1,Test
Train/Varicela/2024-06-25_21-36-27_3809.png,Varicela,1,Train
Train/Varicela/2024-06-26_21-04-36_4100.png,Varicela,1,Train
Test/Varicela/2024-06-26_21-16-14_9925.png,Varicela,1,Train
Train/Herpes/Herpes (304).jpg,Herpes,1,Train
Train/Varicela/2024-06-26_23-10-49_9079.png,Varicela,1,Val
Train/Varicela/2024-06-27_12-19-30_5397.png,Varicela,1,Train
Train/Varicela/ChickenPox (170).jpg,Varicela,1,Val
Train/Varicela/2024-06-26_21-06-29_5345.png,Varicela,1,Train
Test/Varicela/2024-06-26_23-43-26_2381.png,Varicela,1,Train
Test/Monkeypox/2024-06-27_13-55-47_1416.png,Monkeypox,1,Train
Test/Varicela/2024-06-26_23-50-12_7243.png,Varicela,1,Train
Train/Monkeypox/2024-06-27_13-59-47_6872.png,Monkeypox,1,Test
Test/Varicela/ChickenPox (54).png,Varicela,1,Train
Test/Sarampion/2024-06-26_12-51-06_3150.png,Sarampion,1,Train
Test/Varicela/ChickenPox (37).png,Varicela,1,Test
Train/Sarampion/2024-06-26_12-01-49_1323.png,Sarampion,1,Train
Train/Varicela/2024-06-25_22-46-30_4040.png,Varicela,1,Train
Train/Varicela/2024-06-27_13-27-31_1578.png,Varicela,1,Train
Train/Sarampion/2024-06-26_12-59-15_9519.png,Sarampion,1,Train
Train/Varicela/2024-06-27_00-41-24_8907.png,Varicela,1,Train
Train/Varicela/2024-06-26_21-30-30_7786.png,Varicela,1,Train
Train/Varicela/2024-06-26_21-40-27_2949.png,Varicela,1,Train
Train/Monkeypox/2024-06-27_15-16-27_2045.png,Monkeypox,1,Val
Train/Monkeypox/2024-06-27_15-53-33_1566.png,Monkeypox,1,Train
Val/Varicela/ChickenPox (3).jpg,Varicela,1,Train
Train/Herpes/Herpes (297).jpg,Herpes,1,Train
Train/Monkeypox/2024-06-27_16-43-19_6594.png,Monkeypox,1,Test
Train/Monkeypox/2024-06-27_15-56-01_2331.png,Monkeypox,1,Train
Train/Sarampion/2024-06-26_13-21-10_5010.png,Sarampion,1,Val
Train/Herpes/Herpes (256).jpg,Herpes,1,Train
Train/Sarampion/2024-06-26_12-49-51_7739.png,Sarampion,1,Test
Train/Varicela/2024-06-27_12-26-55_4277.png,Varicela,1,Train
Train/Sarampion/2024-06-26_14-57-58_4742.png,Sarampion,1,Test
Train/Varicela/2024-06-27_13-19-41_3117.png,Varicela,1,Train
Train/Monkeypox/2024-06-27_16-05-23_7051.png,Monkeypox,1,Train
Train/Monkeypox/2024-06-27_13-53-49_8657.png,Monkeypox,1,Test
Test/Varicela/2024-06-25_21-37-35_5856.png,Varicela,1,Train
Val/Monkeypox/MonkeyPox (36).png,Monkeypox,1,Train
Train/Varicela/2024-06-27_12-00-14_3007.png,Varicela,1,Train
Train/Varicela/2024-06-26_21-28-50_5244.png,Varicela,1,Train
Test/Varicela/2024-06-25_21-37-13_9023.png,Varicela,1,Train
Train/Sarampion/2024-06-26_15-14-59_6587.png,Sarampion,1,Train
Train/Monkeypox/2024-06-27_14-10-49_8828.png,Monkeypox,1,Train
Test/Sarampion/Sarampion (3).png,Sarampion,1,Train
Train/Sarampion/2024-06-26_14-18-43_1449.png,Sarampion,1,Train
Test/Monkeypox/MonkeyPox (9).png,Monkeypox,1,Test
Train/Varicela/ChickenPox (232).jpg,Varicela,1,Train
Train/Sarampion/2024-06-26_12-48-38_4965.png,Sarampion,1,Train
Test/Varicela/ChickenPox (38).png,Varicela,1,Train
Train/Varicela/2024-06-27_13-00-36_6029.png,Varicela,1,Train
Train/Herpes/2024-06-26_19-59-06_2731.png,Herpes,2,Train
Train/Herpes/2024-06-24_22-25-44_4746.png,Herpes,2,Train
Train/Herpes/2024-06-24_21-30-57_1119.png,Herpes,2,Train
Train/Herpes/2024-06-26_20-16-27_2419.png,Herpes,2,Val
Train/Herpes/2024-06-26_20-33-21_9436.png,Herpes,2,Train
Train/Herpes/2024-06-26_20-28-42_1276.png,Herpes,2,Train
Train/Herpes/2024-06-24_22-39-53_9260.png,Herpes,2,Train
Train/Herpes/2024-06-26_20-00-00_2438.png,Herpes,2,Test
Train/Herpes/2024-06-24_22-24-05_4912.png,Herpes,2,Test
Train/Herpes/2024-06-26_20-32-30_7417.png,Herpes,2,Train
Train/Monkeypox/2024-06-27_17-18-10_5638.png,Monkeypox,2,Train
Train/Monkeypox/MonkeyPox (119).jpg,Monkeypox,2,Train
Train/Monkeypox/2024-06-27_17-04-03_5055.png,Monkeypox,2,Train
Train/Monkeypox/2024-06-27_17-15-54_6385.png,Monkeypox,2,Train
Train/Monkeypox/2024-06-27_15-15-30_1184.png,Monkeypox,2,Train
Train/Monkeypox/2024-06-27_15-21-00_4397.png,Monkeypox,2,Test
Train/Monkeypox/2024-06-27_16-55-56_6429.png,Monkeypox,2,Train
Train/Monkeypox/2024-06-27_14-57-21_4658.png,Monkeypox,2,Train
Train/Monkeypox/2024-06-27_16-09-50_4446.png,Monkeypox,2,Train
Train/Monkeypox/MonkeyPox (12).png,Monkeypox,2,Val
Train/Monkeypox/2024-06-27_16-40-50_5478.png,Monkeypox,2,Test
Train/Monkeypox/2024-06-27_16-11-34_7850.png,Monkeypox,2,Train
Train/Monkeypox/2024-06-27_17-42-30_9573.png,Monkeypox,2,Val
Train/Monkeypox/2024-06-27_16-02-21_3451.png,Monkeypox,2,Train
Train/Monkeypox/2024-06-27_16-41-54_5120.png,Monkeypox,2,Test
Train/Monkeypox/2024-06-27_15-50-39_9232.png,Monkeypox,2,Test
Train/Monkeypox/2024-06-27_16-01-18_1261.png,Monkeypox,2,Test
Train/Monkeypox/2024-06-27_17-01-01_1172.png,Monkeypox,2,Train
Train/Monkeypox/2024-06-27_17-45-32_7703.png,Monkeypox,2,Train
Train/Monkeypox/2024-06-27_17-42-52_5360.png,Monkeypox,2,Train
Train/Monkeypox/2024-06-27_14-02-31_3776.png,Monkeypox,2,Train
Train/Monkeypox/2024-06-27_17-50-27_3590.png,Monkeypox,2,Test
Train/Monkeypox/MonkeyPox (168).jpg,Monkeypox,2,Train
Train/Monkeypox/2024-06-27_16-46-36_6608.png,Monkeypox,2,Train
Train/Monkeypox/2024-06-27_14-00-36_6070.png,Monkeypox,2,Test
Train/Monkeypox/2024-06-27_14-18-51_3062.png,Monkeypox,2,Train
Train/Monkeypox/2024-06-27_15-49-56_8367.png,Monkeypox,2,Train
Train/Monkeypox/2024-06-27_14-52-08_5422.png,Monkeypox,2,Train
Train/Monkeypox/MonkeyPox (176).jpg,Monkeypox,2,Val
Train/Monkeypox/MonkeyPox (64).jpg,Monkeypox,2,Train
Train/Monkeypox/2024-06-27_15-34-33_4126.png,Monkeypox,2,Train
Train/Monkeypox/2024-06-27_16-56-59_4214.png,Monkeypox,2,Train
Train/Monkeypox/2024-06-27_15-16-04_2907.png,Monkeypox,2,Train
Train/Monkeypox/2024-06-27_16-06-05_8682.png,Monkeypox,2,Train
Train/Monkeypox/2024-06-27_13-57-46_4307.png,Monkeypox,2,Train
Train/Monkeypox/2024-06-27_17-20-03_5247.png,Monkeypox,2,Train
Train/Monkeypox/MonkeyPox (105).png,Monkeypox,2,Train
Train/Monkeypox/2024-06-27_14-52-28_5298.png,Monkeypox,2,Train
Train/Monkeypox/2024-06-27_17-43-15_7289.png,Monkeypox,2,Train
Train/Monkeypox/2024-06-27_14-54-11_8569.png,Monkeypox,2,Train
Train/Monkeypox/2024-06-27_16-32-48_7476.png,Monkeypox,2,Test
Train/Monkeypox/MonkeyPox (183).jpg,Monkeypox,2,Test
Train/Monkeypox/2024-06-27_16-59-09_9054.png,Monkeypox,2,Train
Train/Monkeypox/2024-06-27_15-49-34_9540.png,Monkeypox,2,Val
Train/Monkeypox/2024-06-27_16-38-42_9869.png,Monkeypox,2,Train
Train/Monkeypox/2024-06-27_15-08-13_7810.png,Monkeypox,2,Val
Train/Monkeypox/2024-06-27_15-30-50_6002.png,Monkeypox,2,Train
Train/Monkeypox/2024-06-27_17-53-25_7938.png,Monkeypox,2,Test
Train/Monkeypox/2024-06-27_15-42-16_6387.png,Monkeypox,2,Train
Train/Monkeypox/2024-06-27_16-32-26_5748.png,Monkeypox,2,Train
Train/Monkeypox/2024-06-27_16-39-03_5719.png,Monkeypox,2,Train
Train/Monkeypox/2024-06-27_16-42-36_8358.png,Monkeypox,2,Train
Train/Monkeypox/2024-06-27_14-03-39_2943.png,Monkeypox,2,Train
Train/Monkeypox/2024-06-27_17-14-24_5816.png,Monkeypox,2,Train
Train/Monkeypox/2024-06-27_15-02-21_1478.png,Monkeypox,2,Val
Train/Varicela/2024-06-27_11-23-22_7767.png,Varicela,2,Test
Train/Varicela/ChickenPox (67).jpg,Varicela,2,Test
Train/Varicela/ChickenPox (124).jpg,Varicela,2,Train
Train/Varicela/2024-06-27_11-27-46_2502.png,Varicela,2,Train
Train/Varicela/2024-06-26_23-10-04_2229.png,Varicela,2,Train
Train/Varicela/ChickenPox (225).jpg,Varicela,2,Train
Train/Varicela/2024-06-27_12-25-49_8796.png,Varicela,2,Test
Train/Varicela/2024-06-27_12-20-37_5347.png,Varicela,2,Train
Train/Varicela/2024-06-27_13-23-04_4621.png,Varicela,2,Train
Train/Varicela/2024-06-26_21-03-51_2168.png,Varicela,2,Train
Train/Varicela/2024-06-27_12-17-37_9902.png,Varicela,2,Train
Train/Varicela/2024-06-25_21-38-42_1894.png,Varicela,2,Train
Train/Varicela/ChickenPox (57).png,Varicela,2,Train
Train/Varicela/2024-06-27_13-05-13_9479.png,Varicela,2,Train
Train/Varicela/2024-06-27_13-09-47_8141.png,Varicela,2,Train
Train/Varicela/2024-06-26_23-15-54_5816.png,Varicela,2,Train
Train/Varicela/2024-06-27_11-22-38_8705.png,Varicela,2,Train
Train/Varicela/2024-06-26_21-25-10_8880.png,Varicela,2,Train
Train/Varicela/2024-06-26_00-12-13_1837.png,Varicela,2,Train
Train/Varicela/2024-06-27_00-41-48_7699.png,Varicela,2,Test
Train/Varicela/ChickenPox (222).jpg,Varicela,2,Train
Train/Varicela/2024-06-27_13-06-21_4404.png,Varicela,2,Train
Train/Varicela/ChickenPox (258).jpg,Varicela,2,Val
Train/Varicela/2024-06-26_23-29-52_3990.png,Varicela,2,Train
Train/Varicela/2024-06-27_12-16-30_9803.png,Varicela,2,Train
Train/Varicela/2024-06-27_11-45-02_2390.png,Varicela,2,Train
Train/Varicela/ChickenPox (51).png,Varicela,2,Train
Train/Varicela/ChickenPox (265).jpg,Varicela,2,Train
Train/Varicela/2024-06-25_22-51-36_2788.png,Varicela,2,Val
Train/Varicela/2024-06-27_13-33-29_2260.png,Varicela,2,Train
Train/Varicela/ChickenPox (218).jpg,Varicela,2,Train
Train/Varicela/2024-06-27_12-14-38_7691.png,Varicela,2,Val
Train/Varicela/2024-06-27_12-03-36_5978.png,Varicela,2,Val
Train/Varicela/2024-06-25_21-41-36_4208.png,Varicela,2,Train
Train/Varicela/2024-06-27_13-14-23_4885.png,Varicela,2,Train
Train/Varicela/ChickenPox (188).jpg,Varicela,2,Val
Train/Varicela/2024-06-25_22-56-41_5614.png,Varicela,2,Train
Train/Varicela/ChickenPox (278).jpg,Varicela,2,Train
Train/Varicela/2024-06-26_20-58-35_8287.png,Varicela,2,Val
Train/Varicela/2024-06-27_12-23-13_3807.png,Varicela,2,Train
Train/Varicela/2024-06-26_21-43-52_2834.png,Varicela,2,Test
Train/Varicela/2024-06-26_22-22-35_1947.png,Varicela,2,Val
Train/Varicela/2024-06-25_21-30-59_7969.png,Varicela,2,Train
Train/Varicela/ChickenPox (279).jpg,Varicela,2,Train
Train/Varicela/2024-06-27_13-22-20_2530.png,Varicela,2,Test
Train/Varicela/2024-06-26_21-47-08_5752.png,Varicela,2,Test
Train/Varicela/2024-06-26_21-33-31_2267.png,Varicela,2,Train
Train/Melanoma/Melanoma (207).jpg,Melanoma,2,Val
Train/Melanoma/Melanoma (167).jpg,Melanoma,2,Train
Train/Melanoma/Melanoma (421).jpg,Melanoma,2,Val
Train/Melanoma/Melanoma (424).jpg,Melanoma,2,Train
Train/Melanoma/Melanoma (276).jpg,Melanoma,2,Test
Train/Melanoma/Melanoma (439).jpg,Melanoma,2,Train
Train/Melanoma/melanoma_5669.jpg,Melanoma,2,Train
Train/Melanoma/Melanoma (154).jpg,Melanoma,2,Train
Train/Melanoma/Melanoma (369).jpg,Melanoma,2,Train
Train/Melanoma/melanoma_5698.jpg,Melanoma,2,Train
Train/Melanoma/Melanoma (206).jpg,Melanoma,2,Train
Train/Melanoma/Melanoma (108).jpg,Melanoma,2,Train
Train/Melanoma/Melanoma (225).jpg,Melanoma,2,Train
Train/Sarampion/2024-06-26_17-06-48_1275.png,Sarampion,2,Train
Train/Sarampion/Sarampion (34).jpg,Sarampion,2,Val
Train/Sarampion/Sarampion (99).jpg,Sarampion,2,Test
Train/Sarampion/2024-06-26_12-13-46_3831.png,Sarampion,2,Test
Train/Sarampion/2024-06-26_18-26-56_2099.png,Sarampion,2,Train
Train/Sarampion/2024-06-26_17-30-13_9287.png,Sarampion,2,Test
Train/Sarampion/2024-06-26_18-53-19_4672.png,Sarampion,2,Test
Train/Sarampion/2024-06-26_17-33-09_9314.png,Sarampion,2,Train
Train/Sarampion/2024-06-26_12-18-48_6483.png,Sarampion,2,Train
Train/Sarampion/2024-06-26_17-17-13_1972.png,Sarampion,2,Train
Train/Sarampion/2024-06-26_12-09-55_7255.png,Sarampion,2,Val
Train/Sarampion/2024-06-26_18-39-15_9521.png,Sarampion,2,Train
Train/Sarampion/2024-06-26_12-13-23_8548.png,Sarampion,2,Train
Train/Sarampion/Sarampion (63).jpg,Sarampion,2,Train
Train/Sarampion/2024-06-26_12-14-41_4147.png,Sarampion,2,Train
Train/Sarampion/2024-06-26_18-54-10_3473.png,Sarampion,2,Train
Train/Sarampion/2024-06-26_18-51-17_6827.png,Sarampion,2,Train
Train/Sarampion/2024-06-26_12-13-00_2392.png,Sarampion,2,Val
Train/Sarampion/2024-06-26_18-38-52_1584.png,Sarampion,2,Train
Train/Sarampion/2024-06-26_17-33-55_2715.png,Sarampion,2,Val
Train/Sarampion/2024-06-26_18-46-07_8847.png,Sarampion,2,Train
Train/Sarampion/2024-06-26_18-29-45_4418.png,Sarampion,2,Val
Train/Sarampion/2024-06-26_18-49-37_3624.png,Sarampion,2,Train
Train/Sarampion/2024-06-26_12-15-30_8710.png,Sarampion,2,Train
Train/Sarampion/2024-06-26_17-21-07_7403.png,Sarampion,2,Train
Train/Sarampion/2024-06-26_13-32-47_3652.png,Sarampion,2,Train
Train/Sarampion/2024-06-26_18-34-51_1021.png,Sarampion,2,Train
Train/Sarampion/Sarampion (81).png,Sarampion,2,Test
Train/Sarampion/2024-06-26_18-34-27_7487.png,Sarampion,2,Train
Train/Sarampion/Sarampion (60).png,Sarampion,2,Test
Train/Sarampion/2024-06-26_18-52-05_8640.png,Sarampion,2,Train
Train/Sarampion/2024-06-26_12-12-04_1572.png,Sarampion,2,Train
Train/Sarampion/2024-06-26_15-55-42_9594.png,Sarampion,2,Val
Train/Sarampion/2024-06-26_12-10-47_9594.png,Sarampion,2,Train
Train/Sarampion/2024-06-26_17-13-45_5162.png,Sarampion,2,Train
Train/Sarampion/2024-06-26_18-35-38_6808.png,Sarampion,2,Train
Train/Sarampion/2024-06-26_17-17-34_2732.png,Sarampion,2,Test
Train/Sarampion/Sarampion (46).png,Sarampion,2,Test
Train/Sarampion/2024-06-26_18-20-50_1741.png,Sarampion,2,Train
Train/Sarampion/2024-06-26_12-18-02_3000.png,Sarampion,2,Train
Train/Sarampion/2024-06-26_18-21-15_3616.png,Sarampion,2,Train
Train/Sarampion/2024-06-26_18-32-01_3999.png,Sarampion,2,Test
Train/Sarampion/2024-06-26_17-19-08_7470.png,Sarampion,2,Train
Train/Sarampion/2024-06-26_18-45-32_8285.png,Sarampion,2,Train
Train/Sarampion/2024-06-26_17-19-55_9561.png,Sarampion,2,Train
Train/Sarampion/2024-06-26_18-43-03_4744.png,Sarampion,2,Train
Train/Sarampion/2024-06-26_18-30-15_8910.png,Sarampion,2,Test
Train/Sarampion/Sarampion.jpeg,Sarampion,2,Val
Train/Sarampion/2024-06-26_18-50-54_6828.png,Sarampion,2,Train
Train/Sarampion/2024-06-26_17-33-32_6380.png,Sarampion,2,Train
Train/Sarampion/2024-06-26_12-11-40_8397.png,Sarampion,2,Test
Train/Sarampion/2024-06-26_18-28-54_2223.png,Sarampion,2,Train
Train/Sarampion/2024-06-26_12-21-06_4254.png,Sarampion,2,Train
Train/Sarampion/2024-06-26_15-20-17_4986.png,Sarampion,2,Train
Train/Sarampion/Sarampion (75).png,Sarampion,2,Train
Train/Sarampion/2024-06-26_18-43-52_5069.png,Sarampion,2,Train
Train/Sarampion/2024-06-26_12-19-10_2182.png,Sarampion,2,Train
Train/Sarampion/Sarampion (71).jpg,Sarampion,2,Train
Train/Sarampion/2024-06-26_18-41-33_8344.png,Sarampion,2,Train
Train/Sarampion/2024-06-26_18-29-19_9529.png,Sarampion,2,Train
Train/Sarampion/2024-06-26_18-41-57_2773.png,Sarampion,2,Train
Train/Sarampion/2024-06-26_18-47-59_2594.png,Sarampion,2,Val
Train/Sarampion/2024-06-26_18-50-23_9423.png,Sarampion,2,Train
Train/Sarampion/2024-06-26_18-20-56_9388.png,Sarampion,2,Train
Train/Sarampion/Sarampion (156).jpg,Sarampion,2,Train
Train/Sarampion/2024-06-26_18-28-28_2670.png,Sarampion,2,Train
Train/Sarampion/2024-06-26_18-20-42_6725.png,Sarampion,2,Train
Train/Sarampion/2024-06-26_18-31-32_3669.png,Sarampion,2,Val
Train/Sarampion/Sarampion (122).jpg,Sarampion,2,Train
Train/Sarampion/2024-06-26_18-23-21_5509.png,Sarampion,2,Train
Train/Sarampion/Sarampion (58).png,Sarampion,2,Val
Train/Sarampion/2024-06-26_18-22-15_6467.png,Sarampion,2,Val
Train/Sarampion/2024-06-26_18-22-40_3317.png,Sarampion,2,Train
Train/Sarampion/2024-06-26_17-22-28_4993.png,Sarampion,2,Train
Train/Sarampion/2024-06-26_17-18-22_5687.png,Sarampion,2,Test
Train/Sarampion/2024-06-26_12-14-09_8993.png,Sarampion,2,Val
Train/Sarampion/2024-06-26_12-12-27_2080.png,Sarampion,2,Train
Train/Sarampion/Sarampion (68).png,Sarampion,2,Train
Train/Sarampion/2024-06-26_12-18-25_3518.png,Sarampion,2,Train
Train/Sarampion/2024-06-26_17-12-32_1943.png,Sarampion,2,Train
Train/Sarampion/2024-06-26_12-17-39_1278.png,Sarampion,2,Val
Train/Sarampion/2024-06-26_18-26-19_1707.png,Sarampion,2,Train
Train/Sarampion/2024-06-26_18-40-35_9429.png,Sarampion,2,Train
Train/Sarampion/2024-06-26_11-56-48_4821.png,Sarampion,2,Train
Train/Sarampion/2024-06-26_18-50-00_5687.png,Sarampion,2,Train
Train/Sarampion/Sarampion (83).png,Sarampion,2,Train
Train/Sarampion/2024-06-26_18-41-01_7341.png,Sarampion,2,Train
Train/Sarampion/2024-06-26_12-20-01_8361.png,Sarampion,2,Train
Train/Sarampion/Sarampion (8).jpg,Sarampion,2,Train
Train/Sarampion/2024-06-26_17-20-19_7898.png,Sarampion,2,Train
Train/Sarampion/2024-06-26_18-48-23_2524.png,Sarampion,2,Train
Train/Sarampion/2024-06-26_13-19-14_4091.png,Sarampion,2,Train
Train/Sarampion/2024-06-26_16-49-12_3470.png,Sarampion,2,Train
Train/Sarampion/Sarampion (37).png,Sarampion,2,Val
Train/Sarampion/2024-06-26_17-21-54_5728.png,Sarampion,2,Val
Train/Sarampion/2024-06-26_13-56-58_5654.png,Sarampion,2,Train
Train/Sarampion/2024-06-26_18-43-28_6048.png,Sarampion,2,Val
Train/Sarampion/2024-06-26_18-52-53_8287.png,Sarampion,2,Train
Train/Sarampion/2024-06-26_18-52-30_1239.png,Sarampion,2,Train
Train/Sarampion/Sarampion (52).jpg,Sarampion,2,Train
Train/Sarampion/2024-06-26_12-19-31_3606.png,Sarampion,2,Train
Train/Sarampion/Sarampion (59).png,Sarampion,2,Test
Train/Sarampion/2024-06-26_18-48-46_1629.png,Sarampion,2,Train
Train/Sarampion/2024-06-26_17-22-52_8567.png,Sarampion,2,Test
Train/Sarampion/2024-06-26_15-19-25_4994.png,Sarampion,2,Train
Train/Sarampion/2024-06-26_17-30-39_1313.png,Sarampion,2,Train
Train/Sarampion/2024-06-26_12-10-19_6265.png,Sarampion,2,Train
Train/Sarampion/2024-06-26_17-32-03_3173.png,Sarampion,2,Train
Train/Sarampion/2024-06-26_18-30-41_4357.png,Sarampion,2,Train
Test/Herpes/Herpes (29).jpg,Herpes,2,Train
Test/Herpes/Herpes (18).jpg,Herpes,2,Train
Test/Herpes/2024-06-26_20-39-30_8341.png,Herpes,2,Train
Test/Herpes/Herpes (44).jpg,Herpes,2,Train
Test/Herpes/Herpes (13).jpg,Herpes,2,Train
Test/Herpes/Herpes (5).png,Herpes,2,Test
Test/Monkeypox/2024-06-27_15-08-34_5633.png,Monkeypox,2,Test
Test/Monkeypox/MonkeyPox (28).jpg,Monkeypox,2,Val
Test/Monkeypox/2024-06-27_15-10-20_8807.png,Monkeypox,2,Train
Test/Monkeypox/MonkeyPox (105).jpg,Monkeypox,2,Train
Test/Monkeypox/MonkeyPox (3).png,Monkeypox,2,Train
Test/Monkeypox/2024-06-27_14-16-08_7006.png,Monkeypox,2,Val
Test/Monkeypox/2024-06-27_14-09-37_4091.png,Monkeypox,2,Val
Test/Monkeypox/MonkeyPox (9).jpg,Monkeypox,2,Test
Test/Monkeypox/MonkeyPox (117).jpg,Monkeypox,2,Train
Test/Monkeypox/MonkeyPox (17).jpg,Monkeypox,2,Train
Test/Monkeypox/2024-06-27_15-08-58_1940.png,Monkeypox,2,Val
Test/Monkeypox/MonkeyPox (39).jpg,Monkeypox,2,Val
Test/Monkeypox/2024-06-27_14-10-01_4450.png,Monkeypox,2,Train
Test/Monkeypox/2024-06-27_13-59-23_4022.png,Monkeypox,2,Val
Test/Varicela/2024-06-27_12-05-49_1014.png,Varicela,2,Test
Test/Varicela/2024-06-27_11-43-31_5038.png,Varicela,2,Train
Test/Varicela/ChickenPox (60).jpg,Varicela,2,Train
Test/Varicela/ChickenPox (31).png,Varicela,2,Test
Test/Varicela/ChickenPox (44).png,Varicela,2,Train
Test/Varicela/2024-06-25_23-32-13_6030.png,Varicela,2,Test
Test/Melanoma/Melanoma (2).jpg,Melanoma,2,Train
Test/Melanoma/Melanoma (66).jpg,Melanoma,2,Test
Test/Sarampion/2024-06-26_18-55-04_6340.png,Sarampion,2,Train
Test/Sarampion/2024-06-26_12-16-35_2776.png,Sarampion,2,Train
Test/Sarampion/Sarampion (48).png,Sarampion,2,Train
Test/Sarampion/2024-06-26_18-25-29_9961.png,Sarampion,2,Train
Test/Sarampion/Sarampion (32).png,Sarampion,2,Train
Test/Sarampion/2024-06-26_14-01-28_8761.png,Sarampion,2,Train
Test/Sarampion/2024-06-26_18-55-27_6748.png,Sarampion,2,Train
Test/Sarampion/2024-06-26_17-15-57_5912.png,Sarampion,2,Train
Test/Sarampion/2024-06-26_18-47-24_2909.png,Sarampion,2,Val
Test/Sarampion/2024-06-26_17-29-44_1576.png,Sarampion,2,Train
Test/Sarampion/2024-06-26_18-46-32_6310.png,Sarampion,2,Train
Test/Sarampion/2024-06-26_18-54-40_4156.png,Sarampion,2,Val
Test/Sarampion/2024-06-26_12-16-14_5492.png,Sarampion,2,Train
Test/Sarampion/2024-06-26_17-25-28_7382.png,Sarampion,2,Test
Test/Sarampion/2024-06-26_12-09-05_5942.png,Sarampion,2,Train
Test/Sarampion/2024-06-26_18-25-06_6595.png,Sarampion,2,Val
Test/Sarampion/2024-06-26_17-14-45_6203.png,Sarampion,2,Train
Test/Sarampion/2024-06-26_17-16-45_3964.png,Sarampion,2,Train
Test/Sarampion/2024-06-26_12-09-31_9870.png,Sarampion,2,Val
Test/Sarampion/2024-06-26_12-17-18_7060.png,Sarampion,2,Test
Test/Sarampion/Sarampion (9).jpg,Sarampion,2,Test
Test/Sarampion/2024-06-26_17-24-12_1688.png,Sarampion,2,Train
Test/Sarampion/2024-06-26_18-23-44_7036.png,Sarampion,2,Test
Test/Sarampion/2024-06-26_18-25-56_9550.png,Sarampion,2,Train
Test/Sarampion/2024-06-26_18-46-57_1618.png,Sarampion,2,Train
Test/Sarampion/2024-06-26_14-56-41_7181.png,Sarampion,2,Train
Test/Sarampion/Sarampion (17).jpg,Sarampion,2,Train
Test/Sarampion/2024-06-26_18-36-04_7670.png,Sarampion,2,Train
Test/Sarampion/2024-06-26_17-24-34_7466.png,Sarampion,2,Train
Test/Sarampion/Sarampion (20).jpeg,Sarampion,2,Train
Val/Herpes/Herpes (59).jpg,Herpes,2,Train
Val/Monkeypox/MonkeyPox (14).jpg,Monkeypox,2,Train
Val/Monkeypox/MonkeyPox (11).jpg,Monkeypox,2,Train
Val/Monkeypox/MonkeyPox (14).jpeg,Monkeypox,2,Val
Val/Varicela/ChickenPox (24).png,Varicela,2,Train
Val/Varicela/ChickenPox (5).jpg,Varicela,2,Train
Val/Varicela/ChickenPox (9).jpg,Varicela,2,Train
Val/Melanoma/Melanoma (128).jpg,Melanoma,2,Test
Val/Melanoma/Melanoma (186).jpg,Melanoma,2,Train
Val/Sarampion/Sarampion (41).png,Sarampion,2,Train
Val/Sarampion/Sarampion (2).png,Sarampion,2,Test
Val/Sarampion/Sarampion (18).png,Sarampion,2,Train
Val/Sarampion/Sarampion (2).jpeg,Sarampion,2,Val
Val/Sarampion/Sarampion (14).jpeg,Sarampion,2,Train
Test/Varicela/ChickenPox (87).jpg,Varicela,2,Train
Train/Sarampion/2024-06-26_13-34-03_3621.png,Sarampion,2,Train
Train/Sarampion/2024-06-26_17-21-31_4636.png,Sarampion,2,Train
Train/Monkeypox/2024-06-27_13-57-20_2703.png,Monkeypox,2,Train
Test/Varicela/2024-06-25_23-07-03_7302.png,Varicela,2,Train
Test/Herpes/2024-06-26_20-41-17_6240.png,Herpes,2,Train
Train/Varicela/2024-06-26_23-34-23_5504.png,Varicela,2,Train
Train/Varicela/2024-06-27_12-02-07_7463.png,Varicela,2,Train
Test/Monkeypox/2024-06-27_15-22-32_9308.png,Monkeypox,2,Train
Train/Sarampion/2024-06-26_15-15-19_6482.png,Sarampion,2,Test
Train/Sarampion/Sarampion (45).jpg,Sarampion,2,Train
Train/Varicela/ChickenPox (133).jpg,Varicela,2,Train
Test/Herpes/Herpes (38).jpg,Herpes,2,Test
Train/Varicela/ChickenPox (241).jpg,Varicela,2,Train
Train/Monkeypox/MonkeyPox (142).png,Monkeypox,2,Train
Train/Varicela/ChickenPox (192).jpg,Varicela,2,Train
Train/Monkeypox/MonkeyPox (178).jpg,Monkeypox,2,Test
Train/Varicela/ChickenPox (263).jpg,Varicela,2,Train
Train/Varicela/2024-06-25_21-34-59_8825.png,Varicela,2,Val
Train/Sarampion/2024-06-26_15-04-05_3977.png,Sarampion,2,Val
Val/Varicela/ChickenPox (12).jpeg,Varicela,2,Train
Train/Herpes/Herpes.jpg,Herpes,2,Val
Train/Varicela/2024-06-25_23-26-55_5054.png,Varicela,2,Train
Train/Sarampion/2024-06-26_13-58-38_3554.png,Sarampion,2,Val
Train/Monkeypox/2024-06-27_13-55-01_8231.png,Monkeypox,2,Train
Test/Herpes/2024-06-26_20-34-15_6954.png,Herpes,2,Train
Train/Sarampion/Sarampion (102).jpg,Sarampion,2,Train
Train/Sarampion/2024-06-26_15-08-43_2940.png,Sarampion,2,Train
Train/Sarampion/2024-06-26_18-13-01_6573.png,Sarampion,2,Train
Train/Varicela/2024-06-25_23-42-05_6670.png,Varicela,2,Train
Train/Monkeypox/2024-06-27_15-30-27_8136.png,Monkeypox,2,Train
Train/Varicela/2024-06-27_00-08-58_9769.png,Varicela,2,Val
Train/Varicela/2024-06-27_12-03-59_8548.png,Varicela,2,Val
Train/Varicela/2024-06-26_21-14-28_3487.png,Varicela,2,Train
Train/Herpes/Herpes (261).jpg,Herpes,2,Train
Train/Monkeypox/2024-06-27_16-35-25_1474.png,Monkeypox,2,Test
Train/Varicela/ChickenPox (91).jpg,Varicela,2,Train
Train/Sarampion/Sarampion (69).png,Sarampion,2,Train
Val/Sarampion/Sarampion (14).png,Sarampion,2,Test
Train/Varicela/2024-06-27_12-01-22_7986.png,Varicela,2,Test
Train/Sarampion/2024-06-26_11-59-57_7197.png,Sarampion,2,Train
Train/Sarampion/Sarampion (123).jpg,Sarampion,2,Train
Train/Herpes/2024-06-24_22-08-54_7574.png,Herpes,2,Train
Train/Monkeypox/2024-06-27_14-17-03_8584.png,Monkeypox,2,Test
Train/Varicela/2024-06-26_21-50-27_6383.png,Varicela,2,Val
Test/Herpes/Herpes (51).jpg,Herpes,2,Train
Train/Sarampion/Sarampion (85).jpg,Sarampion,2,Train
Train/Herpes/Herpes.png,Herpes,2,Val
Train/Varicela/ChickenPox (255).jpg,Varicela,2,Train
Train/Monkeypox/2024-06-27_16-32-03_5617.png,Monkeypox,2,Train
Train/Varicela/ChickenPox (221).jpg,Varicela,2,Test
Test/Monkeypox/MonkeyPox (134).jpg,Monkeypox,2,Val
Train/Sarampion/Sarampion (73).jpg,Sarampion,2,Train
Train/Monkeypox/2024-06-27_13-58-11_9592.png,Monkeypox,2,Train
Test/Varicela/ChickenPox (49).png,Varicela,2,Train
Train/Herpes/2024-06-24_21-30-27_9522.png,Herpes,2,Train
Train/Varicela/ChickenPox (228).jpg,Varicela,2,Train
Train/Sarampion/2024-06-26_16-11-54_9373.png,Sarampion,2,Train
Train/Herpes/Herpes (262).jpg,Herpes,2,Train
Test/Herpes/Herpes (74).jpg,Herpes,2,Test
Train/Sarampion/2024-06-26_12-58-54_4368.png,Sarampion,2,Train
Train/Monkeypox/2024-06-27_16-03-29_1919.png,Monkeypox,2,Train
Test/Sarampion/2024-06-26_15-06-38_7428.png,Sarampion,2,Train
Train/Varicela/2024-06-26_21-42-24_5384.png,Varicela,2,Val
Train/Varicela/2024-06-25_22-36-19_9409.png,Varicela,2,Train
Test/Sarampion/2024-06-26_11-54-26_3910.png,Sarampion,2,Train
Train/Monkeypox/2024-06-27_15-30-04_7633.png,Monkeypox,2,Train
Train/Herpes/2024-06-24_22-23-40_9531.png,Herpes,2,Train
Train/Sarampion/Sarampion (45).png,Sarampion,2,Train
Val/Herpes/Herpes (28).jpg,Herpes,2,Train
Train/Varicela/ChickenPox (229).jpg,Varicela,2,Train
Train/Herpes/2024-06-24_22-37-38_3707.png,Herpes,2,Train
Train/Herpes/Herpes (194).jpg,Herpes,2,Train
Train/Sarampion/Sarampion (67).jpg,Sarampion,2,Train
Train/Sarampion/Sarampion (94).jpg,Sarampion,2,Train
Train/Varicela/ChickenPox (132).jpg,Varicela,2,Test
Train/Varicela/2024-06-25_21-32-59_3164.png,Varicela,2,Test
Train/Sarampion/2024-06-26_12-07-02_7219.png,Sarampion,2,Val
Train/Herpes/Herpes (162).jpg,Herpes,2,Train
Test/Sarampion/2024-06-26_11-56-01_5361.png,Sarampion,2,Test
Train/Sarampion/2024-06-26_13-59-29_3375.png,Sarampion,2,Test
Train/Varicela/2024-06-27_11-59-28_1614.png,Varicela,2,Val
Train/Monkeypox/2024-06-27_16-35-47_5319.png,Monkeypox,2,Val
Train/Monkeypox/2024-06-27_13-56-56_8334.png,Monkeypox,2,Train
Train/Varicela/2024-06-26_22-22-58_8722.png,Varicela,2,Train
Train/Varicela/ChickenPox (174).jpg,Varicela,2,Train
Train/Varicela/2024-06-27_13-23-48_7560.png,Varicela,2,Train
Train/Monkeypox/2024-06-27_14-06-48_9948.png,Monkeypox,2,Train
Train/Varicela/2024-06-27_12-22-51_8259.png,Varicela,2,Train
Train/Varicela/ChickenPox (59).png,Varicela,2,Train
Train/Varicela/2024-06-26_23-41-52_7860.png,Varicela,2,Train
Train/Monkeypox/2024-06-27_16-45-06_3027.png,Monkeypox,2,Val
Val/Varicela/ChickenPox (10).jpeg,Varicela,2,Test
Train/Varicela/2024-06-27_12-09-09_1375.png,Varicela,2,Test
Train/Monkeypox/2024-06-27_15-31-36_1699.png,Monkeypox,2,Train
Train/Monkeypox/2024-06-27_17-00-17_9938.png,Monkeypox,2,Val
Train/Varicela/2024-06-25_21-31-46_9293.png,Varicela,2,Train
Test/Sarampion/2024-06-26_15-05-21_1652.png,Sarampion,2,Val
Train/Sarampion/2024-06-26_13-00-26_1168.png,Sarampion,2,Train
Train/Monkeypox/2024-06-27_17-02-55_8647.png,Monkeypox,2,Train
Test/Varicela/2024-06-26_23-15-32_6074.png,Varicela,2,Train
Train/Herpes/Herpes (191).jpg,Herpes,2,Train
Train/Herpes/2024-06-24_22-26-33_4237.png,Herpes,2,Train
Val/Sarampion/Sarampion (34).png,Sarampion,2,Train
Train/Monkeypox/2024-06-27_16-41-11_5769.png,Monkeypox,2,Test
Val/Varicela/ChickenPox (11).jpeg,Varicela,2,Train
Test/Sarampion/2024-06-26_15-53-59_5452.png,Sarampion,2,Train
Train/Monkeypox/2024-06-27_13-54-37_8772.png,Monkeypox,2,Val
Train/Monkeypox/2024-06-27_15-44-12_6606.png,Monkeypox,2,Train
Train/Herpes/Herpes (301).jpg,Herpes,2,Train
Test/Sarampion/Sarampion (33).png,Sarampion,2,Val
Train/Monkeypox/2024-06-27_16-46-59_8373.png,Monkeypox,2,Train
Test/Sarampion/Sarampion (44).jpg,Sarampion,2,Test
Train/Varicela/2024-06-25_21-40-43_8904.png,Varicela,2,Train
Train/Sarampion/Sarampion (138).jpg,Sarampion,2,Val
Train/Monkeypox/2024-06-27_16-57-42_6530.png,Monkeypox,2,Train
Train/Varicela/ChickenPox (179).jpg,Varicela,2,Train
Train/Sarampion/Sarampion (133).jpg,Sarampion,2,Val
Train/Varicela/2024-06-27_12-58-30_3916.png,Varicela,2,Train
Train/Monkeypox/2024-06-27_16-47-45_4595.png,Monkeypox,2,Val
Train/Varicela/2024-06-26_22-21-16_1772.png,Varicela,2,Val
Train/Varicela/2024-06-27_11-28-30_5799.png,Varicela,2,Test
Train/Monkeypox/2024-06-27_15-06-29_8544.png,Monkeypox,2,Train
Train/Herpes/Herpes (170).jpg,Herpes,2,Test
Train/Varicela/2024-06-27_13-30-28_8366.png,Varicela,2,Train
Train/Monkeypox/MonkeyPox (155).png,Monkeypox,2,Train
Train/Monkeypox/2024-06-27_16-55-34_9688.png,Monkeypox,2,Train
Train/Herpes/2024-06-24_21-06-09_9645.png,Herpes,2,Train
Test/Sarampion/2024-06-26_15-50-55_9056.png,Sarampion,2,Train
Test/Varicela/ChickenPox (38).jpg,Varicela,2,Train
Train/Monkeypox/MonkeyPox (164).png,Monkeypox,2,Train
Test/Varicela/2024-06-27_11-30-42_5146.png,Varicela,2,Train
Train/Varicela/2024-06-25_21-31-21_6606.png,Varicela,2,Train
Train/Varicela/2024-06-26_21-48-53_4177.png,Varicela,2,Train
Train/Varicela/2024-06-27_12-26-33_2242.png,Varicela,2,Train
Val/Sarampion/Sarampion (42).png,Sarampion,2,Test
Train/Varicela/ChickenPox (187).jpg,Varicela,2,Train
Train/Sarampion/2024-06-26_14-13-24_4439.png,Sarampion,2,Val
Train/Varicela/2024-06-25_21-33-47_7689.png,Varicela,2,Val
Train/Monkeypox/MonkeyPox (106).png,Monkeypox,2,Train
Test/Sarampion/2024-06-26_12-50-45_8660.png,Sarampion,2,Test
Train/Sarampion/2024-06-26_16-37-39_3050.png,Sarampion,2,Train
Train/Herpes/Herpes (196).jpg,Herpes,2,Val
Test/Herpes/Herpes (126).jpg,Herpes,2,Train
Train/Monkeypox/MonkeyPox (29).png,Monkeypox,2,Train
Train/Varicela/2024-06-27_00-01-24_1094.png,Varicela,2,Train
Train/Varicela/2024-06-25_23-51-14_8933.png,Varicela,2,Train
Train/Sarampion/Sarampion (139).jpg,Sarampion,2,Train
Test/Sarampion/2024-06-26_13-24-18_3831.png,Sarampion,2,Train
Train/Monkeypox/MonkeyPox (158).png,Monkeypox,2,Train
Train/Varicela/2024-06-26_23-08-14_4919.png,Varicela,2,Train
Test/Varicela/2024-06-27_12-07-18_3814.png,Varicela,2,Train
Train/Monkeypox/2024-06-27_14-20-42_3059.png,Monkeypox,2,Train
Train/Varicela/2024-06-26_23-39-33_6681.png,Varicela,2,Train
Val/Herpes/Herpes (35).jpg,Herpes,2,Train
Train/Varicela/ChickenPox (163).jpg,Varicela,2,Train
Train/Varicela/2024-06-25_22-33-28_7859.png,Varicela,2,Train
Test/Sarampion/2024-06-26_14-19-28_8644.png,Sarampion,2,Train
Train/Sarampion/2024-06-26_11-59-09_9737.png,Sarampion,2,Train
Train/Varicela/2024-06-26_23-39-58_7227.png,Varicela,2,Train
Test/Varicela/2024-06-27_13-11-42_9144.png,Varicela,2,Test
Train/Monkeypox/2024-06-27_14-14-32_9360.png,Monkeypox,2,Test
Train/Herpes/Herpes (115).jpg,Herpes,2,Test
Train/Varicela/ChickenPox (158).jpg,Varicela,2,Train
Train/Varicela/ChickenPox (157).jpg,Varicela,2,Train
Train/Varicela/2024-06-25_22-20-24_8033.png,Varicela,2,Train
Train/Varicela/2024-06-27_13-29-45_3966.png,Varicela,2,Train
Train/Sarampion/2024-06-26_11-59-33_5864.png,Sarampion,2,Train
Train/Varicela/2024-06-26_22-21-38_8382.png,Varicela,2,Train
Train/Monkeypox/2024-06-27_14-14-04_7146.png,Monkeypox,2,Train
Train/Varicela/2024-06-26_21-50-05_2915.png,Varicela,2,Train
Train/Sarampion/2024-06-26_15-08-18_5207.png,Sarampion,2,Train
Train/Monkeypox/2024-06-27_16-00-14_4345.png,Monkeypox,2,Train
Test/Varicela/ChickenPox (61).jpg,Varicela,2,Val
Train/Monkeypox/2024-06-27_16-50-00_1112.png,Monkeypox,2,Test
Train/Varicela/2024-06-26_21-07-13_8006.png,Varicela,2,Train
Train/Varicela/2024-06-25_21-32-13_9390.png,Varicela,2,Test
Test/Monkeypox/2024-06-27_13-56-10_7526.png,Monkeypox,2,Train
Train/Monkeypox/2024-06-27_17-53-03_4787.png,Monkeypox,2,Train
Train/Sarampion/2024-06-26_15-18-09_5961.png,Sarampion,2,Val
Train/Sarampion/2024-06-26_12-04-07_3372.png,Sarampion,2,Train
Train/Varicela/2024-06-26_21-10-45_6870.png,Varicela,2,Train
Test/Monkeypox/2024-06-27_15-22-09_5488.png,Monkeypox,2,Train
Train/Monkeypox/2024-06-27_15-20-38_3227.png,Monkeypox,2,Train
Train/Varicela/2024-06-26_23-18-02_9733.png,Varicela,2,Val
Train/Varicela/2024-06-25_21-37-59_4761.png,Varicela,2,Train
Train/Varicela/2024-06-26_22-25-48_7311.png,Varicela,2,Train
Train/Varicela/2024-06-26_22-14-46_9038.png,Varicela,2,Val
Train/Sarampion/Sarampion (107).jpg,Sarampion,2,Train
Train/Varicela/2024-06-27_12-04-43_6538.png,Varicela,2,Val
Test/Varicela/2024-06-26_21-17-12_4644.png,Varicela,2,Train
Train/Varicela/2024-06-27_13-14-00_6433.png,Varicela,2,Train
Train/Varicela/2024-06-26_23-43-05_4164.png,Varicela,2,Train
Test/Sarampion/2024-06-26_13-26-37_2353.png,Sarampion,2,Test
Train/Varicela/2024-06-27_13-06-44_7104.png,Varicela,2,Train
Train/Monkeypox/2024-06-27_15-48-09_8163.png,Monkeypox,2,Train
Train/Sarampion/2024-06-26_15-15-39_8676.png,Sarampion,2,Train
Train/Varicela/2024-06-25_22-14-22_1849.png,Varicela,2,Train
Train/Monkeypox/2024-06-27_15-52-05_8391.png,Monkeypox,2,Train
Train/Varicela/ChickenPox (127).jpg,Varicela,2,Train
Test/Sarampion/Sarampion (43).png,Sarampion,2,Train
Train/Monkeypox/2024-06-27_14-09-13_6917.png,Monkeypox,2,Train
Train/Varicela/2024-06-26_21-06-51_7094.png,Varicela,2,Train
Train/Varicela/2024-06-26_22-17-57_5411.png,Varicela,2,Val
Train/Varicela/2024-06-27_11-44-17_7281.png,Varicela,2,Train
Train/Varicela/2024-06-26_21-31-25_1709.png,Varicela,2,Train
Train/Sarampion/2024-06-26_12-57-46_4028.png,Sarampion,2,Train
Train/Varicela/2024-06-26_00-15-36_6738.png,Varicela,2,Test
Train/Varicela/2024-06-25_23-45-27_2202.png,Varicela,2,Train
Train/Varicela/2024-06-25_21-36-27_3809.png,Varicela,2,Train
Train/Varicela/2024-06-26_21-04-36_4100.png,Varicela,2,Val
Test/Varicela/2024-06-26_21-16-14_9925.png,Varicela,2,Train
Train/Herpes/Herpes (304).jpg,Herpes,2,Val
Train/Varicela/2024-06-26_23-10-49_9079.png,Varicela,2,Val
Train/Varicela/2024-06-27_12-19-30_5397.png,Varicela,2,Val
Train/Varicela/ChickenPox (170).jpg,Varicela,2,Train
Train/Varicela/2024-06-26_21-06-29_5345.png,Varicela,2,Train
Test/Varicela/2024-06-26_23-43-26_2381.png,Varicela,2,Val
Test/Monkeypox/2024-06-27_13-55-47_1416.png,Monkeypox,2,Train
Test/Varicela/2024-06-26_23-50-12_7243.png,Varicela,2,Train
Train/Monkeypox/2024-06-27_13-59-47_6872.png,Monkeypox,2,Train
Test/Varicela/ChickenPox (54).png,Varicela,2,Train
Test/Sarampion/2024-06-26_12-51-06_3150.png,Sarampion,2,Val
Test/Varicela/ChickenPox (37).png,Varicela,2,Train
Train/Sarampion/2024-06-26_12-01-49_1323.png,Sarampion,2,Train
Train/Varicela/2024-06-25_22-46-30_4040.png,Varicela,2,Train
Train/Varicela/2024-06-27_13-27-31_1578.png,Varicela,2,Train
Train/Sarampion/2024-06-26_12-59-15_9519.png,Sarampion,2,Test
Train/Varicela/2024-06-27_00-41-24_8907.png,Varicela,2,Test
Train/Varicela/2024-06-26_21-30-30_7786.png,Varicela,2,Train
Train/Varicela/2024-06-26_21-40-27_2949.png,Varicela,2,Train
Train/Monkeypox/2024-06-27_15-16-27_2045.png,Monkeypox,2,Train
Train/Monkeypox/2024-06-27_15-53-33_1566.png,Monkeypox,2,Train
Val/Varicela/ChickenPox (3).jpg,Varicela,2,Val
Train/Herpes/Herpes (297).jpg,Herpes,2,Val
Train/Monkeypox/2024-06-27_16-43-19_6594.png,Monkeypox,2,Train
Train/Monkeypox/2024-06-27_15-56-01_2331.png,Monkeypox,2,Train
Train/Sarampion/2024-06-26_13-21-10_5010.png,Sarampion,2,Test
Train/Herpes/Herpes (256).jpg,Herpes,2,Val
Train/Sarampion/2024-06-26_12-49-51_7739.png,Sarampion,2,Train
Train/Varicela/2024-06-27_12-26-55_4277.png,Varicela,2,Train
Train/Sarampion/2024-06-26_14-57-58_4742.png,Sarampion,2,Train
Train/Varicela/2024-06-27_13-19-41_3117.png,Varicela,2,Train
Train/Monkeypox/2024-06-27_16-05-23_7051.png,Monkeypox,2,Train
Train/Monkeypox/2024-06-27_13-53-49_8657.png,Monkeypox,2,Train
Test/Varicela/2024-06-25_21-37-35_5856.png,Varicela,2,Test
Val/Monkeypox/MonkeyPox (36).png,Monkeypox,2,Train
Train/Varicela/2024-06-27_12-00-14_3007.png,Varicela,2,Train
Train/Varicela/2024-06-26_21-28-50_5244.png,Varicela,2,Test
Test/Varicela/2024-06-25_21-37-13_9023.png,Varicela,2,Train
Train/Sarampion/2024-06-26_15-14-59_6587.png,Sarampion,2,Train
Train/Monkeypox/2024-06-27_14-10-49_8828.png,Monkeypox,2,Train
Test/Sarampion/Sarampion (3).png,Sarampion,2,Train
Train/Sarampion/2024-06-26_14-18-43_1449.png,Sarampion,2,Train
Test/Monkeypox/MonkeyPox (9).png,Monkeypox,2,Train
Train/Varicela/ChickenPox (232).jpg,Varicela,2,Val
Train/Sarampion/2024-06-26_12-48-38_4965.png,Sarampion,2,Train
Test/Varicela/ChickenPox (38).png,Varicela,2,Test
Train/Varicela/2024-06-27_13-00-36_6029.png,Varicela,2,Train
Train/Herpes/2024-06-26_19-59-06_2731.png,Herpes,3,Train
Train/Herpes/2024-06-24_22-25-44_4746.png,Herpes,3,Train
Train/Herpes/2024-06-24_21-30-57_1119.png,Herpes,3,Train
Train/Herpes/2024-06-26_20-16-27_2419.png,Herpes,3,Val
Train/Herpes/2024-06-26_20-33-21_9436.png,Herpes,3,Train
Train/Herpes/2024-06-26_20-28-42_1276.png,Herpes,3,Train
Train/Herpes/2024-06-24_22-39-53_9260.png,Herpes,3,Train
Train/Herpes/2024-06-26_20-00-00_2438.png,Herpes,3,Train
Train/Herpes/2024-06-24_22-24-05_4912.png,Herpes,3,Train
Train/Herpes/2024-06-26_20-32-30_7417.png,Herpes,3,Train
Train/Monkeypox/2024-06-27_17-18-10_5638.png,Monkeypox,3,Train
Train/Monkeypox/MonkeyPox (119).jpg,Monkeypox,3,Train
Train/Monkeypox/2024-06-27_17-04-03_5055.png,Monkeypox,3,Test
Train/Monkeypox/2024-06-27_17-15-54_6385.png,Monkeypox,3,Train
Train/Monkeypox/2024-06-27_15-15-30_1184.png,Monkeypox,3,Train
Train/Monkeypox/2024-06-27_15-21-00_4397.png,Monkeypox,3,Train
Train/Monkeypox/2024-06-27_16-55-56_6429.png,Monkeypox,3,Val
Train/Monkeypox/2024-06-27_14-57-21_4658.png,Monkeypox,3,Test
Train/Monkeypox/2024-06-27_16-09-50_4446.png,Monkeypox,3,Train
Train/Monkeypox/MonkeyPox (12).png,Monkeypox,3,Test
Train/Monkeypox/2024-06-27_16-40-50_5478.png,Monkeypox,3,Train
Train/Monkeypox/2024-06-27_16-11-34_7850.png,Monkeypox,3,Train
Train/Monkeypox/2024-06-27_17-42-30_9573.png,Monkeypox,3,Train
Train/Monkeypox/2024-06-27_16-02-21_3451.png,Monkeypox,3,Train
Train/Monkeypox/2024-06-27_16-41-54_5120.png,Monkeypox,3,Train
Train/Monkeypox/2024-06-27_15-50-39_9232.png,Monkeypox,3,Train
Train/Monkeypox/2024-06-27_16-01-18_1261.png,Monkeypox,3,Train
Train/Monkeypox/2024-06-27_17-01-01_1172.png,Monkeypox,3,Train
Train/Monkeypox/2024-06-27_17-45-32_7703.png,Monkeypox,3,Train
Train/Monkeypox/2024-06-27_17-42-52_5360.png,Monkeypox,3,Val
Train/Monkeypox/2024-06-27_14-02-31_3776.png,Monkeypox,3,Train
Train/Monkeypox/2024-06-27_17-50-27_3590.png,Monkeypox,3,Train
Train/Monkeypox/MonkeyPox (168).jpg,Monkeypox,3,Train
Train/Monkeypox/2024-06-27_16-46-36_6608.png,Monkeypox,3,Train
Train/Monkeypox/2024-06-27_14-00-36_6070.png,Monkeypox,3,Train
Train/Monkeypox/2024-06-27_14-18-51_3062.png,Monkeypox,3,Train
Train/Monkeypox/2024-06-27_15-49-56_8367.png,Monkeypox,3,Train
Train/Monkeypox/2024-06-27_14-52-08_5422.png,Monkeypox,3,Train
Train/Monkeypox/MonkeyPox (176).jpg,Monkeypox,3,Train
Train/Monkeypox/MonkeyPox (64).jpg,Monkeypox,3,Train
Train/Monkeypox/2024-06-27_15-34-33_4126.png,Monkeypox,3,Test
Train/Monkeypox/2024-06-27_16-56-59_4214.png,Monkeypox,3,Val
Train/Monkeypox/2024-06-27_15-16-04_2907.png,Monkeypox,3,Train
Train/Monkeypox/2024-06-27_16-06-05_8682.png,Monkeypox,3,Train
Train/Monkeypox/2024-06-27_13-57-46_4307.png,Monkeypox,3,Train
Train/Monkeypox/2024-06-27_17-20-03_5247.png,Monkeypox,3,Train
Train/Monkeypox/MonkeyPox (105).png,Monkeypox,3,Test
Train/Monkeypox/2024-06-27_14-52-28_5298.png,Monkeypox,3,Test
Train/Monkeypox/2024-06-27_17-43-15_7289.png,Monkeypox,3,Val
Train/Monkeypox/2024-06-27_14-54-11_8569.png,Monkeypox,3,Train
Train/Monkeypox/2024-06-27_16-32-48_7476.png,Monkeypox,3,Train
Train/Monkeypox/MonkeyPox (183).jpg,Monkeypox,3,Train
Train/Monkeypox/2024-06-27_16-59-09_9054.png,Monkeypox,3,Train
Train/Monkeypox/2024-06-27_15-49-34_9540.png,Monkeypox,3,Train
Train/Monkeypox/2024-06-27_16-38-42_9869.png,Monkeypox,3,Train
Train/Monkeypox/2024-06-27_15-08-13_7810.png,Monkeypox,3,Test
Train/Monkeypox/2024-06-27_15-30-50_6002.png,Monkeypox,3,Train
Train/Monkeypox/2024-06-27_17-53-25_7938.png,Monkeypox,3,Train
Train/Monkeypox/2024-06-27_15-42-16_6387.png,Monkeypox,3,Train
Train/Monkeypox/2024-06-27_16-32-26_5748.png,Monkeypox,3,Train
Train/Monkeypox/2024-06-27_16-39-03_5719.png,Monkeypox,3,Train
Train/Monkeypox/2024-06-27_16-42-36_8358.png,Monkeypox,3,Train
Train/Monkeypox/2024-06-27_14-03-39_2943.png,Monkeypox,3,Train
Train/Monkeypox/2024-06-27_17-14-24_5816.png,Monkeypox,3,Train
Train/Monkeypox/2024-06-27_15-02-21_1478.png,Monkeypox,3,Train
Train/Varicela/2024-06-27_11-23-22_7767.png,Varicela,3,Train
Train/Varicela/ChickenPox (67).jpg,Varicela,3,Val
Train/Varicela/ChickenPox (124).jpg,Varicela,3,Train
Train/Varicela/2024-06-27_11-27-46_2502.png,Varicela,3,Train
Train/Varicela/2024-06-26_23-10-04_2229.png,Varicela,3,Train
Train/Varicela/ChickenPox (225).jpg,Varicela,3,Test
Train/Varicela/2024-06-27_12-25-49_8796.png,Varicela,3,Train
Train/Varicela/2024-06-27_12-20-37_5347.png,Varicela,3,Train
Train/Varicela/2024-06-27_13-23-04_4621.png,Varicela,3,Test
Train/Varicela/2024-06-26_21-03-51_2168.png,Varicela,3,Train
Train/Varicela/2024-06-27_12-17-37_9902.png,Varicela,3,Train
Train/Varicela/2024-06-25_21-38-42_1894.png,Varicela,3,Train
Train/Varicela/ChickenPox (57).png,Varicela,3,Val
Train/Varicela/2024-06-27_13-05-13_9479.png,Varicela,3,Test
Train/Varicela/2024-06-27_13-09-47_8141.png,Varicela,3,Train
Train/Varicela/2024-06-26_23-15-54_5816.png,Varicela,3,Train
Train/Varicela/2024-06-27_11-22-38_8705.png,Varicela,3,Val
Train/Varicela/2024-06-26_21-25-10_8880.png,Varicela,3,Train
Train/Varicela/2024-06-26_00-12-13_1837.png,Varicela,3,Train
Train/Varicela/2024-06-27_00-41-48_7699.png,Varicela,3,Train
Train/Varicela/ChickenPox (222).jpg,Varicela,3,Train
Train/Varicela/2024-06-27_13-06-21_4404.png,Varicela,3,Train
Train/Varicela/ChickenPox (258).jpg,Varicela,3,Train
Train/Varicela/2024-06-26_23-29-52_3990.png,Varicela,3,Val
Train/Varicela/2024-06-27_12-16-30_9803.png,Varicela,3,Train
Train/Varicela/2024-06-27_11-45-02_2390.png,Varicela,3,Val
Train/Varicela/ChickenPox (51).png,Varicela,3,Train
Train/Varicela/ChickenPox (265).jpg,Varicela,3,Val
Train/Varicela/2024-06-25_22-51-36_2788.png,Varicela,3,Train
Train/Varicela/2024-06-27_13-33-29_2260.png,Varicela,3,Train
Train/Varicela/ChickenPox (218).jpg,Varicela,3,Train
Train/Varicela/2024-06-27_12-14-38_7691.png,Varicela,3,Val
Train/Varicela/2024-06-27_12-03-36_5978.png,Varicela,3,Test
Train/Varicela/2024-06-25_21-41-36_4208.png,Varicela,3,Test
Train/Varicela/2024-06-27_13-14-23_4885.png,Varicela,3,Val
Train/Varicela/ChickenPox (188).jpg,Varicela,3,Train
Train/Varicela/2024-06-25_22-56-41_5614.png,Varicela,3,Train
Train/Varicela/ChickenPox (278).jpg,Varicela,3,Train
Train/Varicela/2024-06-26_20-58-35_8287.png,Varicela,3,Test
Train/Varicela/2024-06-27_12-23-13_3807.png,Varicela,3,Train
Train/Varicela/2024-06-26_21-43-52_2834.png,Varicela,3,Train
Train/Varicela/2024-06-26_22-22-35_1947.png,Varicela,3,Train
Train/Varicela/2024-06-25_21-30-59_7969.png,Varicela,3,Train
Train/Varicela/ChickenPox (279).jpg,Varicela,3,Train
Train/Varicela/2024-06-27_13-22-20_2530.png,Varicela,3,Train
Train/Varicela/2024-06-26_21-47-08_5752.png,Varicela,3,Train
Train/Varicela/2024-06-26_21-33-31_2267.png,Varicela,3,Val
Train/Melanoma/Melanoma (207).jpg,Melanoma,3,Train
Train/Melanoma/Melanoma (167).jpg,Melanoma,3,Test
Train/Melanoma/Melanoma (421).jpg,Melanoma,3,Train
Train/Melanoma/Melanoma (424).jpg,Melanoma,3,Train
Train/Melanoma/Melanoma (276).jpg,Melanoma,3,Train
Train/Melanoma/Melanoma (439).jpg,Melanoma,3,Train
Train/Melanoma/melanoma_5669.jpg,Melanoma,3,Train
Train/Melanoma/Melanoma (154).jpg,Melanoma,3,Train
Train/Melanoma/Melanoma (369).jpg,Melanoma,3,Train
Train/Melanoma/melanoma_5698.jpg,Melanoma,3,Test
Train/Melanoma/Melanoma (206).jpg,Melanoma,3,Train
Train/Melanoma/Melanoma (108).jpg,Melanoma,3,Test
Train/Melanoma/Melanoma (225).jpg,Melanoma,3,Train
Train/Sarampion/2024-06-26_17-06-48_1275.png,Sarampion,3,Train
Train/Sarampion/Sarampion (34).jpg,Sarampion,3,Train
Train/Sarampion/Sarampion (99).jpg,Sarampion,3,Train
Train/Sarampion/2024-06-26_12-13-46_3831.png,Sarampion,3,Train
Train/Sarampion/2024-06-26_18-26-56_2099.png,Sarampion,3,Test
Train/Sarampion/2024-06-26_17-30-13_9287.png,Sarampion,3,Train
Train/Sarampion/2024-06-26_18-53-19_4672.png,Sarampion,3,Train
Train/Sarampion/2024-06-26_17-33-09_9314.png,Sarampion,3,Test
Train/Sarampion/2024-06-26_12-18-48_6483.png,Sarampion,3,Train
Train/Sarampion/2024-06-26_17-17-13_1972.png,Sarampion,3,Train
Train/Sarampion/2024-06-26_12-09-55_7255.png,Sarampion,3,Train
Train/Sarampion/2024-06-26_18-39-15_9521.png,Sarampion,3,Test
Train/Sarampion/2024-06-26_12-13-23_8548.png,Sarampion,3,Test
Train/Sarampion/Sarampion (63).jpg,Sarampion,3,Train
Train/Sarampion/2024-06-26_12-14-41_4147.png,Sarampion,3,Train
Train/Sarampion/2024-06-26_18-54-10_3473.png,Sarampion,3,Train
Train/Sarampion/2024-06-26_18-51-17_6827.png,Sarampion,3,Train
Train/Sarampion/2024-06-26_12-13-00_2392.png,Sarampion,3,Train
Train/Sarampion/2024-06-26_18-38-52_1584.png,Sarampion,3,Test
Train/Sarampion/2024-06-26_17-33-55_2715.png,Sarampion,3,Val
Train/Sarampion/2024-06-26_18-46-07_8847.png,Sarampion,3,Train
Train/Sarampion/2024-06-26_18-29-45_4418.png,Sarampion,3,Train
Train/Sarampion/2024-06-26_18-49-37_3624.png,Sarampion,3,Train
Train/Sarampion/2024-06-26_12-15-30_8710.png,Sarampion,3,Train
Train/Sarampion/2024-06-26_17-21-07_7403.png,Sarampion,3,Test
Train/Sarampion/2024-06-26_13-32-47_3652.png,Sarampion,3,Train
Train/Sarampion/2024-06-26_18-34-51_1021.png,Sarampion,3,Train
Train/Sarampion/Sarampion (81).png,Sarampion,3,Val
Train/Sarampion/2024-06-26_18-34-27_7487.png,Sarampion,3,Test
Train/Sarampion/Sarampion (60).png,Sarampion,3,Train
Train/Sarampion/2024-06-26_18-52-05_8640.png,Sarampion,3,Train
Train/Sarampion/2024-06-26_12-12-04_1572.png,Sarampion,3,Train
Train/Sarampion/2024-06-26_15-55-42_9594.png,Sarampion,3,Train
Train/Sarampion/2024-06-26_12-10-47_9594.png,Sarampion,3,Test
Train/Sarampion/2024-06-26_17-13-45_5162.png,Sarampion,3,Val
Train/Sarampion/2024-06-26_18-35-38_6808.png,Sarampion,3,Train
Train/Sarampion/2024-06-26_17-17-34_2732.png,Sarampion,3,Val
Train/Sarampion/Sarampion (46).png,Sarampion,3,Val
Train/Sarampion/2024-06-26_18-20-50_1741.png,Sarampion,3,Train
Train/Sarampion/2024-06-26_12-18-02_3000.png,Sarampion,3,Test
Train/Sarampion/2024-06-26_18-21-15_3616.png,Sarampion,3,Test
Train/Sarampion/2024-06-26_18-32-01_3999.png,Sarampion,3,Train
Train/Sarampion/2024-06-26_17-19-08_7470.png,Sarampion,3,Test
Train/Sarampion/2024-06-26_18-45-32_8285.png,Sarampion,3,Train
Train/Sarampion/2024-06-26_17-19-55_9561.png,Sarampion,3,Train
Train/Sarampion/2024-06-26_18-43-03_4744.png,Sarampion,3,Train
Train/Sarampion/2024-06-26_18-30-15_8910.png,Sarampion,3,Val
Train/Sarampion/Sarampion.jpeg,Sarampion,3,Train
Train/Sarampion/2024-06-26_18-50-54_6828.png,Sarampion,3,Train
Train/Sarampion/2024-06-26_17-33-32_6380.png,Sarampion,3,Test
Train/Sarampion/2024-06-26_12-11-40_8397.png,Sarampion,3,Train
Train/Sarampion/2024-06-26_18-28-54_2223.png,Sarampion,3,Train
Train/Sarampion/2024-06-26_12-21-06_4254.png,Sarampion,3,Val
Train/Sarampion/2024-06-26_15-20-17_4986.png,Sarampion,3,Train
Train/Sarampion/Sarampion (75).png,Sarampion,3,Train
Train/Sarampion/2024-06-26_18-43-52_5069.png,Sarampion,3,Val
Train/Sarampion/2024-06-26_12-19-10_2182.png,Sarampion,3,Train
Train/Sarampion/Sarampion (71).jpg,Sarampion,3,Train
Train/Sarampion/2024-06-26_18-41-33_8344.png,Sarampion,3,Train
Train/Sarampion/2024-06-26_18-29-19_9529.png,Sarampion,3,Train
Train/Sarampion/2024-06-26_18-41-57_2773.png,Sarampion,3,Val
Train/Sarampion/2024-06-26_18-47-59_2594.png,Sarampion,3,Train
Train/Sarampion/2024-06-26_18-50-23_9423.png,Sarampion,3,Train
Train/Sarampion/2024-06-26_18-20-56_9388.png,Sarampion,3,Test
Train/Sarampion/Sarampion (156).jpg,Sarampion,3,Train
Train/Sarampion/2024-06-26_18-28-28_2670.png,Sarampion,3,Train
Train/Sarampion/2024-06-26_18-20-42_6725.png,Sarampion,3,Val
Train/Sarampion/2024-06-26_18-31-32_3669.png,Sarampion,3,Val
Train/Sarampion/Sarampion (122).jpg,Sarampion,3,Test
Train/Sarampion/2024-06-26_18-23-21_5509.png,Sarampion,3,Train
Train/Sarampion/Sarampion (58).png,Sarampion,3,Val
Train/Sarampion/2024-06-26_18-22-15_6467.png,Sarampion,3,Test
Train/Sarampion/2024-06-26_18-22-40_3317.png,Sarampion,3,Train
Train/Sarampion/2024-06-26_17-22-28_4993.png,Sarampion,3,Val
Train/Sarampion/2024-06-26_17-18-22_5687.png,Sarampion,3,Train
Train/Sarampion/2024-06-26_12-14-09_8993.png,Sarampion,3,Train
Train/Sarampion/2024-06-26_12-12-27_2080.png,Sarampion,3,Train
Train/Sarampion/Sarampion (68).png,Sarampion,3,Train
Train/Sarampion/2024-06-26_12-18-25_3518.png,Sarampion,3,Train
Train/Sarampion/2024-06-26_17-12-32_1943.png,Sarampion,3,Test
Train/Sarampion/2024-06-26_12-17-39_1278.png,Sarampion,3,Val
Train/Sarampion/2024-06-26_18-26-19_1707.png,Sarampion,3,Val
Train/Sarampion/2024-06-26_18-40-35_9429.png,Sarampion,3,Val
Train/Sarampion/2024-06-26_11-56-48_4821.png,Sarampion,3,Test
Train/Sarampion/2024-06-26_18-50-00_5687.png,Sarampion,3,Train
Train/Sarampion/Sarampion (83).png,Sarampion,3,Val
Train/Sarampion/2024-06-26_18-41-01_7341.png,Sarampion,3,Train
Train/Sarampion/2024-06-26_12-20-01_8361.png,Sarampion,3,Train
Train/Sarampion/Sarampion (8).jpg,Sarampion,3,Train
Train/Sarampion/2024-06-26_17-20-19_7898.png,Sarampion,3,Train
Train/Sarampion/2024-06-26_18-48-23_2524.png,Sarampion,3,Test
Train/Sarampion/2024-06-26_13-19-14_4091.png,Sarampion,3,Train
Train/Sarampion/2024-06-26_16-49-12_3470.png,Sarampion,3,Val
Train/Sarampion/Sarampion (37).png,Sarampion,3,Train
Train/Sarampion/2024-06-26_17-21-54_5728.png,Sarampion,3,Test
Train/Sarampion/2024-06-26_13-56-58_5654.png,Sarampion,3,Train
Train/Sarampion/2024-06-26_18-43-28_6048.png,Sarampion,3,Test
Train/Sarampion/2024-06-26_18-52-53_8287.png,Sarampion,3,Test
Train/Sarampion/2024-06-26_18-52-30_1239.png,Sarampion,3,Train
Train/Sarampion/Sarampion (52).jpg,Sarampion,3,Train
Train/Sarampion/2024-06-26_12-19-31_3606.png,Sarampion,3,Train
Train/Sarampion/Sarampion (59).png,Sarampion,3,Train
Train/Sarampion/2024-06-26_18-48-46_1629.png,Sarampion,3,Train
Train/Sarampion/2024-06-26_17-22-52_8567.png,Sarampion,3,Train
Train/Sarampion/2024-06-26_15-19-25_4994.png,Sarampion,3,Train
Train/Sarampion/2024-06-26_17-30-39_1313.png,Sarampion,3,Train
Train/Sarampion/2024-06-26_12-10-19_6265.png,Sarampion,3,Train
Train/Sarampion/2024-06-26_17-32-03_3173.png,Sarampion,3,Train
Train/Sarampion/2024-06-26_18-30-41_4357.png,Sarampion,3,Train
Test/Herpes/Herpes (29).jpg,Herpes,3,Train
Test/Herpes/Herpes (18).jpg,Herpes,3,Val
Test/Herpes/2024-06-26_20-39-30_8341.png,Herpes,3,Train
Test/Herpes/Herpes (44).jpg,Herpes,3,Test
Test/Herpes/Herpes (13).jpg,Herpes,3,Test
Test/Herpes/Herpes (5).png,Herpes,3,Train
Test/Monkeypox/2024-06-27_15-08-34_5633.png,Monkeypox,3,Train
Test/Monkeypox/MonkeyPox (28).jpg,Monkeypox,3,Train
Test/Monkeypox/2024-06-27_15-10-20_8807.png,Monkeypox,3,Train
Test/Monkeypox/MonkeyPox (105).jpg,Monkeypox,3,Test
Test/Monkeypox/MonkeyPox (3).png,Monkeypox,3,Test
Test/Monkeypox/2024-06-27_14-16-08_7006.png,Monkeypox,3,Train
Test/Monkeypox/2024-06-27_14-09-37_4091.png,Monkeypox,3,Train
Test/Monkeypox/MonkeyPox (9).jpg,Monkeypox,3,Train
Test/Monkeypox/MonkeyPox (117).jpg,Monkeypox,3,Val
Test/Monkeypox/MonkeyPox (17).jpg,Monkeypox,3,Val
Test/Monkeypox/2024-06-27_15-08-58_1940.png,Monkeypox,3,Train
Test/Monkeypox/MonkeyPox (39).jpg,Monkeypox,3,Train
Test/Monkeypox/2024-06-27_14-10-01_4450.png,Monkeypox,3,Val
Test/Monkeypox/2024-06-27_13-59-23_4022.png,Monkeypox,3,Val
Test/Varicela/2024-06-27_12-05-49_1014.png,Varicela,3,Train
Test/Varicela/2024-06-27_11-43-31_5038.png,Varicela,3,Train
Test/Varicela/ChickenPox (60).jpg,Varicela,3,Train
Test/Varicela/ChickenPox (31).png,Varicela,3,Val
Test/Varicela/ChickenPox (44).png,Varicela,3,Val
Test/Varicela/2024-06-25_23-32-13_6030.png,Varicela,3,Val
Test/Melanoma/Melanoma (2).jpg,Melanoma,3,Train
Test/Melanoma/Melanoma (66).jpg,Melanoma,3,Val
Test/Sarampion/2024-06-26_18-55-04_6340.png,Sarampion,3,Train
Test/Sarampion/2024-06-26_12-16-35_2776.png,Sarampion,3,Test
Test/Sarampion/Sarampion (48).png,Sarampion,3,Val
Test/Sarampion/2024-06-26_18-25-29_9961.png,Sarampion,3,Train
Test/Sarampion/Sarampion (32).png,Sarampion,3,Train
Test/Sarampion/2024-06-26_14-01-28_8761.png,Sarampion,3,Val
Test/Sarampion/2024-06-26_18-55-27_6748.png,Sarampion,3,Train
Test/Sarampion/2024-06-26_17-15-57_5912.png,Sarampion,3,Train
Test/Sarampion/2024-06-26_18-47-24_2909.png,Sarampion,3,Val
Test/Sarampion/2024-06-26_17-29-44_1576.png,Sarampion,3,Train
Test/Sarampion/2024-06-26_18-46-32_6310.png,Sarampion,3,Train
Test/Sarampion/2024-06-26_18-54-40_4156.png,Sarampion,3,Val
Test/Sarampion/2024-06-26_12-16-14_5492.png,Sarampion,3,Train
Test/Sarampion/2024-06-26_17-25-28_7382.png,Sarampion,3,Train
Test/Sarampion/2024-06-26_12-09-05_5942.png,Sarampion,3,Train
Test/Sarampion/2024-06-26_18-25-06_6595.png,Sarampion,3,Train
Test/Sarampion/2024-06-26_17-14-45_6203.png,Sarampion,3,Train
Test/Sarampion/2024-06-26_17-16-45_3964.png,Sarampion,3,Train
Test/Sarampion/2024-06-26_12-09-31_9870.png,Sarampion,3,Val
Test/Sarampion/2024-06-26_12-17-18_7060.png,Sarampion,3,Train
Test/Sarampion/Sarampion (9).jpg,Sarampion,3,Train
Test/Sarampion/2024-06-26_17-24-12_1688.png,Sarampion,3,Train
Test/Sarampion/2024-06-26_18-23-44_7036.png,Sarampion,3,Train
Test/Sarampion/2024-06-26_18-25-56_9550.png,Sarampion,3,Train
Test/Sarampion/2024-06-26_18-46-57_1618.png,Sarampion,3,Train
Test/Sarampion/2024-06-26_14-56-41_7181.png,Sarampion,3,Train
Test/Sarampion/Sarampion (17).jpg,Sarampion,3,Train
Test/Sarampion/2024-06-26_18-36-04_7670.png,Sarampion,3,Train
Test/Sarampion/2024-06-26_17-24-34_7466.png,Sarampion,3,Train
Test/Sarampion/Sarampion (20).jpeg,Sarampion,3,Train
Val/Herpes/Herpes (59).jpg,Herpes,3,Train
Val/Monkeypox/MonkeyPox (14).jpg,Monkeypox,3,Val
Val/Monkeypox/MonkeyPox (11).jpg,Monkeypox,3,Train
Val/Monkeypox/MonkeyPox (14).jpeg,Monkeypox,3,Train
Val/Varicela/ChickenPox (24).png,Varicela,3,Val
Val/Varicela/ChickenPox (5).jpg,Varicela,3,Train
Val/Varicela/ChickenPox (9).jpg,Varicela,3,Train
Val/Melanoma/Melanoma (128).jpg,Melanoma,3,Train
Val/Melanoma/Melanoma (186).jpg,Melanoma,3,Val
Val/Sarampion/Sarampion (41).png,Sarampion,3,Val
Val/Sarampion/Sarampion (2).png,Sarampion,3,Train
Val/Sarampion/Sarampion (18).png,Sarampion,3,Train
Val/Sarampion/Sarampion (2).jpeg,Sarampion,3,Train
Val/Sarampion/Sarampion (14).jpeg,Sarampion,3,Train
Test/Varicela/ChickenPox (87).jpg,Varicela,3,Train
Train/Sarampion/2024-06-26_13-34-03_3621.png,Sarampion,3,Train
Train/Sarampion/2024-06-26_17-21-31_4636.png,Sarampion,3,Test
Train/Monkeypox/2024-06-27_13-57-20_2703.png,Monkeypox,3,Train
Test/Varicela/2024-06-25_23-07-03_7302.png,Varicela,3,Train
Test/Herpes/2024-06-26_20-41-17_6240.png,Herpes,3,Test
Train/Varicela/2024-06-26_23-34-23_5504.png,Varicela,3,Test
Train/Varicela/2024-06-27_12-02-07_7463.png,Varicela,3,Train
Test/Monkeypox/2024-06-27_15-22-32_9308.png,Monkeypox,3,Test
Train/Sarampion/2024-06-26_15-15-19_6482.png,Sarampion,3,Val
Train/Sarampion/Sarampion (45).jpg,Sarampion,3,Train
Train/Varicela/ChickenPox (133).jpg,Varicela,3,Val
Test/Herpes/Herpes (38).jpg,Herpes,3,Train
Train/Varicela/ChickenPox (241).jpg,Varicela,3,Test
Train/Monkeypox/MonkeyPox (142).png,Monkeypox,3,Train
Train/Varicela/ChickenPox (192).jpg,Varicela,3,Val
Train/Monkeypox/MonkeyPox (178).jpg,Monkeypox,3,Train
Train/Varicela/ChickenPox (263).jpg,Varicela,3,Train
Train/Varicela/2024-06-25_21-34-59_8825.png,Varicela,3,Val
Train/Sarampion/2024-06-26_15-04-05_3977.png,Sarampion,3,Train
Val/Varicela/ChickenPox (12).jpeg,Varicela,3,Train
Train/Herpes/Herpes.jpg,Herpes,3,Test
Train/Varicela/2024-06-25_23-26-55_5054.png,Varicela,3,Train
Train/Sarampion/2024-06-26_13-58-38_3554.png,Sarampion,3,Train
Train/Monkeypox/2024-06-27_13-55-01_8231.png,Monkeypox,3,Test
Test/Herpes/2024-06-26_20-34-15_6954.png,Herpes,3,Train
Train/Sarampion/Sarampion (102).jpg,Sarampion,3,Train
Train/Sarampion/2024-06-26_15-08-43_2940.png,Sarampion,3,Train
Train/Sarampion/2024-06-26_18-13-01_6573.png,Sarampion,3,Test
Train/Varicela/2024-06-25_23-42-05_6670.png,Varicela,3,Train
Train/Monkeypox/2024-06-27_15-30-27_8136.png,Monkeypox,3,Train
Train/Varicela/2024-06-27_00-08-58_9769.png,Varicela,3,Train
Train/Varicela/2024-06-27_12-03-59_8548.png,Varicela,3,Train
Train/Varicela/2024-06-26_21-14-28_3487.png,Varicela,3,Val
Train/Herpes/Herpes (261).jpg,Herpes,3,Train
Train/Monkeypox/2024-06-27_16-35-25_1474.png,Monkeypox,3,Train
Train/Varicela/ChickenPox (91).jpg,Varicela,3,Val
Train/Sarampion/Sarampion (69).png,Sarampion,3,Train
Val/Sarampion/Sarampion (14).png,Sarampion,3,Val
Train/Varicela/2024-06-27_12-01-22_7986.png,Varicela,3,Train
Train/Sarampion/2024-06-26_11-59-57_7197.png,Sarampion,3,Train
Train/Sarampion/Sarampion (123).jpg,Sarampion,3,Train
Train/Herpes/2024-06-24_22-08-54_7574.png,Herpes,3,Train
Train/Monkeypox/2024-06-27_14-17-03_8584.png,Monkeypox,3,Train
Train/Varicela/2024-06-26_21-50-27_6383.png,Varicela,3,Train
Test/Herpes/Herpes (51).jpg,Herpes,3,Train
Train/Sarampion/Sarampion (85).jpg,Sarampion,3,Test
Train/Herpes/Herpes.png,Herpes,3,Train
Train/Varicela/ChickenPox (255).jpg,Varicela,3,Train
Train/Monkeypox/2024-06-27_16-32-03_5617.png,Monkeypox,3,Train
Train/Varicela/ChickenPox (221).jpg,Varicela,3,Val
Test/Monkeypox/MonkeyPox (134).jpg,Monkeypox,3,Val
Train/Sarampion/Sarampion (73).jpg,Sarampion,3,Train
Train/Monkeypox/2024-06-27_13-58-11_9592.png,Monkeypox,3,Train
Test/Varicela/ChickenPox (49).png,Varicela,3,Train
Train/Herpes/2024-06-24_21-30-27_9522.png,Herpes,3,Val
Train/Varicela/ChickenPox (228).jpg,Varicela,3,Train
Train/Sarampion/2024-06-26_16-11-54_9373.png,Sarampion,3,Train
Train/Herpes/Herpes (262).jpg,Herpes,3,Train
Test/Herpes/Herpes (74).jpg,Herpes,3,Train
Train/Sarampion/2024-06-26_12-58-54_4368.png,Sarampion,3,Train
Train/Monkeypox/2024-06-27_16-03-29_1919.png,Monkeypox,3,Test
Test/Sarampion/2024-06-26_15-06-38_7428.png,Sarampion,3,Train
Train/Varicela/2024-06-26_21-42-24_5384.png,Varicela,3,Test
Train/Varicela/2024-06-25_22-36-19_9409.png,Varicela,3,Train
Test/Sarampion/2024-06-26_11-54-26_3910.png,Sarampion,3,Train
Train/Monkeypox/2024-06-27_15-30-04_7633.png,Monkeypox,3,Train
Train/Herpes/2024-06-24_22-23-40_9531.png,Herpes,3,Train
Train/Sarampion/Sarampion (45).png,Sarampion,3,Train
Val/Herpes/Herpes (28).jpg,Herpes,3,Train
Train/Varicela/ChickenPox (229).jpg,Varicela,3,Train
Train/Herpes/2024-06-24_22-37-38_3707.png,Herpes,3,Train
Train/Herpes/Herpes (194).jpg,Herpes,3,Train
Train/Sarampion/Sarampion (67).jpg,Sarampion,3,Train
Train/Sarampion/Sarampion (94).jpg,Sarampion,3,Test
Train/Varicela/ChickenPox (132).jpg,Varicela,3,Train
Train/Varicela/2024-06-25_21-32-59_3164.png,Varicela,3,Train
Train/Sarampion/2024-06-26_12-07-02_7219.png,Sarampion,3,Train
Train/Herpes/Herpes (162).jpg,Herpes,3,Train
Test/Sarampion/2024-06-26_11-56-01_5361.png,Sarampion,3,Train
Train/Sarampion/2024-06-26_13-59-29_3375.png,Sarampion,3,Train
Train/Varicela/2024-06-27_11-59-28_1614.png,Varicela,3,Train
Train/Monkeypox/2024-06-27_16-35-47_5319.png,Monkeypox,3,Train
Train/Monkeypox/2024-06-27_13-56-56_8334.png,Monkeypox,3,Train
Train/Varicela/2024-06-26_22-22-58_8722.png,Varicela,3,Test
Train/Varicela/ChickenPox (174).jpg,Varicela,3,Test
Train/Varicela/2024-06-27_13-23-48_7560.png,Varicela,3,Train
Train/Monkeypox/2024-06-27_14-06-48_9948.png,Monkeypox,3,Val
Train/Varicela/2024-06-27_12-22-51_8259.png,Varicela,3,Train
Train/Varicela/ChickenPox (59).png,Varicela,3,Train
Train/Varicela/2024-06-26_23-41-52_7860.png,Varicela,3,Train
Train/Monkeypox/2024-06-27_16-45-06_3027.png,Monkeypox,3,Test
Val/Varicela/ChickenPox (10).jpeg,Varicela,3,Train
Train/Varicela/2024-06-27_12-09-09_1375.png,Varicela,3,Train
Train/Monkeypox/2024-06-27_15-31-36_1699.png,Monkeypox,3,Train
Train/Monkeypox/2024-06-27_17-00-17_9938.png,Monkeypox,3,Train
Train/Varicela/2024-06-25_21-31-46_9293.png,Varicela,3,Train
Test/Sarampion/2024-06-26_15-05-21_1652.png,Sarampion,3,Val
Train/Sarampion/2024-06-26_13-00-26_1168.png,Sarampion,3,Test
Train/Monkeypox/2024-06-27_17-02-55_8647.png,Monkeypox,3,Train
Test/Varicela/2024-06-26_23-15-32_6074.png,Varicela,3,Test
Train/Herpes/Herpes (191).jpg,Herpes,3,Train
Train/Herpes/2024-06-24_22-26-33_4237.png,Herpes,3,Val
Val/Sarampion/Sarampion (34).png,Sarampion,3,Train
Train/Monkeypox/2024-06-27_16-41-11_5769.png,Monkeypox,3,Val
Val/Varicela/ChickenPox (11).jpeg,Varicela,3,Train
Test/Sarampion/2024-06-26_15-53-59_5452.png,Sarampion,3,Train
Train/Monkeypox/2024-06-27_13-54-37_8772.png,Monkeypox,3,Train
Train/Monkeypox/2024-06-27_15-44-12_6606.png,Monkeypox,3,Val
Train/Herpes/Herpes (301).jpg,Herpes,3,Val
Test/Sarampion/Sarampion (33).png,Sarampion,3,Train
Train/Monkeypox/2024-06-27_16-46-59_8373.png,Monkeypox,3,Train
Test/Sarampion/Sarampion (44).jpg,Sarampion,3,Train
Train/Varicela/2024-06-25_21-40-43_8904.png,Varicela,3,Val
Train/Sarampion/Sarampion (138).jpg,Sarampion,3,Train
Train/Monkeypox/2024-06-27_16-57-42_6530.png,Monkeypox,3,Train
Train/Varicela/ChickenPox (179).jpg,Varicela,3,Test
Train/Sarampion/Sarampion (133).jpg,Sarampion,3,Train
Train/Varicela/2024-06-27_12-58-30_3916.png,Varicela,3,Train
Train/Monkeypox/2024-06-27_16-47-45_4595.png,Monkeypox,3,Train
Train/Varicela/2024-06-26_22-21-16_1772.png,Varicela,3,Train
Train/Varicela/2024-06-27_11-28-30_5799.png,Varicela,3,Train
Train/Monkeypox/2024-06-27_15-06-29_8544.png,Monkeypox,3,Train
Train/Herpes/Herpes (170).jpg,Herpes,3,Val
Train/Varicela/2024-06-27_13-30-28_8366.png,Varicela,3,Train
Train/Monkeypox/MonkeyPox (155).png,Monkeypox,3,Train
Train/Monkeypox/2024-06-27_16-55-34_9688.png,Monkeypox,3,Test
Train/Herpes/2024-06-24_21-06-09_9645.png,Herpes,3,Train
Test/Sarampion/2024-06-26_15-50-55_9056.png,Sarampion,3,Val
Test/Varicela/ChickenPox (38).jpg,Varicela,3,Train
Train/Monkeypox/MonkeyPox (164).png,Monkeypox,3,Train
Test/Varicela/2024-06-27_11-30-42_5146.png,Varicela,3,Train
Train/Varicela/2024-06-25_21-31-21_6606.png,Varicela,3,Train
Train/Varicela/2024-06-26_21-48-53_4177.png,Varicela,3,Train
Train/Varicela/2024-06-27_12-26-33_2242.png,Varicela,3,Train
Val/Sarampion/Sarampion (42).png,Sarampion,3,Val
Train/Varicela/ChickenPox (187).jpg,Varicela,3,Train
Train/Sarampion/2024-06-26_14-13-24_4439.png,Sarampion,3,Train
Train/Varicela/2024-06-25_21-33-47_7689.png,Varicela,3,Val
Train/Monkeypox/MonkeyPox (106).png,Monkeypox,3,Val
Test/Sarampion/2024-06-26_12-50-45_8660.png,Sarampion,3,Train
Train/Sarampion/2024-06-26_16-37-39_3050.png,Sarampion,3,Train
Train/Herpes/Herpes (196).jpg,Herpes,3,Test
Test/Herpes/Herpes (126).jpg,Herpes,3,Train
Train/Monkeypox/MonkeyPox (29).png,Monkeypox,3,Train
Train/Varicela/2024-06-27_00-01-24_1094.png,Varicela,3,Train
Train/Varicela/2024-06-25_23-51-14_8933.png,Varicela,3,Train
Train/Sarampion/Sarampion (139).jpg,Sarampion,3,Train
Test/Sarampion/2024-06-26_13-24-18_3831.png,Sarampion,3,Train
Train/Monkeypox/MonkeyPox (158).png,Monkeypox,3,Train
Train/Varicela/2024-06-26_23-08-14_4919.png,Varicela,3,Train
Test/Varicela/2024-06-27_12-07-18_3814.png,Varicela,3,Train
Train/Monkeypox/2024-06-27_14-20-42_3059.png,Monkeypox,3,Test
Train/Varicela/2024-06-26_23-39-33_6681.png,Varicela,3,Train
Val/Herpes/Herpes (35).jpg,Herpes,3,Test
Train/Varicela/ChickenPox (163).jpg,Varicela,3,Train
Train/Varicela/2024-06-25_22-33-28_7859.png,Varicela,3,Test
Test/Sarampion/2024-06-26_14-19-28_8644.png,Sarampion,3,Train
Train/Sarampion/2024-06-26_11-59-09_9737.png,Sarampion,3,Train
Train/Varicela/2024-06-26_23-39-58_7227.png,Varicela,3,Train
Test/Varicela/2024-06-27_13-11-42_9144.png,Varicela,3,Train
Train/Monkeypox/2024-06-27_14-14-32_9360.png,Monkeypox,3,Train
Train/Herpes/Herpes (115).jpg,Herpes,3,Val
Train/Varicela/ChickenPox (158).jpg,Varicela,3,Train
Train/Varicela/ChickenPox (157).jpg,Varicela,3,Test
Train/Varicela/2024-06-25_22-20-24_8033.png,Varicela,3,Train
Train/Varicela/2024-06-27_13-29-45_3966.png,Varicela,3,Test
Train/Sarampion/2024-06-26_11-59-33_5864.png,Sarampion,3,Train
Train/Varicela/2024-06-26_22-21-38_8382.png,Varicela,3,Test
Train/Monkeypox/2024-06-27_14-14-04_7146.png,Monkeypox,3,Val
Train/Varicela/2024-06-26_21-50-05_2915.png,Varicela,3,Train
Train/Sarampion/2024-06-26_15-08-18_5207.png,Sarampion,3,Train
Train/Monkeypox/2024-06-27_16-00-14_4345.png,Monkeypox,3,Train
Test/Varicela/ChickenPox (61).jpg,Varicela,3,Train
Train/Monkeypox/2024-06-27_16-50-00_1112.png,Monkeypox,3,Train
Train/Varicela/2024-06-26_21-07-13_8006.png,Varicela,3,Test
Train/Varicela/2024-06-25_21-32-13_9390.png,Varicela,3,Train
Test/Monkeypox/2024-06-27_13-56-10_7526.png,Monkeypox,3,Test
Train/Monkeypox/2024-06-27_17-53-03_4787.png,Monkeypox,3,Train
Train/Sarampion/2024-06-26_15-18-09_5961.png,Sarampion,3,Train
Train/Sarampion/2024-06-26_12-04-07_3372.png,Sarampion,3,Test
Train/Varicela/2024-06-26_21-10-45_6870.png,Varicela,3,Val
Test/Monkeypox/2024-06-27_15-22-09_5488.png,Monkeypox,3,Test
Train/Monkeypox/2024-06-27_15-20-38_3227.png,Monkeypox,3,Val
Train/Varicela/2024-06-26_23-18-02_9733.png,Varicela,3,Train
Train/Varicela/2024-06-25_21-37-59_4761.png,Varicela,3,Test
Train/Varicela/2024-06-26_22-25-48_7311.png,Varicela,3,Train
Train/Varicela/2024-06-26_22-14-46_9038.png,Varicela,3,Train
Train/Sarampion/Sarampion (107).jpg,Sarampion,3,Train
Train/Varicela/2024-06-27_12-04-43_6538.png,Varicela,3,Train
Test/Varicela/2024-06-26_21-17-12_4644.png,Varicela,3,Test
Train/Varicela/2024-06-27_13-14-00_6433.png,Varicela,3,Train
Train/Varicela/2024-06-26_23-43-05_4164.png,Varicela,3,Val
Test/Sarampion/2024-06-26_13-26-37_2353.png,Sarampion,3,Train
Train/Varicela/2024-06-27_13-06-44_7104.png,Varicela,3,Train
Train/Monkeypox/2024-06-27_15-48-09_8163.png,Monkeypox,3,Train
Train/Sarampion/2024-06-26_15-15-39_8676.png,Sarampion,3,Train
Train/Varicela/2024-06-25_22-14-22_1849.png,Varicela,3,Train
Train/Monkeypox/2024-06-27_15-52-05_8391.png,Monkeypox,3,Train
Train/Varicela/ChickenPox (127).jpg,Varicela,3,Train
Test/Sarampion/Sarampion (43).png,Sarampion,3,Train
Train/Monkeypox/2024-06-27_14-09-13_6917.png,Monkeypox,3,Train
Train/Varicela/2024-06-26_21-06-51_7094.png,Varicela,3,Train
Train/Varicela/2024-06-26_22-17-57_5411.png,Varicela,3,Val
Train/Varicela/2024-06-27_11-44-17_7281.png,Varicela,3,Train
Train/Varicela/2024-06-26_21-31-25_1709.png,Varicela,3,Train
Train/Sarampion/2024-06-26_12-57-46_4028.png,Sarampion,3,Train
Train/Varicela/2024-06-26_00-15-36_6738.png,Varicela,3,Val
Train/Varicela/2024-06-25_23-45-27_2202.png,Varicela,3,Train
Train/Varicela/2024-06-25_21-36-27_3809.png,Varicela,3,Test
Train/Varicela/2024-06-26_21-04-36_4100.png,Varicela,3,Train
Test/Varicela/2024-06-26_21-16-14_9925.png,Varicela,3,Train
Train/Herpes/Herpes (304).jpg,Herpes,3,Test
Train/Varicela/2024-06-26_23-10-49_9079.png,Varicela,3,Train
Train/Varicela/2024-06-27_12-19-30_5397.png,Varicela,3,Train
Train/Varicela/ChickenPox (170).jpg,Varicela,3,Test
Train/Varicela/2024-06-26_21-06-29_5345.png,Varicela,3,Test
Test/Varicela/2024-06-26_23-43-26_2381.png,Varicela,3,Test
Test/Monkeypox/2024-06-27_13-55-47_1416.png,Monkeypox,3,Train
Test/Varicela/2024-06-26_23-50-12_7243.png,Varicela,3,Train
Train/Monkeypox/2024-06-27_13-59-47_6872.png,Monkeypox,3,Train
Test/Varicela/ChickenPox (54).png,Varicela,3,Train
Test/Sarampion/2024-06-26_12-51-06_3150.png,Sarampion,3,Train
Test/Varicela/ChickenPox (37).png,Varicela,3,Train
Train/Sarampion/2024-06-26_12-01-49_1323.png,Sarampion,3,Val
Train/Varicela/2024-06-25_22-46-30_4040.png,Varicela,3,Train
Train/Varicela/2024-06-27_13-27-31_1578.png,Varicela,3,Train
Train/Sarampion/2024-06-26_12-59-15_9519.png,Sarampion,3,Train
Train/Varicela/2024-06-27_00-41-24_8907.png,Varicela,3,Train
Train/Varicela/2024-06-26_21-30-30_7786.png,Varicela,3,Train
Train/Varicela/2024-06-26_21-40-27_2949.png,Varicela,3,Train
Train/Monkeypox/2024-06-27_15-16-27_2045.png,Monkeypox,3,Test
Train/Monkeypox/2024-06-27_15-53-33_1566.png,Monkeypox,3,Train
Val/Varicela/ChickenPox (3).jpg,Varicela,3,Train
Train/Herpes/Herpes (297).jpg,Herpes,3,Train
Train/Monkeypox/2024-06-27_16-43-19_6594.png,Monkeypox,3,Val
Train/Monkeypox/2024-06-27_15-56-01_2331.png,Monkeypox,3,Train
Train/Sarampion/2024-06-26_13-21-10_5010.png,Sarampion,3,Train
Train/Herpes/Herpes (256).jpg,Herpes,3,Train
Train/Sarampion/2024-06-26_12-49-51_7739.png,Sarampion,3,Train
Train/Varicela/2024-06-27_12-26-55_4277.png,Varicela,3,Train
Train/Sarampion/2024-06-26_14-57-58_4742.png,Sarampion,3,Train
Train/Varicela/2024-06-27_13-19-41_3117.png,Varicela,3,Train
Train/Monkeypox/2024-06-27_16-05-23_7051.png,Monkeypox,3,Train
Train/Monkeypox/2024-06-27_13-53-49_8657.png,Monkeypox,3,Val
Test/Varicela/2024-06-25_21-37-35_5856.png,Varicela,3,Train
Val/Monkeypox/MonkeyPox (36).png,Monkeypox,3,Val
Train/Varicela/2024-06-27_12-00-14_3007.png,Varicela,3,Train
Train/Varicela/2024-06-26_21-28-50_5244.png,Varicela,3,Train
Test/Varicela/2024-06-25_21-37-13_9023.png,Varicela,3,Val
Train/Sarampion/2024-06-26_15-14-59_6587.png,Sarampion,3,Train
Train/Monkeypox/2024-06-27_14-10-49_8828.png,Monkeypox,3,Train
Test/Sarampion/Sarampion (3).png,Sarampion,3,Test
Train/Sarampion/2024-06-26_14-18-43_1449.png,Sarampion,3,Val
Test/Monkeypox/MonkeyPox (9).png,Monkeypox,3,Train
Train/Varicela/ChickenPox (232).jpg,Varicela,3,Train
Train/Sarampion/2024-06-26_12-48-38_4965.png,Sarampion,3,Train
Test/Varicela/ChickenPox (38).png,Varicela,3,Train
Train/Varicela/2024-06-27_13-00-36_6029.png,Varicela,3,Train
Train/Herpes/2024-06-26_19-59-06_2731.png,Herpes,4,Train
Train/Herpes/2024-06-24_22-25-44_4746.png,Herpes,4,Test
Train/Herpes/2024-06-24_21-30-57_1119.png,Herpes,4,Test
Train/Herpes/2024-06-26_20-16-27_2419.png,Herpes,4,Train
Train/Herpes/2024-06-26_20-33-21_9436.png,Herpes,4,Train
Train/Herpes/2024-06-26_20-28-42_1276.png,Herpes,4,Train
Train/Herpes/2024-06-24_22-39-53_9260.png,Herpes,4,Train
Train/Herpes/2024-06-26_20-00-00_2438.png,Herpes,4,Val
Train/Herpes/2024-06-24_22-24-05_4912.png,Herpes,4,Train
Train/Herpes/2024-06-26_20-32-30_7417.png,Herpes,4,Train
Train/Monkeypox/2024-06-27_17-18-10_5638.png,Monkeypox,4,Train
Train/Monkeypox/MonkeyPox (119).jpg,Monkeypox,4,Train
Train/Monkeypox/2024-06-27_17-04-03_5055.png,Monkeypox,4,Train
Train/Monkeypox/2024-06-27_17-15-54_6385.png,Monkeypox,4,Test
Train/Monkeypox/2024-06-27_15-15-30_1184.png,Monkeypox,4,Val
Train/Monkeypox/2024-06-27_15-21-00_4397.png,Monkeypox,4,Train
Train/Monkeypox/2024-06-27_16-55-56_6429.png,Monkeypox,4,Val
Train/Monkeypox/2024-06-27_14-57-21_4658.png,Monkeypox,4,Val
Train/Monkeypox/2024-06-27_16-09-50_4446.png,Monkeypox,4,Train
Train/Monkeypox/MonkeyPox (12).png,Monkeypox,4,Train
Train/Monkeypox/2024-06-27_16-40-50_5478.png,Monkeypox,4,Train
Train/Monkeypox/2024-06-27_16-11-34_7850.png,Monkeypox,4,Train
Train/Monkeypox/2024-06-27_17-42-30_9573.png,Monkeypox,4,Train
Train/Monkeypox/2024-06-27_16-02-21_3451.png,Monkeypox,4,Test
Train/Monkeypox/2024-06-27_16-41-54_5120.png,Monkeypox,4,Train
Train/Monkeypox/2024-06-27_15-50-39_9232.png,Monkeypox,4,Train
Train/Monkeypox/2024-06-27_16-01-18_1261.png,Monkeypox,4,Train
Train/Monkeypox/2024-06-27_17-01-01_1172.png,Monkeypox,4,Train
Train/Monkeypox/2024-06-27_17-45-32_7703.png,Monkeypox,4,Train
Train/Monkeypox/2024-06-27_17-42-52_5360.png,Monkeypox,4,Train
Train/Monkeypox/2024-06-27_14-02-31_3776.png,Monkeypox,4,Train
Train/Monkeypox/2024-06-27_17-50-27_3590.png,Monkeypox,4,Train
Train/Monkeypox/MonkeyPox (168).jpg,Monkeypox,4,Train
Train/Monkeypox/2024-06-27_16-46-36_6608.png,Monkeypox,4,Train
Train/Monkeypox/2024-06-27_14-00-36_6070.png,Monkeypox,4,Train
Train/Monkeypox/2024-06-27_14-18-51_3062.png,Monkeypox,4,Train
Train/Monkeypox/2024-06-27_15-49-56_8367.png,Monkeypox,4,Train
Train/Monkeypox/2024-06-27_14-52-08_5422.png,Monkeypox,4,Test
Train/Monkeypox/MonkeyPox (176).jpg,Monkeypox,4,Test
Train/Monkeypox/MonkeyPox (64).jpg,Monkeypox,4,Val
Train/Monkeypox/2024-06-27_15-34-33_4126.png,Monkeypox,4,Train
Train/Monkeypox/2024-06-27_16-56-59_4214.png,Monkeypox,4,Train
Train/Monkeypox/2024-06-27_15-16-04_2907.png,Monkeypox,4,Test
Train/Monkeypox/2024-06-27_16-06-05_8682.png,Monkeypox,4,Train
Train/Monkeypox/2024-06-27_13-57-46_4307.png,Monkeypox,4,Train
Train/Monkeypox/2024-06-27_17-20-03_5247.png,Monkeypox,4,Val
Train/Monkeypox/MonkeyPox (105).png,Monkeypox,4,Val
Train/Monkeypox/2024-06-27_14-52-28_5298.png,Monkeypox,4,Train
Train/Monkeypox/2024-06-27_17-43-15_7289.png,Monkeypox,4,Test
Train/Monkeypox/2024-06-27_14-54-11_8569.png,Monkeypox,4,Train
Train/Monkeypox/2024-06-27_16-32-48_7476.png,Monkeypox,4,Train
Train/Monkeypox/MonkeyPox (183).jpg,Monkeypox,4,Val
Train/Monkeypox/2024-06-27_16-59-09_9054.png,Monkeypox,4,Val
Train/Monkeypox/2024-06-27_15-49-34_9540.png,Monkeypox,4,Train
Train/Monkeypox/2024-06-27_16-38-42_9869.png,Monkeypox,4,Test
Train/Monkeypox/2024-06-27_15-08-13_7810.png,Monkeypox,4,Train
Train/Monkeypox/2024-06-27_15-30-50_6002.png,Monkeypox,4,Train
Train/Monkeypox/2024-06-27_17-53-25_7938.png,Monkeypox,4,Train
Train/Monkeypox/2024-06-27_15-42-16_6387.png,Monkeypox,4,Train
Train/Monkeypox/2024-06-27_16-32-26_5748.png,Monkeypox,4,Test
Train/Monkeypox/2024-06-27_16-39-03_5719.png,Monkeypox,4,Train
Train/Monkeypox/2024-06-27_16-42-36_8358.png,Monkeypox,4,Train
Train/Monkeypox/2024-06-27_14-03-39_2943.png,Monkeypox,4,Test
Train/Monkeypox/2024-06-27_17-14-24_5816.png,Monkeypox,4,Train
Train/Monkeypox/2024-06-27_15-02-21_1478.png,Monkeypox,4,Train
Train/Varicela/2024-06-27_11-23-22_7767.png,Varicela,4,Train
Train/Varicela/ChickenPox (67).jpg,Varicela,4,Train
Train/Varicela/ChickenPox (124).jpg,Varicela,4,Train
Train/Varicela/2024-06-27_11-27-46_2502.png,Varicela,4,Test
Train/Varicela/2024-06-26_23-10-04_2229.png,Varicela,4,Test
Train/Varicela/ChickenPox (225).jpg,Varicela,4,Val
Train/Varicela/2024-06-27_12-25-49_8796.png,Varicela,4,Train
Train/Varicela/2024-06-27_12-20-37_5347.png,Varicela,4,Train
Train/Varicela/2024-06-27_13-23-04_4621.png,Varicela,4,Train
Train/Varicela/2024-06-26_21-03-51_2168.png,Varicela,4,Test
Train/Varicela/2024-06-27_12-17-37_9902.png,Varicela,4,Val
Train/Varicela/2024-06-25_21-38-42_1894.png,Varicela,4,Train
Train/Varicela/ChickenPox (57).png,Varicela,4,Val
Train/Varicela/2024-06-27_13-05-13_9479.png,Varicela,4,Train
Train/Varicela/2024-06-27_13-09-47_8141.png,Varicela,4,Train
Train/Varicela/2024-06-26_23-15-54_5816.png,Varicela,4,Train
Train/Varicela/2024-06-27_11-22-38_8705.png,Varicela,4,Train
Train/Varicela/2024-06-26_21-25-10_8880.png,Varicela,4,Train
Train/Varicela/2024-06-26_00-12-13_1837.png,Varicela,4,Train
Train/Varicela/2024-06-27_00-41-48_7699.png,Varicela,4,Train
Train/Varicela/ChickenPox (222).jpg,Varicela,4,Train
Train/Varicela/2024-06-27_13-06-21_4404.png,Varicela,4,Val
Train/Varicela/ChickenPox (258).jpg,Varicela,4,Val
Train/Varicela/2024-06-26_23-29-52_3990.png,Varicela,4,Train
Train/Varicela/2024-06-27_12-16-30_9803.png,Varicela,4,Train
Train/Varicela/2024-06-27_11-45-02_2390.png,Varicela,4,Train
Train/Varicela/ChickenPox (51).png,Varicela,4,Val
Train/Varicela/ChickenPox (265).jpg,Varicela,4,Test
Train/Varicela/2024-06-25_22-51-36_2788.png,Varicela,4,Test
Train/Varicela/2024-06-27_13-33-29_2260.png,Varicela,4,Train
Train/Varicela/ChickenPox (218).jpg,Varicela,4,Train
Train/Varicela/2024-06-27_12-14-38_7691.png,Varicela,4,Train
Train/Varicela/2024-06-27_12-03-36_5978.png,Varicela,4,Train
Train/Varicela/2024-06-25_21-41-36_4208.png,Varicela,4,Train
Train/Varicela/2024-06-27_13-14-23_4885.png,Varicela,4,Val
Train/Varicela/ChickenPox (188).jpg,Varicela,4,Train
Train/Varicela/2024-06-25_22-56-41_5614.png,Varicela,4,Train
Train/Varicela/ChickenPox (278).jpg,Varicela,4,Train
Train/Varicela/2024-06-26_20-58-35_8287.png,Varicela,4,Train
Train/Varicela/2024-06-27_12-23-13_3807.png,Varicela,4,Train
Train/Varicela/2024-06-26_21-43-52_2834.png,Varicela,4,Train
Train/Varicela/2024-06-26_22-22-35_1947.png,Varicela,4,Train
Train/Varicela/2024-06-25_21-30-59_7969.png,Varicela,4,Test
Train/Varicela/ChickenPox (279).jpg,Varicela,4,Test
Train/Varicela/2024-06-27_13-22-20_2530.png,Varicela,4,Val
Train/Varicela/2024-06-26_21-47-08_5752.png,Varicela,4,Train
Train/Varicela/2024-06-26_21-33-31_2267.png,Varicela,4,Train
Train/Melanoma/Melanoma (207).jpg,Melanoma,4,Val
Train/Melanoma/Melanoma (167).jpg,Melanoma,4,Train
Train/Melanoma/Melanoma (421).jpg,Melanoma,4,Test
Train/Melanoma/Melanoma (424).jpg,Melanoma,4,Train
Train/Melanoma/Melanoma (276).jpg,Melanoma,4,Train
Train/Melanoma/Melanoma (439).jpg,Melanoma,4,Train
Train/Melanoma/melanoma_5669.jpg,Melanoma,4,Test
Train/Melanoma/Melanoma (154).jpg,Melanoma,4,Train
Train/Melanoma/Melanoma (369).jpg,Melanoma,4,Train
Train/Melanoma/melanoma_5698.jpg,Melanoma,4,Train
Train/Melanoma/Melanoma (206).jpg,Melanoma,4,Train
Train/Melanoma/Melanoma (108).jpg,Melanoma,4,Train
Train/Melanoma/Melanoma (225).jpg,Melanoma,4,Train
Train/Sarampion/2024-06-26_17-06-48_1275.png,Sarampion,4,Train
Train/Sarampion/Sarampion (34).jpg,Sarampion,4,Train
Train/Sarampion/Sarampion (99).jpg,Sarampion,4,Train
Train/Sarampion/2024-06-26_12-13-46_3831.png,Sarampion,4,Train
Train/Sarampion/2024-06-26_18-26-56_2099.png,Sarampion,4,Train
Train/Sarampion/2024-06-26_17-30-13_9287.png,Sarampion,4,Train
Train/Sarampion/2024-06-26_18-53-19_4672.png,Sarampion,4,Train
Train/Sarampion/2024-06-26_17-33-09_9314.png,Sarampion,4,Val
Train/Sarampion/2024-06-26_12-18-48_6483.png,Sarampion,4,Train
Train/Sarampion/2024-06-26_17-17-13_1972.png,Sarampion,4,Train
Train/Sarampion/2024-06-26_12-09-55_7255.png,Sarampion,4,Test
Train/Sarampion/2024-06-26_18-39-15_9521.png,Sarampion,4,Train
Train/Sarampion/2024-06-26_12-13-23_8548.png,Sarampion,4,Train
Train/Sarampion/Sarampion (63).jpg,Sarampion,4,Train
Train/Sarampion/2024-06-26_12-14-41_4147.png,Sarampion,4,Val
Train/Sarampion/2024-06-26_18-54-10_3473.png,Sarampion,4,Train
Train/Sarampion/2024-06-26_18-51-17_6827.png,Sarampion,4,Train
Train/Sarampion/2024-06-26_12-13-00_2392.png,Sarampion,4,Train
Train/Sarampion/2024-06-26_18-38-52_1584.png,Sarampion,4,Train
Train/Sarampion/2024-06-26_17-33-55_2715.png,Sarampion,4,Train
Train/Sarampion/2024-06-26_18-46-07_8847.png,Sarampion,4,Train
Train/Sarampion/2024-06-26_18-29-45_4418.png,Sarampion,4,Train
Train/Sarampion/2024-06-26_18-49-37_3624.png,Sarampion,4,Train
Train/Sarampion/2024-06-26_12-15-30_8710.png,Sarampion,4,Train
Train/Sarampion/2024-06-26_17-21-07_7403.png,Sarampion,4,Train
Train/Sarampion/2024-06-26_13-32-47_3652.png,Sarampion,4,Train
Train/Sarampion/2024-06-26_18-34-51_1021.png,Sarampion,4,Val
Train/Sarampion/Sarampion (81).png,Sarampion,4,Train
Train/Sarampion/2024-06-26_18-34-27_7487.png,Sarampion,4,Train
Train/Sarampion/Sarampion (60).png,Sarampion,4,Val
Train/Sarampion/2024-06-26_18-52-05_8640.png,Sarampion,4,Train
Train/Sarampion/2024-06-26_12-12-04_1572.png,Sarampion,4,Test
Train/Sarampion/2024-06-26_15-55-42_9594.png,Sarampion,4,Val
Train/Sarampion/2024-06-26_12-10-47_9594.png,Sarampion,4,Train
Train/Sarampion/2024-06-26_17-13-45_5162.png,Sarampion,4,Test
Train/Sarampion/2024-06-26_18-35-38_6808.png,Sarampion,4,Train
Train/Sarampion/2024-06-26_17-17-34_2732.png,Sarampion,4,Train
Train/Sarampion/Sarampion (46).png,Sarampion,4,Train
Train/Sarampion/2024-06-26_18-20-50_1741.png,Sarampion,4,Val
Train/Sarampion/2024-06-26_12-18-02_3000.png,Sarampion,4,Train
Train/Sarampion/2024-06-26_18-21-15_3616.png,Sarampion,4,Val
Train/Sarampion/2024-06-26_18-32-01_3999.png,Sarampion,4,Train
Train/Sarampion/2024-06-26_17-19-08_7470.png,Sarampion,4,Train
Train/Sarampion/2024-06-26_18-45-32_8285.png,Sarampion,4,Train
Train/Sarampion/2024-06-26_17-19-55_9561.png,Sarampion,4,Train
Train/Sarampion/2024-06-26_18-43-03_4744.png,Sarampion,4,Val
Train/Sarampion/2024-06-26_18-30-15_8910.png,Sarampion,4,Train
Train/Sarampion/Sarampion.jpeg,Sarampion,4,Val
Train/Sarampion/2024-06-26_18-50-54_6828.png,Sarampion,4,Train
Train/Sarampion/2024-06-26_17-33-32_6380.png,Sarampion,4,Train
Train/Sarampion/2024-06-26_12-11-40_8397.png,Sarampion,4,Train
Train/Sarampion/2024-06-26_18-28-54_2223.png,Sarampion,4,Train
Train/Sarampion/2024-06-26_12-21-06_4254.png,Sarampion,4,Train
Train/Sarampion/2024-06-26_15-20-17_4986.png,Sarampion,4,Train
Train/Sarampion/Sarampion (75).png,Sarampion,4,Train
Train/Sarampion/2024-06-26_18-43-52_5069.png,Sarampion,4,Train
Train/Sarampion/2024-06-26_12-19-10_2182.png,Sarampion,4,Train
Train/Sarampion/Sarampion (71).jpg,Sarampion,4,Train
Train/Sarampion/2024-06-26_18-41-33_8344.png,Sarampion,4,Train
Train/Sarampion/2024-06-26_18-29-19_9529.png,Sarampion,4,Train
Train/Sarampion/2024-06-26_18-41-57_2773.png,Sarampion,4,Train
Train/Sarampion/2024-06-26_18-47-59_2594.png,Sarampion,4,Test
Train/Sarampion/2024-06-26_18-50-23_9423.png,Sarampion,4,Train
Train/Sarampion/2024-06-26_18-20-56_9388.png,Sarampion,4,Train
Train/Sarampion/Sarampion (156).jpg,Sarampion,4,Train
Train/Sarampion/2024-06-26_18-28-28_2670.png,Sarampion,4,Test
Train/Sarampion/2024-06-26_18-20-42_6725.png,Sarampion,4,Train
Train/Sarampion/2024-06-26_18-31-32_3669.png,Sarampion,4,Train
Train/Sarampion/Sarampion (122).jpg,Sarampion,4,Val
Train/Sarampion/2024-06-26_18-23-21_5509.png,Sarampion,4,Train
Train/Sarampion/Sarampion (58).png,Sarampion,4,Train
Train/Sarampion/2024-06-26_18-22-15_6467.png,Sarampion,4,Train
Train/Sarampion/2024-06-26_18-22-40_3317.png,Sarampion,4,Train
Train/Sarampion/2024-06-26_17-22-28_4993.png,Sarampion,4,Test
Train/Sarampion/2024-06-26_17-18-22_5687.png,Sarampion,4,Train
Train/Sarampion/2024-06-26_12-14-09_8993.png,Sarampion,4,Val
Train/Sarampion/2024-06-26_12-12-27_2080.png,Sarampion,4,Test
Train/Sarampion/Sarampion (68).png,Sarampion,4,Test
Train/Sarampion/2024-06-26_12-18-25_3518.png,Sarampion,4,Test
Train/Sarampion/2024-06-26_17-12-32_1943.png,Sarampion,4,Train
Train/Sarampion/2024-06-26_12-17-39_1278.png,Sarampion,4,Test
Train/Sarampion/2024-06-26_18-26-19_1707.png,Sarampion,4,Train
Train/Sarampion/2024-06-26_18-40-35_9429.png,Sarampion,4,Test
Train/Sarampion/2024-06-26_11-56-48_4821.png,Sarampion,4,Train
Train/Sarampion/2024-06-26_18-50-00_5687.png,Sarampion,4,Val
Train/Sarampion/Sarampion (83).png,Sarampion,4,Train
Train/Sarampion/2024-06-26_18-41-01_7341.png,Sarampion,4,Train
Train/Sarampion/2024-06-26_12-20-01_8361.png,Sarampion,4,Train
Train/Sarampion/Sarampion (8).jpg,Sarampion,4,Train
Train/Sarampion/2024-06-26_17-20-19_7898.png,Sarampion,4,Train
Train/Sarampion/2024-06-26_18-48-23_2524.png,Sarampion,4,Val
Train/Sarampion/2024-06-26_13-19-14_4091.png,Sarampion,4,Train
Train/Sarampion/2024-06-26_16-49-12_3470.png,Sarampion,4,Test
Train/Sarampion/Sarampion (37).png,Sarampion,4,Train
Train/Sarampion/2024-06-26_17-21-54_5728.png,Sarampion,4,Train
Train/Sarampion/2024-06-26_13-56-58_5654.png,Sarampion,4,Train
Train/Sarampion/2024-06-26_18-43-28_6048.png,Sarampion,4,Train
Train/Sarampion/2024-06-26_18-52-53_8287.png,Sarampion,4,Train
Train/Sarampion/2024-06-26_18-52-30_1239.png,Sarampion,4,Train
Train/Sarampion/Sarampion (52).jpg,Sarampion,4,Test
Train/Sarampion/2024-06-26_12-19-31_3606.png,Sarampion,4,Test
Train/Sarampion/Sarampion (59).png,Sarampion,4,Train
Train/Sarampion/2024-06-26_18-48-46_1629.png,Sarampion,4,Test
Train/Sarampion/2024-06-26_17-22-52_8567.png,Sarampion,4,Val
Train/Sarampion/2024-06-26_15-19-25_4994.png,Sarampion,4,Test
Train/Sarampion/2024-06-26_17-30-39_1313.png,Sarampion,4,Val
Train/Sarampion/2024-06-26_12-10-19_6265.png,Sarampion,4,Val
Train/Sarampion/2024-06-26_17-32-03_3173.png,Sarampion,4,Train
Train/Sarampion/2024-06-26_18-30-41_4357.png,Sarampion,4,Val
Test/Herpes/Herpes (29).jpg,Herpes,4,Train
Test/Herpes/Herpes (18).jpg,Herpes,4,Test
Test/Herpes/2024-06-26_20-39-30_8341.png,Herpes,4,Train
Test/Herpes/Herpes (44).jpg,Herpes,4,Train
Test/Herpes/Herpes (13).jpg,Herpes,4,Val
Test/Herpes/Herpes (5).png,Herpes,4,Train
Test/Monkeypox/2024-06-27_15-08-34_5633.png,Monkeypox,4,Val
Test/Monkeypox/MonkeyPox (28).jpg,Monkeypox,4,Train
Test/Monkeypox/2024-06-27_15-10-20_8807.png,Monkeypox,4,Test
Test/Monkeypox/MonkeyPox (105).jpg,Monkeypox,4,Train
Test/Monkeypox/MonkeyPox (3).png,Monkeypox,4,Train
Test/Monkeypox/2024-06-27_14-16-08_7006.png,Monkeypox,4,Val
Test/Monkeypox/2024-06-27_14-09-37_4091.png,Monkeypox,4,Test
Test/Monkeypox/MonkeyPox (9).jpg,Monkeypox,4,Train
Test/Monkeypox/MonkeyPox (117).jpg,Monkeypox,4,Test
Test/Monkeypox/MonkeyPox (17).jpg,Monkeypox,4,Train
Test/Monkeypox/2024-06-27_15-08-58_1940.png,Monkeypox,4,Test
Test/Monkeypox/MonkeyPox (39).jpg,Monkeypox,4,Val
Test/Monkeypox/2024-06-27_14-10-01_4450.png,Monkeypox,4,Train
Test/Monkeypox/2024-06-27_13-59-23_4022.png,Monkeypox,4,Train
Test/Varicela/2024-06-27_12-05-49_1014.png,Varicela,4,Train
Test/Varicela/2024-06-27_11-43-31_5038.png,Varicela,4,Train
Test/Varicela/ChickenPox (60).jpg,Varicela,4,Train
Test/Varicela/ChickenPox (31).png,Varicela,4,Train
Test/Varicela/ChickenPox (44).png,Varicela,4,Test
Test/Varicela/2024-06-25_23-32-13_6030.png,Varicela,4,Train
Test/Melanoma/Melanoma (2).jpg,Melanoma,4,Train
Test/Melanoma/Melanoma (66).jpg,Melanoma,4,Train
Test/Sarampion/2024-06-26_18-55-04_6340.png,Sarampion,4,Train
Test/Sarampion/2024-06-26_12-16-35_2776.png,Sarampion,4,Train
Test/Sarampion/Sarampion (48).png,Sarampion,4,Train
Test/Sarampion/2024-06-26_18-25-29_9961.png,Sarampion,4,Train
Test/Sarampion/Sarampion (32).png,Sarampion,4,Test
Test/Sarampion/2024-06-26_14-01-28_8761.png,Sarampion,4,Train
Test/Sarampion/2024-06-26_18-55-27_6748.png,Sarampion,4,Val
Test/Sarampion/2024-06-26_17-15-57_5912.png,Sarampion,4,Train
Test/Sarampion/2024-06-26_18-47-24_2909.png,Sarampion,4,Train
Test/Sarampion/2024-06-26_17-29-44_1576.png,Sarampion,4,Train
Test/Sarampion/2024-06-26_18-46-32_6310.png,Sarampion,4,Train
Test/Sarampion/2024-06-26_18-54-40_4156.png,Sarampion,4,Train
Test/Sarampion/2024-06-26_12-16-14_5492.png,Sarampion,4,Train
Test/Sarampion/2024-06-26_17-25-28_7382.png,Sarampion,4,Train
Test/Sarampion/2024-06-26_12-09-05_5942.png,Sarampion,4,Test
Test/Sarampion/2024-06-26_18-25-06_6595.png,Sarampion,4,Train
Test/Sarampion/2024-06-26_17-14-45_6203.png,Sarampion,4,Train
Test/Sarampion/2024-06-26_17-16-45_3964.png,Sarampion,4,Train
Test/Sarampion/2024-06-26_12-09-31_9870.png,Sarampion,4,Val
Test/Sarampion/2024-06-26_12-17-18_7060.png,Sarampion,4,Train
Test/Sarampion/Sarampion (9).jpg,Sarampion,4,Val
Test/Sarampion/2024-06-26_17-24-12_1688.png,Sarampion,4,Train
Test/Sarampion/2024-06-26_18-23-44_7036.png,Sarampion,4,Train
Test/Sarampion/2024-06-26_18-25-56_9550.png,Sarampion,4,Test
Test/Sarampion/2024-06-26_18-46-57_1618.png,Sarampion,4,Test
Test/Sarampion/2024-06-26_14-56-41_7181.png,Sarampion,4,Test
Test/Sarampion/Sarampion (17).jpg,Sarampion,4,Train
Test/Sarampion/2024-06-26_18-36-04_7670.png,Sarampion,4,Test
Test/Sarampion/2024-06-26_17-24-34_7466.png,Sarampion,4,Train
Test/Sarampion/Sarampion (20).jpeg,Sarampion,4,Test
Val/Herpes/Herpes (59).jpg,Herpes,4,Train
Val/Monkeypox/MonkeyPox (14).jpg,Monkeypox,4,Train
Val/Monkeypox/MonkeyPox (11).jpg,Monkeypox,4,Train
Val/Monkeypox/MonkeyPox (14).jpeg,Monkeypox,4,Train
Val/Varicela/ChickenPox (24).png,Varicela,4,Train
Val/Varicela/ChickenPox (5).jpg,Varicela,4,Test
Val/Varicela/ChickenPox (9).jpg,Varicela,4,Train
Val/Melanoma/Melanoma (128).jpg,Melanoma,4,Train
Val/Melanoma/Melanoma (186).jpg,Melanoma,4,Val
Val/Sarampion/Sarampion (41).png,Sarampion,4,Train
Val/Sarampion/Sarampion (2).png,Sarampion,4,Train
Val/Sarampion/Sarampion (18).png,Sarampion,4,Train
Val/Sarampion/Sarampion (2).jpeg,Sarampion,4,Test
Val/Sarampion/Sarampion (14).jpeg,Sarampion,4,Train
Test/Varicela/ChickenPox (87).jpg,Varicela,4,Train
Train/Sarampion/2024-06-26_13-34-03_3621.png,Sarampion,4,Train
Train/Sarampion/2024-06-26_17-21-31_4636.png,Sarampion,4,Train
Train/Monkeypox/2024-06-27_13-57-20_2703.png,Monkeypox,4,Test
Test/Varicela/2024-06-25_23-07-03_7302.png,Varicela,4,Train
Test/Herpes/2024-06-26_20-41-17_6240.png,Herpes,4,Train
Train/Varicela/2024-06-26_23-34-23_5504.png,Varicela,4,Train
Train/Varicela/2024-06-27_12-02-07_7463.png,Varicela,4,Train
Test/Monkeypox/2024-06-27_15-22-32_9308.png,Monkeypox,4,Train
Train/Sarampion/2024-06-26_15-15-19_6482.png,Sarampion,4,Train
Train/Sarampion/Sarampion (45).jpg,Sarampion,4,Val
Train/Varicela/ChickenPox (133).jpg,Varicela,4,Train
Test/Herpes/Herpes (38).jpg,Herpes,4,Train
Train/Varicela/ChickenPox (241).jpg,Varicela,4,Val
Train/Monkeypox/MonkeyPox (142).png,Monkeypox,4,Train
Train/Varicela/ChickenPox (192).jpg,Varicela,4,Train
Train/Monkeypox/MonkeyPox (178).jpg,Monkeypox,4,Train
Train/Varicela/ChickenPox (263).jpg,Varicela,4,Train
Train/Varicela/2024-06-25_21-34-59_8825.png,Varicela,4,Train
Train/Sarampion/2024-06-26_15-04-05_3977.png,Sarampion,4,Train
Val/Varicela/ChickenPox (12).jpeg,Varicela,4,Val
Train/Herpes/Herpes.jpg,Herpes,4,Val
Train/Varicela/2024-06-25_23-26-55_5054.png,Varicela,4,Test
Train/Sarampion/2024-06-26_13-58-38_3554.png,Sarampion,4,Train
Train/Monkeypox/2024-06-27_13-55-01_8231.png,Monkeypox,4,Train
Test/Herpes/2024-06-26_20-34-15_6954.png,Herpes,4,Train
Train/Sarampion/Sarampion (102).jpg,Sarampion,4,Train
Train/Sarampion/2024-06-26_15-08-43_2940.png,Sarampion,4,Train
Train/Sarampion/2024-06-26_18-13-01_6573.png,Sarampion,4,Train
Train/Varicela/2024-06-25_23-42-05_6670.png,Varicela,4,Train
Train/Monkeypox/2024-06-27_15-30-27_8136.png,Monkeypox,4,Train
Train/Varicela/2024-06-27_00-08-58_9769.png,Varicela,4,Test
Train/Varicela/2024-06-27_12-03-59_8548.png,Varicela,4,Train
Train/Varicela/2024-06-26_21-14-28_3487.png,Varicela,4,Train
Train/Herpes/Herpes (261).jpg,Herpes,4,Val
Train/Monkeypox/2024-06-27_16-35-25_1474.png,Monkeypox,4,Val
Train/Varicela/ChickenPox (91).jpg,Varicela,4,Train
Train/Sarampion/Sarampion (69).png,Sarampion,4,Train
Val/Sarampion/Sarampion (14).png,Sarampion,4,Train
Train/Varicela/2024-06-27_12-01-22_7986.png,Varicela,4,Val
Train/Sarampion/2024-06-26_11-59-57_7197.png,Sarampion,4,Train
Train/Sarampion/Sarampion (123).jpg,Sarampion,4,Train
Train/Herpes/2024-06-24_22-08-54_7574.png,Herpes,4,Val
Train/Monkeypox/2024-06-27_14-17-03_8584.png,Monkeypox,4,Train
Train/Varicela/2024-06-26_21-50-27_6383.png,Varicela,4,Train
Test/Herpes/Herpes (51).jpg,Herpes,4,Train
Train/Sarampion/Sarampion (85).jpg,Sarampion,4,Train
Train/Herpes/Herpes.png,Herpes,4,Train
Train/Varicela/ChickenPox (255).jpg,Varicela,4,Val
Train/Monkeypox/2024-06-27_16-32-03_5617.png,Monkeypox,4,Val
Train/Varicela/ChickenPox (221).jpg,Varicela,4,Train
Test/Monkeypox/MonkeyPox (134).jpg,Monkeypox,4,Train
Train/Sarampion/Sarampion (73).jpg,Sarampion,4,Test
Train/Monkeypox/2024-06-27_13-58-11_9592.png,Monkeypox,4,Train
Test/Varicela/ChickenPox (49).png,Varicela,4,Test
Train/Herpes/2024-06-24_21-30-27_9522.png,Herpes,4,Train
Train/Varicela/ChickenPox (228).jpg,Varicela,4,Train
Train/Sarampion/2024-06-26_16-11-54_9373.png,Sarampion,4,Test
Train/Herpes/Herpes (262).jpg,Herpes,4,Train
Test/Herpes/Herpes (74).jpg,Herpes,4,Train
Train/Sarampion/2024-06-26_12-58-54_4368.png,Sarampion,4,Val
Train/Monkeypox/2024-06-27_16-03-29_1919.png,Monkeypox,4,Train
Test/Sarampion/2024-06-26_15-06-38_7428.png,Sarampion,4,Test
Train/Varicela/2024-06-26_21-42-24_5384.png,Varicela,4,Train
Train/Varicela/2024-06-25_22-36-19_9409.png,Varicela,4,Train
Test/Sarampion/2024-06-26_11-54-26_3910.png,Sarampion,4,Val
Train/Monkeypox/2024-06-27_15-30-04_7633.png,Monkeypox,4,Train
Train/Herpes/2024-06-24_22-23-40_9531.png,Herpes,4,Train
Train/Sarampion/Sarampion (45).png,Sarampion,4,Train
Val/Herpes/Herpes (28).jpg,Herpes,4,Train
Train/Varicela/ChickenPox (229).jpg,Varicela,4,Train
Train/Herpes/2024-06-24_22-37-38_3707.png,Herpes,4,Val
Train/Herpes/Herpes (194).jpg,Herpes,4,Test
Train/Sarampion/Sarampion (67).jpg,Sarampion,4,Train
Train/Sarampion/Sarampion (94).jpg,Sarampion,4,Train
Train/Varicela/ChickenPox (132).jpg,Varicela,4,Train
Train/Varicela/2024-06-25_21-32-59_3164.png,Varicela,4,Train
Train/Sarampion/2024-06-26_12-07-02_7219.png,Sarampion,4,Train
Train/Herpes/Herpes (162).jpg,Herpes,4,Train
Test/Sarampion/2024-06-26_11-56-01_5361.png,Sarampion,4,Train
Train/Sarampion/2024-06-26_13-59-29_3375.png,Sarampion,4,Val
Train/Varicela/2024-06-27_11-59-28_1614.png,Varicela,4,Train
Train/Monkeypox/2024-06-27_16-35-47_5319.png,Monkeypox,4,Train
Train/Monkeypox/2024-06-27_13-56-56_8334.png,Monkeypox,4,Test
Train/Varicela/2024-06-26_22-22-58_8722.png,Varicela,4,Train
Train/Varicela/ChickenPox (174).jpg,Varicela,4,Train
Train/Varicela/2024-06-27_13-23-48_7560.png,Varicela,4,Train
Train/Monkeypox/2024-06-27_14-06-48_9948.png,Monkeypox,4,Train
Train/Varicela/2024-06-27_12-22-51_8259.png,Varicela,4,Train
Train/Varicela/ChickenPox (59).png,Varicela,4,Test
Train/Varicela/2024-06-26_23-41-52_7860.png,Varicela,4,Train
Train/Monkeypox/2024-06-27_16-45-06_3027.png,Monkeypox,4,Val
Val/Varicela/ChickenPox (10).jpeg,Varicela,4,Train
Train/Varicela/2024-06-27_12-09-09_1375.png,Varicela,4,Val
Train/Monkeypox/2024-06-27_15-31-36_1699.png,Monkeypox,4,Train
Train/Monkeypox/2024-06-27_17-00-17_9938.png,Monkeypox,4,Test
Train/Varicela/2024-06-25_21-31-46_9293.png,Varicela,4,Train
Test/Sarampion/2024-06-26_15-05-21_1652.png,Sarampion,4,Train
Train/Sarampion/2024-06-26_13-00-26_1168.png,Sarampion,4,Train
Train/Monkeypox/2024-06-27_17-02-55_8647.png,Monkeypox,4,Train
Test/Varicela/2024-06-26_23-15-32_6074.png,Varicela,4,Train
Train/Herpes/Herpes (191).jpg,Herpes,4,Val
Train/Herpes/2024-06-24_22-26-33_4237.png,Herpes,4,Test
Val/Sarampion/Sarampion (34).png,Sarampion,4,Train
Train/Monkeypox/2024-06-27_16-41-11_5769.png,Monkeypox,4,Train
Val/Varicela/ChickenPox (11).jpeg,Varicela,4,Train
Test/Sarampion/2024-06-26_15-53-59_5452.png,Sarampion,4,Train
Train/Monkeypox/2024-06-27_13-54-37_8772.png,Monkeypox,4,Train
Train/Monkeypox/2024-06-27_15-44-12_6606.png,Monkeypox,4,Train
Train/Herpes/Herpes (301).jpg,Herpes,4,Train
Test/Sarampion/Sarampion (33).png,Sarampion,4,Train
Train/Monkeypox/2024-06-27_16-46-59_8373.png,Monkeypox,4,Train
Test/Sarampion/Sarampion (44).jpg,Sarampion,4,Train
Train/Varicela/2024-06-25_21-40-43_8904.png,Varicela,4,Train
Train/Sarampion/Sarampion (138).jpg,Sarampion,4,Test
Train/Monkeypox/2024-06-27_16-57-42_6530.png,Monkeypox,4,Test
Train/Varicela/ChickenPox (179).jpg,Varicela,4,Train
Train/Sarampion/Sarampion (133).jpg,Sarampion,4,Train
Train/Varicela/2024-06-27_12-58-30_3916.png,Varicela,4,Train
Train/Monkeypox/2024-06-27_16-47-45_4595.png,Monkeypox,4,Val
Train/Varicela/2024-06-26_22-21-16_1772.png,Varicela,4,Val
Train/Varicela/2024-06-27_11-28-30_5799.png,Varicela,4,Train
Train/Monkeypox/2024-06-27_15-06-29_8544.png,Monkeypox,4,Val
Train/Herpes/Herpes (170).jpg,Herpes,4,Train
Train/Varicela/2024-06-27_13-30-28_8366.png,Varicela,4,Train
Train/Monkeypox/MonkeyPox (155).png,Monkeypox,4,Train
Train/Monkeypox/2024-06-27_16-55-34_9688.png,Monkeypox,4,Train
Train/Herpes/2024-06-24_21-06-09_9645.png,Herpes,4,Test
Test/Sarampion/2024-06-26_15-50-55_9056.png,Sarampion,4,Train
Test/Varicela/ChickenPox (38).jpg,Varicela,4,Val
Train/Monkeypox/MonkeyPox (164).png,Monkeypox,4,Train
Test/Varicela/2024-06-27_11-30-42_5146.png,Varicela,4,Train
Train/Varicela/2024-06-25_21-31-21_6606.png,Varicela,4,Test
Train/Varicela/2024-06-26_21-48-53_4177.png,Varicela,4,Test
Train/Varicela/2024-06-27_12-26-33_2242.png,Varicela,4,Val
Val/Sarampion/Sarampion (42).png,Sarampion,4,Train
Train/Varicela/ChickenPox (187).jpg,Varicela,4,Train
Train/Sarampion/2024-06-26_14-13-24_4439.png,Sarampion,4,Train
Train/Varicela/2024-06-25_21-33-47_7689.png,Varicela,4,Test
Train/Monkeypox/MonkeyPox (106).png,Monkeypox,4,Train
Test/Sarampion/2024-06-26_12-50-45_8660.png,Sarampion,4,Val
Train/Sarampion/2024-06-26_16-37-39_3050.png,Sarampion,4,Train
Train/Herpes/Herpes (196).jpg,Herpes,4,Train
Test/Herpes/Herpes (126).jpg,Herpes,4,Train
Train/Monkeypox/MonkeyPox (29).png,Monkeypox,4,Train
Train/Varicela/2024-06-27_00-01-24_1094.png,Varicela,4,Train
Train/Varicela/2024-06-25_23-51-14_8933.png,Varicela,4,Train
Train/Sarampion/Sarampion (139).jpg,Sarampion,4,Train
Test/Sarampion/2024-06-26_13-24-18_3831.png,Sarampion,4,Train
Train/Monkeypox/MonkeyPox (158).png,Monkeypox,4,Train
Train/Varicela/2024-06-26_23-08-14_4919.png,Varicela,4,Train
Test/Varicela/2024-06-27_12-07-18_3814.png,Varicela,4,Test
Train/Monkeypox/2024-06-27_14-20-42_3059.png,Monkeypox,4,Train
Train/Varicela/2024-06-26_23-39-33_6681.png,Varicela,4,Train
Val/Herpes/Herpes (35).jpg,Herpes,4,Train
Train/Varicela/ChickenPox (163).jpg,Varicela,4,Train
Train/Varicela/2024-06-25_22-33-28_7859.png,Varicela,4,Train
Test/Sarampion/2024-06-26_14-19-28_8644.png,Sarampion,4,Val
Train/Sarampion/2024-06-26_11-59-09_9737.png,Sarampion,4,Train
Train/Varicela/2024-06-26_23-39-58_7227.png,Varicela,4,Train
Test/Varicela/2024-06-27_13-11-42_9144.png,Varicela,4,Train
Train/Monkeypox/2024-06-27_14-14-32_9360.png,Monkeypox,4,Train
Train/Herpes/Herpes (115).jpg,Herpes,4,Train
Train/Varicela/ChickenPox (158).jpg,Varicela,4,Train
Train/Varicela/ChickenPox (157).jpg,Varicela,4,Train
Train/Varicela/2024-06-25_22-20-24_8033.png,Varicela,4,Val
Train/Varicela/2024-06-27_13-29-45_3966.png,Varicela,4,Train
Train/Sarampion/2024-06-26_11-59-33_5864.png,Sarampion,4,Train
Train/Varicela/2024-06-26_22-21-38_8382.png,Varicela,4,Train
Train/Monkeypox/2024-06-27_14-14-04_7146.png,Monkeypox,4,Train
Train/Varicela/2024-06-26_21-50-05_2915.png,Varicela,4,Train
Train/Sarampion/2024-06-26_15-08-18_5207.png,Sarampion,4,Train
Train/Monkeypox/2024-06-27_16-00-14_4345.png,Monkeypox,4,Train
Test/Varicela/ChickenPox (61).jpg,Varicela,4,Train
Train/Monkeypox/2024-06-27_16-50-00_1112.png,Monkeypox,4,Train
Train/Varicela/2024-06-26_21-07-13_8006.png,Varicela,4,Val
Train/Varicela/2024-06-25_21-32-13_9390.png,Varicela,4,Train
Test/Monkeypox/2024-06-27_13-56-10_7526.png,Monkeypox,4,Train
Train/Monkeypox/2024-06-27_17-53-03_4787.png,Monkeypox,4,Train
Train/Sarampion/2024-06-26_15-18-09_5961.png,Sarampion,4,Train
Train/Sarampion/2024-06-26_12-04-07_3372.png,Sarampion,4,Val
Train/Varicela/2024-06-26_21-10-45_6870.png,Varicela,4,Test
Test/Monkeypox/2024-06-27_15-22-09_5488.png,Monkeypox,4,Val
Train/Monkeypox/2024-06-27_15-20-38_3227.png,Monkeypox,4,Test
Train/Varicela/2024-06-26_23-18-02_9733.png,Varicela,4,Train
Train/Varicela/2024-06-25_21-37-59_4761.png,Varicela,4,Train
Train/Varicela/2024-06-26_22-25-48_7311.png,Varicela,4,Train
Train/Varicela/2024-06-26_22-14-46_9038.png,Varicela,4,Train
Train/Sarampion/Sarampion (107).jpg,Sarampion,4,Val
Train/Varicela/2024-06-27_12-04-43_6538.png,Varicela,4,Test
Test/Varicela/2024-06-26_21-17-12_4644.png,Varicela,4,Train
Train/Varicela/2024-06-27_13-14-00_6433.png,Varicela,4,Val
Train/Varicela/2024-06-26_23-43-05_4164.png,Varicela,4,Train
Test/Sarampion/2024-06-26_13-26-37_2353.png,Sarampion,4,Train
Train/Varicela/2024-06-27_13-06-44_7104.png,Varicela,4,Train
Train/Monkeypox/2024-06-27_15-48-09_8163.png,Monkeypox,4,Train
Train/Sarampion/2024-06-26_15-15-39_8676.png,Sarampion,4,Test
Train/Varicela/2024-06-25_22-14-22_1849.png,Varicela,4,Test
Train/Monkeypox/2024-06-27_15-52-05_8391.png,Monkeypox,4,Train
Train/Varicela/ChickenPox (127).jpg,Varicela,4,Train
Test/Sarampion/Sarampion (43).png,Sarampion,4,Val
Train/Monkeypox/2024-06-27_14-09-13_6917.png,Monkeypox,4,Val
Train/Varicela/2024-06-26_21-06-51_7094.png,Varicela,4,Train
Train/Varicela/2024-06-26_22-17-57_5411.png,Varicela,4,Train
Train/Varicela/2024-06-27_11-44-17_7281.png,Varicela,4,Val
Train/Varicela/2024-06-26_21-31-25_1709.png,Varicela,4,Train
Train/Sarampion/2024-06-26_12-57-46_4028.png,Sarampion,4,Train
Train/Varicela/2024-06-26_00-15-36_6738.png,Varicela,4,Val
Train/Varicela/2024-06-25_23-45-27_2202.png,Varicela,4,Val
Train/Varicela/2024-06-25_21-36-27_3809.png,Varicela,4,Train
Train/Varicela/2024-06-26_21-04-36_4100.png,Varicela,4,Train
Test/Varicela/2024-06-26_21-16-14_9925.png,Varicela,4,Val
Train/Herpes/Herpes (304).jpg,Herpes,4,Train
Train/Varicela/2024-06-26_23-10-49_9079.png,Varicela,4,Test
Train/Varicela/2024-06-27_12-19-30_5397.png,Varicela,4,Train
Train/Varicela/ChickenPox (170).jpg,Varicela,4,Train
Train/Varicela/2024-06-26_21-06-29_5345.png,Varicela,4,Train
Test/Varicela/2024-06-26_23-43-26_2381.png,Varicela,4,Train
Test/Monkeypox/2024-06-27_13-55-47_1416.png,Monkeypox,4,Train
Test/Varicela/2024-06-26_23-50-12_7243.png,Varicela,4,Train
Train/Monkeypox/2024-06-27_13-59-47_6872.png,Monkeypox,4,Train
Test/Varicela/ChickenPox (54).png,Varicela,4,Train
Test/Sarampion/2024-06-26_12-51-06_3150.png,Sarampion,4,Test
Test/Varicela/ChickenPox (37).png,Varicela,4,Val
Train/Sarampion/2024-06-26_12-01-49_1323.png,Sarampion,4,Train
Train/Varicela/2024-06-25_22-46-30_4040.png,Varicela,4,Train
Train/Varicela/2024-06-27_13-27-31_1578.png,Varicela,4,Train
Train/Sarampion/2024-06-26_12-59-15_9519.png,Sarampion,4,Train
Train/Varicela/2024-06-27_00-41-24_8907.png,Varicela,4,Train
Train/Varicela/2024-06-26_21-30-30_7786.png,Varicela,4,Train
Train/Varicela/2024-06-26_21-40-27_2949.png,Varicela,4,Train
Train/Monkeypox/2024-06-27_15-16-27_2045.png,Monkeypox,4,Train
Train/Monkeypox/2024-06-27_15-53-33_1566.png,Monkeypox,4,Train
Val/Varicela/ChickenPox (3).jpg,Varicela,4,Test
Train/Herpes/Herpes (297).jpg,Herpes,4,Train
Train/Monkeypox/2024-06-27_16-43-19_6594.png,Monkeypox,4,Train
Train/Monkeypox/2024-06-27_15-56-01_2331.png,Monkeypox,4,Train
Train/Sarampion/2024-06-26_13-21-10_5010.png,Sarampion,4,Train
Train/Herpes/Herpes (256).jpg,Herpes,4,Train
Train/Sarampion/2024-06-26_12-49-51_7739.png,Sarampion,4,Val
Train/Varicela/2024-06-27_12-26-55_4277.png,Varicela,4,Train
Train/Sarampion/2024-06-26_14-57-58_4742.png,Sarampion,4,Train
Train/Varicela/2024-06-27_13-19-41_3117.png,Varicela,4,Test
Train/Monkeypox/2024-06-27_16-05-23_7051.png,Monkeypox,4,Train
Train/Monkeypox/2024-06-27_13-53-49_8657.png,Monkeypox,4,Train
Test/Varicela/2024-06-25_21-37-35_5856.png,Varicela,4,Train
Val/Monkeypox/MonkeyPox (36).png,Monkeypox,4,Test
Train/Varicela/2024-06-27_12-00-14_3007.png,Varicela,4,Test
Train/Varicela/2024-06-26_21-28-50_5244.png,Varicela,4,Train
Test/Varicela/2024-06-25_21-37-13_9023.png,Varicela,4,Train
Train/Sarampion/2024-06-26_15-14-59_6587.png,Sarampion,4,Train
Train/Monkeypox/2024-06-27_14-10-49_8828.png,Monkeypox,4,Val
Test/Sarampion/Sarampion (3).png,Sarampion,4,Train
Train/Sarampion/2024-06-26_14-18-43_1449.png,Sarampion,4,Train
Test/Monkeypox/MonkeyPox (9).png,Monkeypox,4,Train
Train/Varicela/ChickenPox (232).jpg,Varicela,4,Val
Train/Sarampion/2024-06-26_12-48-38_4965.png,Sarampion,4,Val
Test/Varicela/ChickenPox (38).png,Varicela,4,Val
Train/Varicela/2024-06-27_13-00-36_6029.png,Varicela,4,Train
Train/Herpes/2024-06-26_19-59-06_2731.png,Herpes,5,Train
Train/Herpes/2024-06-24_22-25-44_4746.png,Herpes,5,Train
Train/Herpes/2024-06-24_21-30-57_1119.png,Herpes,5,Train
Train/Herpes/2024-06-26_20-16-27_2419.png,Herpes,5,Train
Train/Herpes/2024-06-26_20-33-21_9436.png,Herpes,5,Train
Train/Herpes/2024-06-26_20-28-42_1276.png,Herpes,5,Train
Train/Herpes/2024-06-24_22-39-53_9260.png,Herpes,5,Val
Train/Herpes/2024-06-26_20-00-00_2438.png,Herpes,5,Val
Train/Herpes/2024-06-24_22-24-05_4912.png,Herpes,5,Val
Train/Herpes/2024-06-26_20-32-30_7417.png,Herpes,5,Train
Train/Monkeypox/2024-06-27_17-18-10_5638.png,Monkeypox,5,Train
Train/Monkeypox/MonkeyPox (119).jpg,Monkeypox,5,Train
Train/Monkeypox/2024-06-27_17-04-03_5055.png,Monkeypox,5,Val
Train/Monkeypox/2024-06-27_17-15-54_6385.png,Monkeypox,5,Train
Train/Monkeypox/2024-06-27_15-15-30_1184.png,Monkeypox,5,Train
Train/Monkeypox/2024-06-27_15-21-00_4397.png,Monkeypox,5,Train
Train/Monkeypox/2024-06-27_16-55-56_6429.png,Monkeypox,5,Train
Train/Monkeypox/2024-06-27_14-57-21_4658.png,Monkeypox,5,Train
Train/Monkeypox/2024-06-27_16-09-50_4446.png,Monkeypox,5,Train
Train/Monkeypox/MonkeyPox (12).png,Monkeypox,5,Train
Train/Monkeypox/2024-06-27_16-40-50_5478.png,Monkeypox,5,Train
Train/Monkeypox/2024-06-27_16-11-34_7850.png,Monkeypox,5,Test
Train/Monkeypox/2024-06-27_17-42-30_9573.png,Monkeypox,5,Train
Train/Monkeypox/2024-06-27_16-02-21_3451.png,Monkeypox,5,Train
Train/Monkeypox/2024-06-27_16-41-54_5120.png,Monkeypox,5,Train
Train/Monkeypox/2024-06-27_15-50-39_9232.png,Monkeypox,5,Train
Train/Monkeypox/2024-06-27_16-01-18_1261.png,Monkeypox,5,Train
Train/Monkeypox/2024-06-27_17-01-01_1172.png,Monkeypox,5,Val
Train/Monkeypox/2024-06-27_17-45-32_7703.png,Monkeypox,5,Train
Train/Monkeypox/2024-06-27_17-42-52_5360.png,Monkeypox,5,Train
Train/Monkeypox/2024-06-27_14-02-31_3776.png,Monkeypox,5,Test
Train/Monkeypox/2024-06-27_17-50-27_3590.png,Monkeypox,5,Train
Train/Monkeypox/MonkeyPox (168).jpg,Monkeypox,5,Train
Train/Monkeypox/2024-06-27_16-46-36_6608.png,Monkeypox,5,Train
Train/Monkeypox/2024-06-27_14-00-36_6070.png,Monkeypox,5,Train
Train/Monkeypox/2024-06-27_14-18-51_3062.png,Monkeypox,5,Test
Train/Monkeypox/2024-06-27_15-49-56_8367.png,Monkeypox,5,Train
Train/Monkeypox/2024-06-27_14-52-08_5422.png,Monkeypox,5,Train
Train/Monkeypox/MonkeyPox (176).jpg,Monkeypox,5,Train
Train/Monkeypox/MonkeyPox (64).jpg,Monkeypox,5,Train
Train/Monkeypox/2024-06-27_15-34-33_4126.png,Monkeypox,5,Val
Train/Monkeypox/2024-06-27_16-56-59_4214.png,Monkeypox,5,Test
Train/Monkeypox/2024-06-27_15-16-04_2907.png,Monkeypox,5,Val
Train/Monkeypox/2024-06-27_16-06-05_8682.png,Monkeypox,5,Test
Train/Monkeypox/2024-06-27_13-57-46_4307.png,Monkeypox,5,Train
Train/Monkeypox/2024-06-27_17-20-03_5247.png,Monkeypox,5,Train
Train/Monkeypox/MonkeyPox (105).png,Monkeypox,5,Val
Train/Monkeypox/2024-06-27_14-52-28_5298.png,Monkeypox,5,Train
Train/Monkeypox/2024-06-27_17-43-15_7289.png,Monkeypox,5,Val
Train/Monkeypox/2024-06-27_14-54-11_8569.png,Monkeypox,5,Val
Train/Monkeypox/2024-06-27_16-32-48_7476.png,Monkeypox,5,Train
Train/Monkeypox/MonkeyPox (183).jpg,Monkeypox,5,Train
Train/Monkeypox/2024-06-27_16-59-09_9054.png,Monkeypox,5,Train
Train/Monkeypox/2024-06-27_15-49-34_9540.png,Monkeypox,5,Train
Train/Monkeypox/2024-06-27_16-38-42_9869.png,Monkeypox,5,Train
Train/Monkeypox/2024-06-27_15-08-13_7810.png,Monkeypox,5,Train
Train/Monkeypox/2024-06-27_15-30-50_6002.png,Monkeypox,5,Test
Train/Monkeypox/2024-06-27_17-53-25_7938.png,Monkeypox,5,Train
Train/Monkeypox/2024-06-27_15-42-16_6387.png,Monkeypox,5,Train
Train/Monkeypox/2024-06-27_16-32-26_5748.png,Monkeypox,5,Train
Train/Monkeypox/2024-06-27_16-39-03_5719.png,Monkeypox,5,Train
Train/Monkeypox/2024-06-27_16-42-36_8358.png,Monkeypox,5,Train
Train/Monkeypox/2024-06-27_14-03-39_2943.png,Monkeypox,5,Train
Train/Monkeypox/2024-06-27_17-14-24_5816.png,Monkeypox,5,Test
Train/Monkeypox/2024-06-27_15-02-21_1478.png,Monkeypox,5,Train
Train/Varicela/2024-06-27_11-23-22_7767.png,Varicela,5,Val
Train/Varicela/ChickenPox (67).jpg,Varicela,5,Train
Train/Varicela/ChickenPox (124).jpg,Varicela,5,Train
Train/Varicela/2024-06-27_11-27-46_2502.png,Varicela,5,Train
Train/Varicela/2024-06-26_23-10-04_2229.png,Varicela,5,Train
Train/Varicela/ChickenPox (225).jpg,Varicela,5,Train
Train/Varicela/2024-06-27_12-25-49_8796.png,Varicela,5,Train
Train/Varicela/2024-06-27_12-20-37_5347.png,Varicela,5,Train
Train/Varicela/2024-06-27_13-23-04_4621.png,Varicela,5,Train
Train/Varicela/2024-06-26_21-03-51_2168.png,Varicela,5,Val
Train/Varicela/2024-06-27_12-17-37_9902.png,Varicela,5,Train
Train/Varicela/2024-06-25_21-38-42_1894.png,Varicela,5,Train
Train/Varicela/ChickenPox (57).png,Varicela,5,Val
Train/Varicela/2024-06-27_13-05-13_9479.png,Varicela,5,Train
Train/Varicela/2024-06-27_13-09-47_8141.png,Varicela,5,Val
Train/Varicela/2024-06-26_23-15-54_5816.png,Varicela,5,Train
Train/Varicela/2024-06-27_11-22-38_8705.png,Varicela,5,Train
Train/Varicela/2024-06-26_21-25-10_8880.png,Varicela,5,Train
Train/Varicela/2024-06-26_00-12-13_1837.png,Varicela,5,Train
Train/Varicela/2024-06-27_00-41-48_7699.png,Varicela,5,Train
Train/Varicela/ChickenPox (222).jpg,Varicela,5,Train
Train/Varicela/2024-06-27_13-06-21_4404.png,Varicela,5,Train
Train/Varicela/ChickenPox (258).jpg,Varicela,5,Train
Train/Varicela/2024-06-26_23-29-52_3990.png,Varicela,5,Train
Train/Varicela/2024-06-27_12-16-30_9803.png,Varicela,5,Train
Train/Varicela/2024-06-27_11-45-02_2390.png,Varicela,5,Test
Train/Varicela/ChickenPox (51).png,Varicela,5,Test
Train/Varicela/ChickenPox (265).jpg,Varicela,5,Train
Train/Varicela/2024-06-25_22-51-36_2788.png,Varicela,5,Train
Train/Varicela/2024-06-27_13-33-29_2260.png,Varicela,5,Val
Train/Varicela/ChickenPox (218).jpg,Varicela,5,Train
Train/Varicela/2024-06-27_12-14-38_7691.png,Varicela,5,Train
Train/Varicela/2024-06-27_12-03-36_5978.png,Varicela,5,Train
Train/Varicela/2024-06-25_21-41-36_4208.png,Varicela,5,Train
Train/Varicela/2024-06-27_13-14-23_4885.png,Varicela,5,Train
Train/Varicela/ChickenPox (188).jpg,Varicela,5,Train
Train/Varicela/2024-06-25_22-56-41_5614.png,Varicela,5,Test
Train/Varicela/ChickenPox (278).jpg,Varicela,5,Train
Train/Varicela/2024-06-26_20-58-35_8287.png,Varicela,5,Train
Train/Varicela/2024-06-27_12-23-13_3807.png,Varicela,5,Test
Train/Varicela/2024-06-26_21-43-52_2834.png,Varicela,5,Val
Train/Varicela/2024-06-26_22-22-35_1947.png,Varicela,5,Test
Train/Varicela/2024-06-25_21-30-59_7969.png,Varicela,5,Train
Train/Varicela/ChickenPox (279).jpg,Varicela,5,Train
Train/Varicela/2024-06-27_13-22-20_2530.png,Varicela,5,Train
Train/Varicela/2024-06-26_21-47-08_5752.png,Varicela,5,Train
Train/Varicela/2024-06-26_21-33-31_2267.png,Varicela,5,Train
Train/Melanoma/Melanoma (207).jpg,Melanoma,5,Train
Train/Melanoma/Melanoma (167).jpg,Melanoma,5,Val
Train/Melanoma/Melanoma (421).jpg,Melanoma,5,Train
Train/Melanoma/Melanoma (424).jpg,Melanoma,5,Test
Train/Melanoma/Melanoma (276).jpg,Melanoma,5,Train
Train/Melanoma/Melanoma (439).jpg,Melanoma,5,Train
Train/Melanoma/melanoma_5669.jpg,Melanoma,5,Train
Train/Melanoma/Melanoma (154).jpg,Melanoma,5,Train
Train/Melanoma/Melanoma (369).jpg,Melanoma,5,Train
Train/Melanoma/melanoma_5698.jpg,Melanoma,5,Train
Train/Melanoma/Melanoma (206).jpg,Melanoma,5,Train
Train/Melanoma/Melanoma (108).jpg,Melanoma,5,Train
Train/Melanoma/Melanoma (225).jpg,Melanoma,5,Test
Train/Sarampion/2024-06-26_17-06-48_1275.png,Sarampion,5,Train
Train/Sarampion/Sarampion (34).jpg,Sarampion,5,Test
Train/Sarampion/Sarampion (99).jpg,Sarampion,5,Train
Train/Sarampion/2024-06-26_12-13-46_3831.png,Sarampion,5,Train
Train/Sarampion/2024-06-26_18-26-56_2099.png,Sarampion,5,Train
Train/Sarampion/2024-06-26_17-30-13_9287.png,Sarampion,5,Train
Train/Sarampion/2024-06-26_18-53-19_4672.png,Sarampion,5,Train
Train/Sarampion/2024-06-26_17-33-09_9314.png,Sarampion,5,Train
Train/Sarampion/2024-06-26_12-18-48_6483.png,Sarampion,5,Train
Train/Sarampion/2024-06-26_17-17-13_1972.png,Sarampion,5,Test
Train/Sarampion/2024-06-26_12-09-55_7255.png,Sarampion,5,Train
Train/Sarampion/2024-06-26_18-39-15_9521.png,Sarampion,5,Train
Train/Sarampion/2024-06-26_12-13-23_8548.png,Sarampion,5,Train
Train/Sarampion/Sarampion (63).jpg,Sarampion,5,Val
Train/Sarampion/2024-06-26_12-14-41_4147.png,Sarampion,5,Test
Train/Sarampion/2024-06-26_18-54-10_3473.png,Sarampion,5,Train
Train/Sarampion/2024-06-26_18-51-17_6827.png,Sarampion,5,Test
Train/Sarampion/2024-06-26_12-13-00_2392.png,Sarampion,5,Train
Train/Sarampion/2024-06-26_18-38-52_1584.png,Sarampion,5,Train
Train/Sarampion/2024-06-26_17-33-55_2715.png,Sarampion,5,Train
Train/Sarampion/2024-06-26_18-46-07_8847.png,Sarampion,5,Train
Train/Sarampion/2024-06-26_18-29-45_4418.png,Sarampion,5,Train
Train/Sarampion/2024-06-26_18-49-37_3624.png,Sarampion,5,Val
Train/Sarampion/2024-06-26_12-15-30_8710.png,Sarampion,5,Train
Train/Sarampion/2024-06-26_17-21-07_7403.png,Sarampion,5,Train
Train/Sarampion/2024-06-26_13-32-47_3652.png,Sarampion,5,Val
Train/Sarampion/2024-06-26_18-34-51_1021.png,Sarampion,5,Test
Train/Sarampion/Sarampion (81).png,Sarampion,5,Train
Train/Sarampion/2024-06-26_18-34-27_7487.png,Sarampion,5,Train
Train/Sarampion/Sarampion (60).png,Sarampion,5,Val
Train/Sarampion/2024-06-26_18-52-05_8640.png,Sarampion,5,Train
Train/Sarampion/2024-06-26_12-12-04_1572.png,Sarampion,5,Train
Train/Sarampion/2024-06-26_15-55-42_9594.png,Sarampion,5,Test
Train/Sarampion/2024-06-26_12-10-47_9594.png,Sarampion,5,Val
Train/Sarampion/2024-06-26_17-13-45_5162.png,Sarampion,5,Train
Train/Sarampion/2024-06-26_18-35-38_6808.png,Sarampion,5,Test
Train/Sarampion/2024-06-26_17-17-34_2732.png,Sarampion,5,Train
Train/Sarampion/Sarampion (46).png,Sarampion,5,Train
Train/Sarampion/2024-06-26_18-20-50_1741.png,Sarampion,5,Val
Train/Sarampion/2024-06-26_12-18-02_3000.png,Sarampion,5,Train
Train/Sarampion/2024-06-26_18-21-15_3616.png,Sarampion,5,Train
Train/Sarampion/2024-06-26_18-32-01_3999.png,Sarampion,5,Train
Train/Sarampion/2024-06-26_17-19-08_7470.png,Sarampion,5,Train
Train/Sarampion/2024-06-26_18-45-32_8285.png,Sarampion,5,Train
Train/Sarampion/2024-06-26_17-19-55_9561.png,Sarampion,5,Val
Train/Sarampion/2024-06-26_18-43-03_4744.png,Sarampion,5,Test
Train/Sarampion/2024-06-26_18-30-15_8910.png,Sarampion,5,Val
Train/Sarampion/Sarampion.jpeg,Sarampion,5,Train
Train/Sarampion/2024-06-26_18-50-54_6828.png,Sarampion,5,Test
Train/Sarampion/2024-06-26_17-33-32_6380.png,Sarampion,5,Train
Train/Sarampion/2024-06-26_12-11-40_8397.png,Sarampion,5,Train
Train/Sarampion/2024-06-26_18-28-54_2223.png,Sarampion,5,Train
Train/Sarampion/2024-06-26_12-21-06_4254.png,Sarampion,5,Test
Train/Sarampion/2024-06-26_15-20-17_4986.png,Sarampion,5,Train
Train/Sarampion/Sarampion (75).png,Sarampion,5,Val
Train/Sarampion/2024-06-26_18-43-52_5069.png,Sarampion,5,Train
Train/Sarampion/2024-06-26_12-19-10_2182.png,Sarampion,5,Train
Train/Sarampion/Sarampion (71).jpg,Sarampion,5,Train
Train/Sarampion/2024-06-26_18-41-33_8344.png,Sarampion,5,Test
Train/Sarampion/2024-06-26_18-29-19_9529.png,Sarampion,5,Train
Train/Sarampion/2024-06-26_18-41-57_2773.png,Sarampion,5,Train
Train/Sarampion/2024-06-26_18-47-59_2594.png,Sarampion,5,Val
Train/Sarampion/2024-06-26_18-50-23_9423.png,Sarampion,5,Train
Train/Sarampion/2024-06-26_18-20-56_9388.png,Sarampion,5,Val
Train/Sarampion/Sarampion (156).jpg,Sarampion,5,Train
Train/Sarampion/2024-06-26_18-28-28_2670.png,Sarampion,5,Val
Train/Sarampion/2024-06-26_18-20-42_6725.png,Sarampion,5,Train
Train/Sarampion/2024-06-26_18-31-32_3669.png,Sarampion,5,Test
Train/Sarampion/Sarampion (122).jpg,Sarampion,5,Train
Train/Sarampion/2024-06-26_18-23-21_5509.png,Sarampion,5,Test
Train/Sarampion/Sarampion (58).png,Sarampion,5,Train
Train/Sarampion/2024-06-26_18-22-15_6467.png,Sarampion,5,Train
Train/Sarampion/2024-06-26_18-22-40_3317.png,Sarampion,5,Val
Train/Sarampion/2024-06-26_17-22-28_4993.png,Sarampion,5,Train
Train/Sarampion/2024-06-26_17-18-22_5687.png,Sarampion,5,Train
Train/Sarampion/2024-06-26_12-14-09_8993.png,Sarampion,5,Train
Train/Sarampion/2024-06-26_12-12-27_2080.png,Sarampion,5,Train
Train/Sarampion/Sarampion (68).png,Sarampion,5,Train
Train/Sarampion/2024-06-26_12-18-25_3518.png,Sarampion,5,Train
Train/Sarampion/2024-06-26_17-12-32_1943.png,Sarampion,5,Train
Train/Sarampion/2024-06-26_12-17-39_1278.png,Sarampion,5,Train
Train/Sarampion/2024-06-26_18-26-19_1707.png,Sarampion,5,Test
Train/Sarampion/2024-06-26_18-40-35_9429.png,Sarampion,5,Train
Train/Sarampion/2024-06-26_11-56-48_4821.png,Sarampion,5,Train
Train/Sarampion/2024-06-26_18-50-00_5687.png,Sarampion,5,Train
Train/Sarampion/Sarampion (83).png,Sarampion,5,Val
Train/Sarampion/2024-06-26_18-41-01_7341.png,Sarampion,5,Train
Train/Sarampion/2024-06-26_12-20-01_8361.png,Sarampion,5,Train
Train/Sarampion/Sarampion (8).jpg,Sarampion,5,Test
Train/Sarampion/2024-06-26_17-20-19_7898.png,Sarampion,5,Train
Train/Sarampion/2024-06-26_18-48-23_2524.png,Sarampion,5,Train
Train/Sarampion/2024-06-26_13-19-14_4091.png,Sarampion,5,Train
Train/Sarampion/2024-06-26_16-49-12_3470.png,Sarampion,5,Train
Train/Sarampion/Sarampion (37).png,Sarampion,5,Val
Train/Sarampion/2024-06-26_17-21-54_5728.png,Sarampion,5,Train
Train/Sarampion/2024-06-26_13-56-58_5654.png,Sarampion,5,Test
Train/Sarampion/2024-06-26_18-43-28_6048.png,Sarampion,5,Train
Train/Sarampion/2024-06-26_18-52-53_8287.png,Sarampion,5,Train
Train/Sarampion/2024-06-26_18-52-30_1239.png,Sarampion,5,Train
Train/Sarampion/Sarampion (52).jpg,Sarampion,5,Train
Train/Sarampion/2024-06-26_12-19-31_3606.png,Sarampion,5,Train
Train/Sarampion/Sarampion (59).png,Sarampion,5,Val
Train/Sarampion/2024-06-26_18-48-46_1629.png,Sarampion,5,Train
Train/Sarampion/2024-06-26_17-22-52_8567.png,Sarampion,5,Train
Train/Sarampion/2024-06-26_15-19-25_4994.png,Sarampion,5,Train
Train/Sarampion/2024-06-26_17-30-39_1313.png,Sarampion,5,Test
Train/Sarampion/2024-06-26_12-10-19_6265.png,Sarampion,5,Train
Train/Sarampion/2024-06-26_17-32-03_3173.png,Sarampion,5,Train
Train/Sarampion/2024-06-26_18-30-41_4357.png,Sarampion,5,Train
Test/Herpes/Herpes (29).jpg,Herpes,5,Train
Test/Herpes/Herpes (18).jpg,Herpes,5,Train
Test/Herpes/2024-06-26_20-39-30_8341.png,Herpes,5,Test
Test/Herpes/Herpes (44).jpg,Herpes,5,Train
Test/Herpes/Herpes (13).jpg,Herpes,5,Train
Test/Herpes/Herpes (5).png,Herpes,5,Train
Test/Monkeypox/2024-06-27_15-08-34_5633.png,Monkeypox,5,Train
Test/Monkeypox/MonkeyPox (28).jpg,Monkeypox,5,Test
Test/Monkeypox/2024-06-27_15-10-20_8807.png,Monkeypox,5,Train
Test/Monkeypox/MonkeyPox (105).jpg,Monkeypox,5,Train
Test/Monkeypox/MonkeyPox (3).png,Monkeypox,5,Val
Test/Monkeypox/2024-06-27_14-16-08_7006.png,Monkeypox,5,Val
Test/Monkeypox/2024-06-27_14-09-37_4091.png,Monkeypox,5,Train
Test/Monkeypox/MonkeyPox (9).jpg,Monkeypox,5,Train
Test/Monkeypox/MonkeyPox (117).jpg,Monkeypox,5,Train
Test/Monkeypox/MonkeyPox (17).jpg,Monkeypox,5,Val
Test/Monkeypox/2024-06-27_15-08-58_1940.png,Monkeypox,5,Train
Test/Monkeypox/MonkeyPox (39).jpg,Monkeypox,5,Train
Test/Monkeypox/2024-06-27_14-10-01_4450.png,Monkeypox,5,Val
Test/Monkeypox/2024-06-27_13-59-23_4022.png,Monkeypox,5,Train
Test/Varicela/2024-06-27_12-05-49_1014.png,Varicela,5,Train
Test/Varicela/2024-06-27_11-43-31_5038.png,Varicela,5,Train
Test/Varicela/ChickenPox (60).jpg,Varicela,5,Train
Test/Varicela/ChickenPox (31).png,Varicela,5,Train
Test/Varicela/ChickenPox (44).png,Varicela,5,Train
Test/Varicela/2024-06-25_23-32-13_6030.png,Varicela,5,Train
Test/Melanoma/Melanoma (2).jpg,Melanoma,5,Val
Test/Melanoma/Melanoma (66).jpg,Melanoma,5,Train
Test/Sarampion/2024-06-26_18-55-04_6340.png,Sarampion,5,Train
Test/Sarampion/2024-06-26_12-16-35_2776.png,Sarampion,5,Train
Test/Sarampion/Sarampion (48).png,Sarampion,5,Test
Test/Sarampion/2024-06-26_18-25-29_9961.png,Sarampion,5,Train
Test/Sarampion/Sarampion (32).png,Sarampion,5,Train
Test/Sarampion/2024-06-26_14-01-28_8761.png,Sarampion,5,Train
Test/Sarampion/2024-06-26_18-55-27_6748.png,Sarampion,5,Train
Test/Sarampion/2024-06-26_17-15-57_5912.png,Sarampion,5,Train
Test/Sarampion/2024-06-26_18-47-24_2909.png,Sarampion,5,Test
Test/Sarampion/2024-06-26_17-29-44_1576.png,Sarampion,5,Val
Test/Sarampion/2024-06-26_18-46-32_6310.png,Sarampion,5,Test
Test/Sarampion/2024-06-26_18-54-40_4156.png,Sarampion,5,Train
Test/Sarampion/2024-06-26_12-16-14_5492.png,Sarampion,5,Val
Test/Sarampion/2024-06-26_17-25-28_7382.png,Sarampion,5,Train
Test/Sarampion/2024-06-26_12-09-05_5942.png,Sarampion,5,Train
Test/Sarampion/2024-06-26_18-25-06_6595.png,Sarampion,5,Test
Test/Sarampion/2024-06-26_17-14-45_6203.png,Sarampion,5,Train
Test/Sarampion/2024-06-26_17-16-45_3964.png,Sarampion,5,Train
Test/Sarampion/2024-06-26_12-09-31_9870.png,Sarampion,5,Val
Test/Sarampion/2024-06-26_12-17-18_7060.png,Sarampion,5,Train
Test/Sarampion/Sarampion (9).jpg,Sarampion,5,Train
Test/Sarampion/2024-06-26_17-24-12_1688.png,Sarampion,5,Train
Test/Sarampion/2024-06-26_18-23-44_7036.png,Sarampion,5,Train
Test/Sarampion/2024-06-26_18-25-56_9550.png,Sarampion,5,Val
Test/Sarampion/2024-06-26_18-46-57_1618.png,Sarampion,5,Train
Test/Sarampion/2024-06-26_14-56-41_7181.png,Sarampion,5,Train
Test/Sarampion/Sarampion (17).jpg,Sarampion,5,Train
Test/Sarampion/2024-06-26_18-36-04_7670.png,Sarampion,5,Train
Test/Sarampion/2024-06-26_17-24-34_7466.png,Sarampion,5,Val
Test/Sarampion/Sarampion (20).jpeg,Sarampion,5,Val
Val/Herpes/Herpes (59).jpg,Herpes,5,Train
Val/Monkeypox/MonkeyPox (14).jpg,Monkeypox,5,Train
Val/Monkeypox/MonkeyPox (11).jpg,Monkeypox,5,Train
Val/Monkeypox/MonkeyPox (14).jpeg,Monkeypox,5,Train
Val/Varicela/ChickenPox (24).png,Varicela,5,Test
Val/Varicela/ChickenPox (5).jpg,Varicela,5,Train
Val/Varicela/ChickenPox (9).jpg,Varicela,5,Test
Val/Melanoma/Melanoma (128).jpg,Melanoma,5,Train
Val/Melanoma/Melanoma (186).jpg,Melanoma,5,Train
Val/Sarampion/Sarampion (41).png,Sarampion,5,Train
Val/Sarampion/Sarampion (2).png,Sarampion,5,Train
Val/Sarampion/Sarampion (18).png,Sarampion,5,Train
Val/Sarampion/Sarampion (2).jpeg,Sarampion,5,Train
Val/Sarampion/Sarampion (14).jpeg,Sarampion,5,Train
Test/Varicela/ChickenPox (87).jpg,Varicela,5,Test
Train/Sarampion/2024-06-26_13-34-03_3621.png,Sarampion,5,Val
Train/Sarampion/2024-06-26_17-21-31_4636.png,Sarampion,5,Train
Train/Monkeypox/2024-06-27_13-57-20_2703.png,Monkeypox,5,Train
Test/Varicela/2024-06-25_23-07-03_7302.png,Varicela,5,Train
Test/Herpes/2024-06-26_20-41-17_6240.png,Herpes,5,Val
Train/Varicela/2024-06-26_23-34-23_5504.png,Varicela,5,Val
Train/Varicela/2024-06-27_12-02-07_7463.png,Varicela,5,Train
Test/Monkeypox/2024-06-27_15-22-32_9308.png,Monkeypox,5,Train
Train/Sarampion/2024-06-26_15-15-19_6482.png,Sarampion,5,Train
Train/Sarampion/Sarampion (45).jpg,Sarampion,5,Train
Train/Varicela/ChickenPox (133).jpg,Varicela,5,Test
Test/Herpes/Herpes (38).jpg,Herpes,5,Train
Train/Varicela/ChickenPox (241).jpg,Varicela,5,Val
Train/Monkeypox/MonkeyPox (142).png,Monkeypox,5,Test
Train/Varicela/ChickenPox (192).jpg,Varicela,5,Val
Train/Monkeypox/MonkeyPox (178).jpg,Monkeypox,5,Train
Train/Varicela/ChickenPox (263).jpg,Varicela,5,Train
Train/Varicela/2024-06-25_21-34-59_8825.png,Varicela,5,Train
Train/Sarampion/2024-06-26_15-04-05_3977.png,Sarampion,5,Train
Val/Varicela/ChickenPox (12).jpeg,Varicela,5,Train
Train/Herpes/Herpes.jpg,Herpes,5,Train
Train/Varicela/2024-06-25_23-26-55_5054.png,Varicela,5,Train
Train/Sarampion/2024-06-26_13-58-38_3554.png,Sarampion,5,Train
Train/Monkeypox/2024-06-27_13-55-01_8231.png,Monkeypox,5,Train
Test/Herpes/2024-06-26_20-34-15_6954.png,Herpes,5,Train
Train/Sarampion/Sarampion (102).jpg,Sarampion,5,Train
Train/Sarampion/2024-06-26_15-08-43_2940.png,Sarampion,5,Test
Train/Sarampion/2024-06-26_18-13-01_6573.png,Sarampion,5,Train
Train/Varicela/2024-06-25_23-42-05_6670.png,Varicela,5,Train
Train/Monkeypox/2024-06-27_15-30-27_8136.png,Monkeypox,5,Train
Train/Varicela/2024-06-27_00-08-58_9769.png,Varicela,5,Train
Train/Varicela/2024-06-27_12-03-59_8548.png,Varicela,5,Val
Train/Varicela/2024-06-26_21-14-28_3487.png,Varicela,5,Train
Train/Herpes/Herpes (261).jpg,Herpes,5,Test
Train/Monkeypox/2024-06-27_16-35-25_1474.png,Monkeypox,5,Train
Train/Varicela/ChickenPox (91).jpg,Varicela,5,Val
Train/Sarampion/Sarampion (69).png,Sarampion,5,Train
Val/Sarampion/Sarampion (14).png,Sarampion,5,Train
Train/Varicela/2024-06-27_12-01-22_7986.png,Varicela,5,Train
Train/Sarampion/2024-06-26_11-59-57_7197.png,Sarampion,5,Train
Train/Sarampion/Sarampion (123).jpg,Sarampion,5,Train
Train/Herpes/2024-06-24_22-08-54_7574.png,Herpes,5,Test
Train/Monkeypox/2024-06-27_14-17-03_8584.png,Monkeypox,5,Train
Train/Varicela/2024-06-26_21-50-27_6383.png,Varicela,5,Test
Test/Herpes/Herpes (51).jpg,Herpes,5,Train
Train/Sarampion/Sarampion (85).jpg,Sarampion,5,Train
Train/Herpes/Herpes.png,Herpes,5,Test
Train/Varicela/ChickenPox (255).jpg,Varicela,5,Train
Train/Monkeypox/2024-06-27_16-32-03_5617.png,Monkeypox,5,Train
Train/Varicela/ChickenPox (221).jpg,Varicela,5,Val
Test/Monkeypox/MonkeyPox (134).jpg,Monkeypox,5,Test
Train/Sarampion/Sarampion (73).jpg,Sarampion,5,Train
Train/Monkeypox/2024-06-27_13-58-11_9592.png,Monkeypox,5,Test
Test/Varicela/ChickenPox (49).png,Varicela,5,Val
Train/Herpes/2024-06-24_21-30-27_9522.png,Herpes,5,Test
Train/Varicela/ChickenPox (228).jpg,Varicela,5,Val
Train/Sarampion/2024-06-26_16-11-54_9373.png,Sarampion,5,Train
Train/Herpes/Herpes (262).jpg,Herpes,5,Train
Test/Herpes/Herpes (74).jpg,Herpes,5,Train
Train/Sarampion/2024-06-26_12-58-54_4368.png,Sarampion,5,Test
Train/Monkeypox/2024-06-27_16-03-29_1919.png,Monkeypox,5,Train
Test/Sarampion/2024-06-26_15-06-38_7428.png,Sarampion,5,Train
Train/Varicela/2024-06-26_21-42-24_5384.png,Varicela,5,Train
Train/Varicela/2024-06-25_22-36-19_9409.png,Varicela,5,Test
Test/Sarampion/2024-06-26_11-54-26_3910.png,Sarampion,5,Test
Train/Monkeypox/2024-06-27_15-30-04_7633.png,Monkeypox,5,Test
Train/Herpes/2024-06-24_22-23-40_9531.png,Herpes,5,Val
Train/Sarampion/Sarampion (45).png,Sarampion,5,Test
Val/Herpes/Herpes (28).jpg,Herpes,5,Train
Train/Varicela/ChickenPox (229).jpg,Varicela,5,Train
Train/Herpes/2024-06-24_22-37-38_3707.png,Herpes,5,Train
Train/Herpes/Herpes (194).jpg,Herpes,5,Train
Train/Sarampion/Sarampion (67).jpg,Sarampion,5,Train
Train/Sarampion/Sarampion (94).jpg,Sarampion,5,Train
Train/Varicela/ChickenPox (132).jpg,Varicela,5,Train
Train/Varicela/2024-06-25_21-32-59_3164.png,Varicela,5,Train
Train/Sarampion/2024-06-26_12-07-02_7219.png,Sarampion,5,Train
Train/Herpes/Herpes (162).jpg,Herpes,5,Train
Test/Sarampion/2024-06-26_11-56-01_5361.png,Sarampion,5,Train
Train/Sarampion/2024-06-26_13-59-29_3375.png,Sarampion,5,Train
Train/Varicela/2024-06-27_11-59-28_1614.png,Varicela,5,Train
Train/Monkeypox/2024-06-27_16-35-47_5319.png,Monkeypox,5,Val
Train/Monkeypox/2024-06-27_13-56-56_8334.png,Monkeypox,5,Train
Train/Varicela/2024-06-26_22-22-58_8722.png,Varicela,5,Train
Train/Varicela/ChickenPox (174).jpg,Varicela,5,Train
Train/Varicela/2024-06-27_13-23-48_7560.png,Varicela,5,Test
Train/Monkeypox/2024-06-27_14-06-48_9948.png,Monkeypox,5,Val
Train/Varicela/2024-06-27_12-22-51_8259.png,Varicela,5,Train
Train/Varicela/ChickenPox (59).png,Varicela,5,Train
Train/Varicela/2024-06-26_23-41-52_7860.png,Varicela,5,Train
Train/Monkeypox/2024-06-27_16-45-06_3027.png,Monkeypox,5,Train
Val/Varicela/ChickenPox (10).jpeg,Varicela,5,Train
Train/Varicela/2024-06-27_12-09-09_1375.png,Varicela,5,Train
Train/Monkeypox/2024-06-27_15-31-36_1699.png,Monkeypox,5,Train
Train/Monkeypox/2024-06-27_17-00-17_9938.png,Monkeypox,5,Train
Train/Varicela/2024-06-25_21-31-46_9293.png,Varicela,5,Train
Test/Sarampion/2024-06-26_15-05-21_1652.png,Sarampion,5,Test
Train/Sarampion/2024-06-26_13-00-26_1168.png,Sarampion,5,Train
Train/Monkeypox/2024-06-27_17-02-55_8647.png,Monkeypox,5,Test
Test/Varicela/2024-06-26_23-15-32_6074.png,Varicela,5,Val
Train/Herpes/Herpes (191).jpg,Herpes,5,Train
Train/Herpes/2024-06-24_22-26-33_4237.png,Herpes,5,Train
Val/Sarampion/Sarampion (34).png,Sarampion,5,Train
Train/Monkeypox/2024-06-27_16-41-11_5769.png,Monkeypox,5,Train
Val/Varicela/ChickenPox (11).jpeg,Varicela,5,Test
Test/Sarampion/2024-06-26_15-53-59_5452.png,Sarampion,5,Val
Train/Monkeypox/2024-06-27_13-54-37_8772.png,Monkeypox,5,Train
Train/Monkeypox/2024-06-27_15-44-12_6606.png,Monkeypox,5,Train
Train/Herpes/Herpes (301).jpg,Herpes,5,Train
Test/Sarampion/Sarampion (33).png,Sarampion,5,Val
Train/Monkeypox/2024-06-27_16-46-59_8373.png,Monkeypox,5,Train
Test/Sarampion/Sarampion (44).jpg,Sarampion,5,Train
Train/Varicela/2024-06-25_21-40-43_8904.png,Varicela,5,Test
Train/Sarampion/Sarampion (138).jpg,Sarampion,5,Train
Train/Monkeypox/2024-06-27_16-57-42_6530.png,Monkeypox,5,Train
Train/Varicela/ChickenPox (179).jpg,Varicela,5,Train
Train/Sarampion/Sarampion (133).jpg,Sarampion,5,Val
Train/Varicela/2024-06-27_12-58-30_3916.png,Varicela,5,Train
Train/Monkeypox/2024-06-27_16-47-45_4595.png,Monkeypox,5,Val
Train/Varicela/2024-06-26_22-21-16_1772.png,Varicela,5,Train
Train/Varicela/2024-06-27_11-28-30_5799.png,Varicela,5,Train
Train/Monkeypox/2024-06-27_15-06-29_8544.png,Monkeypox,5,Train
Train/Herpes/Herpes (170).jpg,Herpes,5,Train
Train/Varicela/2024-06-27_13-30-28_8366.png,Varicela,5,Test
Train/Monkeypox/MonkeyPox (155).png,Monkeypox,5,Train
Train/Monkeypox/2024-06-27_16-55-34_9688.png,Monkeypox,5,Train
Train/Herpes/2024-06-24_21-06-09_9645.png,Herpes,5,Train
Test/Sarampion/2024-06-26_15-50-55_9056.png,Sarampion,5,Train
Test/Varicela/ChickenPox (38).jpg,Varicela,5,Train
Train/Monkeypox/MonkeyPox (164).png,Monkeypox,5,Train
Test/Varicela/2024-06-27_11-30-42_5146.png,Varicela,5,Val
Train/Varicela/2024-06-25_21-31-21_6606.png,Varicela,5,Val
Train/Varicela/2024-06-26_21-48-53_4177.png,Varicela,5,Val
Train/Varicela/2024-06-27_12-26-33_2242.png,Varicela,5,Train
Val/Sarampion/Sarampion (42).png,Sarampion,5,Train
Train/Varicela/ChickenPox (187).jpg,Varicela,5,Train
Train/Sarampion/2024-06-26_14-13-24_4439.png,Sarampion,5,Train
Train/Varicela/2024-06-25_21-33-47_7689.png,Varicela,5,Train
Train/Monkeypox/MonkeyPox (106).png,Monkeypox,5,Train
Test/Sarampion/2024-06-26_12-50-45_8660.png,Sarampion,5,Train
Train/Sarampion/2024-06-26_16-37-39_3050.png,Sarampion,5,Test
Train/Herpes/Herpes (196).jpg,Herpes,5,Train
Test/Herpes/Herpes (126).jpg,Herpes,5,Train
Train/Monkeypox/MonkeyPox (29).png,Monkeypox,5,Val
Train/Varicela/2024-06-27_00-01-24_1094.png,Varicela,5,Test
Train/Varicela/2024-06-25_23-51-14_8933.png,Varicela,5,Train
Train/Sarampion/Sarampion (139).jpg,Sarampion,5,Train
Test/Sarampion/2024-06-26_13-24-18_3831.png,Sarampion,5,Train
Train/Monkeypox/MonkeyPox (158).png,Monkeypox,5,Train
Train/Varicela/2024-06-26_23-08-14_4919.png,Varicela,5,Train
Test/Varicela/2024-06-27_12-07-18_3814.png,Varicela,5,Train
Train/Monkeypox/2024-06-27_14-20-42_3059.png,Monkeypox,5,Train
Train/Varicela/2024-06-26_23-39-33_6681.png,Varicela,5,Train
Val/Herpes/Herpes (35).jpg,Herpes,5,Val
Train/Varicela/ChickenPox (163).jpg,Varicela,5,Test
Train/Varicela/2024-06-25_22-33-28_7859.png,Varicela,5,Train
Test/Sarampion/2024-06-26_14-19-28_8644.png,Sarampion,5,Train
Train/Sarampion/2024-06-26_11-59-09_9737.png,Sarampion,5,Test
Train/Varicela/2024-06-26_23-39-58_7227.png,Varicela,5,Train
Test/Varicela/2024-06-27_13-11-42_9144.png,Varicela,5,Val
Train/Monkeypox/2024-06-27_14-14-32_9360.png,Monkeypox,5,Train
Train/Herpes/Herpes (115).jpg,Herpes,5,Train
Train/Varicela/ChickenPox (158).jpg,Varicela,5,Train
Train/Varicela/ChickenPox (157).jpg,Varicela,5,Train
Train/Varicela/2024-06-25_22-20-24_8033.png,Varicela,5,Train
Train/Varicela/2024-06-27_13-29-45_3966.png,Varicela,5,Train
Train/Sarampion/2024-06-26_11-59-33_5864.png,Sarampion,5,Train
Train/Varicela/2024-06-26_22-21-38_8382.png,Varicela,5,Train
Train/Monkeypox/2024-06-27_14-14-04_7146.png,Monkeypox,5,Test
Train/Varicela/2024-06-26_21-50-05_2915.png,Varicela,5,Test
Train/Sarampion/2024-06-26_15-08-18_5207.png,Sarampion,5,Test
Train/Monkeypox/2024-06-27_16-00-14_4345.png,Monkeypox,5,Test
Test/Varicela/ChickenPox (61).jpg,Varicela,5,Train
Train/Monkeypox/2024-06-27_16-50-00_1112.png,Monkeypox,5,Train
Train/Varicela/2024-06-26_21-07-13_8006.png,Varicela,5,Train
Train/Varicela/2024-06-25_21-32-13_9390.png,Varicela,5,Val
Test/Monkeypox/2024-06-27_13-56-10_7526.png,Monkeypox,5,Train
Train/Monkeypox/2024-06-27_17-53-03_4787.png,Monkeypox,5,Train
Train/Sarampion/2024-06-26_15-18-09_5961.png,Sarampion,5,Train
Train/Sarampion/2024-06-26_12-04-07_3372.png,Sarampion,5,Val
Train/Varicela/2024-06-26_21-10-45_6870.png,Varicela,5,Train
Test/Monkeypox/2024-06-27_15-22-09_5488.png,Monkeypox,5,Val
Train/Monkeypox/2024-06-27_15-20-38_3227.png,Monkeypox,5,Train
Train/Varicela/2024-06-26_23-18-02_9733.png,Varicela,5,Train
Train/Varicela/2024-06-25_21-37-59_4761.png,Varicela,5,Train
Train/Varicela/2024-06-26_22-25-48_7311.png,Varicela,5,Val
Train/Varicela/2024-06-26_22-14-46_9038.png,Varicela,5,Train
Train/Sarampion/Sarampion (107).jpg,Sarampion,5,Train
Train/Varicela/2024-06-27_12-04-43_6538.png,Varicela,5,Train
Test/Varicela/2024-06-26_21-17-12_4644.png,Varicela,5,Train
Train/Varicela/2024-06-27_13-14-00_6433.png,Varicela,5,Train
Train/Varicela/2024-06-26_23-43-05_4164.png,Varicela,5,Train
Test/Sarampion/2024-06-26_13-26-37_2353.png,Sarampion,5,Train
Train/Varicela/2024-06-27_13-06-44_7104.png,Varicela,5,Train
Train/Monkeypox/2024-06-27_15-48-09_8163.png,Monkeypox,5,Train
Train/Sarampion/2024-06-26_15-15-39_8676.png,Sarampion,5,Train
Train/Varicela/2024-06-25_22-14-22_1849.png,Varicela,5,Train
Train/Monkeypox/2024-06-27_15-52-05_8391.png,Monkeypox,5,Val
Train/Varicela/ChickenPox (127).jpg,Varicela,5,Train
Test/Sarampion/Sarampion (43).png,Sarampion,5,Val
Train/Monkeypox/2024-06-27_14-09-13_6917.png,Monkeypox,5,Test
Train/Varicela/2024-06-26_21-06-51_7094.png,Varicela,5,Test
Train/Varicela/2024-06-26_22-17-57_5411.png,Varicela,5,Train
Train/Varicela/2024-06-27_11-44-17_7281.png,Varicela,5,Train
Train/Varicela/2024-06-26_21-31-25_1709.png,Varicela,5,Train
Train/Sarampion/2024-06-26_12-57-46_4028.png,Sarampion,5,Train
Train/Varicela/2024-06-26_00-15-36_6738.png,Varicela,5,Train
Train/Varicela/2024-06-25_23-45-27_2202.png,Varicela,5,Train
Train/Varicela/2024-06-25_21-36-27_3809.png,Varicela,5,Train
Train/Varicela/2024-06-26_21-04-36_4100.png,Varicela,5,Train
Test/Varicela/2024-06-26_21-16-14_9925.png,Varicela,5,Test
Train/Herpes/Herpes (304).jpg,Herpes,5,Train
Train/Varicela/2024-06-26_23-10-49_9079.png,Varicela,5,Train
Train/Varicela/2024-06-27_12-19-30_5397.png,Varicela,5,Test
Train/Varicela/ChickenPox (170).jpg,Varicela,5,Train
Train/Varicela/2024-06-26_21-06-29_5345.png,Varicela,5,Val
Test/Varicela/2024-06-26_23-43-26_2381.png,Varicela,5,Train
Test/Monkeypox/2024-06-27_13-55-47_1416.png,Monkeypox,5,Test
Test/Varicela/2024-06-26_23-50-12_7243.png,Varicela,5,Train
Train/Monkeypox/2024-06-27_13-59-47_6872.png,Monkeypox,5,Train
Test/Varicela/ChickenPox (54).png,Varicela,5,Test
Test/Sarampion/2024-06-26_12-51-06_3150.png,Sarampion,5,Train
Test/Varicela/ChickenPox (37).png,Varicela,5,Train
Train/Sarampion/2024-06-26_12-01-49_1323.png,Sarampion,5,Val
Train/Varicela/2024-06-25_22-46-30_4040.png,Varicela,5,Test
Train/Varicela/2024-06-27_13-27-31_1578.png,Varicela,5,Train
Train/Sarampion/2024-06-26_12-59-15_9519.png,Sarampion,5,Train
Train/Varicela/2024-06-27_00-41-24_8907.png,Varicela,5,Train
Train/Varicela/2024-06-26_21-30-30_7786.png,Varicela,5,Train
Train/Varicela/2024-06-26_21-40-27_2949.png,Varicela,5,Val
Train/Monkeypox/2024-06-27_15-16-27_2045.png,Monkeypox,5,Train
Train/Monkeypox/2024-06-27_15-53-33_1566.png,Monkeypox,5,Test
Val/Varicela/ChickenPox (3).jpg,Varicela,5,Val
Train/Herpes/Herpes (297).jpg,Herpes,5,Test
Train/Monkeypox/2024-06-27_16-43-19_6594.png,Monkeypox,5,Train
Train/Monkeypox/2024-06-27_15-56-01_2331.png,Monkeypox,5,Val
Train/Sarampion/2024-06-26_13-21-10_5010.png,Sarampion,5,Train
Train/Herpes/Herpes (256).jpg,Herpes,5,Val
Train/Sarampion/2024-06-26_12-49-51_7739.png,Sarampion,5,Train
Train/Varicela/2024-06-27_12-26-55_4277.png,Varicela,5,Train
Train/Sarampion/2024-06-26_14-57-58_4742.png,Sarampion,5,Train
Train/Varicela/2024-06-27_13-19-41_3117.png,Varicela,5,Train
Train/Monkeypox/2024-06-27_16-05-23_7051.png,Monkeypox,5,Train
Train/Monkeypox/2024-06-27_13-53-49_8657.png,Monkeypox,5,Train
Test/Varicela/2024-06-25_21-37-35_5856.png,Varicela,5,Train
Val/Monkeypox/MonkeyPox (36).png,Monkeypox,5,Val
Train/Varicela/2024-06-27_12-00-14_3007.png,Varicela,5,Val
Train/Varicela/2024-06-26_21-28-50_5244.png,Varicela,5,Val
Test/Varicela/2024-06-25_21-37-13_9023.png,Varicela,5,Test
Train/Sarampion/2024-06-26_15-14-59_6587.png,Sarampion,5,Test
Train/Monkeypox/2024-06-27_14-10-49_8828.png,Monkeypox,5,Test
Test/Sarampion/Sarampion (3).png,Sarampion,5,Val
Train/Sarampion/2024-06-26_14-18-43_1449.png,Sarampion,5,Train
Test/Monkeypox/MonkeyPox (9).png,Monkeypox,5,Train
Train/Varicela/ChickenPox (232).jpg,Varicela,5,Train
Train/Sarampion/2024-06-26_12-48-38_4965.png,Sarampion,5,Val
Test/Varicela/ChickenPox (38).png,Varicela,5,Train
Train/Varicela/2024-06-27_13-00-36_6029.png,Varicela,5,Train
Train/Herpes/2024-06-26_19-59-06_2731.png,Herpes,6,Val
Train/Herpes/2024-06-24_22-25-44_4746.png,Herpes,6,Train
Train/Herpes/2024-06-24_21-30-57_1119.png,Herpes,6,Train
Train/Herpes/2024-06-26_20-16-27_2419.png,Herpes,6,Train
Train/Herpes/2024-06-26_20-33-21_9436.png,Herpes,6,Test
Train/Herpes/2024-06-26_20-28-42_1276.png,Herpes,6,Val
Train/Herpes/2024-06-24_22-39-53_9260.png,Herpes,6,Train
Train/Herpes/2024-06-26_20-00-00_2438.png,Herpes,6,Val
Train/Herpes/2024-06-24_22-24-05_4912.png,Herpes,6,Train
Train/Herpes/2024-06-26_20-32-30_7417.png,Herpes,6,Train
Train/Monkeypox/2024-06-27_17-18-10_5638.png,Monkeypox,6,Test
Train/Monkeypox/MonkeyPox (119).jpg,Monkeypox,6,Train
Train/Monkeypox/2024-06-27_17-04-03_5055.png,Monkeypox,6,Val
Train/Monkeypox/2024-06-27_17-15-54_6385.png,Monkeypox,6,Val
Train/Monkeypox/2024-06-27_15-15-30_1184.png,Monkeypox,6,Test
Train/Monkeypox/2024-06-27_15-21-00_4397.png,Monkeypox,6,Val
Train/Monkeypox/2024-06-27_16-55-56_6429.png,Monkeypox,6,Test
Train/Monkeypox/2024-06-27_14-57-21_4658.png,Monkeypox,6,Train
Train/Monkeypox/2024-06-27_16-09-50_4446.png,Monkeypox,6,Test
Train/Monkeypox/MonkeyPox (12).png,Monkeypox,6,Train
Train/Monkeypox/2024-06-27_16-40-50_5478.png,Monkeypox,6,Train
Train/Monkeypox/2024-06-27_16-11-34_7850.png,Monkeypox,6,Train
Train/Monkeypox/2024-06-27_17-42-30_9573.png,Monkeypox,6,Train
Train/Monkeypox/2024-06-27_16-02-21_3451.png,Monkeypox,6,Train
Train/Monkeypox/2024-06-27_16-41-54_5120.png,Monkeypox,6,Train
Train/Monkeypox/2024-06-27_15-50-39_9232.png,Monkeypox,6,Train
Train/Monkeypox/2024-06-27_16-01-18_1261.png,Monkeypox,6,Train
Train/Monkeypox/2024-06-27_17-01-01_1172.png,Monkeypox,6,Test
Train/Monkeypox/2024-06-27_17-45-32_7703.png,Monkeypox,6,Test
Train/Monkeypox/2024-06-27_17-42-52_5360.png,Monkeypox,6,Train
Train/Monkeypox/2024-06-27_14-02-31_3776.png,Monkeypox,6,Val
Train/Monkeypox/2024-06-27_17-50-27_3590.png,Monkeypox,6,Val
Train/Monkeypox/MonkeyPox (168).jpg,Monkeypox,6,Train
Train/Monkeypox/2024-06-27_16-46-36_6608.png,Monkeypox,6,Train
Train/Monkeypox/2024-06-27_14-00-36_6070.png,Monkeypox,6,Train
Train/Monkeypox/2024-06-27_14-18-51_3062.png,Monkeypox,6,Train
Train/Monkeypox/2024-06-27_15-49-56_8367.png,Monkeypox,6,Test
Train/Monkeypox/2024-06-27_14-52-08_5422.png,Monkeypox,6,Train
Train/Monkeypox/MonkeyPox (176).jpg,Monkeypox,6,Train
Train/Monkeypox/MonkeyPox (64).jpg,Monkeypox,6,Test
Train/Monkeypox/2024-06-27_15-34-33_4126.png,Monkeypox,6,Train
Train/Monkeypox/2024-06-27_16-56-59_4214.png,Monkeypox,6,Val
Train/Monkeypox/2024-06-27_15-16-04_2907.png,Monkeypox,6,Train
Train/Monkeypox/2024-06-27_16-06-05_8682.png,Monkeypox,6,Train
Train/Monkeypox/2024-06-27_13-57-46_4307.png,Monkeypox,6,Train
Train/Monkeypox/2024-06-27_17-20-03_5247.png,Monkeypox,6,Test
Train/Monkeypox/MonkeyPox (105).png,Monkeypox,6,Train
Train/Monkeypox/2024-06-27_14-52-28_5298.png,Monkeypox,6,Train
Train/Monkeypox/2024-06-27_17-43-15_7289.png,Monkeypox,6,Train
Train/Monkeypox/2024-06-27_14-54-11_8569.png,Monkeypox,6,Train
Train/Monkeypox/2024-06-27_16-32-48_7476.png,Monkeypox,6,Train
Train/Monkeypox/MonkeyPox (183).jpg,Monkeypox,6,Val
Train/Monkeypox/2024-06-27_16-59-09_9054.png,Monkeypox,6,Train
Train/Monkeypox/2024-06-27_15-49-34_9540.png,Monkeypox,6,Test
Train/Monkeypox/2024-06-27_16-38-42_9869.png,Monkeypox,6,Train
Train/Monkeypox/2024-06-27_15-08-13_7810.png,Monkeypox,6,Train
Train/Monkeypox/2024-06-27_15-30-50_6002.png,Monkeypox,6,Train
Train/Monkeypox/2024-06-27_17-53-25_7938.png,Monkeypox,6,Train
Train/Monkeypox/2024-06-27_15-42-16_6387.png,Monkeypox,6,Train
Train/Monkeypox/2024-06-27_16-32-26_5748.png,Monkeypox,6,Train
Train/Monkeypox/2024-06-27_16-39-03_5719.png,Monkeypox,6,Test
Train/Monkeypox/2024-06-27_16-42-36_8358.png,Monkeypox,6,Train
Train/Monkeypox/2024-06-27_14-03-39_2943.png,Monkeypox,6,Train
Train/Monkeypox/2024-06-27_17-14-24_5816.png,Monkeypox,6,Train
Train/Monkeypox/2024-06-27_15-02-21_1478.png,Monkeypox,6,Val
Train/Varicela/2024-06-27_11-23-22_7767.png,Varicela,6,Train
Train/Varicela/ChickenPox (67).jpg,Varicela,6,Train
Train/Varicela/ChickenPox (124).jpg,Varicela,6,Train
Train/Varicela/2024-06-27_11-27-46_2502.png,Varicela,6,Train
Train/Varicela/2024-06-26_23-10-04_2229.png,Varicela,6,Train
Train/Varicela/ChickenPox (225).jpg,Varicela,6,Train
Train/Varicela/2024-06-27_12-25-49_8796.png,Varicela,6,Val
Train/Varicela/2024-06-27_12-20-37_5347.png,Varicela,6,Val
Train/Varicela/2024-06-27_13-23-04_4621.png,Varicela,6,Train
Train/Varicela/2024-06-26_21-03-51_2168.png,Varicela,6,Train
Train/Varicela/2024-06-27_12-17-37_9902.png,Varicela,6,Val
Train/Varicela/2024-06-25_21-38-42_1894.png,Varicela,6,Train
Train/Varicela/ChickenPox (57).png,Varicela,6,Train
Train/Varicela/2024-06-27_13-05-13_9479.png,Varicela,6,Val
Train/Varicela/2024-06-27_13-09-47_8141.png,Varicela,6,Train
Train/Varicela/2024-06-26_23-15-54_5816.png,Varicela,6,Train
Train/Varicela/2024-06-27_11-22-38_8705.png,Varicela,6,Train
Train/Varicela/2024-06-26_21-25-10_8880.png,Varicela,6,Train
Train/Varicela/2024-06-26_00-12-13_1837.png,Varicela,6,Train
Train/Varicela/2024-06-27_00-41-48_7699.png,Varicela,6,Train
Train/Varicela/ChickenPox (222).jpg,Varicela,6,Train
Train/Varicela/2024-06-27_13-06-21_4404.png,Varicela,6,Train
Train/Varicela/ChickenPox (258).jpg,Varicela,6,Test
Train/Varicela/2024-06-26_23-29-52_3990.png,Varicela,6,Val
Train/Varicela/2024-06-27_12-16-30_9803.png,Varicela,6,Train
Train/Varicela/2024-06-27_11-45-02_2390.png,Varicela,6,Train
Train/Varicela/ChickenPox (51).png,Varicela,6,Train
Train/Varicela/ChickenPox (265).jpg,Varicela,6,Train
Train/Varicela/2024-06-25_22-51-36_2788.png,Varicela,6,Val
Train/Varicela/2024-06-27_13-33-29_2260.png,Varicela,6,Train
Train/Varicela/ChickenPox (218).jpg,Varicela,6,Test
Train/Varicela/2024-06-27_12-14-38_7691.png,Varicela,6,Train
Train/Varicela/2024-06-27_12-03-36_5978.png,Varicela,6,Train
Train/Varicela/2024-06-25_21-41-36_4208.png,Varicela,6,Train
Train/Varicela/2024-06-27_13-14-23_4885.png,Varicela,6,Train
Train/Varicela/ChickenPox (188).jpg,Varicela,6,Train
Train/Varicela/2024-06-25_22-56-41_5614.png,Varicela,6,Train
Train/Varicela/ChickenPox (278).jpg,Varicela,6,Train
Train/Varicela/2024-06-26_20-58-35_8287.png,Varicela,6,Train
Train/Varicela/2024-06-27_12-23-13_3807.png,Varicela,6,Train
Train/Varicela/2024-06-26_21-43-52_2834.png,Varicela,6,Train
Train/Varicela/2024-06-26_22-22-35_1947.png,Varicela,6,Train
Train/Varicela/2024-06-25_21-30-59_7969.png,Varicela,6,Val
Train/Varicela/ChickenPox (279).jpg,Varicela,6,Train
Train/Varicela/2024-06-27_13-22-20_2530.png,Varicela,6,Train
Train/Varicela/2024-06-26_21-47-08_5752.png,Varicela,6,Val
Train/Varicela/2024-06-26_21-33-31_2267.png,Varicela,6,Train
Train/Melanoma/Melanoma (207).jpg,Melanoma,6,Train
Train/Melanoma/Melanoma (167).jpg,Melanoma,6,Train
Train/Melanoma/Melanoma (421).jpg,Melanoma,6,Train
Train/Melanoma/Melanoma (424).jpg,Melanoma,6,Train
Train/Melanoma/Melanoma (276).jpg,Melanoma,6,Train
Train/Melanoma/Melanoma (439).jpg,Melanoma,6,Train
Train/Melanoma/melanoma_5669.jpg,Melanoma,6,Val
Train/Melanoma/Melanoma (154).jpg,Melanoma,6,Test
Train/Melanoma/Melanoma (369).jpg,Melanoma,6,Train
Train/Melanoma/melanoma_5698.jpg,Melanoma,6,Train
Train/Melanoma/Melanoma (206).jpg,Melanoma,6,Train
Train/Melanoma/Melanoma (108).jpg,Melanoma,6,Train
Train/Melanoma/Melanoma (225).jpg,Melanoma,6,Train
Train/Sarampion/2024-06-26_17-06-48_1275.png,Sarampion,6,Test
Train/Sarampion/Sarampion (34).jpg,Sarampion,6,Train
Train/Sarampion/Sarampion (99).jpg,Sarampion,6,Train
Train/Sarampion/2024-06-26_12-13-46_3831.png,Sarampion,6,Train
Train/Sarampion/2024-06-26_18-26-56_2099.png,Sarampion,6,Train
Train/Sarampion/2024-06-26_17-30-13_9287.png,Sarampion,6,Train
Train/Sarampion/2024-06-26_18-53-19_4672.png,Sarampion,6,Train
Train/Sarampion/2024-06-26_17-33-09_9314.png,Sarampion,6,Train
Train/Sarampion/2024-06-26_12-18-48_6483.png,Sarampion,6,Train
Train/Sarampion/2024-06-26_17-17-13_1972.png,Sarampion,6,Train
Train/Sarampion/2024-06-26_12-09-55_7255.png,Sarampion,6,Train
Train/Sarampion/2024-06-26_18-39-15_9521.png,Sarampion,6,Train
Train/Sarampion/2024-06-26_12-13-23_8548.png,Sarampion,6,Train
Train/Sarampion/Sarampion (63).jpg,Sarampion,6,Train
Train/Sarampion/2024-06-26_12-14-41_4147.png,Sarampion,6,Train
Train/Sarampion/2024-06-26_18-54-10_3473.png,Sarampion,6,Test
Train/Sarampion/2024-06-26_18-51-17_6827.png,Sarampion,6,Train
Train/Sarampion/2024-06-26_12-13-00_2392.png,Sarampion,6,Train
Train/Sarampion/2024-06-26_18-38-52_1584.png,Sarampion,6,Train
Train/Sarampion/2024-06-26_17-33-55_2715.png,Sarampion,6,Train
Train/Sarampion/2024-06-26_18-46-07_8847.png,Sarampion,6,Train
Train/Sarampion/2024-06-26_18-29-45_4418.png,Sarampion,6,Test
Train/Sarampion/2024-06-26_18-49-37_3624.png,Sarampion,6,Val
Train/Sarampion/2024-06-26_12-15-30_8710.png,Sarampion,6,Train
Train/Sarampion/2024-06-26_17-21-07_7403.png,Sarampion,6,Train
Train/Sarampion/2024-06-26_13-32-47_3652.png,Sarampion,6,Test
Train/Sarampion/2024-06-26_18-34-51_1021.png,Sarampion,6,Train
Train/Sarampion/Sarampion (81).png,Sarampion,6,Train
Train/Sarampion/2024-06-26_18-34-27_7487.png,Sarampion,6,Train
Train/Sarampion/Sarampion (60).png,Sarampion,6,Train
Train/Sarampion/2024-06-26_18-52-05_8640.png,Sarampion,6,Test
Train/Sarampion/2024-06-26_12-12-04_1572.png,Sarampion,6,Train
Train/Sarampion/2024-06-26_15-55-42_9594.png,Sarampion,6,Train
Train/Sarampion/2024-06-26_12-10-47_9594.png,Sarampion,6,Train
Train/Sarampion/2024-06-26_17-13-45_5162.png,Sarampion,6,Val
Train/Sarampion/2024-06-26_18-35-38_6808.png,Sarampion,6,Val
Train/Sarampion/2024-06-26_17-17-34_2732.png,Sarampion,6,Train
Train/Sarampion/Sarampion (46).png,Sarampion,6,Train
Train/Sarampion/2024-06-26_18-20-50_1741.png,Sarampion,6,Train
Train/Sarampion/2024-06-26_12-18-02_3000.png,Sarampion,6,Train
Train/Sarampion/2024-06-26_18-21-15_3616.png,Sarampion,6,Train
Train/Sarampion/2024-06-26_18-32-01_3999.png,Sarampion,6,Train
Train/Sarampion/2024-06-26_17-19-08_7470.png,Sarampion,6,Train
Train/Sarampion/2024-06-26_18-45-32_8285.png,Sarampion,6,Test
Train/Sarampion/2024-06-26_17-19-55_9561.png,Sarampion,6,Train
Train/Sarampion/2024-06-26_18-43-03_4744.png,Sarampion,6,Val
Train/Sarampion/2024-06-26_18-30-15_8910.png,Sarampion,6,Train
Train/Sarampion/Sarampion.jpeg,Sarampion,6,Train
Train/Sarampion/2024-06-26_18-50-54_6828.png,Sarampion,6,Train
Train/Sarampion/2024-06-26_17-33-32_6380.png,Sarampion,6,Train
Train/Sarampion/2024-06-26_12-11-40_8397.png,Sarampion,6,Train
Train/Sarampion/2024-06-26_18-28-54_2223.png,Sarampion,6,Train
Train/Sarampion/2024-06-26_12-21-06_4254.png,Sarampion,6,Train
Train/Sarampion/2024-06-26_15-20-17_4986.png,Sarampion,6,Train
Train/Sarampion/Sarampion (75).png,Sarampion,6,Test
Train/Sarampion/2024-06-26_18-43-52_5069.png,Sarampion,6,Val
Train/Sarampion/2024-06-26_12-19-10_2182.png,Sarampion,6,Test
Train/Sarampion/Sarampion (71).jpg,Sarampion,6,Val
Train/Sarampion/2024-06-26_18-41-33_8344.png,Sarampion,6,Train
Train/Sarampion/2024-06-26_18-29-19_9529.png,Sarampion,6,Val
Train/Sarampion/2024-06-26_18-41-57_2773.png,Sarampion,6,Test
Train/Sarampion/2024-06-26_18-47-59_2594.png,Sarampion,6,Train
Train/Sarampion/2024-06-26_18-50-23_9423.png,Sarampion,6,Train
Train/Sarampion/2024-06-26_18-20-56_9388.png,Sarampion,6,Train
Train/Sarampion/Sarampion (156).jpg,Sarampion,6,Val
Train/Sarampion/2024-06-26_18-28-28_2670.png,Sarampion,6,Train
Train/Sarampion/2024-06-26_18-20-42_6725.png,Sarampion,6,Test
Train/Sarampion/2024-06-26_18-31-32_3669.png,Sarampion,6,Train
Train/Sarampion/Sarampion (122).jpg,Sarampion,6,Train
Train/Sarampion/2024-06-26_18-23-21_5509.png,Sarampion,6,Train
Train/Sarampion/Sarampion (58).png,Sarampion,6,Train
Train/Sarampion/2024-06-26_18-22-15_6467.png,Sarampion,6,Train
Train/Sarampion/2024-06-26_18-22-40_3317.png,Sarampion,6,Train
Train/Sarampion/2024-06-26_17-22-28_4993.png,Sarampion,6,Train
Train/Sarampion/2024-06-26_17-18-22_5687.png,Sarampion,6,Val
Train/Sarampion/2024-06-26_12-14-09_8993.png,Sarampion,6,Train
Train/Sarampion/2024-06-26_12-12-27_2080.png,Sarampion,6,Train
Train/Sarampion/Sarampion (68).png,Sarampion,6,Train
Train/Sarampion/2024-06-26_12-18-25_3518.png,Sarampion,6,Val
Train/Sarampion/2024-06-26_17-12-32_1943.png,Sarampion,6,Val
Train/Sarampion/2024-06-26_12-17-39_1278.png,Sarampion,6,Train
Train/Sarampion/2024-06-26_18-26-19_1707.png,Sarampion,6,Train
Train/Sarampion/2024-06-26_18-40-35_9429.png,Sarampion,6,Train
Train/Sarampion/2024-06-26_11-56-48_4821.png,Sarampion,6,Val
Train/Sarampion/2024-06-26_18-50-00_5687.png,Sarampion,6,Train
Train/Sarampion/Sarampion (83).png,Sarampion,6,Test
Train/Sarampion/2024-06-26_18-41-01_7341.png,Sarampion,6,Test
Train/Sarampion/2024-06-26_12-20-01_8361.png,Sarampion,6,Train
Train/Sarampion/Sarampion (8).jpg,Sarampion,6,Train
Train/Sarampion/2024-06-26_17-20-19_7898.png,Sarampion,6,Train
Train/Sarampion/2024-06-26_18-48-23_2524.png,Sarampion,6,Train
Train/Sarampion/2024-06-26_13-19-14_4091.png,Sarampion,6,Train
Train/Sarampion/2024-06-26_16-49-12_3470.png,Sarampion,6,Train
Train/Sarampion/Sarampion (37).png,Sarampion,6,Train
Train/Sarampion/2024-06-26_17-21-54_5728.png,Sarampion,6,Train
Train/Sarampion/2024-06-26_13-56-58_5654.png,Sarampion,6,Train
Train/Sarampion/2024-06-26_18-43-28_6048.png,Sarampion,6,Train
Train/Sarampion/2024-06-26_18-52-53_8287.png,Sarampion,6,Train
Train/Sarampion/2024-06-26_18-52-30_1239.png,Sarampion,6,Train
Train/Sarampion/Sarampion (52).jpg,Sarampion,6,Train
Train/Sarampion/2024-06-26_12-19-31_3606.png,Sarampion,6,Train
Train/Sarampion/Sarampion (59).png,Sarampion,6,Val
Train/Sarampion/2024-06-26_18-48-46_1629.png,Sarampion,6,Train
Train/Sarampion/2024-06-26_17-22-52_8567.png,Sarampion,6,Train
Train/Sarampion/2024-06-26_15-19-25_4994.png,Sarampion,6,Train
Train/Sarampion/2024-06-26_17-30-39_1313.png,Sarampion,6,Val
Train/Sarampion/2024-06-26_12-10-19_6265.png,Sarampion,6,Train
Train/Sarampion/2024-06-26_17-32-03_3173.png,Sarampion,6,Train
Train/Sarampion/2024-06-26_18-30-41_4357.png,Sarampion,6,Train
Test/Herpes/Herpes (29).jpg,Herpes,6,Train
Test/Herpes/Herpes (18).jpg,Herpes,6,Train
Test/Herpes/2024-06-26_20-39-30_8341.png,Herpes,6,Train
Test/Herpes/Herpes (44).jpg,Herpes,6,Train
Test/Herpes/Herpes (13).jpg,Herpes,6,Train
Test/Herpes/Herpes (5).png,Herpes,6,Train
Test/Monkeypox/2024-06-27_15-08-34_5633.png,Monkeypox,6,Train
Test/Monkeypox/MonkeyPox (28).jpg,Monkeypox,6,Train
Test/Monkeypox/2024-06-27_15-10-20_8807.png,Monkeypox,6,Train
Test/Monkeypox/MonkeyPox (105).jpg,Monkeypox,6,Train
Test/Monkeypox/MonkeyPox (3).png,Monkeypox,6,Train
Test/Monkeypox/2024-06-27_14-16-08_7006.png,Monkeypox,6,Val
Test/Monkeypox/2024-06-27_14-09-37_4091.png,Monkeypox,6,Train
Test/Monkeypox/MonkeyPox (9).jpg,Monkeypox,6,Train
Test/Monkeypox/MonkeyPox (117).jpg,Monkeypox,6,Val
Test/Monkeypox/MonkeyPox (17).jpg,Monkeypox,6,Test
Test/Monkeypox/2024-06-27_15-08-58_1940.png,Monkeypox,6,Train
Test/Monkeypox/MonkeyPox (39).jpg,Monkeypox,6,Train
Test/Monkeypox/2024-06-27_14-10-01_4450.png,Monkeypox,6,Test
Test/Monkeypox/2024-06-27_13-59-23_4022.png,Monkeypox,6,Train
Test/Varicela/2024-06-27_12-05-49_1014.png,Varicela,6,Train
Test/Varicela/2024-06-27_11-43-31_5038.png,Varicela,6,Train
Test/Varicela/ChickenPox (60).jpg,Varicela,6,Test
Test/Varicela/ChickenPox (31).png,Varicela,6,Train
Test/Varicela/ChickenPox (44).png,Varicela,6,Train
Test/Varicela/2024-06-25_23-32-13_6030.png,Varicela,6,Train
Test/Melanoma/Melanoma (2).jpg,Melanoma,6,Val
Test/Melanoma/Melanoma (66).jpg,Melanoma,6,Val
Test/Sarampion/2024-06-26_18-55-04_6340.png,Sarampion,6,Val
Test/Sarampion/2024-06-26_12-16-35_2776.png,Sarampion,6,Train
Test/Sarampion/Sarampion (48).png,Sarampion,6,Train
Test/Sarampion/2024-06-26_18-25-29_9961.png,Sarampion,6,Train
Test/Sarampion/Sarampion (32).png,Sarampion,6,Train
Test/Sarampion/2024-06-26_14-01-28_8761.png,Sarampion,6,Val
Test/Sarampion/2024-06-26_18-55-27_6748.png,Sarampion,6,Test
Test/Sarampion/2024-06-26_17-15-57_5912.png,Sarampion,6,Train
Test/Sarampion/2024-06-26_18-47-24_2909.png,Sarampion,6,Train
Test/Sarampion/2024-06-26_17-29-44_1576.png,Sarampion,6,Test
Test/Sarampion/2024-06-26_18-46-32_6310.png,Sarampion,6,Train
Test/Sarampion/2024-06-26_18-54-40_4156.png,Sarampion,6,Train
Test/Sarampion/2024-06-26_12-16-14_5492.png,Sarampion,6,Train
Test/Sarampion/2024-06-26_17-25-28_7382.png,Sarampion,6,Val
Test/Sarampion/2024-06-26_12-09-05_5942.png,Sarampion,6,Train
Test/Sarampion/2024-06-26_18-25-06_6595.png,Sarampion,6,Train
Test/Sarampion/2024-06-26_17-14-45_6203.png,Sarampion,6,Val
Test/Sarampion/2024-06-26_17-16-45_3964.png,Sarampion,6,Test
Test/Sarampion/2024-06-26_12-09-31_9870.png,Sarampion,6,Train
Test/Sarampion/2024-06-26_12-17-18_7060.png,Sarampion,6,Train
Test/Sarampion/Sarampion (9).jpg,Sarampion,6,Val
Test/Sarampion/2024-06-26_17-24-12_1688.png,Sarampion,6,Train
Test/Sarampion/2024-06-26_18-23-44_7036.png,Sarampion,6,Train
Test/Sarampion/2024-06-26_18-25-56_9550.png,Sarampion,6,Train
Test/Sarampion/2024-06-26_18-46-57_1618.png,Sarampion,6,Train
Test/Sarampion/2024-06-26_14-56-41_7181.png,Sarampion,6,Val
Test/Sarampion/Sarampion (17).jpg,Sarampion,6,Val
Test/Sarampion/2024-06-26_18-36-04_7670.png,Sarampion,6,Train
Test/Sarampion/2024-06-26_17-24-34_7466.png,Sarampion,6,Train
Test/Sarampion/Sarampion (20).jpeg,Sarampion,6,Train
Val/Herpes/Herpes (59).jpg,Herpes,6,Train
Val/Monkeypox/MonkeyPox (14).jpg,Monkeypox,6,Train
Val/Monkeypox/MonkeyPox (11).jpg,Monkeypox,6,Val
Val/Monkeypox/MonkeyPox (14).jpeg,Monkeypox,6,Train
Val/Varicela/ChickenPox (24).png,Varicela,6,Train
Val/Varicela/ChickenPox (5).jpg,Varicela,6,Train
Val/Varicela/ChickenPox (9).jpg,Varicela,6,Train
Val/Melanoma/Melanoma (128).jpg,Melanoma,6,Train
Val/Melanoma/Melanoma (186).jpg,Melanoma,6,Test
Val/Sarampion/Sarampion (41).png,Sarampion,6,Test
Val/Sarampion/Sarampion (2).png,Sarampion,6,Train
Val/Sarampion/Sarampion (18).png,Sarampion,6,Test
Val/Sarampion/Sarampion (2).jpeg,Sarampion,6,Val
Val/Sarampion/Sarampion (14).jpeg,Sarampion,6,Train
Test/Varicela/ChickenPox (87).jpg,Varicela,6,Train
Train/Sarampion/2024-06-26_13-34-03_3621.png,Sarampion,6,Train
Train/Sarampion/2024-06-26_17-21-31_4636.png,Sarampion,6,Train
Train/Monkeypox/2024-06-27_13-57-20_2703.png,Monkeypox,6,Train
Test/Varicela/2024-06-25_23-07-03_7302.png,Varicela,6,Train
Test/Herpes/2024-06-26_20-41-17_6240.png,Herpes,6,Train
Train/Varicela/2024-06-26_23-34-23_5504.png,Varicela,6,Train
Train/Varicela/2024-06-27_12-02-07_7463.png,Varicela,6,Test
Test/Monkeypox/2024-06-27_15-22-32_9308.png,Monkeypox,6,Train
Train/Sarampion/2024-06-26_15-15-19_6482.png,Sarampion,6,Train
Train/Sarampion/Sarampion (45).jpg,Sarampion,6,Test
Train/Varicela/ChickenPox (133).jpg,Varicela,6,Train
Test/Herpes/Herpes (38).jpg,Herpes,6,Val
Train/Varicela/ChickenPox (241).jpg,Varicela,6,Train
Train/Monkeypox/MonkeyPox (142).png,Monkeypox,6,Train
Train/Varicela/ChickenPox (192).jpg,Varicela,6,Train
Train/Monkeypox/MonkeyPox (178).jpg,Monkeypox,6,Train
Train/Varicela/ChickenPox (263).jpg,Varicela,6,Test
Train/Varicela/2024-06-25_21-34-59_8825.png,Varicela,6,Test
Train/Sarampion/2024-06-26_15-04-05_3977.png,Sarampion,6,Train
Val/Varicela/ChickenPox (12).jpeg,Varicela,6,Train
Train/Herpes/Herpes.jpg,Herpes,6,Train
Train/Varicela/2024-06-25_23-26-55_5054.png,Varicela,6,Train
Train/Sarampion/2024-06-26_13-58-38_3554.png,Sarampion,6,Train
Train/Monkeypox/2024-06-27_13-55-01_8231.png,Monkeypox,6,Train
Test/Herpes/2024-06-26_20-34-15_6954.png,Herpes,6,Test
Train/Sarampion/Sarampion (102).jpg,Sarampion,6,Test
Train/Sarampion/2024-06-26_15-08-43_2940.png,Sarampion,6,Train
Train/Sarampion/2024-06-26_18-13-01_6573.png,Sarampion,6,Train
Train/Varicela/2024-06-25_23-42-05_6670.png,Varicela,6,Train
Train/Monkeypox/2024-06-27_15-30-27_8136.png,Monkeypox,6,Train
Train/Varicela/2024-06-27_00-08-58_9769.png,Varicela,6,Train
Train/Varicela/2024-06-27_12-03-59_8548.png,Varicela,6,Train
Train/Varicela/2024-06-26_21-14-28_3487.png,Varicela,6,Train
Train/Herpes/Herpes (261).jpg,Herpes,6,Train
Train/Monkeypox/2024-06-27_16-35-25_1474.png,Monkeypox,6,Val
Train/Varicela/ChickenPox (91).jpg,Varicela,6,Test
Train/Sarampion/Sarampion (69).png,Sarampion,6,Train
Val/Sarampion/Sarampion (14).png,Sarampion,6,Train
Train/Varicela/2024-06-27_12-01-22_7986.png,Varicela,6,Train
Train/Sarampion/2024-06-26_11-59-57_7197.png,Sarampion,6,Train
Train/Sarampion/Sarampion (123).jpg,Sarampion,6,Train
Train/Herpes/2024-06-24_22-08-54_7574.png,Herpes,6,Train
Train/Monkeypox/2024-06-27_14-17-03_8584.png,Monkeypox,6,Train
Train/Varicela/2024-06-26_21-50-27_6383.png,Varicela,6,Train
Test/Herpes/Herpes (51).jpg,Herpes,6,Train
Train/Sarampion/Sarampion (85).jpg,Sarampion,6,Train
Train/Herpes/Herpes.png,Herpes,6,Train
Train/Varicela/ChickenPox (255).jpg,Varicela,6,Test
Train/Monkeypox/2024-06-27_16-32-03_5617.png,Monkeypox,6,Val
Train/Varicela/ChickenPox (221).jpg,Varicela,6,Train
Test/Monkeypox/MonkeyPox (134).jpg,Monkeypox,6,Train
Train/Sarampion/Sarampion (73).jpg,Sarampion,6,Val
Train/Monkeypox/2024-06-27_13-58-11_9592.png,Monkeypox,6,Train
Test/Varicela/ChickenPox (49).png,Varicela,6,Val
Train/Herpes/2024-06-24_21-30-27_9522.png,Herpes,6,Train
Train/Varicela/ChickenPox (228).jpg,Varicela,6,Test
Train/Sarampion/2024-06-26_16-11-54_9373.png,Sarampion,6,Train
Train/Herpes/Herpes (262).jpg,Herpes,6,Train
Test/Herpes/Herpes (74).jpg,Herpes,6,Train
Train/Sarampion/2024-06-26_12-58-54_4368.png,Sarampion,6,Train
Train/Monkeypox/2024-06-27_16-03-29_1919.png,Monkeypox,6,Train
Test/Sarampion/2024-06-26_15-06-38_7428.png,Sarampion,6,Train
Train/Varicela/2024-06-26_21-42-24_5384.png,Varicela,6,Train
Train/Varicela/2024-06-25_22-36-19_9409.png,Varicela,6,Train
Test/Sarampion/2024-06-26_11-54-26_3910.png,Sarampion,6,Val
Train/Monkeypox/2024-06-27_15-30-04_7633.png,Monkeypox,6,Train
Train/Herpes/2024-06-24_22-23-40_9531.png,Herpes,6,Test
Train/Sarampion/Sarampion (45).png,Sarampion,6,Val
Val/Herpes/Herpes (28).jpg,Herpes,6,Train
Train/Varicela/ChickenPox (229).jpg,Varicela,6,Val
Train/Herpes/2024-06-24_22-37-38_3707.png,Herpes,6,Val
Train/Herpes/Herpes (194).jpg,Herpes,6,Train
Train/Sarampion/Sarampion (67).jpg,Sarampion,6,Train
Train/Sarampion/Sarampion (94).jpg,Sarampion,6,Train
Train/Varicela/ChickenPox (132).jpg,Varicela,6,Train
Train/Varicela/2024-06-25_21-32-59_3164.png,Varicela,6,Train
Train/Sarampion/2024-06-26_12-07-02_7219.png,Sarampion,6,Train
Train/Herpes/Herpes (162).jpg,Herpes,6,Train
Test/Sarampion/2024-06-26_11-56-01_5361.png,Sarampion,6,Val
Train/Sarampion/2024-06-26_13-59-29_3375.png,Sarampion,6,Train
Train/Varicela/2024-06-27_11-59-28_1614.png,Varicela,6,Train
Train/Monkeypox/2024-06-27_16-35-47_5319.png,Monkeypox,6,Test
Train/Monkeypox/2024-06-27_13-56-56_8334.png,Monkeypox,6,Train
Train/Varicela/2024-06-26_22-22-58_8722.png,Varicela,6,Train
Train/Varicela/ChickenPox (174).jpg,Varicela,6,Train
Train/Varicela/2024-06-27_13-23-48_7560.png,Varicela,6,Train
Train/Monkeypox/2024-06-27_14-06-48_9948.png,Monkeypox,6,Train
Train/Varicela/2024-06-27_12-22-51_8259.png,Varicela,6,Val
Train/Varicela/ChickenPox (59).png,Varicela,6,Train
Train/Varicela/2024-06-26_23-41-52_7860.png,Varicela,6,Test
Train/Monkeypox/2024-06-27_16-45-06_3027.png,Monkeypox,6,Train
Val/Varicela/ChickenPox (10).jpeg,Varicela,6,Train
Train/Varicela/2024-06-27_12-09-09_1375.png,Varicela,6,Train
Train/Monkeypox/2024-06-27_15-31-36_1699.png,Monkeypox,6,Train
Train/Monkeypox/2024-06-27_17-00-17_9938.png,Monkeypox,6,Train
Train/Varicela/2024-06-25_21-31-46_9293.png,Varicela,6,Test
Test/Sarampion/2024-06-26_15-05-21_1652.png,Sarampion,6,Train
Train/Sarampion/2024-06-26_13-00-26_1168.png,Sarampion,6,Train
Train/Monkeypox/2024-06-27_17-02-55_8647.png,Monkeypox,6,Train
Test/Varicela/2024-06-26_23-15-32_6074.png,Varicela,6,Val
Train/Herpes/Herpes (191).jpg,Herpes,6,Test
Train/Herpes/2024-06-24_22-26-33_4237.png,Herpes,6,Train
Val/Sarampion/Sarampion (34).png,Sarampion,6,Train
Train/Monkeypox/2024-06-27_16-41-11_5769.png,Monkeypox,6,Train
Val/Varicela/ChickenPox (11).jpeg,Varicela,6,Train
Test/Sarampion/2024-06-26_15-53-59_5452.png,Sarampion,6,Test
Train/Monkeypox/2024-06-27_13-54-37_8772.png,Monkeypox,6,Train
Train/Monkeypox/2024-06-27_15-44-12_6606.png,Monkeypox,6,Train
Train/Herpes/Herpes (301).jpg,Herpes,6,Test
Test/Sarampion/Sarampion (33).png,Sarampion,6,Test
Train/Monkeypox/2024-06-27_16-46-59_8373.png,Monkeypox,6,Train
Test/Sarampion/Sarampion (44).jpg,Sarampion,6,Train
Train/Varicela/2024-06-25_21-40-43_8904.png,Varicela,6,Train
Train/Sarampion/Sarampion (138).jpg,Sarampion,6,Train
Train/Monkeypox/2024-06-27_16-57-42_6530.png,Monkeypox,6,Train
Train/Varicela/ChickenPox (179).jpg,Varicela,6,Train
Train/Sarampion/Sarampion (133).jpg,Sarampion,6,Train
Train/Varicela/2024-06-27_12-58-30_3916.png,Varicela,6,Test
Train/Monkeypox/2024-06-27_16-47-45_4595.png,Monkeypox,6,Test
Train/Varicela/2024-06-26_22-21-16_1772.png,Varicela,6,Val
Train/Varicela/2024-06-27_11-28-30_5799.png,Varicela,6,Train
Train/Monkeypox/2024-06-27_15-06-29_8544.png,Monkeypox,6,Test
Train/Herpes/Herpes (170).jpg,Herpes,6,Train
Train/Varicela/2024-06-27_13-30-28_8366.png,Varicela,6,Val
Train/Monkeypox/MonkeyPox (155).png,Monkeypox,6,Test
Train/Monkeypox/2024-06-27_16-55-34_9688.png,Monkeypox,6,Val
Train/Herpes/2024-06-24_21-06-09_9645.png,Herpes,6,Train
Test/Sarampion/2024-06-26_15-50-55_9056.png,Sarampion,6,Test
Test/Varicela/ChickenPox (38).jpg,Varicela,6,Train
Train/Monkeypox/MonkeyPox (164).png,Monkeypox,6,Train
Test/Varicela/2024-06-27_11-30-42_5146.png,Varicela,6,Train
Train/Varicela/2024-06-25_21-31-21_6606.png,Varicela,6,Train
Train/Varicela/2024-06-26_21-48-53_4177.png,Varicela,6,Train
Train/Varicela/2024-06-27_12-26-33_2242.png,Varicela,6,Test
Val/Sarampion/Sarampion (42).png,Sarampion,6,Train
Train/Varicela/ChickenPox (187).jpg,Varicela,6,Train
Train/Sarampion/2024-06-26_14-13-24_4439.png,Sarampion,6,Test
Train/Varicela/2024-06-25_21-33-47_7689.png,Varicela,6,Train
Train/Monkeypox/MonkeyPox (106).png,Monkeypox,6,Train
Test/Sarampion/2024-06-26_12-50-45_8660.png,Sarampion,6,Train
Train/Sarampion/2024-06-26_16-37-39_3050.png,Sarampion,6,Val
Train/Herpes/Herpes (196).jpg,Herpes,6,Val
Test/Herpes/Herpes (126).jpg,Herpes,6,Train
Train/Monkeypox/MonkeyPox (29).png,Monkeypox,6,Train
Train/Varicela/2024-06-27_00-01-24_1094.png,Varicela,6,Val
Train/Varicela/2024-06-25_23-51-14_8933.png,Varicela,6,Val
Train/Sarampion/Sarampion (139).jpg,Sarampion,6,Val
Test/Sarampion/2024-06-26_13-24-18_3831.png,Sarampion,6,Train
Train/Monkeypox/MonkeyPox (158).png,Monkeypox,6,Test
Train/Varicela/2024-06-26_23-08-14_4919.png,Varicela,6,Train
Test/Varicela/2024-06-27_12-07-18_3814.png,Varicela,6,Train
Train/Monkeypox/2024-06-27_14-20-42_3059.png,Monkeypox,6,Train
Train/Varicela/2024-06-26_23-39-33_6681.png,Varicela,6,Test
Val/Herpes/Herpes (35).jpg,Herpes,6,Train
Train/Varicela/ChickenPox (163).jpg,Varicela,6,Train
Train/Varicela/2024-06-25_22-33-28_7859.png,Varicela,6,Train
Test/Sarampion/2024-06-26_14-19-28_8644.png,Sarampion,6,Train
Train/Sarampion/2024-06-26_11-59-09_9737.png,Sarampion,6,Train
Train/Varicela/2024-06-26_23-39-58_7227.png,Varicela,6,Train
Test/Varicela/2024-06-27_13-11-42_9144.png,Varicela,6,Train
Train/Monkeypox/2024-06-27_14-14-32_9360.png,Monkeypox,6,Train
Train/Herpes/Herpes (115).jpg,Herpes,6,Train
Train/Varicela/ChickenPox (158).jpg,Varicela,6,Train
Train/Varicela/ChickenPox (157).jpg,Varicela,6,Val
Train/Varicela/2024-06-25_22-20-24_8033.png,Varicela,6,Train
Train/Varicela/2024-06-27_13-29-45_3966.png,Varicela,6,Train
Train/Sarampion/2024-06-26_11-59-33_5864.png,Sarampion,6,Test
Train/Varicela/2024-06-26_22-21-38_8382.png,Varicela,6,Train
Train/Monkeypox/2024-06-27_14-14-04_7146.png,Monkeypox,6,Val
Train/Varicela/2024-06-26_21-50-05_2915.png,Varicela,6,Train
Train/Sarampion/2024-06-26_15-08-18_5207.png,Sarampion,6,Train
Train/Monkeypox/2024-06-27_16-00-14_4345.png,Monkeypox,6,Train
Test/Varicela/ChickenPox (61).jpg,Varicela,6,Train
Train/Monkeypox/2024-06-27_16-50-00_1112.png,Monkeypox,6,Train
Train/Varicela/2024-06-26_21-07-13_8006.png,Varicela,6,Train
Train/Varicela/2024-06-25_21-32-13_9390.png,Varicela,6,Train
Test/Monkeypox/2024-06-27_13-56-10_7526.png,Monkeypox,6,Val
Train/Monkeypox/2024-06-27_17-53-03_4787.png,Monkeypox,6,Train
Train/Sarampion/2024-06-26_15-18-09_5961.png,Sarampion,6,Test
Train/Sarampion/2024-06-26_12-04-07_3372.png,Sarampion,6,Train
Train/Varicela/2024-06-26_21-10-45_6870.png,Varicela,6,Train
Test/Monkeypox/2024-06-27_15-22-09_5488.png,Monkeypox,6,Train
Train/Monkeypox/2024-06-27_15-20-38_3227.png,Monkeypox,6,Train
Train/Varicela/2024-06-26_23-18-02_9733.png,Varicela,6,Val
Train/Varicela/2024-06-25_21-37-59_4761.png,Varicela,6,Val
Train/Varicela/2024-06-26_22-25-48_7311.png,Varicela,6,Test
Train/Varicela/2024-06-26_22-14-46_9038.png,Varicela,6,Val
Train/Sarampion/Sarampion (107).jpg,Sarampion,6,Test
Train/Varicela/2024-06-27_12-04-43_6538.png,Varicela,6,Train
Test/Varicela/2024-06-26_21-17-12_4644.png,Varicela,6,Train
Train/Varicela/2024-06-27_13-14-00_6433.png,Varicela,6,Test
Train/Varicela/2024-06-26_23-43-05_4164.png,Varicela,6,Train
Test/Sarampion/2024-06-26_13-26-37_2353.png,Sarampion,6,Train
Train/Varicela/2024-06-27_13-06-44_7104.png,Varicela,6,Test
Train/Monkeypox/2024-06-27_15-48-09_8163.png,Monkeypox,6,Train
Train/Sarampion/2024-06-26_15-15-39_8676.png,Sarampion,6,Train
Train/Varicela/2024-06-25_22-14-22_1849.png,Varicela,6,Train
Train/Monkeypox/2024-06-27_15-52-05_8391.png,Monkeypox,6,Train
Train/Varicela/ChickenPox (127).jpg,Varicela,6,Test
Test/Sarampion/Sarampion (43).png,Sarampion,6,Train
Train/Monkeypox/2024-06-27_14-09-13_6917.png,Monkeypox,6,Train
Train/Varicela/2024-06-26_21-06-51_7094.png,Varicela,6,Train
Train/Varicela/2024-06-26_22-17-57_5411.png,Varicela,6,Val
Train/Varicela/2024-06-27_11-44-17_7281.png,Varicela,6,Test
Train/Varicela/2024-06-26_21-31-25_1709.png,Varicela,6,Test
Train/Sarampion/2024-06-26_12-57-46_4028.png,Sarampion,6,Test
Train/Varicela/2024-06-26_00-15-36_6738.png,Varicela,6,Train
Train/Varicela/2024-06-25_23-45-27_2202.png,Varicela,6,Val
Train/Varicela/2024-06-25_21-36-27_3809.png,Varicela,6,Train
Train/Varicela/2024-06-26_21-04-36_4100.png,Varicela,6,Train
Test/Varicela/2024-06-26_21-16-14_9925.png,Varicela,6,Train
Train/Herpes/Herpes (304).jpg,Herpes,6,Train
Train/Varicela/2024-06-26_23-10-49_9079.png,Varicela,6,Train
Train/Varicela/2024-06-27_12-19-30_5397.png,Varicela,6,Train
Train/Varicela/ChickenPox (170).jpg,Varicela,6,Train
Train/Varicela/2024-06-26_21-06-29_5345.png,Varicela,6,Train
Test/Varicela/2024-06-26_23-43-26_2381.png,Varicela,6,Train
Test/Monkeypox/2024-06-27_13-55-47_1416.png,Monkeypox,6,Train
Test/Varicela/2024-06-26_23-50-12_7243.png,Varicela,6,Test
Train/Monkeypox/2024-06-27_13-59-47_6872.png,Monkeypox,6,Train
Test/Varicela/ChickenPox (54).png,Varicela,6,Train
Test/Sarampion/2024-06-26_12-51-06_3150.png,Sarampion,6,Train
Test/Varicela/ChickenPox (37).png,Varicela,6,Train
Train/Sarampion/2024-06-26_12-01-49_1323.png,Sarampion,6,Train
Train/Varicela/2024-06-25_22-46-30_4040.png,Varicela,6,Train
Train/Varicela/2024-06-27_13-27-31_1578.png,Varicela,6,Train
Train/Sarampion/2024-06-26_12-59-15_9519.png,Sarampion,6,Val
Train/Varicela/2024-06-27_00-41-24_8907.png,Varicela,6,Train
Train/Varicela/2024-06-26_21-30-30_7786.png,Varicela,6,Test
Train/Varicela/2024-06-26_21-40-27_2949.png,Varicela,6,Test
Train/Monkeypox/2024-06-27_15-16-27_2045.png,Monkeypox,6,Train
Train/Monkeypox/2024-06-27_15-53-33_1566.png,Monkeypox,6,Train
Val/Varicela/ChickenPox (3).jpg,Varicela,6,Train
Train/Herpes/Herpes (297).jpg,Herpes,6,Val
Train/Monkeypox/2024-06-27_16-43-19_6594.png,Monkeypox,6,Val
Train/Monkeypox/2024-06-27_15-56-01_2331.png,Monkeypox,6,Train
Train/Sarampion/2024-06-26_13-21-10_5010.png,Sarampion,6,Train
Train/Herpes/Herpes (256).jpg,Herpes,6,Test
Train/Sarampion/2024-06-26_12-49-51_7739.png,Sarampion,6,Train
Train/Varicela/2024-06-27_12-26-55_4277.png,Varicela,6,Test
Train/Sarampion/2024-06-26_14-57-58_4742.png,Sarampion,6,Val
Train/Varicela/2024-06-27_13-19-41_3117.png,Varicela,6,Val
Train/Monkeypox/2024-06-27_16-05-23_7051.png,Monkeypox,6,Train
Train/Monkeypox/2024-06-27_13-53-49_8657.png,Monkeypox,6,Val
Test/Varicela/2024-06-25_21-37-35_5856.png,Varicela,6,Train
Val/Monkeypox/MonkeyPox (36).png,Monkeypox,6,Val
Train/Varicela/2024-06-27_12-00-14_3007.png,Varicela,6,Train
Train/Varicela/2024-06-26_21-28-50_5244.png,Varicela,6,Val
Test/Varicela/2024-06-25_21-37-13_9023.png,Varicela,6,Val
Train/Sarampion/2024-06-26_15-14-59_6587.png,Sarampion,6,Train
Train/Monkeypox/2024-06-27_14-10-49_8828.png,Monkeypox,6,Train
Test/Sarampion/Sarampion (3).png,Sarampion,6,Val
Train/Sarampion/2024-06-26_14-18-43_1449.png,Sarampion,6,Test
Test/Monkeypox/MonkeyPox (9).png,Monkeypox,6,Train
Train/Varicela/ChickenPox (232).jpg,Varicela,6,Train
Train/Sarampion/2024-06-26_12-48-38_4965.png,Sarampion,6,Test
Test/Varicela/ChickenPox (38).png,Varicela,6,Train
Train/Varicela/2024-06-27_13-00-36_6029.png,Varicela,6,Test
Train/Herpes/2024-06-26_19-59-06_2731.png,Herpes,7,Test
Train/Herpes/2024-06-24_22-25-44_4746.png,Herpes,7,Train
Train/Herpes/2024-06-24_21-30-57_1119.png,Herpes,7,Train
Train/Herpes/2024-06-26_20-16-27_2419.png,Herpes,7,Test
Train/Herpes/2024-06-26_20-33-21_9436.png,Herpes,7,Train
Train/Herpes/2024-06-26_20-28-42_1276.png,Herpes,7,Test
Train/Herpes/2024-06-24_22-39-53_9260.png,Herpes,7,Train
Train/Herpes/2024-06-26_20-00-00_2438.png,Herpes,7,Train
Train/Herpes/2024-06-24_22-24-05_4912.png,Herpes,7,Val
Train/Herpes/2024-06-26_20-32-30_7417.png,Herpes,7,Train
Train/Monkeypox/2024-06-27_17-18-10_5638.png,Monkeypox,7,Train
Train/Monkeypox/MonkeyPox (119).jpg,Monkeypox,7,Test
Train/Monkeypox/2024-06-27_17-04-03_5055.png,Monkeypox,7,Train
Train/Monkeypox/2024-06-27_17-15-54_6385.png,Monkeypox,7,Train
Train/Monkeypox/2024-06-27_15-15-30_1184.png,Monkeypox,7,Train
Train/Monkeypox/2024-06-27_15-21-00_4397.png,Monkeypox,7,Train
Train/Monkeypox/2024-06-27_16-55-56_6429.png,Monkeypox,7,Val
Train/Monkeypox/2024-06-27_14-57-21_4658.png,Monkeypox,7,Train
Train/Monkeypox/2024-06-27_16-09-50_4446.png,Monkeypox,7,Train
Train/Monkeypox/MonkeyPox (12).png,Monkeypox,7,Train
Train/Monkeypox/2024-06-27_16-40-50_5478.png,Monkeypox,7,Train
Train/Monkeypox/2024-06-27_16-11-34_7850.png,Monkeypox,7,Train
Train/Monkeypox/2024-06-27_17-42-30_9573.png,Monkeypox,7,Train
Train/Monkeypox/2024-06-27_16-02-21_3451.png,Monkeypox,7,Val
Train/Monkeypox/2024-06-27_16-41-54_5120.png,Monkeypox,7,Train
Train/Monkeypox/2024-06-27_15-50-39_9232.png,Monkeypox,7,Val
Train/Monkeypox/2024-06-27_16-01-18_1261.png,Monkeypox,7,Val
Train/Monkeypox/2024-06-27_17-01-01_1172.png,Monkeypox,7,Train
Train/Monkeypox/2024-06-27_17-45-32_7703.png,Monkeypox,7,Train
Train/Monkeypox/2024-06-27_17-42-52_5360.png,Monkeypox,7,Train
Train/Monkeypox/2024-06-27_14-02-31_3776.png,Monkeypox,7,Train
Train/Monkeypox/2024-06-27_17-50-27_3590.png,Monkeypox,7,Train
Train/Monkeypox/MonkeyPox (168).jpg,Monkeypox,7,Train
Train/Monkeypox/2024-06-27_16-46-36_6608.png,Monkeypox,7,Train
Train/Monkeypox/2024-06-27_14-00-36_6070.png,Monkeypox,7,Train
Train/Monkeypox/2024-06-27_14-18-51_3062.png,Monkeypox,7,Train
Train/Monkeypox/2024-06-27_15-49-56_8367.png,Monkeypox,7,Train
Train/Monkeypox/2024-06-27_14-52-08_5422.png,Monkeypox,7,Val
Train/Monkeypox/MonkeyPox (176).jpg,Monkeypox,7,Train
Train/Monkeypox/MonkeyPox (64).jpg,Monkeypox,7,Train
Train/Monkeypox/2024-06-27_15-34-33_4126.png,Monkeypox,7,Train
Train/Monkeypox/2024-06-27_16-56-59_4214.png,Monkeypox,7,Val
Train/Monkeypox/2024-06-27_15-16-04_2907.png,Monkeypox,7,Train
Train/Monkeypox/2024-06-27_16-06-05_8682.png,Monkeypox,7,Train
Train/Monkeypox/2024-06-27_13-57-46_4307.png,Monkeypox,7,Train
Train/Monkeypox/2024-06-27_17-20-03_5247.png,Monkeypox,7,Train
Train/Monkeypox/MonkeyPox (105).png,Monkeypox,7,Train
Train/Monkeypox/2024-06-27_14-52-28_5298.png,Monkeypox,7,Train
Train/Monkeypox/2024-06-27_17-43-15_7289.png,Monkeypox,7,Train
Train/Monkeypox/2024-06-27_14-54-11_8569.png,Monkeypox,7,Test
Train/Monkeypox/2024-06-27_16-32-48_7476.png,Monkeypox,7,Val
Train/Monkeypox/MonkeyPox (183).jpg,Monkeypox,7,Val
Train/Monkeypox/2024-06-27_16-59-09_9054.png,Monkeypox,7,Test
Train/Monkeypox/2024-06-27_15-49-34_9540.png,Monkeypox,7,Train
Train/Monkeypox/2024-06-27_16-38-42_9869.png,Monkeypox,7,Train
Train/Monkeypox/2024-06-27_15-08-13_7810.png,Monkeypox,7,Val
Train/Monkeypox/2024-06-27_15-30-50_6002.png,Monkeypox,7,Train
Train/Monkeypox/2024-06-27_17-53-25_7938.png,Monkeypox,7,Train
Train/Monkeypox/2024-06-27_15-42-16_6387.png,Monkeypox,7,Test
Train/Monkeypox/2024-06-27_16-32-26_5748.png,Monkeypox,7,Train
Train/Monkeypox/2024-06-27_16-39-03_5719.png,Monkeypox,7,Train
Train/Monkeypox/2024-06-27_16-42-36_8358.png,Monkeypox,7,Train
Train/Monkeypox/2024-06-27_14-03-39_2943.png,Monkeypox,7,Train
Train/Monkeypox/2024-06-27_17-14-24_5816.png,Monkeypox,7,Val
Train/Monkeypox/2024-06-27_15-02-21_1478.png,Monkeypox,7,Train
Train/Varicela/2024-06-27_11-23-22_7767.png,Varicela,7,Val
Train/Varicela/ChickenPox (67).jpg,Varicela,7,Train
Train/Varicela/ChickenPox (124).jpg,Varicela,7,Test
Train/Varicela/2024-06-27_11-27-46_2502.png,Varicela,7,Val
Train/Varicela/2024-06-26_23-10-04_2229.png,Varicela,7,Val
Train/Varicela/ChickenPox (225).jpg,Varicela,7,Train
Train/Varicela/2024-06-27_12-25-49_8796.png,Varicela,7,Train
Train/Varicela/2024-06-27_12-20-37_5347.png,Varicela,7,Train
Train/Varicela/2024-06-27_13-23-04_4621.png,Varicela,7,Train
Train/Varicela/2024-06-26_21-03-51_2168.png,Varicela,7,Train
Train/Varicela/2024-06-27_12-17-37_9902.png,Varicela,7,Test
Train/Varicela/2024-06-25_21-38-42_1894.png,Varicela,7,Val
Train/Varicela/ChickenPox (57).png,Varicela,7,Test
Train/Varicela/2024-06-27_13-05-13_9479.png,Varicela,7,Train
Train/Varicela/2024-06-27_13-09-47_8141.png,Varicela,7,Test
Train/Varicela/2024-06-26_23-15-54_5816.png,Varicela,7,Train
Train/Varicela/2024-06-27_11-22-38_8705.png,Varicela,7,Test
Train/Varicela/2024-06-26_21-25-10_8880.png,Varicela,7,Test
Train/Varicela/2024-06-26_00-12-13_1837.png,Varicela,7,Val
Train/Varicela/2024-06-27_00-41-48_7699.png,Varicela,7,Train
Train/Varicela/ChickenPox (222).jpg,Varicela,7,Train
Train/Varicela/2024-06-27_13-06-21_4404.png,Varicela,7,Test
Train/Varicela/ChickenPox (258).jpg,Varicela,7,Train
Train/Varicela/2024-06-26_23-29-52_3990.png,Varicela,7,Test
Train/Varicela/2024-06-27_12-16-30_9803.png,Varicela,7,Train
Train/Varicela/2024-06-27_11-45-02_2390.png,Varicela,7,Train
Train/Varicela/ChickenPox (51).png,Varicela,7,Train
Train/Varicela/ChickenPox (265).jpg,Varicela,7,Val
Train/Varicela/2024-06-25_22-51-36_2788.png,Varicela,7,Train
Train/Varicela/2024-06-27_13-33-29_2260.png,Varicela,7,Test
Train/Varicela/ChickenPox (218).jpg,Varicela,7,Val
Train/Varicela/2024-06-27_12-14-38_7691.png,Varicela,7,Test
Train/Varicela/2024-06-27_12-03-36_5978.png,Varicela,7,Train
Train/Varicela/2024-06-25_21-41-36_4208.png,Varicela,7,Val
Train/Varicela/2024-06-27_13-14-23_4885.png,Varicela,7,Train
Train/Varicela/ChickenPox (188).jpg,Varicela,7,Train
Train/Varicela/2024-06-25_22-56-41_5614.png,Varicela,7,Train
Train/Varicela/ChickenPox (278).jpg,Varicela,7,Train
Train/Varicela/2024-06-26_20-58-35_8287.png,Varicela,7,Train
Train/Varicela/2024-06-27_12-23-13_3807.png,Varicela,7,Train
Train/Varicela/2024-06-26_21-43-52_2834.png,Varicela,7,Val
Train/Varicela/2024-06-26_22-22-35_1947.png,Varicela,7,Train
Train/Varicela/2024-06-25_21-30-59_7969.png,Varicela,7,Train
Train/Varicela/ChickenPox (279).jpg,Varicela,7,Train
Train/Varicela/2024-06-27_13-22-20_2530.png,Varicela,7,Val
Train/Varicela/2024-06-26_21-47-08_5752.png,Varicela,7,Train
Train/Varicela/2024-06-26_21-33-31_2267.png,Varicela,7,Val
Train/Melanoma/Melanoma (207).jpg,Melanoma,7,Val
Train/Melanoma/Melanoma (167).jpg,Melanoma,7,Train
Train/Melanoma/Melanoma (421).jpg,Melanoma,7,Val
Train/Melanoma/Melanoma (424).jpg,Melanoma,7,Train
Train/Melanoma/Melanoma (276).jpg,Melanoma,7,Train
Train/Melanoma/Melanoma (439).jpg,Melanoma,7,Test
Train/Melanoma/melanoma_5669.jpg,Melanoma,7,Train
Train/Melanoma/Melanoma (154).jpg,Melanoma,7,Train
Train/Melanoma/Melanoma (369).jpg,Melanoma,7,Train
Train/Melanoma/melanoma_5698.jpg,Melanoma,7,Train
Train/Melanoma/Melanoma (206).jpg,Melanoma,7,Test
Train/Melanoma/Melanoma (108).jpg,Melanoma,7,Val
Train/Melanoma/Melanoma (225).jpg,Melanoma,7,Train
Train/Sarampion/2024-06-26_17-06-48_1275.png,Sarampion,7,Val
Train/Sarampion/Sarampion (34).jpg,Sarampion,7,Train
Train/Sarampion/Sarampion (99).jpg,Sarampion,7,Val
Train/Sarampion/2024-06-26_12-13-46_3831.png,Sarampion,7,Train
Train/Sarampion/2024-06-26_18-26-56_2099.png,Sarampion,7,Train
Train/Sarampion/2024-06-26_17-30-13_9287.png,Sarampion,7,Train
Train/Sarampion/2024-06-26_18-53-19_4672.png,Sarampion,7,Val
Train/Sarampion/2024-06-26_17-33-09_9314.png,Sarampion,7,Train
Train/Sarampion/2024-06-26_12-18-48_6483.png,Sarampion,7,Train
Train/Sarampion/2024-06-26_17-17-13_1972.png,Sarampion,7,Train
Train/Sarampion/2024-06-26_12-09-55_7255.png,Sarampion,7,Train
Train/Sarampion/2024-06-26_18-39-15_9521.png,Sarampion,7,Val
Train/Sarampion/2024-06-26_12-13-23_8548.png,Sarampion,7,Val
Train/Sarampion/Sarampion (63).jpg,Sarampion,7,Test
Train/Sarampion/2024-06-26_12-14-41_4147.png,Sarampion,7,Train
Train/Sarampion/2024-06-26_18-54-10_3473.png,Sarampion,7,Train
Train/Sarampion/2024-06-26_18-51-17_6827.png,Sarampion,7,Val
Train/Sarampion/2024-06-26_12-13-00_2392.png,Sarampion,7,Train
Train/Sarampion/2024-06-26_18-38-52_1584.png,Sarampion,7,Train
Train/Sarampion/2024-06-26_17-33-55_2715.png,Sarampion,7,Test
Train/Sarampion/2024-06-26_18-46-07_8847.png,Sarampion,7,Train
Train/Sarampion/2024-06-26_18-29-45_4418.png,Sarampion,7,Train
Train/Sarampion/2024-06-26_18-49-37_3624.png,Sarampion,7,Val
Train/Sarampion/2024-06-26_12-15-30_8710.png,Sarampion,7,Test
Train/Sarampion/2024-06-26_17-21-07_7403.png,Sarampion,7,Train
Train/Sarampion/2024-06-26_13-32-47_3652.png,Sarampion,7,Train
Train/Sarampion/2024-06-26_18-34-51_1021.png,Sarampion,7,Train
Train/Sarampion/Sarampion (81).png,Sarampion,7,Train
Train/Sarampion/2024-06-26_18-34-27_7487.png,Sarampion,7,Train
Train/Sarampion/Sarampion (60).png,Sarampion,7,Train
Train/Sarampion/2024-06-26_18-52-05_8640.png,Sarampion,7,Train
Train/Sarampion/2024-06-26_12-12-04_1572.png,Sarampion,7,Val
Train/Sarampion/2024-06-26_15-55-42_9594.png,Sarampion,7,Val
Train/Sarampion/2024-06-26_12-10-47_9594.png,Sarampion,7,Val
Train/Sarampion/2024-06-26_17-13-45_5162.png,Sarampion,7,Train
Train/Sarampion/2024-06-26_18-35-38_6808.png,Sarampion,7,Val
Train/Sarampion/2024-06-26_17-17-34_2732.png,Sarampion,7,Train
Train/Sarampion/Sarampion (46).png,Sarampion,7,Train
Train/Sarampion/2024-06-26_18-20-50_1741.png,Sarampion,7,Test
Train/Sarampion/2024-06-26_12-18-02_3000.png,Sarampion,7,Train
Train/Sarampion/2024-06-26_18-21-15_3616.png,Sarampion,7,Train
Train/Sarampion/2024-06-26_18-32-01_3999.png,Sarampion,7,Train
Train/Sarampion/2024-06-26_17-19-08_7470.png,Sarampion,7,Train
Train/Sarampion/2024-06-26_18-45-32_8285.png,Sarampion,7,Train
Train/Sarampion/2024-06-26_17-19-55_9561.png,Sarampion,7,Train
Train/Sarampion/2024-06-26_18-43-03_4744.png,Sarampion,7,Train
Train/Sarampion/2024-06-26_18-30-15_8910.png,Sarampion,7,Train
Train/Sarampion/Sarampion.jpeg,Sarampion,7,Test
Train/Sarampion/2024-06-26_18-50-54_6828.png,Sarampion,7,Train
Train/Sarampion/2024-06-26_17-33-32_6380.png,Sarampion,7,Train
Train/Sarampion/2024-06-26_12-11-40_8397.png,Sarampion,7,Train
Train/Sarampion/2024-06-26_18-28-54_2223.png,Sarampion,7,Test
Train/Sarampion/2024-06-26_12-21-06_4254.png,Sarampion,7,Train
Train/Sarampion/2024-06-26_15-20-17_4986.png,Sarampion,7,Test
Train/Sarampion/Sarampion (75).png,Sarampion,7,Train
Train/Sarampion/2024-06-26_18-43-52_5069.png,Sarampion,7,Train
Train/Sarampion/2024-06-26_12-19-10_2182.png,Sarampion,7,Train
Train/Sarampion/Sarampion (71).jpg,Sarampion,7,Val
Train/Sarampion/2024-06-26_18-41-33_8344.png,Sarampion,7,Train
Train/Sarampion/2024-06-26_18-29-19_9529.png,Sarampion,7,Train
Train/Sarampion/2024-06-26_18-41-57_2773.png,Sarampion,7,Train
Train/Sarampion/2024-06-26_18-47-59_2594.png,Sarampion,7,Train
Train/Sarampion/2024-06-26_18-50-23_9423.png,Sarampion,7,Test
Train/Sarampion/2024-06-26_18-20-56_9388.png,Sarampion,7,Train
Train/Sarampion/Sarampion (156).jpg,Sarampion,7,Val
Train/Sarampion/2024-06-26_18-28-28_2670.png,Sarampion,7,Train
Train/Sarampion/2024-06-26_18-20-42_6725.png,Sarampion,7,Train
Train/Sarampion/2024-06-26_18-31-32_3669.png,Sarampion,7,Train
Train/Sarampion/Sarampion (122).jpg,Sarampion,7,Train
Train/Sarampion/2024-06-26_18-23-21_5509.png,Sarampion,7,Train
Train/Sarampion/Sarampion (58).png,Sarampion,7,Test
Train/Sarampion/2024-06-26_18-22-15_6467.png,Sarampion,7,Train
Train/Sarampion/2024-06-26_18-22-40_3317.png,Sarampion,7,Train
Train/Sarampion/2024-06-26_17-22-28_4993.png,Sarampion,7,Train
Train/Sarampion/2024-06-26_17-18-22_5687.png,Sarampion,7,Train
Train/Sarampion/2024-06-26_12-14-09_8993.png,Sarampion,7,Test
Train/Sarampion/2024-06-26_12-12-27_2080.png,Sarampion,7,Train
Train/Sarampion/Sarampion (68).png,Sarampion,7,Train
Train/Sarampion/2024-06-26_12-18-25_3518.png,Sarampion,7,Val
Train/Sarampion/2024-06-26_17-12-32_1943.png,Sarampion,7,Train
Train/Sarampion/2024-06-26_12-17-39_1278.png,Sarampion,7,Train
Train/Sarampion/2024-06-26_18-26-19_1707.png,Sarampion,7,Train
Train/Sarampion/2024-06-26_18-40-35_9429.png,Sarampion,7,Val
Train/Sarampion/2024-06-26_11-56-48_4821.png,Sarampion,7,Train
Train/Sarampion/2024-06-26_18-50-00_5687.png,Sarampion,7,Val
Train/Sarampion/Sarampion (83).png,Sarampion,7,Train
Train/Sarampion/2024-06-26_18-41-01_7341.png,Sarampion,7,Train
Train/Sarampion/2024-06-26_12-20-01_8361.png,Sarampion,7,Test
Train/Sarampion/Sarampion (8).jpg,Sarampion,7,Train
Train/Sarampion/2024-06-26_17-20-19_7898.png,Sarampion,7,Test
Train/Sarampion/2024-06-26_18-48-23_2524.png,Sarampion,7,Train
Train/Sarampion/2024-06-26_13-19-14_4091.png,Sarampion,7,Test
Train/Sarampion/2024-06-26_16-49-12_3470.png,Sarampion,7,Train
Train/Sarampion/Sarampion (37).png,Sarampion,7,Train
Train/Sarampion/2024-06-26_17-21-54_5728.png,Sarampion,7,Train
Train/Sarampion/2024-06-26_13-56-58_5654.png,Sarampion,7,Val
Train/Sarampion/2024-06-26_18-43-28_6048.png,Sarampion,7,Train
Train/Sarampion/2024-06-26_18-52-53_8287.png,Sarampion,7,Train
Train/Sarampion/2024-06-26_18-52-30_1239.png,Sarampion,7,Test
Train/Sarampion/Sarampion (52).jpg,Sarampion,7,Train
Train/Sarampion/2024-06-26_12-19-31_3606.png,Sarampion,7,Train
Train/Sarampion/Sarampion (59).png,Sarampion,7,Train
Train/Sarampion/2024-06-26_18-48-46_1629.png,Sarampion,7,Train
Train/Sarampion/2024-06-26_17-22-52_8567.png,Sarampion,7,Train
Train/Sarampion/2024-06-26_15-19-25_4994.png,Sarampion,7,Train
Train/Sarampion/2024-06-26_17-30-39_1313.png,Sarampion,7,Train
Train/Sarampion/2024-06-26_12-10-19_6265.png,Sarampion,7,Train
Train/Sarampion/2024-06-26_17-32-03_3173.png,Sarampion,7,Train
Train/Sarampion/2024-06-26_18-30-41_4357.png,Sarampion,7,Train
Test/Herpes/Herpes (29).jpg,Herpes,7,Train
Test/Herpes/Herpes (18).jpg,Herpes,7,Train
Test/Herpes/2024-06-26_20-39-30_8341.png,Herpes,7,Train
Test/Herpes/Herpes (44).jpg,Herpes,7,Train
Test/Herpes/Herpes (13).jpg,Herpes,7,Train
Test/Herpes/Herpes (5).png,Herpes,7,Val
Test/Monkeypox/2024-06-27_15-08-34_5633.png,Monkeypox,7,Train
Test/Monkeypox/MonkeyPox (28).jpg,Monkeypox,7,Train
Test/Monkeypox/2024-06-27_15-10-20_8807.png,Monkeypox,7,Train
Test/Monkeypox/MonkeyPox (105).jpg,Monkeypox,7,Val
Test/Monkeypox/MonkeyPox (3).png,Monkeypox,7,Train
Test/Monkeypox/2024-06-27_14-16-08_7006.png,Monkeypox,7,Train
Test/Monkeypox/2024-06-27_14-09-37_4091.png,Monkeypox,7,Train
Test/Monkeypox/MonkeyPox (9).jpg,Monkeypox,7,Val
Test/Monkeypox/MonkeyPox (117).jpg,Monkeypox,7,Train
Test/Monkeypox/MonkeyPox (17).jpg,Monkeypox,7,Train
Test/Monkeypox/2024-06-27_15-08-58_1940.png,Monkeypox,7,Train
Test/Monkeypox/MonkeyPox (39).jpg,Monkeypox,7,Train
Test/Monkeypox/2024-06-27_14-10-01_4450.png,Monkeypox,7,Train
Test/Monkeypox/2024-06-27_13-59-23_4022.png,Monkeypox,7,Test
Test/Varicela/2024-06-27_12-05-49_1014.png,Varicela,7,Train
Test/Varicela/2024-06-27_11-43-31_5038.png,Varicela,7,Test
Test/Varicela/ChickenPox (60).jpg,Varicela,7,Train
Test/Varicela/ChickenPox (31).png,Varicela,7,Train
Test/Varicela/ChickenPox (44).png,Varicela,7,Train
Test/Varicela/2024-06-25_23-32-13_6030.png,Varicela,7,Val
Test/Melanoma/Melanoma (2).jpg,Melanoma,7,Train
Test/Melanoma/Melanoma (66).jpg,Melanoma,7,Train
Test/Sarampion/2024-06-26_18-55-04_6340.png,Sarampion,7,Train
Test/Sarampion/2024-06-26_12-16-35_2776.png,Sarampion,7,Val
Test/Sarampion/Sarampion (48).png,Sarampion,7,Train
Test/Sarampion/2024-06-26_18-25-29_9961.png,Sarampion,7,Test
Test/Sarampion/Sarampion (32).png,Sarampion,7,Train
Test/Sarampion/2024-06-26_14-01-28_8761.png,Sarampion,7,Test
Test/Sarampion/2024-06-26_18-55-27_6748.png,Sarampion,7,Train
Test/Sarampion/2024-06-26_17-15-57_5912.png,Sarampion,7,Test
Test/Sarampion/2024-06-26_18-47-24_2909.png,Sarampion,7,Train
Test/Sarampion/2024-06-26_17-29-44_1576.png,Sarampion,7,Train
Test/Sarampion/2024-06-26_18-46-32_6310.png,Sarampion,7,Train
Test/Sarampion/2024-06-26_18-54-40_4156.png,Sarampion,7,Test
Test/Sarampion/2024-06-26_12-16-14_5492.png,Sarampion,7,Train
Test/Sarampion/2024-06-26_17-25-28_7382.png,Sarampion,7,Train
Test/Sarampion/2024-06-26_12-09-05_5942.png,Sarampion,7,Train
Test/Sarampion/2024-06-26_18-25-06_6595.png,Sarampion,7,Train
Test/Sarampion/2024-06-26_17-14-45_6203.png,Sarampion,7,Test
Test/Sarampion/2024-06-26_17-16-45_3964.png,Sarampion,7,Val
Test/Sarampion/2024-06-26_12-09-31_9870.png,Sarampion,7,Train
Test/Sarampion/2024-06-26_12-17-18_7060.png,Sarampion,7,Train
Test/Sarampion/Sarampion (9).jpg,Sarampion,7,Train
Test/Sarampion/2024-06-26_17-24-12_1688.png,Sarampion,7,Test
Test/Sarampion/2024-06-26_18-23-44_7036.png,Sarampion,7,Train
Test/Sarampion/2024-06-26_18-25-56_9550.png,Sarampion,7,Train
Test/Sarampion/2024-06-26_18-46-57_1618.png,Sarampion,7,Val
Test/Sarampion/2024-06-26_14-56-41_7181.png,Sarampion,7,Train
Test/Sarampion/Sarampion (17).jpg,Sarampion,7,Val
Test/Sarampion/2024-06-26_18-36-04_7670.png,Sarampion,7,Train
Test/Sarampion/2024-06-26_17-24-34_7466.png,Sarampion,7,Train
Test/Sarampion/Sarampion (20).jpeg,Sarampion,7,Train
Val/Herpes/Herpes (59).jpg,Herpes,7,Test
Val/Monkeypox/MonkeyPox (14).jpg,Monkeypox,7,Train
Val/Monkeypox/MonkeyPox (11).jpg,Monkeypox,7,Test
Val/Monkeypox/MonkeyPox (14).jpeg,Monkeypox,7,Test
Val/Varicela/ChickenPox (24).png,Varicela,7,Train
Val/Varicela/ChickenPox (5).jpg,Varicela,7,Train
Val/Varicela/ChickenPox (9).jpg,Varicela,7,Val
Val/Melanoma/Melanoma (128).jpg,Melanoma,7,Train
Val/Melanoma/Melanoma (186).jpg,Melanoma,7,Train
Val/Sarampion/Sarampion (41).png,Sarampion,7,Train
Val/Sarampion/Sarampion (2).png,Sarampion,7,Train
Val/Sarampion/Sarampion (18).png,Sarampion,7,Train
Val/Sarampion/Sarampion (2).jpeg,Sarampion,7,Train
Val/Sarampion/Sarampion (14).jpeg,Sarampion,7,Test
Test/Varicela/ChickenPox (87).jpg,Varicela,7,Train
Train/Sarampion/2024-06-26_13-34-03_3621.png,Sarampion,7,Train
Train/Sarampion/2024-06-26_17-21-31_4636.png,Sarampion,7,Train
Train/Monkeypox/2024-06-27_13-57-20_2703.png,Monkeypox,7,Train
Test/Varicela/2024-06-25_23-07-03_7302.png,Varicela,7,Train
Test/Herpes/2024-06-26_20-41-17_6240.png,Herpes,7,Train
Train/Varicela/2024-06-26_23-34-23_5504.png,Varicela,7,Train
Train/Varicela/2024-06-27_12-02-07_7463.png,Varicela,7,Train
Test/Monkeypox/2024-06-27_15-22-32_9308.png,Monkeypox,7,Train
Train/Sarampion/2024-06-26_15-15-19_6482.png,Sarampion,7,Train
Train/Sarampion/Sarampion (45).jpg,Sarampion,7,Train
Train/Varicela/ChickenPox (133).jpg,Varicela,7,Train
Test/Herpes/Herpes (38).jpg,Herpes,7,Train
Train/Varicela/ChickenPox (241).jpg,Varicela,7,Train
Train/Monkeypox/MonkeyPox (142).png,Monkeypox,7,Train
Train/Varicela/ChickenPox (192).jpg,Varicela,7,Test
Train/Monkeypox/MonkeyPox (178).jpg,Monkeypox,7,Train
Train/Varicela/ChickenPox (263).jpg,Varicela,7,Val
Train/Varicela/2024-06-25_21-34-59_8825.png,Varicela,7,Train
Train/Sarampion/2024-06-26_15-04-05_3977.png,Sarampion,7,Test
Val/Varicela/ChickenPox (12).jpeg,Varicela,7,Test
Train/Herpes/Herpes.jpg,Herpes,7,Train
Train/Varicela/2024-06-25_23-26-55_5054.png,Varicela,7,Train
Train/Sarampion/2024-06-26_13-58-38_3554.png,Sarampion,7,Test
Train/Monkeypox/2024-06-27_13-55-01_8231.png,Monkeypox,7,Train
Test/Herpes/2024-06-26_20-34-15_6954.png,Herpes,7,Train
Train/Sarampion/Sarampion (102).jpg,Sarampion,7,Train
Train/Sarampion/2024-06-26_15-08-43_2940.png,Sarampion,7,Train
Train/Sarampion/2024-06-26_18-13-01_6573.png,Sarampion,7,Train
Train/Varicela/2024-06-25_23-42-05_6670.png,Varicela,7,Test
Train/Monkeypox/2024-06-27_15-30-27_8136.png,Monkeypox,7,Test
Train/Varicela/2024-06-27_00-08-58_9769.png,Varicela,7,Train
Train/Varicela/2024-06-27_12-03-59_8548.png,Varicela,7,Test
Train/Varicela/2024-06-26_21-14-28_3487.png,Varicela,7,Train
Train/Herpes/Herpes (261).jpg,Herpes,7,Train
Train/Monkeypox/2024-06-27_16-35-25_1474.png,Monkeypox,7,Train
Train/Varicela/ChickenPox (91).jpg,Varicela,7,Train
Train/Sarampion/Sarampion (69).png,Sarampion,7,Test
Val/Sarampion/Sarampion (14).png,Sarampion,7,Train
Train/Varicela/2024-06-27_12-01-22_7986.png,Varicela,7,Train
Train/Sarampion/2024-06-26_11-59-57_7197.png,Sarampion,7,Test
Train/Sarampion/Sarampion (123).jpg,Sarampion,7,Test
Train/Herpes/2024-06-24_22-08-54_7574.png,Herpes,7,Val
Train/Monkeypox/2024-06-27_14-17-03_8584.png,Monkeypox,7,Train
Train/Varicela/2024-06-26_21-50-27_6383.png,Varicela,7,Train
Test/Herpes/Herpes (51).jpg,Herpes,7,Train
Train/Sarampion/Sarampion (85).jpg,Sarampion,7,Train
Train/Herpes/Herpes.png,Herpes,7,Train
Train/Varicela/ChickenPox (255).jpg,Varicela,7,Train
Train/Monkeypox/2024-06-27_16-32-03_5617.png,Monkeypox,7,Test
Train/Varicela/ChickenPox (221).jpg,Varicela,7,Train
Test/Monkeypox/MonkeyPox (134).jpg,Monkeypox,7,Train
Train/Sarampion/Sarampion (73).jpg,Sarampion,7,Val
Train/Monkeypox/2024-06-27_13-58-11_9592.png,Monkeypox,7,Train
Test/Varicela/ChickenPox (49).png,Varicela,7,Train
Train/Herpes/2024-06-24_21-30-27_9522.png,Herpes,7,Train
Train/Varicela/ChickenPox (228).jpg,Varicela,7,Train
Train/Sarampion/2024-06-26_16-11-54_9373.png,Sarampion,7,Train
Train/Herpes/Herpes (262).jpg,Herpes,7,Train
Test/Herpes/Herpes (74).jpg,Herpes,7,Train
Train/Sarampion/2024-06-26_12-58-54_4368.png,Sarampion,7,Train
Train/Monkeypox/2024-06-27_16-03-29_1919.png,Monkeypox,7,Val
Test/Sarampion/2024-06-26_15-06-38_7428.png,Sarampion,7,Train
Train/Varicela/2024-06-26_21-42-24_5384.png,Varicela,7,Train
Train/Varicela/2024-06-25_22-36-19_9409.png,Varicela,7,Train
Test/Sarampion/2024-06-26_11-54-26_3910.png,Sarampion,7,Train
Train/Monkeypox/2024-06-27_15-30-04_7633.png,Monkeypox,7,Train
Train/Herpes/2024-06-24_22-23-40_9531.png,Herpes,7,Train
Train/Sarampion/Sarampion (45).png,Sarampion,7,Train
Val/Herpes/Herpes (28).jpg,Herpes,7,Train
Train/Varicela/ChickenPox (229).jpg,Varicela,7,Train
Train/Herpes/2024-06-24_22-37-38_3707.png,Herpes,7,Test
Train/Herpes/Herpes (194).jpg,Herpes,7,Train
Train/Sarampion/Sarampion (67).jpg,Sarampion,7,Train
Train/Sarampion/Sarampion (94).jpg,Sarampion,7,Val
Train/Varicela/ChickenPox (132).jpg,Varicela,7,Val
Train/Varicela/2024-06-25_21-32-59_3164.png,Varicela,7,Train
Train/Sarampion/2024-06-26_12-07-02_7219.png,Sarampion,7,Train
Train/Herpes/Herpes (162).jpg,Herpes,7,Train
Test/Sarampion/2024-06-26_11-56-01_5361.png,Sarampion,7,Train
Train/Sarampion/2024-06-26_13-59-29_3375.png,Sarampion,7,Train
Train/Varicela/2024-06-27_11-59-28_1614.png,Varicela,7,Train
Train/Monkeypox/2024-06-27_16-35-47_5319.png,Monkeypox,7,Train
Train/Monkeypox/2024-06-27_13-56-56_8334.png,Monkeypox,7,Train
Train/Varicela/2024-06-26_22-22-58_8722.png,Varicela,7,Train
Train/Varicela/ChickenPox (174).jpg,Varicela,7,Train
Train/Varicela/2024-06-27_13-23-48_7560.png,Varicela,7,Val
Train/Monkeypox/2024-06-27_14-06-48_9948.png,Monkeypox,7,Train
Train/Varicela/2024-06-27_12-22-51_8259.png,Varicela,7,Train
Train/Varicela/ChickenPox (59).png,Varicela,7,Train
Train/Varicela/2024-06-26_23-41-52_7860.png,Varicela,7,Train
Train/Monkeypox/2024-06-27_16-45-06_3027.png,Monkeypox,7,Train
Val/Varicela/ChickenPox (10).jpeg,Varicela,7,Train
Train/Varicela/2024-06-27_12-09-09_1375.png,Varicela,7,Train
Train/Monkeypox/2024-06-27_15-31-36_1699.png,Monkeypox,7,Test
Train/Monkeypox/2024-06-27_17-00-17_9938.png,Monkeypox,7,Train
Train/Varicela/2024-06-25_21-31-46_9293.png,Varicela,7,Val
Test/Sarampion/2024-06-26_15-05-21_1652.png,Sarampion,7,Train
Train/Sarampion/2024-06-26_13-00-26_1168.png,Sarampion,7,Val
Train/Monkeypox/2024-06-27_17-02-55_8647.png,Monkeypox,7,Train
Test/Varicela/2024-06-26_23-15-32_6074.png,Varicela,7,Val
Train/Herpes/Herpes (191).jpg,Herpes,7,Train
Train/Herpes/2024-06-24_22-26-33_4237.png,Herpes,7,Train
Val/Sarampion/Sarampion (34).png,Sarampion,7,Train
Train/Monkeypox/2024-06-27_16-41-11_5769.png,Monkeypox,7,Train
Val/Varicela/ChickenPox (11).jpeg,Varicela,7,Train
Test/Sarampion/2024-06-26_15-53-59_5452.png,Sarampion,7,Val
Train/Monkeypox/2024-06-27_13-54-37_8772.png,Monkeypox,7,Test
Train/Monkeypox/2024-06-27_15-44-12_6606.png,Monkeypox,7,Test
Train/Herpes/Herpes (301).jpg,Herpes,7,Train
Test/Sarampion/Sarampion (33).png,Sarampion,7,Train
Train/Monkeypox/2024-06-27_16-46-59_8373.png,Monkeypox,7,Train
Test/Sarampion/Sarampion (44).jpg,Sarampion,7,Val
Train/Varicela/2024-06-25_21-40-43_8904.png,Varicela,7,Train
Train/Sarampion/Sarampion (138).jpg,Sarampion,7,Train
Train/Monkeypox/2024-06-27_16-57-42_6530.png,Monkeypox,7,Train
Train/Varicela/ChickenPox (179).jpg,Varicela,7,Train
Train/Sarampion/Sarampion (133).jpg,Sarampion,7,Train
Train/Varicela/2024-06-27_12-58-30_3916.png,Varicela,7,Train
Train/Monkeypox/2024-06-27_16-47-45_4595.png,Monkeypox,7,Train
Train/Varicela/2024-06-26_22-21-16_1772.png,Varicela,7,Train
Train/Varicela/2024-06-27_11-28-30_5799.png,Varicela,7,Train
Train/Monkeypox/2024-06-27_15-06-29_8544.png,Monkeypox,7,Train
Train/Herpes/Herpes (170).jpg,Herpes,7,Train
Train/Varicela/2024-06-27_13-30-28_8366.png,Varicela,7,Train
Train/Monkeypox/MonkeyPox (155).png,Monkeypox,7,Train
Train/Monkeypox/2024-06-27_16-55-34_9688.png,Monkeypox,7,Train
Train/Herpes/2024-06-24_21-06-09_9645.png,Herpes,7,Val
Test/Sarampion/2024-06-26_15-50-55_9056.png,Sarampion,7,Train
Test/Varicela/ChickenPox (38).jpg,Varicela,7,Train
Train/Monkeypox/MonkeyPox (164).png,Monkeypox,7,Train
Test/Varicela/2024-06-27_11-30-42_5146.png,Varicela,7,Test
Train/Varicela/2024-06-25_21-31-21_6606.png,Varicela,7,Train
Train/Varicela/2024-06-26_21-48-53_4177.png,Varicela,7,Train
Train/Varicela/2024-06-27_12-26-33_2242.png,Varicela,7,Train
Val/Sarampion/Sarampion (42).png,Sarampion,7,Train
Train/Varicela/ChickenPox (187).jpg,Varicela,7,Test
Train/Sarampion/2024-06-26_14-13-24_4439.png,Sarampion,7,Val
Train/Varicela/2024-06-25_21-33-47_7689.png,Varicela,7,Train
Train/Monkeypox/MonkeyPox (106).png,Monkeypox,7,Test
Test/Sarampion/2024-06-26_12-50-45_8660.png,Sarampion,7,Val
Train/Sarampion/2024-06-26_16-37-39_3050.png,Sarampion,7,Train
Train/Herpes/Herpes (196).jpg,Herpes,7,Train
Test/Herpes/Herpes (126).jpg,Herpes,7,Test
Train/Monkeypox/MonkeyPox (29).png,Monkeypox,7,Test
Train/Varicela/2024-06-27_00-01-24_1094.png,Varicela,7,Train
Train/Varicela/2024-06-25_23-51-14_8933.png,Varicela,7,Train
Train/Sarampion/Sarampion (139).jpg,Sarampion,7,Test
Test/Sarampion/2024-06-26_13-24-18_3831.png,Sarampion,7,Test
Train/Monkeypox/MonkeyPox (158).png,Monkeypox,7,Train
Train/Varicela/2024-06-26_23-08-14_4919.png,Varicela,7,Train
Test/Varicela/2024-06-27_12-07-18_3814.png,Varicela,7,Train
Train/Monkeypox/2024-06-27_14-20-42_3059.png,Monkeypox,7,Train
Train/Varicela/2024-06-26_23-39-33_6681.png,Varicela,7,Train
Val/Herpes/Herpes (35).jpg,Herpes,7,Train
Train/Varicela/ChickenPox (163).jpg,Varicela,7,Train
Train/Varicela/2024-06-25_22-33-28_7859.png,Varicela,7,Val
Test/Sarampion/2024-06-26_14-19-28_8644.png,Sarampion,7,Train
Train/Sarampion/2024-06-26_11-59-09_9737.png,Sarampion,7,Train
Train/Varicela/2024-06-26_23-39-58_7227.png,Varicela,7,Train
Test/Varicela/2024-06-27_13-11-42_9144.png,Varicela,7,Train
Train/Monkeypox/2024-06-27_14-14-32_9360.png,Monkeypox,7,Train
Train/Herpes/Herpes (115).jpg,Herpes,7,Val
Train/Varicela/ChickenPox (158).jpg,Varicela,7,Train
Train/Varicela/ChickenPox (157).jpg,Varicela,7,Train
Train/Varicela/2024-06-25_22-20-24_8033.png,Varicela,7,Test
Train/Varicela/2024-06-27_13-29-45_3966.png,Varicela,7,Train
Train/Sarampion/2024-06-26_11-59-33_5864.png,Sarampion,7,Val
Train/Varicela/2024-06-26_22-21-38_8382.png,Varicela,7,Train
Train/Monkeypox/2024-06-27_14-14-04_7146.png,Monkeypox,7,Val
Train/Varicela/2024-06-26_21-50-05_2915.png,Varicela,7,Train
Train/Sarampion/2024-06-26_15-08-18_5207.png,Sarampion,7,Train
Train/Monkeypox/2024-06-27_16-00-14_4345.png,Monkeypox,7,Train
Test/Varicela/ChickenPox (61).jpg,Varicela,7,Test
Train/Monkeypox/2024-06-27_16-50-00_1112.png,Monkeypox,7,Train
Train/Varicela/2024-06-26_21-07-13_8006.png,Varicela,7,Train
Train/Varicela/2024-06-25_21-32-13_9390.png,Varicela,7,Train
Test/Monkeypox/2024-06-27_13-56-10_7526.png,Monkeypox,7,Train
Train/Monkeypox/2024-06-27_17-53-03_4787.png,Monkeypox,7,Train
Train/Sarampion/2024-06-26_15-18-09_5961.png,Sarampion,7,Train
Train/Sarampion/2024-06-26_12-04-07_3372.png,Sarampion,7,Train
Train/Varicela/2024-06-26_21-10-45_6870.png,Varicela,7,Train
Test/Monkeypox/2024-06-27_15-22-09_5488.png,Monkeypox,7,Val
Train/Monkeypox/2024-06-27_15-20-38_3227.png,Monkeypox,7,Train
Train/Varicela/2024-06-26_23-18-02_9733.png,Varicela,7,Test
Train/Varicela/2024-06-25_21-37-59_4761.png,Varicela,7,Train
Train/Varicela/2024-06-26_22-25-48_7311.png,Varicela,7,Val
Train/Varicela/2024-06-26_22-14-46_9038.png,Varicela,7,Test
Train/Sarampion/Sarampion (107).jpg,Sarampion,7,Train
Train/Varicela/2024-06-27_12-04-43_6538.png,Varicela,7,Val
Test/Varicela/2024-06-26_21-17-12_4644.png,Varicela,7,Train
Train/Varicela/2024-06-27_13-14-00_6433.png,Varicela,7,Train
Train/Varicela/2024-06-26_23-43-05_4164.png,Varicela,7,Train
Test/Sarampion/2024-06-26_13-26-37_2353.png,Sarampion,7,Train
Train/Varicela/2024-06-27_13-06-44_7104.png,Varicela,7,Train
Train/Monkeypox/2024-06-27_15-48-09_8163.png,Monkeypox,7,Test
Train/Sarampion/2024-06-26_15-15-39_8676.png,Sarampion,7,Val
Train/Varicela/2024-06-25_22-14-22_1849.png,Varicela,7,Val
Train/Monkeypox/2024-06-27_15-52-05_8391.png,Monkeypox,7,Test
Train/Varicela/ChickenPox (127).jpg,Varicela,7,Train
Test/Sarampion/Sarampion (43).png,Sarampion,7,Train
Train/Monkeypox/2024-06-27_14-09-13_6917.png,Monkeypox,7,Val
Train/Varicela/2024-06-26_21-06-51_7094.png,Varicela,7,Train
Train/Varicela/2024-06-26_22-17-57_5411.png,Varicela,7,Test
Train/Varicela/2024-06-27_11-44-17_7281.png,Varicela,7,Train
Train/Varicela/2024-06-26_21-31-25_1709.png,Varicela,7,Train
Train/Sarampion/2024-06-26_12-57-46_4028.png,Sarampion,7,Train
Train/Varicela/2024-06-26_00-15-36_6738.png,Varicela,7,Train
Train/Varicela/2024-06-25_23-45-27_2202.png,Varicela,7,Val
Train/Varicela/2024-06-25_21-36-27_3809.png,Varicela,7,Train
Train/Varicela/2024-06-26_21-04-36_4100.png,Varicela,7,Test
Test/Varicela/2024-06-26_21-16-14_9925.png,Varicela,7,Train
Train/Herpes/Herpes (304).jpg,Herpes,7,Train
Train/Varicela/2024-06-26_23-10-49_9079.png,Varicela,7,Train
Train/Varicela/2024-06-27_12-19-30_5397.png,Varicela,7,Train
Train/Varicela/ChickenPox (170).jpg,Varicela,7,Train
Train/Varicela/2024-06-26_21-06-29_5345.png,Varicela,7,Train
Test/Varicela/2024-06-26_23-43-26_2381.png,Varicela,7,Train
Test/Monkeypox/2024-06-27_13-55-47_1416.png,Monkeypox,7,Train
Test/Varicela/2024-06-26_23-50-12_7243.png,Varicela,7,Train
Train/Monkeypox/2024-06-27_13-59-47_6872.png,Monkeypox,7,Train
Test/Varicela/ChickenPox (54).png,Varicela,7,Train
Test/Sarampion/2024-06-26_12-51-06_3150.png,Sarampion,7,Train
Test/Varicela/ChickenPox (37).png,Varicela,7,Train
Train/Sarampion/2024-06-26_12-01-49_1323.png,Sarampion,7,Test
Train/Varicela/2024-06-25_22-46-30_4040.png,Varicela,7,Train
Train/Varicela/2024-06-27_13-27-31_1578.png,Varicela,7,Test
Train/Sarampion/2024-06-26_12-59-15_9519.png,Sarampion,7,Train
Train/Varicela/2024-06-27_00-41-24_8907.png,Varicela,7,Train
Train/Varicela/2024-06-26_21-30-30_7786.png,Varicela,7,Train
Train/Varicela/2024-06-26_21-40-27_2949.png,Varicela,7,Val
Train/Monkeypox/2024-06-27_15-16-27_2045.png,Monkeypox,7,Train
Train/Monkeypox/2024-06-27_15-53-33_1566.png,Monkeypox,7,Train
Val/Varicela/ChickenPox (3).jpg,Varicela,7,Train
Train/Herpes/Herpes (297).jpg,Herpes,7,Val
Train/Monkeypox/2024-06-27_16-43-19_6594.png,Monkeypox,7,Val
Train/Monkeypox/2024-06-27_15-56-01_2331.png,Monkeypox,7,Test
Train/Sarampion/2024-06-26_13-21-10_5010.png,Sarampion,7,Train
Train/Herpes/Herpes (256).jpg,Herpes,7,Val
Train/Sarampion/2024-06-26_12-49-51_7739.png,Sarampion,7,Train
Train/Varicela/2024-06-27_12-26-55_4277.png,Varicela,7,Train
Train/Sarampion/2024-06-26_14-57-58_4742.png,Sarampion,7,Train
Train/Varicela/2024-06-27_13-19-41_3117.png,Varicela,7,Train
Train/Monkeypox/2024-06-27_16-05-23_7051.png,Monkeypox,7,Test
Train/Monkeypox/2024-06-27_13-53-49_8657.png,Monkeypox,7,Train
Test/Varicela/2024-06-25_21-37-35_5856.png,Varicela,7,Train
Val/Monkeypox/MonkeyPox (36).png,Monkeypox,7,Val
Train/Varicela/2024-06-27_12-00-14_3007.png,Varicela,7,Train
Train/Varicela/2024-06-26_21-28-50_5244.png,Varicela,7,Train
Test/Varicela/2024-06-25_21-37-13_9023.png,Varicela,7,Val
Train/Sarampion/2024-06-26_15-14-59_6587.png,Sarampion,7,Train
Train/Monkeypox/2024-06-27_14-10-49_8828.png,Monkeypox,7,Val
Test/Sarampion/Sarampion (3).png,Sarampion,7,Val
Train/Sarampion/2024-06-26_14-18-43_1449.png,Sarampion,7,Train
Test/Monkeypox/MonkeyPox (9).png,Monkeypox,7,Train
Train/Varicela/ChickenPox (232).jpg,Varicela,7,Test
Train/Sarampion/2024-06-26_12-48-38_4965.png,Sarampion,7,Train
Test/Varicela/ChickenPox (38).png,Varicela,7,Train
Train/Varicela/2024-06-27_13-00-36_6029.png,Varicela,7,Train
