sample_id,label,cluster_id,fold,role
Train/Herpes/2024-06-26_19-59-06_2731.png,Herpes,Train/Herpes/2024-06-26_19-59-06_2731.png,1,Train
Train/Herpes/2024-06-24_22-25-44_4746.png,Herpes,Train/Herpes/2024-06-24_22-25-44_4746.png,1,Val
Train/Herpes/2024-06-24_21-30-57_1119.png,Herpes,Train/Herpes/2024-06-24_21-30-57_1119.png,1,Train
Train/Herpes/2024-06-26_20-16-27_2419.png,Herpes,Train/Herpes/2024-06-26_20-16-27_2419.png,1,Train
Train/Herpes/2024-06-26_20-33-21_9436.png,Herpes,Train/Herpes/2024-06-26_20-33-21_9436.png,1,Test
Train/Herpes/2024-06-26_20-28-42_1276.png,Herpes,Train/Herpes/2024-06-26_20-28-42_1276.png,1,Test
Train/Herpes/2024-06-24_22-39-53_9260.png,Herpes,Train/Herpes/2024-06-24_22-39-53_9260.png,1,Test
Train/Herpes/2024-06-26_20-00-00_2438.png,Herpes,Train/Herpes/2024-06-26_20-00-00_2438.png,1,Val
Train/Herpes/2024-06-24_22-24-05_4912.png,Herpes,Train/Herpes/2024-06-24_22-24-05_4912.png,1,Train
Train/Herpes/2024-06-26_20-32-30_7417.png,Herpes,Train/Herpes/2024-06-26_20-32-30_7417.png,1,Train
Train/Monkeypox/2024-06-27_17-18-10_5638.png,Monkeypox,Train/Monkeypox/2024-06-27_17-18-10_5638.png,1,Val
Train/Monkeypox/MonkeyPox (119).jpg,Monkeypox,Train/Monkeypox/MonkeyPox (119).jpg,1,Val
Train/Monkeypox/2024-06-27_17-04-03_5055.png,Monkeypox,Train/Monkeypox/2024-06-27_17-04-03_5055.png,1,Test
Train/Monkeypox/2024-06-27_17-15-54_6385.png,Monkeypox,Train/Monkeypox/2024-06-27_17-15-54_6385.png,1,Train
Train/Monkeypox/2024-06-27_15-15-30_1184.png,Monkeypox,Train/Monkeypox/2024-06-27_15-15-30_1184.png,1,Val
Train/Monkeypox/2024-06-27_15-21-00_4397.png,Monkeypox,Train/Monkeypox/2024-06-27_15-21-00_4397.png,1,Train
Train/Monkeypox/2024-06-27_16-55-56_6429.png,Monkeypox,Train/Monkeypox/2024-06-27_16-55-56_6429.png,1,Train
Train/Monkeypox/2024-06-27_14-57-21_4658.png,Monkeypox,Train/Monkeypox/2024-06-27_14-57-21_4658.png,1,Train
Train/Monkeypox/2024-06-27_16-09-50_4446.png,Monkeypox,Train/Monkeypox/2024-06-27_16-09-50_4446.png,1,Train
Train/Monkeypox/MonkeyPox (12).png,Monkeypox,Train/Monkeypox/MonkeyPox (12).png,1,Train
Train/Monkeypox/2024-06-27_16-40-50_5478.png,Monkeypox,Train/Monkeypox/2024-06-27_16-40-50_5478.png,1,Val
Train/Monkeypox/2024-06-27_16-11-34_7850.png,Monkeypox,Train/Monkeypox/2024-06-27_16-11-34_7850.png,1,Train
Train/Monkeypox/2024-06-27_17-42-30_9573.png,Monkeypox,Train/Monkeypox/2024-06-27_17-42-30_9573.png,1,Train
Train/Monkeypox/2024-06-27_16-02-21_3451.png,Monkeypox,Train/Monkeypox/2024-06-27_16-02-21_3451.png,1,Test
Train/Monkeypox/2024-06-27_16-41-54_5120.png,Monkeypox,Train/Monkeypox/2024-06-27_16-41-54_5120.png,1,Train
Train/Monkeypox/2024-06-27_15-50-39_9232.png,Monkeypox,Train/Monkeypox/2024-06-27_15-50-39_9232.png,1,Train
Train/Monkeypox/2024-06-27_16-01-18_1261.png,Monkeypox,Train/Monkeypox/2024-06-27_16-01-18_1261.png,1,Train
Train/Monkeypox/2024-06-27_17-01-01_1172.png,Monkeypox,Train/Monkeypox/2024-06-27_17-01-01_1172.png,1,Train
Train/Monkeypox/2024-06-27_17-45-32_7703.png,Monkeypox,Train/Monkeypox/2024-06-27_17-45-32_7703.png,1,Train
Train/Monkeypox/2024-06-27_17-42-52_5360.png,Monkeypox,Train/Monkeypox/2024-06-27_17-42-52_5360.png,1,Val
Train/Monkeypox/2024-06-27_14-02-31_3776.png,Monkeypox,Train/Monkeypox/2024-06-27_14-02-31_3776.png,1,Test
Train/Monkeypox/2024-06-27_17-50-27_3590.png,Monkeypox,Train/Monkeypox/2024-06-27_17-50-27_3590.png,1,Train
Train/Monkeypox/MonkeyPox (168).jpg,Monkeypox,Train/Monkeypox/MonkeyPox (168).jpg,1,Train
Train/Monkeypox/2024-06-27_16-46-36_6608.png,Monkeypox,Train/Monkeypox/2024-06-27_16-46-36_6608.png,1,Train
Train/Monkeypox/2024-06-27_14-00-36_6070.png,Monkeypox,Train/Monkeypox/2024-06-27_14-00-36_6070.png,1,Train
Train/Monkeypox/2024-06-27_14-18-51_3062.png,Monkeypox,Train/Monkeypox/2024-06-27_14-18-51_3062.png,1,Train
Train/Monkeypox/2024-06-27_15-49-56_8367.png,Monkeypox,Train/Monkeypox/2024-06-27_15-49-56_8367.png,1,Train
Train/Monkeypox/2024-06-27_14-52-08_5422.png,Monkeypox,Train/Monkeypox/2024-06-27_14-52-08_5422.png,1,Train
Train/Monkeypox/MonkeyPox (176).jpg,Monkeypox,Train/Monkeypox/MonkeyPox (176).jpg,1,Train
Train/Monkeypox/MonkeyPox (64).jpg,Monkeypox,Train/Monkeypox/MonkeyPox (64).jpg,1,Train
Train/Monkeypox/2024-06-27_15-34-33_4126.png,Monkeypox,Train/Monkeypox/2024-06-27_15-34-33_4126.png,1,Train
Train/Monkeypox/2024-06-27_16-56-59_4214.png,Monkeypox,Train/Monkeypox/2024-06-27_16-56-59_4214.png,1,Train
Train/Monkeypox/2024-06-27_15-16-04_2907.png,Monkeypox,Train/Monkeypox/2024-06-27_15-16-04_2907.png,1,Train
Train/Monkeypox/2024-06-27_16-06-05_8682.png,Monkeypox,Train/Monkeypox/2024-06-27_16-06-05_8682.png,1,Train
Train/Monkeypox/2024-06-27_13-57-46_4307.png,Monkeypox,Train/Monkeypox/2024-06-27_13-57-46_4307.png,1,Val
Train/Monkeypox/2024-06-27_17-20-03_5247.png,Monkeypox,Train/Monkeypox/2024-06-27_17-20-03_5247.png,1,Train
Train/Monkeypox/MonkeyPox (105).png,Monkeypox,Train/Monkeypox/MonkeyPox (105).png,1,Train
Train/Monkeypox/2024-06-27_14-52-28_5298.png,Monkeypox,Train/Monkeypox/2024-06-27_14-52-28_5298.png,1,Train
Train/Monkeypox/2024-06-27_17-43-15_7289.png,Monkeypox,Train/Monkeypox/2024-06-27_17-43-15_7289.png,1,Train
Train/Monkeypox/2024-06-27_14-54-11_8569.png,Monkeypox,Train/Monkeypox/2024-06-27_14-54-11_8569.png,1,Test
Train/Monkeypox/2024-06-27_16-32-48_7476.png,Monkeypox,Train/Monkeypox/2024-06-27_16-32-48_7476.png,1,Test
Train/Monkeypox/MonkeyPox (183).jpg,Monkeypox,Train/Monkeypox/MonkeyPox (183).jpg,1,Train
Train/Monkeypox/2024-06-27_16-59-09_9054.png,Monkeypox,Train/Monkeypox/2024-06-27_16-59-09_9054.png,1,Train
Train/Monkeypox/2024-06-27_15-49-34_9540.png,Monkeypox,Train/Monkeypox/2024-06-27_15-49-34_9540.png,1,Test
Train/Monkeypox/2024-06-27_16-38-42_9869.png,Monkeypox,Train/Monkeypox/2024-06-27_16-38-42_9869.png,1,Test
Train/Monkeypox/2024-06-27_15-08-13_7810.png,Monkeypox,Train/Monkeypox/2024-06-27_15-08-13_7810.png,1,Test
Train/Monkeypox/2024-06-27_15-30-50_6002.png,Monkeypox,Train/Monkeypox/2024-06-27_15-30-50_6002.png,1,Train
Train/Monkeypox/2024-06-27_17-53-25_7938.png,Monkeypox,Train/Monkeypox/2024-06-27_17-53-25_7938.png,1,Train
Train/Monkeypox/2024-06-27_15-42-16_6387.png,Monkeypox,Train/Monkeypox/2024-06-27_15-42-16_6387.png,1,Train
Train/Monkeypox/2024-06-27_16-32-26_5748.png,Monkeypox,Train/Monkeypox/2024-06-27_16-32-26_5748.png,1,Train
Train/Monkeypox/2024-06-27_16-39-03_5719.png,Monkeypox,Train/Monkeypox/2024-06-27_16-39-03_5719.png,1,Train
Train/Monkeypox/2024-06-27_16-42-36_8358.png,Monkeypox,Train/Monkeypox/2024-06-27_16-42-36_8358.png,1,Train
Train/Monkeypox/2024-06-27_14-03-39_2943.png,Monkeypox,Train/Monkeypox/2024-06-27_14-03-39_2943.png,1,Train
Train/Monkeypox/2024-06-27_17-14-24_5816.png,Monkeypox,Train/Monkeypox/2024-06-27_17-14-24_5816.png,1,Test
Train/Monkeypox/2024-06-27_15-02-21_1478.png,Monkeypox,Train/Monkeypox/2024-06-27_15-02-21_1478.png,1,Val
Train/Varicela/2024-06-27_11-23-22_7767.png,Varicela,Train/Varicela/2024-06-27_11-23-22_7767.png,1,Train
Train/Varicela/ChickenPox (67).jpg,Varicela,Train/Varicela/ChickenPox (67).jpg,1,Train
Train/Varicela/ChickenPox (124).jpg,Varicela,Train/Varicela/ChickenPox (124).jpg,1,Train
Train/Varicela/2024-06-27_11-27-46_2502.png,Varicela,Train/Varicela/2024-06-27_11-27-46_2502.png,1,Val
Train/Varicela/2024-06-26_23-10-04_2229.png,Varicela,Train/Varicela/2024-06-26_23-10-04_2229.png,1,Val
Train/Varicela/ChickenPox (225).jpg,Varicela,Train/Varicela/ChickenPox (225).jpg,1,Train
Train/Varicela/2024-06-27_12-25-49_8796.png,Varicela,Train/Varicela/2024-06-27_12-25-49_8796.png,1,Test
Train/Varicela/2024-06-27_12-20-37_5347.png,Varicela,Train/Varicela/2024-06-27_12-20-37_5347.png,1,Train
Train/Varicela/2024-06-27_13-23-04_4621.png,Varicela,Train/Varicela/2024-06-27_13-23-04_4621.png,1,Train
Train/Varicela/2024-06-26_21-03-51_2168.png,Varicela,Train/Varicela/2024-06-26_21-03-51_2168.png,1,Train
Train/Varicela/2024-06-27_12-17-37_9902.png,Varicela,Train/Varicela/2024-06-27_12-17-37_9902.png,1,Train
Train/Varicela/2024-06-25_21-38-42_1894.png,Varicela,Train/Varicela/2024-06-25_21-38-42_1894.png,1,Train
Train/Varicela/ChickenPox (57).png,Varicela,Test/Varicela/ChickenPox (31).png,1,Train
Train/Varicela/2024-06-27_13-05-13_9479.png,Varicela,Train/Varicela/2024-06-27_13-05-13_9479.png,1,Train
Train/Varicela/2024-06-27_13-09-47_8141.png,Varicela,Train/Varicela/2024-06-27_13-09-47_8141.png,1,Train
Train/Varicela/2024-06-26_23-15-54_5816.png,Varicela,Train/Varicela/2024-06-26_23-15-54_5816.png,1,Train
Train/Varicela/2024-06-27_11-22-38_8705.png,Varicela,Train/Varicela/2024-06-27_11-22-38_8705.png,1,Train
Train/Varicela/2024-06-26_21-25-10_8880.png,Varicela,Train/Varicela/2024-06-26_21-25-10_8880.png,1,Train
Train/Varicela/2024-06-26_00-12-13_1837.png,Varicela,Train/Varicela/2024-06-26_00-12-13_1837.png,1,Val
Train/Varicela/2024-06-27_00-41-48_7699.png,Varicela,Train/Varicela/2024-06-27_00-41-48_7699.png,1,Train
Train/Varicela/ChickenPox (222).jpg,Varicela,Train/Varicela/ChickenPox (222).jpg,1,Train
Train/Varicela/2024-06-27_13-06-21_4404.png,Varicela,Train/Varicela/2024-06-27_13-06-21_4404.png,1,Train
Train/Varicela/ChickenPox (258).jpg,Varicela,Train/Varicela/ChickenPox (258).jpg,1,Val
Train/Varicela/2024-06-26_23-29-52_3990.png,Varicela,Train/Varicela/2024-06-26_23-29-52_3990.png,1,Train
Train/Varicela/2024-06-27_12-16-30_9803.png,Varicela,Train/Varicela/2024-06-27_12-16-30_9803.png,1,Train
Train/Varicela/2024-06-27_11-45-02_2390.png,Varicela,Train/Varicela/2024-06-27_11-45-02_2390.png,1,Train
Train/Varicela/ChickenPox (51).png,Varicela,Train/Varicela/ChickenPox (51).png,1,Train
Train/Varicela/ChickenPox (265).jpg,Varicela,Train/Varicela/ChickenPox (265).jpg,1,Train
Train/Varicela/2024-06-25_22-51-36_2788.png,Varicela,Train/Varicela/2024-06-25_22-51-36_2788.png,1,Train
Train/Varicela/2024-06-27_13-33-29_2260.png,Varicela,Train/Varicela/2024-06-27_13-33-29_2260.png,1,Train
Train/Varicela/ChickenPox (218).jpg,Varicela,Train/Varicela/ChickenPox (218).jpg,1,Train
Train/Varicela/2024-06-27_12-14-38_7691.png,Varicela,Train/Varicela/2024-06-27_12-14-38_7691.png,1,Val
Train/Varicela/2024-06-27_12-03-36_5978.png,Varicela,Train/Varicela/2024-06-27_12-03-36_5978.png,1,Train
Train/Varicela/2024-06-25_21-41-36_4208.png,Varicela,Train/Varicela/2024-06-25_21-41-36_4208.png,1,Train
Train/Varicela/2024-06-27_13-14-23_4885.png,Varicela,Train/Varicela/2024-06-27_13-14-23_4885.png,1,Train
Train/Varicela/ChickenPox (188).jpg,Varicela,Train/Varicela/ChickenPox (188).jpg,1,Train
Train/Varicela/2024-06-25_22-56-41_5614.png,Varicela,Train/Varicela/2024-06-25_22-56-41_5614.png,1,Val
Train/Varicela/ChickenPox (278).jpg,Varicela,Train/Varicela/ChickenPox (278).jpg,1,Train
Train/Varicela/2024-06-26_20-58-35_8287.png,Varicela,Train/Varicela/2024-06-26_20-58-35_8287.png,1,Train
Train/Varicela/2024-06-27_12-23-13_3807.png,Varicela,Train/Varicela/2024-06-27_12-23-13_3807.png,1,Test
Train/Varicela/2024-06-26_21-43-52_2834.png,Varicela,Train/Varicela/2024-06-26_21-43-52_2834.png,1,Train
Train/Varicela/2024-06-26_22-22-35_1947.png,Varicela,Train/Varicela/2024-06-26_22-22-35_1947.png,1,Train
Train/Varicela/2024-06-25_21-30-59_7969.png,Varicela,Train/Varicela/2024-06-25_21-30-59_7969.png,1,Train
Train/Varicela/ChickenPox (279).jpg,Varicela,Train/Varicela/ChickenPox (279).jpg,1,Train
Train/Varicela/2024-06-27_13-22-20_2530.png,Varicela,Train/Varicela/2024-06-27_13-22-20_2530.png,1,Train
Train/Varicela/2024-06-26_21-47-08_5752.png,Varicela,Train/Varicela/2024-06-26_21-47-08_5752.png,1,Train
Train/Varicela/2024-06-26_21-33-31_2267.png,Varicela,Train/Varicela/2024-06-26_21-33-31_2267.png,1,Train
Train/Melanoma/Melanoma (207).jpg,Melanoma,Train/Melanoma/Melanoma (207).jpg,1,Train
Train/Melanoma/Melanoma (167).jpg,Melanoma,Train/Melanoma/Melanoma (167).jpg,1,Test
Train/Melanoma/Melanoma (421).jpg,Melanoma,Train/Melanoma/Melanoma (421).jpg,1,Val
Train/Melanoma/Melanoma (424).jpg,Melanoma,Train/Melanoma/Melanoma (424).jpg,1,Test
Train/Melanoma/Melanoma (276).jpg,Melanoma,Train/Melanoma/Melanoma (276).jpg,1,Train
Train/Melanoma/Melanoma (439).jpg,Melanoma,Train/Melanoma/Melanoma (439).jpg,1,Train
Train/Melanoma/melanoma_5669.jpg,Melanoma,Train/Melanoma/melanoma_5669.jpg,1,Test
Train/Melanoma/Melanoma (154).jpg,Melanoma,Train/Melanoma/Melanoma (154).jpg,1,Train
Train/Melanoma/Melanoma (369).jpg,Melanoma,Train/Melanoma/Melanoma (369).jpg,1,Train
Train/Melanoma/melanoma_5698.jpg,Melanoma,Train/Melanoma/melanoma_5698.jpg,1,Train
Train/Melanoma/Melanoma (206).jpg,Melanoma,Train/Melanoma/Melanoma (206).jpg,1,Val
Train/Melanoma/Melanoma (108).jpg,Melanoma,Train/Melanoma/Melanoma (108).jpg,1,Train
Train/Melanoma/Melanoma (225).jpg,Melanoma,Train/Melanoma/Melanoma (225).jpg,1,Train
Train/Sarampion/2024-06-26_17-06-48_1275.png,Sarampion,Train/Sarampion/2024-06-26_17-06-48_1275.png,1,Train
Train/Sarampion/Sarampion (34).jpg,Sarampion,Train/Sarampion/Sarampion (122).jpg,1,Train
Train/Sarampion/Sarampion (99).jpg,Sarampion,Train/Sarampion/Sarampion (99).jpg,1,Val
Train/Sarampion/2024-06-26_12-13-46_3831.png,Sarampion,Train/Sarampion/2024-06-26_12-13-46_3831.png,1,Train
Train/Sarampion/2024-06-26_18-26-56_2099.png,Sarampion,Train/Sarampion/2024-06-26_18-26-56_2099.png,1,Val
Train/Sarampion/2024-06-26_17-30-13_9287.png,Sarampion,Train/Sarampion/2024-06-26_17-30-13_9287.png,1,Train
Train/Sarampion/2024-06-26_18-53-19_4672.png,Sarampion,Train/Sarampion/2024-06-26_18-53-19_4672.png,1,Test
Train/Sarampion/2024-06-26_17-33-09_9314.png,Sarampion,Train/Sarampion/2024-06-26_17-33-09_9314.png,1,Train
Train/Sarampion/2024-06-26_12-18-48_6483.png,Sarampion,Train/Sarampion/2024-06-26_12-18-48_6483.png,1,Val
Train/Sarampion/2024-06-26_17-17-13_1972.png,Sarampion,Train/Sarampion/2024-06-26_17-17-13_1972.png,1,Train
Train/Sarampion/2024-06-26_12-09-55_7255.png,Sarampion,Train/Sarampion/2024-06-26_12-09-55_7255.png,1,Test
Train/Sarampion/2024-06-26_18-39-15_9521.png,Sarampion,Train/Sarampion/2024-06-26_18-39-15_9521.png,1,Val
Train/Sarampion/2024-06-26_12-13-23_8548.png,Sarampion,Train/Sarampion/2024-06-26_12-13-23_8548.png,1,Train
Train/Sarampion/Sarampion (63).jpg,Sarampion,Train/Sarampion/Sarampion (63).jpg,1,Train
Train/Sarampion/2024-06-26_12-14-41_4147.png,Sarampion,Train/Sarampion/2024-06-26_12-14-41_4147.png,1,Train
Train/Sarampion/2024-06-26_18-54-10_3473.png,Sarampion,Train/Sarampion/2024-06-26_18-54-10_3473.png,1,Train
Train/Sarampion/2024-06-26_18-51-17_6827.png,Sarampion,Train/Sarampion/2024-06-26_18-51-17_6827.png,1,Val
Train/Sarampion/2024-06-26_12-13-00_2392.png,Sarampion,Train/Sarampion/2024-06-26_12-13-00_2392.png,1,Train
Train/Sarampion/2024-06-26_18-38-52_1584.png,Sarampion,Train/Sarampion/2024-06-26_18-38-52_1584.png,1,Train
Train/Sarampion/2024-06-26_17-33-55_2715.png,Sarampion,Train/Sarampion/2024-06-26_17-33-55_2715.png,1,Test
Train/Sarampion/2024-06-26_18-46-07_8847.png,Sarampion,Train/Sarampion/2024-06-26_18-46-07_8847.png,1,Train
Train/Sarampion/2024-06-26_18-29-45_4418.png,Sarampion,Train/Sarampion/2024-06-26_18-29-45_4418.png,1,Train
Train/Sarampion/2024-06-26_18-49-37_3624.png,Sarampion,Train/Sarampion/2024-06-26_18-49-37_3624.png,1,Train
Train/Sarampion/2024-06-26_12-15-30_8710.png,Sarampion,Train/Sarampion/2024-06-26_12-15-30_8710.png,1,Train
Train/Sarampion/2024-06-26_17-21-07_7403.png,Sarampion,Train/Sarampion/2024-06-26_17-21-07_7403.png,1,Test
Train/Sarampion/2024-06-26_13-32-47_3652.png,Sarampion,Train/Sarampion/2024-06-26_13-32-47_3652.png,1,Train
Train/Sarampion/2024-06-26_18-34-51_1021.png,Sarampion,Train/Sarampion/2024-06-26_18-34-51_1021.png,1,Val
Train/Sarampion/Sarampion (81).png,Sarampion,Train/Sarampion/Sarampion (81).png,1,Train
Train/Sarampion/2024-06-26_18-34-27_7487.png,Sarampion,Train/Sarampion/2024-06-26_18-34-27_7487.png,1,Val
Train/Sarampion/Sarampion (60).png,Sarampion,Train/Sarampion/Sarampion (60).png,1,Test
Train/Sarampion/2024-06-26_18-52-05_8640.png,Sarampion,Train/Sarampion/2024-06-26_18-52-05_8640.png,1,Val
Train/Sarampion/2024-06-26_12-12-04_1572.png,Sarampion,Train/Sarampion/2024-06-26_12-12-04_1572.png,1,Train
Train/Sarampion/2024-06-26_15-55-42_9594.png,Sarampion,Train/Sarampion/2024-06-26_15-55-42_9594.png,1,Train
Train/Sarampion/2024-06-26_12-10-47_9594.png,Sarampion,Train/Sarampion/2024-06-26_12-10-47_9594.png,1,Test
Train/Sarampion/2024-06-26_17-13-45_5162.png,Sarampion,Train/Sarampion/2024-06-26_17-13-45_5162.png,1,Train
Train/Sarampion/2024-06-26_18-35-38_6808.png,Sarampion,Train/Sarampion/2024-06-26_18-35-38_6808.png,1,Train
Train/Sarampion/2024-06-26_17-17-34_2732.png,Sarampion,Train/Sarampion/2024-06-26_17-17-34_2732.png,1,Train
Train/Sarampion/Sarampion (46).png,Sarampion,Train/Sarampion/Sarampion (46).png,1,Train
Train/Sarampion/2024-06-26_18-20-50_1741.png,Sarampion,Train/Sarampion/2024-06-26_18-20-50_1741.png,1,Test
Train/Sarampion/2024-06-26_12-18-02_3000.png,Sarampion,Train/Sarampion/2024-06-26_12-18-02_3000.png,1,Train
Train/Sarampion/2024-06-26_18-21-15_3616.png,Sarampion,Train/Sarampion/2024-06-26_18-21-15_3616.png,1,Train
Train/Sarampion/2024-06-26_18-32-01_3999.png,Sarampion,Train/Sarampion/2024-06-26_18-32-01_3999.png,1,Train
Train/Sarampion/2024-06-26_17-19-08_7470.png,Sarampion,Train/Sarampion/2024-06-26_17-19-08_7470.png,1,Val
Train/Sarampion/2024-06-26_18-45-32_8285.png,Sarampion,Train/Sarampion/2024-06-26_18-45-32_8285.png,1,Val
Train/Sarampion/2024-06-26_17-19-55_9561.png,Sarampion,Train/Sarampion/2024-06-26_17-19-55_9561.png,1,Train
Train/Sarampion/2024-06-26_18-43-03_4744.png,Sarampion,Train/Sarampion/2024-06-26_18-43-03_4744.png,1,Train
Train/Sarampion/2024-06-26_18-30-15_8910.png,Sarampion,Train/Sarampion/2024-06-26_18-30-15_8910.png,1,Train
Train/Sarampion/Sarampion.jpeg,Sarampion,Train/Sarampion/Sarampion.jpeg,1,Train
Train/Sarampion/2024-06-26_18-50-54_6828.png,Sarampion,Train/Sarampion/2024-06-26_18-50-54_6828.png,1,Train
Train/Sarampion/2024-06-26_17-33-32_6380.png,Sarampion,Train/Sarampion/2024-06-26_17-33-32_6380.png,1,Train
Train/Sarampion/2024-06-26_12-11-40_8397.png,Sarampion,Train/Sarampion/2024-06-26_12-11-40_8397.png,1,Test
Train/Sarampion/2024-06-26_18-28-54_2223.png,Sarampion,Train/Sarampion/2024-06-26_18-28-54_2223.png,1,Train
Train/Sarampion/2024-06-26_12-21-06_4254.png,Sarampion,Train/Sarampion/2024-06-26_12-21-06_4254.png,1,Train
Train/Sarampion/2024-06-26_15-20-17_4986.png,Sarampion,Train/Sarampion/2024-06-26_15-20-17_4986.png,1,Train
Train/Sarampion/Sarampion (75).png,Sarampion,Train/Sarampion/Sarampion (75).png,1,Train
Train/Sarampion/2024-06-26_18-43-52_5069.png,Sarampion,Train/Sarampion/2024-06-26_18-43-52_5069.png,1,Val
Train/Sarampion/2024-06-26_12-19-10_2182.png,Sarampion,Train/Sarampion/2024-06-26_12-19-10_2182.png,1,Train
Train/Sarampion/Sarampion (71).jpg,Sarampion,Test/Sarampion/Sarampion (9).jpg,1,Test
Train/Sarampion/2024-06-26_18-41-33_8344.png,Sarampion,Train/Sarampion/2024-06-26_18-41-33_8344.png,1,Val
Train/Sarampion/2024-06-26_18-29-19_9529.png,Sarampion,Train/Sarampion/2024-06-26_18-29-19_9529.png,1,Train
Train/Sarampion/2024-06-26_18-41-57_2773.png,Sarampion,Train/Sarampion/2024-06-26_18-41-57_2773.png,1,Test
Train/Sarampion/2024-06-26_18-47-59_2594.png,Sarampion,Train/Sarampion/2024-06-26_18-47-59_2594.png,1,Train
Train/Sarampion/2024-06-26_18-50-23_9423.png,Sarampion,Train/Sarampion/2024-06-26_18-50-23_9423.png,1,Train
Train/Sarampion/2024-06-26_18-20-56_9388.png,Sarampion,Train/Sarampion/2024-06-26_18-20-56_9388.png,1,Val
Train/Sarampion/Sarampion (156).jpg,Sarampion,Train/Sarampion/Sarampion (156).jpg,1,Train
Train/Sarampion/2024-06-26_18-28-28_2670.png,Sarampion,Train/Sarampion/2024-06-26_18-28-28_2670.png,1,Train
Train/Sarampion/2024-06-26_18-20-42_6725.png,Sarampion,Train/Sarampion/2024-06-26_18-20-42_6725.png,1,Train
Train/Sarampion/2024-06-26_18-31-32_3669.png,Sarampion,Train/Sarampion/2024-06-26_18-31-32_3669.png,1,Val
Train/Sarampion/Sarampion (122).jpg,Sarampion,Train/Sarampion/Sarampion (122).jpg,1,Train
Train/Sarampion/2024-06-26_18-23-21_5509.png,Sarampion,Train/Sarampion/2024-06-26_18-23-21_5509.png,1,Train
Train/Sarampion/Sarampion (58).png,Sarampion,Train/Sarampion/Sarampion (122).jpg,1,Train
Train/Sarampion/2024-06-26_18-22-15_6467.png,Sarampion,Train/Sarampion/2024-06-26_18-22-15_6467.png,1,Train
Train/Sarampion/2024-06-26_18-22-40_3317.png,Sarampion,Train/Sarampion/2024-06-26_18-22-40_3317.png,1,Val
Train/Sarampion/2024-06-26_17-22-28_4993.png,Sarampion,Train/Sarampion/2024-06-26_17-22-28_4993.png,1,Test
Train/Sarampion/2024-06-26_17-18-22_5687.png,Sarampion,Train/Sarampion/2024-06-26_17-18-22_5687.png,1,Train
Train/Sarampion/2024-06-26_12-14-09_8993.png,Sarampion,Train/Sarampion/2024-06-26_12-14-09_8993.png,1,Train
Train/Sarampion/2024-06-26_12-12-27_2080.png,Sarampion,Train/Sarampion/2024-06-26_12-12-27_2080.png,1,Train
Train/Sarampion/Sarampion (68).png,Sarampion,Train/Sarampion/Sarampion (68).png,1,Test
Train/Sarampion/2024-06-26_12-18-25_3518.png,Sarampion,Train/Sarampion/2024-06-26_12-18-25_3518.png,1,Train
Train/Sarampion/2024-06-26_17-12-32_1943.png,Sarampion,Train/Sarampion/2024-06-26_17-12-32_1943.png,1,Train
Train/Sarampion/2024-06-26_12-17-39_1278.png,Sarampion,Train/Sarampion/2024-06-26_12-17-39_1278.png,1,Train
Train/Sarampion/2024-06-26_18-26-19_1707.png,Sarampion,Train/Sarampion/2024-06-26_18-26-19_1707.png,1,Train
Train/Sarampion/2024-06-26_18-40-35_9429.png,Sarampion,Train/Sarampion/2024-06-26_18-40-35_9429.png,1,Train
Train/Sarampion/2024-06-26_11-56-48_4821.png,Sarampion,Train/Sarampion/2024-06-26_11-56-48_4821.png,1,Train
Train/Sarampion/2024-06-26_18-50-00_5687.png,Sarampion,Train/Sarampion/2024-06-26_18-50-00_5687.png,1,Test
Train/Sarampion/Sarampion (83).png,Sarampion,Train/Sarampion/Sarampion (83).png,1,Train
Train/Sarampion/2024-06-26_18-41-01_7341.png,Sarampion,Train/Sarampion/2024-06-26_18-41-01_7341.png,1,Train
Train/Sarampion/2024-06-26_12-20-01_8361.png,Sarampion,Train/Sarampion/2024-06-26_12-20-01_8361.png,1,Train
Train/Sarampion/Sarampion (8).jpg,Sarampion,Train/Sarampion/Sarampion (8).jpg,1,Val
Train/Sarampion/2024-06-26_17-20-19_7898.png,Sarampion,Train/Sarampion/2024-06-26_17-20-19_7898.png,1,Train
Train/Sarampion/2024-06-26_18-48-23_2524.png,Sarampion,Train/Sarampion/2024-06-26_18-48-23_2524.png,1,Val
Train/Sarampion/2024-06-26_13-19-14_4091.png,Sarampion,Train/Sarampion/2024-06-26_13-19-14_4091.png,1,Test
Train/Sarampion/2024-06-26_16-49-12_3470.png,Sarampion,Train/Sarampion/2024-06-26_16-49-12_3470.png,1,Val
Train/Sarampion/Sarampion (37).png,Sarampion,Train/Sarampion/Sarampion (37).png,1,Val
Train/Sarampion/2024-06-26_17-21-54_5728.png,Sarampion,Train/Sarampion/2024-06-26_17-21-54_5728.png,1,Train
Train/Sarampion/2024-06-26_13-56-58_5654.png,Sarampion,Train/Sarampion/2024-06-26_13-56-58_5654.png,1,Train
Train/Sarampion/2024-06-26_18-43-28_6048.png,Sarampion,Train/Sarampion/2024-06-26_18-43-28_6048.png,1,Train
Train/Sarampion/2024-06-26_18-52-53_8287.png,Sarampion,Train/Sarampion/2024-06-26_18-52-53_8287.png,1,Train
Train/Sarampion/2024-06-26_18-52-30_1239.png,Sarampion,Train/Sarampion/2024-06-26_18-52-30_1239.png,1,Train
Train/Sarampion/Sarampion (52).jpg,Sarampion,Train/Sarampion/Sarampion (52).jpg,1,Train
Train/Sarampion/2024-06-26_12-19-31_3606.png,Sarampion,Train/Sarampion/2024-06-26_12-19-31_3606.png,1,Train
Train/Sarampion/Sarampion (59).png,Sarampion,Train/Sarampion/Sarampion (59).png,1,Train
Train/Sarampion/2024-06-26_18-48-46_1629.png,Sarampion,Train/Sarampion/2024-06-26_18-48-46_1629.png,1,Train
Train/Sarampion/2024-06-26_17-22-52_8567.png,Sarampion,Train/Sarampion/2024-06-26_17-22-52_8567.png,1,Train
Train/Sarampion/2024-06-26_15-19-25_4994.png,Sarampion,Train/Sarampion/2024-06-26_15-19-25_4994.png,1,Train
Train/Sarampion/2024-06-26_17-30-39_1313.png,Sarampion,Train/Sarampion/2024-06-26_17-30-39_1313.png,1,Train
Train/Sarampion/2024-06-26_12-10-19_6265.png,Sarampion,Train/Sarampion/2024-06-26_12-10-19_6265.png,1,Test
Train/Sarampion/2024-06-26_17-32-03_3173.png,Sarampion,Train/Sarampion/2024-06-26_17-32-03_3173.png,1,Train
Train/Sarampion/2024-06-26_18-30-41_4357.png,Sarampion,Train/Sarampion/2024-06-26_18-30-41_4357.png,1,Val
Test/Herpes/Herpes (29).jpg,Herpes,Test/Herpes/Herpes (29).jpg,1,Train
Test/Herpes/Herpes (18).jpg,Herpes,Test/Herpes/Herpes (18).jpg,1,Train
Test/Herpes/2024-06-26_20-39-30_8341.png,Herpes,Test/Herpes/2024-06-26_20-39-30_8341.png,1,Test
Test/Herpes/Herpes (44).jpg,Herpes,Test/Herpes/Herpes (44).jpg,1,Train
Test/Herpes/Herpes (13).jpg,Herpes,Test/Herpes/Herpes (13).jpg,1,Train
Test/Herpes/Herpes (5).png,Herpes,Test/Herpes/Herpes (5).png,1,Train
Test/Monkeypox/2024-06-27_15-08-34_5633.png,Monkeypox,Test/Monkeypox/2024-06-27_15-08-34_5633.png,1,Train
Test/Monkeypox/MonkeyPox (28).jpg,Monkeypox,Test/Monkeypox/MonkeyPox (28).jpg,1,Train
Test/Monkeypox/2024-06-27_15-10-20_8807.png,Monkeypox,Test/Monkeypox/2024-06-27_15-10-20_8807.png,1,Train
Test/Monkeypox/MonkeyPox (105).jpg,Monkeypox,Test/Monkeypox/MonkeyPox (105).jpg,1,Train
Test/Monkeypox/MonkeyPox (3).png,Monkeypox,Test/Monkeypox/MonkeyPox (3).png,1,Train
Test/Monkeypox/2024-06-27_14-16-08_7006.png,Monkeypox,Test/Monkeypox/2024-06-27_14-16-08_7006.png,1,Train
Test/Monkeypox/2024-06-27_14-09-37_4091.png,Monkeypox,Test/Monkeypox/2024-06-27_14-09-37_4091.png,1,Train
Test/Monkeypox/MonkeyPox (9).jpg,Monkeypox,Test/Monkeypox/MonkeyPox (9).jpg,1,Train
Test/Monkeypox/MonkeyPox (117).jpg,Monkeypox,Test/Monkeypox/MonkeyPox (117).jpg,1,Val
Test/Monkeypox/MonkeyPox (17).jpg,Monkeypox,Test/Monkeypox/MonkeyPox (17).jpg,1,Test
Test/Monkeypox/2024-06-27_15-08-58_1940.png,Monkeypox,Test/Monkeypox/2024-06-27_15-08-58_1940.png,1,Test
Test/Monkeypox/MonkeyPox (39).jpg,Monkeypox,Test/Monkeypox/MonkeyPox (39).jpg,1,Val
Test/Monkeypox/2024-06-27_14-10-01_4450.png,Monkeypox,Test/Monkeypox/2024-06-27_14-10-01_4450.png,1,Train
Test/Monkeypox/2024-06-27_13-59-23_4022.png,Monkeypox,Test/Monkeypox/2024-06-27_13-59-23_4022.png,1,Train
Test/Varicela/2024-06-27_12-05-49_1014.png,Varicela,Test/Varicela/2024-06-27_12-05-49_1014.png,1,Train
Test/Varicela/2024-06-27_11-43-31_5038.png,Varicela,Test/Varicela/2024-06-27_11-43-31_5038.png,1,Train
Test/Varicela/ChickenPox (60).jpg,Varicela,Test/Varicela/ChickenPox (60).jpg,1,Val
Test/Varicela/ChickenPox (31).png,Varicela,Test/Varicela/ChickenPox (31).png,1,Train
Test/Varicela/ChickenPox (44).png,Varicela,Test/Varicela/ChickenPox (44).png,1,Train
Test/Varicela/2024-06-25_23-32-13_6030.png,Varicela,Test/Varicela/2024-06-25_23-32-13_6030.png,1,Train
Test/Melanoma/Melanoma (2).jpg,Melanoma,Test/Melanoma/Melanoma (2).jpg,1,Train
Test/Melanoma/Melanoma (66).jpg,Melanoma,Test/Melanoma/Melanoma (66).jpg,1,Train
Test/Sarampion/2024-06-26_18-55-04_6340.png,Sarampion,Test/Sarampion/2024-06-26_18-55-04_6340.png,1,Train
Test/Sarampion/2024-06-26_12-16-35_2776.png,Sarampion,Test/Sarampion/2024-06-26_12-16-35_2776.png,1,Train
Test/Sarampion/Sarampion (48).png,Sarampion,Test/Sarampion/Sarampion (48).png,1,Train
Test/Sarampion/2024-06-26_18-25-29_9961.png,Sarampion,Test/Sarampion/2024-06-26_18-25-29_9961.png,1,Train
Test/Sarampion/Sarampion (32).png,Sarampion,Test/Sarampion/Sarampion (32).png,1,Train
Test/Sarampion/2024-06-26_14-01-28_8761.png,Sarampion,Test/Sarampion/2024-06-26_14-01-28_8761.png,1,Test
Test/Sarampion/2024-06-26_18-55-27_6748.png,Sarampion,Test/Sarampion/2024-06-26_18-55-27_6748.png,1,Train
Test/Sarampion/2024-06-26_17-15-57_5912.png,Sarampion,Test/Sarampion/2024-06-26_17-15-57_5912.png,1,Train
Test/Sarampion/2024-06-26_18-47-24_2909.png,Sarampion,Test/Sarampion/2024-06-26_18-47-24_2909.png,1,Train
Test/Sarampion/2024-06-26_17-29-44_1576.png,Sarampion,Test/Sarampion/2024-06-26_17-29-44_1576.png,1,Train
Test/Sarampion/2024-06-26_18-46-32_6310.png,Sarampion,Test/Sarampion/2024-06-26_18-46-32_6310.png,1,Val
Test/Sarampion/2024-06-26_18-54-40_4156.png,Sarampion,Test/Sarampion/2024-06-26_18-54-40_4156.png,1,Train
Test/Sarampion/2024-06-26_12-16-14_5492.png,Sarampion,Test/Sarampion/2024-06-26_12-16-14_5492.png,1,Val
Test/Sarampion/2024-06-26_17-25-28_7382.png,Sarampion,Test/Sarampion/2024-06-26_17-25-28_7382.png,1,Test
Test/Sarampion/2024-06-26_12-09-05_5942.png,Sarampion,Test/Sarampion/2024-06-26_12-09-05_5942.png,1,Train
Test/Sarampion/2024-06-26_18-25-06_6595.png,Sarampion,Test/Sarampion/2024-06-26_18-25-06_6595.png,1,Train
Test/Sarampion/2024-06-26_17-14-45_6203.png,Sarampion,Test/Sarampion/2024-06-26_17-14-45_6203.png,1,Train
Test/Sarampion/2024-06-26_17-16-45_3964.png,Sarampion,Test/Sarampion/2024-06-26_17-16-45_3964.png,1,Train
Test/Sarampion/2024-06-26_12-09-31_9870.png,Sarampion,Test/Sarampion/2024-06-26_12-09-31_9870.png,1,Test
Test/Sarampion/2024-06-26_12-17-18_7060.png,Sarampion,Test/Sarampion/2024-06-26_12-17-18_7060.png,1,Train
Test/Sarampion/Sarampion (9).jpg,Sarampion,Test/Sarampion/Sarampion (9).jpg,1,Test
Test/Sarampion/2024-06-26_17-24-12_1688.png,Sarampion,Test/Sarampion/2024-06-26_17-24-12_1688.png,1,Test
Test/Sarampion/2024-06-26_18-23-44_7036.png,Sarampion,Test/Sarampion/2024-06-26_18-23-44_7036.png,1,Train
Test/Sarampion/2024-06-26_18-25-56_9550.png,Sarampion,Test/Sarampion/2024-06-26_18-25-56_9550.png,1,Train
Test/Sarampion/2024-06-26_18-46-57_1618.png,Sarampion,Test/Sarampion/2024-06-26_18-46-57_1618.png,1,Train
Test/Sarampion/2024-06-26_14-56-41_7181.png,Sarampion,Test/Sarampion/2024-06-26_14-56-41_7181.png,1,Val
Test/Sarampion/Sarampion (17).jpg,Sarampion,Test/Sarampion/Sarampion (17).jpg,1,Train
Test/Sarampion/2024-06-26_18-36-04_7670.png,Sarampion,Test/Sarampion/2024-06-26_18-36-04_7670.png,1,Train
Test/Sarampion/2024-06-26_17-24-34_7466.png,Sarampion,Test/Sarampion/2024-06-26_17-24-34_7466.png,1,Train
Test/Sarampion/Sarampion (20).jpeg,Sarampion,Test/Sarampion/Sarampion (20).jpeg,1,Train
Val/Herpes/Herpes (59).jpg,Herpes,Val/Herpes/Herpes (59).jpg,1,Train
Val/Monkeypox/MonkeyPox (14).jpg,Monkeypox,Val/Monkeypox/MonkeyPox (14).jpg,1,Train
Val/Monkeypox/MonkeyPox (11).jpg,Monkeypox,Val/Monkeypox/MonkeyPox (11).jpg,1,Train
Val/Monkeypox/MonkeyPox (14).jpeg,Monkeypox,Val/Monkeypox/MonkeyPox (14).jpeg,1,Train
Val/Varicela/ChickenPox (24).png,Varicela,Val/Varicela/ChickenPox (24).png,1,Train
Val/Varicela/ChickenPox (5).jpg,Varicela,Train/Varicela/ChickenPox (225).jpg,1,Train
Val/Varicela/ChickenPox (9).jpg,Varicela,Val/Varicela/ChickenPox (9).jpg,1,Val
Val/Melanoma/Melanoma (128).jpg,Melanoma,Val/Melanoma/Melanoma (128).jpg,1,Train
Val/Melanoma/Melanoma (186).jpg,Melanoma,Val/Melanoma/Melanoma (186).jpg,1,Train
Val/Sarampion/Sarampion (41).png,Sarampion,Val/Sarampion/Sarampion (41).png,1,Train
Val/Sarampion/Sarampion (2).png,Sarampion,Val/Sarampion/Sarampion (2).png,1,Train
Val/Sarampion/Sarampion (18).png,Sarampion,Test/Sarampion/Sarampion (9).jpg,1,Test
Val/Sarampion/Sarampion (2).jpeg,Sarampion,Test/Sarampion/Sarampion (33).png,1,Val
Val/Sarampion/Sarampion (14).jpeg,Sarampion,Val/Sarampion/Sarampion (14).jpeg,1,Train
Test/Varicela/ChickenPox (87).jpg,Varicela,Test/Varicela/ChickenPox (87).jpg,1,Val
Train/Sarampion/2024-06-26_13-34-03_3621.png,Sarampion,Train/Sarampion/2024-06-26_13-34-03_3621.png,1,Train
Train/Sarampion/2024-06-26_17-21-31_4636.png,Sarampion,Train/Sarampion/2024-06-26_17-21-31_4636.png,1,Train
Train/Monkeypox/2024-06-27_13-57-20_2703.png,Monkeypox,Train/Monkeypox/2024-06-27_13-57-20_2703.png,1,Train
Test/Varicela/2024-06-25_23-07-03_7302.png,Varicela,Test/Varicela/2024-06-25_23-07-03_7302.png,1,Test
Test/Herpes/2024-06-26_20-41-17_6240.png,Herpes,Test/Herpes/2024-06-26_20-41-17_6240.png,1,Test
Train/Varicela/2024-06-26_23-34-23_5504.png,Varicela,Train/Varicela/2024-06-26_23-34-23_5504.png,1,Train
Train/Varicela/2024-06-27_12-02-07_7463.png,Varicela,Train/Varicela/2024-06-27_12-02-07_7463.png,1,Train
Test/Monkeypox/2024-06-27_15-22-32_9308.png,Monkeypox,Test/Monkeypox/2024-06-27_15-22-32_9308.png,1,Train
Train/Sarampion/2024-06-26_15-15-19_6482.png,Sarampion,Train/Sarampion/2024-06-26_15-15-19_6482.png,1,Train
Train/Sarampion/Sarampion (45).jpg,Sarampion,Train/Sarampion/Sarampion (45).jpg,1,Train
Train/Varicela/ChickenPox (133).jpg,Varicela,Train/Varicela/ChickenPox (133).jpg,1,Train
Test/Herpes/Herpes (38).jpg,Herpes,Test/Herpes/Herpes (38).jpg,1,Train
Train/Varicela/ChickenPox (241).jpg,Varicela,Train/Varicela/ChickenPox (241).jpg,1,Train
Train/Monkeypox/MonkeyPox (142).png,Monkeypox,Train/Monkeypox/MonkeyPox (142).png,1,Train
Train/Varicela/ChickenPox (192).jpg,Varicela,Train/Varicela/ChickenPox (192).jpg,1,Train
Train/Monkeypox/MonkeyPox (178).jpg,Monkeypox,Train/Monkeypox/MonkeyPox (178).jpg,1,Train
Train/Varicela/ChickenPox (263).jpg,Varicela,Train/Varicela/ChickenPox (263).jpg,1,Train
Train/Varicela/2024-06-25_21-34-59_8825.png,Varicela,Train/Varicela/2024-06-25_21-34-59_8825.png,1,Val
Train/Sarampion/2024-06-26_15-04-05_3977.png,Sarampion,Train/Sarampion/2024-06-26_15-04-05_3977.png,1,Test
Val/Varicela/ChickenPox (12).jpeg,Varicela,Val/Varicela/ChickenPox (12).jpeg,1,Train
Train/Herpes/Herpes.jpg,Herpes,Train/Herpes/Herpes.jpg,1,Train
Train/Varicela/2024-06-25_23-26-55_5054.png,Varicela,Train/Varicela/2024-06-25_23-26-55_5054.png,1,Train
Train/Sarampion/2024-06-26_13-58-38_3554.png,Sarampion,Train/Sarampion/2024-06-26_13-58-38_3554.png,1,Train
Train/Monkeypox/2024-06-27_13-55-01_8231.png,Monkeypox,Train/Monkeypox/2024-06-27_13-55-01_8231.png,1,Train
Test/Herpes/2024-06-26_20-34-15_6954.png,Herpes,Test/Herpes/2024-06-26_20-34-15_6954.png,1,Train
Train/Sarampion/Sarampion (102).jpg,Sarampion,Test/Sarampion/Sarampion (33).png,1,Val
Train/Sarampion/2024-06-26_15-08-43_2940.png,Sarampion,Train/Sarampion/2024-06-26_15-08-43_2940.png,1,Train
Train/Sarampion/2024-06-26_18-13-01_6573.png,Sarampion,Train/Sarampion/2024-06-26_18-13-01_6573.png,1,Test
Train/Varicela/2024-06-25_23-42-05_6670.png,Varicela,Train/Varicela/2024-06-25_23-42-05_6670.png,1,Train
Train/Monkeypox/2024-06-27_15-30-27_8136.png,Monkeypox,Train/Monkeypox/2024-06-27_15-30-27_8136.png,1,Train
Train/Varicela/2024-06-27_00-08-58_9769.png,Varicela,Train/Varicela/2024-06-27_00-08-58_9769.png,1,Train
Train/Varicela/2024-06-27_12-03-59_8548.png,Varicela,Train/Varicela/2024-06-27_12-03-59_8548.png,1,Train
Train/Varicela/2024-06-26_21-14-28_3487.png,Varicela,Train/Varicela/2024-06-26_21-14-28_3487.png,1,Train
Train/Herpes/Herpes (261).jpg,Herpes,Train/Herpes/Herpes (261).jpg,1,Train
Train/Monkeypox/2024-06-27_16-35-25_1474.png,Monkeypox,Train/Monkeypox/2024-06-27_16-35-25_1474.png,1,Train
Train/Varicela/ChickenPox (91).jpg,Varicela,Train/Varicela/ChickenPox (91).jpg,1,Test
Train/Sarampion/Sarampion (69).png,Sarampion,Train/Sarampion/Sarampion (69).png,1,Train
Val/Sarampion/Sarampion (14).png,Sarampion,Val/Sarampion/Sarampion (14).png,1,Train
Train/Varicela/2024-06-27_12-01-22_7986.png,Varicela,Train/Varicela/2024-06-27_12-01-22_7986.png,1,Train
Train/Sarampion/2024-06-26_11-59-57_7197.png,Sarampion,Train/Sarampion/2024-06-26_11-59-57_7197.png,1,Train
Train/Sarampion/Sarampion (123).jpg,Sarampion,Train/Sarampion/Sarampion (123).jpg,1,Train
Train/Herpes/2024-06-24_22-08-54_7574.png,Herpes,Train/Herpes/2024-06-24_22-08-54_7574.png,1,Test
Train/Monkeypox/2024-06-27_14-17-03_8584.png,Monkeypox,Train/Monkeypox/2024-06-27_14-17-03_8584.png,1,Train
Train/Varicela/2024-06-26_21-50-27_6383.png,Varicela,Train/Varicela/2024-06-26_21-50-27_6383.png,1,Test
Test/Herpes/Herpes (51).jpg,Herpes,Test/Herpes/Herpes (51).jpg,1,Train
Train/Sarampion/Sarampion (85).jpg,Sarampion,Train/Sarampion/Sarampion (85).jpg,1,Train
Train/Herpes/Herpes.png,Herpes,Train/Herpes/Herpes.png,1,Train
Train/Varicela/ChickenPox (255).jpg,Varicela,Train/Varicela/ChickenPox (255).jpg,1,Test
Train/Monkeypox/2024-06-27_16-32-03_5617.png,Monkeypox,Train/Monkeypox/2024-06-27_16-32-03_5617.png,1,Train
Train/Varicela/ChickenPox (221).jpg,Varicela,Train/Varicela/ChickenPox (221).jpg,1,Test
Test/Monkeypox/MonkeyPox (134).jpg,Monkeypox,Test/Monkeypox/MonkeyPox (134).jpg,1,Train
Train/Sarampion/Sarampion (73).jpg,Sarampion,Train/Sarampion/Sarampion (73).jpg,1,Train
Train/Monkeypox/2024-06-27_13-58-11_9592.png,Monkeypox,Train/Monkeypox/2024-06-27_13-58-11_9592.png,1,Train
Test/Varicela/ChickenPox (49).png,Varicela,Test/Varicela/ChickenPox (49).png,1,Train
Train/Herpes/2024-06-24_21-30-27_9522.png,Herpes,Train/Herpes/2024-06-24_21-30-27_9522.png,1,Test
Train/Varicela/ChickenPox (228).jpg,Varicela,Train/Varicela/ChickenPox (228).jpg,1,Test
Train/Sarampion/2024-06-26_16-11-54_9373.png,Sarampion,Train/Sarampion/2024-06-26_16-11-54_9373.png,1,Train
Train/Herpes/Herpes (262).jpg,Herpes,Train/Herpes/Herpes (262).jpg,1,Train
Test/Herpes/Herpes (74).jpg,Herpes,Test/Herpes/Herpes (74).jpg,1,Train
Train/Sarampion/2024-06-26_12-58-54_4368.png,Sarampion,Train/Sarampion/2024-06-26_12-58-54_4368.png,1,Train
Train/Monkeypox/2024-06-27_16-03-29_1919.png,Monkeypox,Train/Monkeypox/2024-06-27_16-03-29_1919.png,1,Train
Test/Sarampion/2024-06-26_15-06-38_7428.png,Sarampion,Test/Sarampion/2024-06-26_15-06-38_7428.png,1,Val
Train/Varicela/2024-06-26_21-42-24_5384.png,Varicela,Train/Varicela/2024-06-26_21-42-24_5384.png,1,Train
Train/Varicela/2024-06-25_22-36-19_9409.png,Varicela,Train/Varicela/2024-06-25_22-36-19_9409.png,1,Train
Test/Sarampion/2024-06-26_11-54-26_3910.png,Sarampion,Test/Sarampion/2024-06-26_11-54-26_3910.png,1,Test
Train/Monkeypox/2024-06-27_15-30-04_7633.png,Monkeypox,Train/Monkeypox/2024-06-27_15-30-04_7633.png,1,Train
Train/Herpes/2024-06-24_22-23-40_9531.png,Herpes,Train/Herpes/2024-06-24_22-23-40_9531.png,1,Train
Train/Sarampion/Sarampion (45).png,Sarampion,Train/Sarampion/Sarampion (45).png,1,Val
Val/Herpes/Herpes (28).jpg,Herpes,Val/Herpes/Herpes (28).jpg,1,Train
Train/Varicela/ChickenPox (229).jpg,Varicela,Train/Varicela/ChickenPox (229).jpg,1,Val
Train/Herpes/2024-06-24_22-37-38_3707.png,Herpes,Train/Herpes/2024-06-24_22-37-38_3707.png,1,Val
Train/Herpes/Herpes (194).jpg,Herpes,Train/Herpes/Herpes (194).jpg,1,Val
Train/Sarampion/Sarampion (67).jpg,Sarampion,Train/Sarampion/Sarampion (133).jpg,1,Train
Train/Sarampion/Sarampion (94).jpg,Sarampion,Train/Sarampion/Sarampion (94).jpg,1,Train
Train/Varicela/ChickenPox (132).jpg,Varicela,Train/Varicela/ChickenPox (132).jpg,1,Train
Train/Varicela/2024-06-25_21-32-59_3164.png,Varicela,Train/Varicela/2024-06-25_21-32-59_3164.png,1,Train
Train/Sarampion/2024-06-26_12-07-02_7219.png,Sarampion,Train/Sarampion/2024-06-26_12-07-02_7219.png,1,Train
Train/Herpes/Herpes (162).jpg,Herpes,Train/Herpes/Herpes (162).jpg,1,Train
Test/Sarampion/2024-06-26_11-56-01_5361.png,Sarampion,Test/Sarampion/2024-06-26_11-56-01_5361.png,1,Train
Train/Sarampion/2024-06-26_13-59-29_3375.png,Sarampion,Train/Sarampion/2024-06-26_13-59-29_3375.png,1,Train
Train/Varicela/2024-06-27_11-59-28_1614.png,Varicela,Train/Varicela/2024-06-27_11-59-28_1614.png,1,Val
Train/Monkeypox/2024-06-27_16-35-47_5319.png,Monkeypox,Train/Monkeypox/2024-06-27_16-35-47_5319.png,1,Train
Train/Monkeypox/2024-06-27_13-56-56_8334.png,Monkeypox,Train/Monkeypox/2024-06-27_13-56-56_8334.png,1,Val
Train/Varicela/2024-06-26_22-22-58_8722.png,Varicela,Train/Varicela/2024-06-26_22-22-58_8722.png,1,Test
Train/Varicela/ChickenPox (174).jpg,Varicela,Train/Varicela/ChickenPox (174).jpg,1,Test
Train/Varicela/2024-06-27_13-23-48_7560.png,Varicela,Train/Varicela/2024-06-27_13-23-48_7560.png,1,Train
Train/Monkeypox/2024-06-27_14-06-48_9948.png,Monkeypox,Train/Monkeypox/2024-06-27_14-06-48_9948.png,1,Train
Train/Varicela/2024-06-27_12-22-51_8259.png,Varicela,Train/Varicela/2024-06-27_12-22-51_8259.png,1,Val
Train/Varicela/ChickenPox (59).png,Varicela,Train/Varicela/ChickenPox (192).jpg,1,Train
Train/Varicela/2024-06-26_23-41-52_7860.png,Varicela,Train/Varicela/2024-06-26_23-41-52_7860.png,1,Test
Train/Monkeypox/2024-06-27_16-45-06_3027.png,Monkeypox,Train/Monkeypox/2024-06-27_16-45-06_3027.png,1,Train
Val/Varicela/ChickenPox (10).jpeg,Varicela,Val/Varicela/ChickenPox (10).jpeg,1,Train
Train/Varicela/2024-06-27_12-09-09_1375.png,Varicela,Train/Varicela/2024-06-27_12-09-09_1375.png,1,Val
Train/Monkeypox/2024-06-27_15-31-36_1699.png,Monkeypox,Train/Monkeypox/2024-06-27_15-31-36_1699.png,1,Train
Train/Monkeypox/2024-06-27_17-00-17_9938.png,Monkeypox,Train/Monkeypox/2024-06-27_17-00-17_9938.png,1,Train
Train/Varicela/2024-06-25_21-31-46_9293.png,Varicela,Train/Varicela/2024-06-25_21-31-46_9293.png,1,Val
Test/Sarampion/2024-06-26_15-05-21_1652.png,Sarampion,Test/Sarampion/2024-06-26_15-05-21_1652.png,1,Val
Train/Sarampion/2024-06-26_13-00-26_1168.png,Sarampion,Train/Sarampion/2024-06-26_13-00-26_1168.png,1,Train
Train/Monkeypox/2024-06-27_17-02-55_8647.png,Monkeypox,Train/Monkeypox/2024-06-27_17-02-55_8647.png,1,Test
Test/Varicela/2024-06-26_23-15-32_6074.png,Varicela,Test/Varicela/2024-06-26_23-15-32_6074.png,1,Train
Train/Herpes/Herpes (191).jpg,Herpes,Train/Herpes/Herpes (191).jpg,1,Train
Train/Herpes/2024-06-24_22-26-33_4237.png,Herpes,Train/Herpes/2024-06-24_22-26-33_4237.png,1,Train
Val/Sarampion/Sarampion (34).png,Sarampion,Val/Sarampion/Sarampion (34).png,1,Train
Train/Monkeypox/2024-06-27_16-41-11_5769.png,Monkeypox,Train/Monkeypox/2024-06-27_16-41-11_5769.png,1,Train
Val/Varicela/ChickenPox (11).jpeg,Varicela,Val/Varicela/ChickenPox (11).jpeg,1,Train
Test/Sarampion/2024-06-26_15-53-59_5452.png,Sarampion,Test/Sarampion/2024-06-26_15-53-59_5452.png,1,Train
Train/Monkeypox/2024-06-27_13-54-37_8772.png,Monkeypox,Train/Monkeypox/2024-06-27_13-54-37_8772.png,1,Test
Train/Monkeypox/2024-06-27_15-44-12_6606.png,Monkeypox,Train/Monkeypox/2024-06-27_15-44-12_6606.png,1,Val
Train/Herpes/Herpes (301).jpg,Herpes,Train/Herpes/Herpes (301).jpg,1,Train
Test/Sarampion/Sarampion (33).png,Sarampion,Test/Sarampion/Sarampion (33).png,1,Val
Train/Monkeypox/2024-06-27_16-46-59_8373.png,Monkeypox,Train/Monkeypox/2024-06-27_16-46-59_8373.png,1,Train
Test/Sarampion/Sarampion (44).jpg,Sarampion,Test/Sarampion/Sarampion (44).jpg,1,Train
Train/Varicela/2024-06-25_21-40-43_8904.png,Varicela,Train/Varicela/2024-06-25_21-40-43_8904.png,1,Test
Train/Sarampion/Sarampion (138).jpg,Sarampion,Train/Sarampion/Sarampion (138).jpg,1,Train
Train/Monkeypox/2024-06-27_16-57-42_6530.png,Monkeypox,Train/Monkeypox/2024-06-27_16-57-42_6530.png,1,Train
Train/Varicela/ChickenPox (179).jpg,Varicela,Train/Varicela/ChickenPox (179).jpg,1,Test
Train/Sarampion/Sarampion (133).jpg,Sarampion,Train/Sarampion/Sarampion (133).jpg,1,Train
Train/Varicela/2024-06-27_12-58-30_3916.png,Varicela,Train/Varicela/2024-06-27_12-58-30_3916.png,1,Train
Train/Monkeypox/2024-06-27_16-47-45_4595.png,Monkeypox,Train/Monkeypox/2024-06-27_16-47-45_4595.png,1,Train
Train/Varicela/2024-06-26_22-21-16_1772.png,Varicela,Train/Varicela/2024-06-26_22-21-16_1772.png,1,Train
Train/Varicela/2024-06-27_11-28-30_5799.png,Varicela,Train/Varicela/2024-06-27_11-28-30_5799.png,1,Test
Train/Monkeypox/2024-06-27_15-06-29_8544.png,Monkeypox,Train/Monkeypox/2024-06-27_15-06-29_8544.png,1,Train
Train/Herpes/Herpes (170).jpg,Herpes,Train/Herpes/Herpes (170).jpg,1,Train
Train/Varicela/2024-06-27_13-30-28_8366.png,Varicela,Train/Varicela/2024-06-27_13-30-28_8366.png,1,Test
Train/Monkeypox/MonkeyPox (155).png,Monkeypox,Train/Monkeypox/MonkeyPox (155).png,1,Val
Train/Monkeypox/2024-06-27_16-55-34_9688.png,Monkeypox,Train/Monkeypox/2024-06-27_16-55-34_9688.png,1,Train
Train/Herpes/2024-06-24_21-06-09_9645.png,Herpes,Train/Herpes/2024-06-24_21-06-09_9645.png,1,Train
Test/Sarampion/2024-06-26_15-50-55_9056.png,Sarampion,Test/Sarampion/2024-06-26_15-50-55_9056.png,1,Train
Test/Varicela/ChickenPox (38).jpg,Varicela,Test/Varicela/ChickenPox (38).jpg,1,Train
Train/Monkeypox/MonkeyPox (164).png,Monkeypox,Train/Monkeypox/MonkeyPox (164).png,1,Train
Test/Varicela/2024-06-27_11-30-42_5146.png,Varicela,Test/Varicela/2024-06-27_11-30-42_5146.png,1,Train
Train/Varicela/2024-06-25_21-31-21_6606.png,Varicela,Train/Varicela/2024-06-25_21-31-21_6606.png,1,Train
Train/Varicela/2024-06-26_21-48-53_4177.png,Varicela,Train/Varicela/2024-06-26_21-48-53_4177.png,1,Train
Train/Varicela/2024-06-27_12-26-33_2242.png,Varicela,Train/Varicela/2024-06-27_12-26-33_2242.png,1,Train
Val/Sarampion/Sarampion (42).png,Sarampion,Val/Sarampion/Sarampion (42).png,1,Train
Train/Varicela/ChickenPox (187).jpg,Varicela,Train/Varicela/ChickenPox (187).jpg,1,Train
Train/Sarampion/2024-06-26_14-13-24_4439.png,Sarampion,Train/Sarampion/2024-06-26_14-13-24_4439.png,1,Train
Train/Varicela/2024-06-25_21-33-47_7689.png,Varicela,Train/Varicela/2024-06-25_21-33-47_7689.png,1,Train
Train/Monkeypox/MonkeyPox (106).png,Monkeypox,Train/Monkeypox/MonkeyPox (106).png,1,Train
Test/Sarampion/2024-06-26_12-50-45_8660.png,Sarampion,Test/Sarampion/2024-06-26_12-50-45_8660.png,1,Train
Train/Sarampion/2024-06-26_16-37-39_3050.png,Sarampion,Train/Sarampion/2024-06-26_16-37-39_3050.png,1,Train
Train/Herpes/Herpes (196).jpg,Herpes,Train/Herpes/Herpes (196).jpg,1,Train
Test/Herpes/Herpes (126).jpg,Herpes,Test/Herpes/Herpes (126).jpg,1,Val
Train/Monkeypox/MonkeyPox (29).png,Monkeypox,Train/Monkeypox/MonkeyPox (29).png,1,Train
Train/Varicela/2024-06-27_00-01-24_1094.png,Varicela,Train/Varicela/2024-06-27_00-01-24_1094.png,1,Train
Train/Varicela/2024-06-25_23-51-14_8933.png,Varicela,Train/Varicela/2024-06-25_23-51-14_8933.png,1,Val
Train/Sarampion/Sarampion (139).jpg,Sarampion,Train/Sarampion/Sarampion (139).jpg,1,Train
Test/Sarampion/2024-06-26_13-24-18_3831.png,Sarampion,Test/Sarampion/2024-06-26_13-24-18_3831.png,1,Train
Train/Monkeypox/MonkeyPox (158).png,Monkeypox,Train/Monkeypox/MonkeyPox (158).png,1,Train
Train/Varicela/2024-06-26_23-08-14_4919.png,Varicela,Train/Varicela/2024-06-26_23-08-14_4919.png,1,Train
Test/Varicela/2024-06-27_12-07-18_3814.png,Varicela,Test/Varicela/2024-06-27_12-07-18_3814.png,1,Test
Train/Monkeypox/2024-06-27_14-20-42_3059.png,Monkeypox,Train/Monkeypox/2024-06-27_14-20-42_3059.png,1,Train
Train/Varicela/2024-06-26_23-39-33_6681.png,Varicela,Train/Varicela/2024-06-26_23-39-33_6681.png,1,Train
Val/Herpes/Herpes (35).jpg,Herpes,Val/Herpes/Herpes (35).jpg,1,Val
Train/Varicela/ChickenPox (163).jpg,Varicela,Train/Varicela/ChickenPox (163).jpg,1,Train
Train/Varicela/2024-06-25_22-33-28_7859.png,Varicela,Train/Varicela/2024-06-25_22-33-28_7859.png,1,Train
Test/Sarampion/2024-06-26_14-19-28_8644.png,Sarampion,Test/Sarampion/2024-06-26_14-19-28_8644.png,1,Train
Train/Sarampion/2024-06-26_11-59-09_9737.png,Sarampion,Train/Sarampion/2024-06-26_11-59-09_9737.png,1,Test
Train/Varicela/2024-06-26_23-39-58_7227.png,Varicela,Train/Varicela/2024-06-26_23-39-58_7227.png,1,Val
Test/Varicela/2024-06-27_13-11-42_9144.png,Varicela,Test/Varicela/2024-06-27_13-11-42_9144.png,1,Train
Train/Monkeypox/2024-06-27_14-14-32_9360.png,Monkeypox,Train/Monkeypox/2024-06-27_14-14-32_9360.png,1,Train
Train/Herpes/Herpes (115).jpg,Herpes,Train/Herpes/Herpes (115).jpg,1,Val
Train/Varicela/ChickenPox (158).jpg,Varicela,Train/Varicela/ChickenPox (158).jpg,1,Train
Train/Varicela/ChickenPox (157).jpg,Varicela,Train/Varicela/ChickenPox (157).jpg,1,Train
Train/Varicela/2024-06-25_22-20-24_8033.png,Varicela,Train/Varicela/2024-06-25_22-20-24_8033.png,1,Test
Train/Varicela/2024-06-27_13-29-45_3966.png,Varicela,Train/Varicela/2024-06-27_13-29-45_3966.png,1,Train
Train/Sarampion/2024-06-26_11-59-33_5864.png,Sarampion,Train/Sarampion/2024-06-26_11-59-33_5864.png,1,Train
Train/Varicela/2024-06-26_22-21-38_8382.png,Varicela,Train/Varicela/2024-06-26_22-21-38_8382.png,1,Train
Train/Monkeypox/2024-06-27_14-14-04_7146.png,Monkeypox,Train/Monkeypox/2024-06-27_14-14-04_7146.png,1,Train
Train/Varicela/2024-06-26_21-50-05_2915.png,Varicela,Train/Varicela/2024-06-26_21-06-29_5345.png,1,Train
Train/Sarampion/2024-06-26_15-08-18_5207.png,Sarampion,Train/Sarampion/2024-06-26_15-08-18_5207.png,1,Train
Train/Monkeypox/2024-06-27_16-00-14_4345.png,Monkeypox,Train/Monkeypox/2024-06-27_16-00-14_4345.png,1,Train
Test/Varicela/ChickenPox (61).jpg,Varicela,Test/Varicela/ChickenPox (61).jpg,1,Train
Train/Monkeypox/2024-06-27_16-50-00_1112.png,Monkeypox,Train/Monkeypox/2024-06-27_16-50-00_1112.png,1,Train
Train/Varicela/2024-06-26_21-07-13_8006.png,Varicela,Train/Varicela/2024-06-26_21-07-13_8006.png,1,Val
Train/Varicela/2024-06-25_21-32-13_9390.png,Varicela,Train/Varicela/2024-06-25_21-32-13_9390.png,1,Train
Test/Monkeypox/2024-06-27_13-56-10_7526.png,Monkeypox,Test/Monkeypox/2024-06-27_13-56-10_7526.png,1,Test
Train/Monkeypox/2024-06-27_17-53-03_4787.png,Monkeypox,Train/Monkeypox/2024-06-27_17-53-03_4787.png,1,Val
Train/Sarampion/2024-06-26_15-18-09_5961.png,Sarampion,Train/Sarampion/2024-06-26_15-18-09_5961.png,1,Test
Train/Sarampion/2024-06-26_12-04-07_3372.png,Sarampion,Train/Sarampion/2024-06-26_12-04-07_3372.png,1,Train
Train/Varicela/2024-06-26_21-10-45_6870.png,Varicela,Train/Varicela/2024-06-26_21-10-45_6870.png,1,Val
Test/Monkeypox/2024-06-27_15-22-09_5488.png,Monkeypox,Test/Monkeypox/2024-06-27_15-22-09_5488.png,1,Train
Train/Monkeypox/2024-06-27_15-20-38_3227.png,Monkeypox,Train/Monkeypox/2024-06-27_15-20-38_3227.png,1,Train
Train/Varicela/2024-06-26_23-18-02_9733.png,Varicela,Train/Varicela/2024-06-26_23-18-02_9733.png,1,Train
Train/Varicela/2024-06-25_21-37-59_4761.png,Varicela,Train/Varicela/2024-06-25_21-37-59_4761.png,1,Train
Train/Varicela/2024-06-26_22-25-48_7311.png,Varicela,Train/Varicela/2024-06-26_22-25-48_7311.png,1,Train
Train/Varicela/2024-06-26_22-14-46_9038.png,Varicela,Train/Varicela/2024-06-26_22-14-46_9038.png,1,Test
Train/Sarampion/Sarampion (107).jpg,Sarampion,Test/Sarampion/Sarampion (20).jpeg,1,Train
Train/Varicela/2024-06-27_12-04-43_6538.png,Varicela,Train/Varicela/2024-06-27_12-04-43_6538.png,1,Train
Test/Varicela/2024-06-26_21-17-12_4644.png,Varicela,Test/Varicela/2024-06-26_21-17-12_4644.png,1,Test
Train/Varicela/2024-06-27_13-14-00_6433.png,Varicela,Train/Varicela/2024-06-27_13-14-00_6433.png,1,Train
Train/Varicela/2024-06-26_23-43-05_4164.png,Varicela,Train/Varicela/2024-06-26_23-43-05_4164.png,1,Train
Test/Sarampion/2024-06-26_13-26-37_2353.png,Sarampion,Test/Sarampion/2024-06-26_13-26-37_2353.png,1,Train
Train/Varicela/2024-06-27_13-06-44_7104.png,Varicela,Train/Varicela/2024-06-27_13-06-44_7104.png,1,Test
Train/Monkeypox/2024-06-27_15-48-09_8163.png,Monkeypox,Train/Monkeypox/2024-06-27_15-48-09_8163.png,1,Train
Train/Sarampion/2024-06-26_15-15-39_8676.png,Sarampion,Train/Sarampion/2024-06-26_15-15-39_8676.png,1,Train
Train/Varicela/2024-06-25_22-14-22_1849.png,Varicela,Train/Varicela/2024-06-25_22-14-22_1849.png,1,Train
Train/Monkeypox/2024-06-27_15-52-05_8391.png,Monkeypox,Train/Monkeypox/2024-06-27_15-52-05_8391.png,1,Train
Train/Varicela/ChickenPox (127).jpg,Varicela,Train/Varicela/ChickenPox (127).jpg,1,Train
Test/Sarampion/Sarampion (43).png,Sarampion,Test/Sarampion/Sarampion (43).png,1,Test
Train/Monkeypox/2024-06-27_14-09-13_6917.png,Monkeypox,Train/Monkeypox/2024-06-27_14-09-13_6917.png,1,Train
Train/Varicela/2024-06-26_21-06-51_7094.png,Varicela,Train/Varicela/2024-06-26_21-06-51_7094.png,1,Train
Train/Varicela/2024-06-26_22-17-57_5411.png,Varicela,Train/Varicela/2024-06-26_22-17-57_5411.png,1,Test
Train/Varicela/2024-06-27_11-44-17_7281.png,Varicela,Train/Varicela/2024-06-27_11-44-17_7281.png,1,Val
Train/Varicela/2024-06-26_21-31-25_1709.png,Varicela,Train/Varicela/2024-06-26_21-31-25_1709.png,1,Train
Train/Sarampion/2024-06-26_12-57-46_4028.png,Sarampion,Train/Sarampion/2024-06-26_12-57-46_4028.png,1,Train
Train/Varicela/2024-06-26_00-15-36_6738.png,Varicela,Train/Varicela/2024-06-26_00-15-36_6738.png,1,Train
Train/Varicela/2024-06-25_23-45-27_2202.png,Varicela,Train/Varicela/2024-06-25_23-45-27_2202.png,1,Train
Train/Varicela/2024-06-25_21-36-27_3809.png,Varicela,Train/Varicela/2024-06-25_21-36-27_3809.png,1,Test
Train/Varicela/2024-06-26_21-04-36_4100.png,Varicela,Train/Varicela/2024-06-26_21-04-36_4100.png,1,Val
Test/Varicela/2024-06-26_21-16-14_9925.png,Varicela,Test/Varicela/2024-06-26_21-16-14_9925.png,1,Train
Train/Herpes/Herpes (304).jpg,Herpes,Train/Herpes/Herpes (304).jpg,1,Train
Train/Varicela/2024-06-26_23-10-49_9079.png,Varicela,Train/Varicela/2024-06-26_23-10-49_9079.png,1,Train
Train/Varicela/2024-06-27_12-19-30_5397.png,Varicela,Train/Varicela/2024-06-27_12-19-30_5397.png,1,Val
Train/Varicela/ChickenPox (170).jpg,Varicela,Train/Varicela/ChickenPox (170).jpg,1,Train
Train/Varicela/2024-06-26_21-06-29_5345.png,Varicela,Train/Varicela/2024-06-26_21-06-29_5345.png,1,Train
Test/Varicela/2024-06-26_23-43-26_2381.png,Varicela,Test/Varicela/2024-06-26_23-43-26_2381.png,1,Train
Test/Monkeypox/2024-06-27_13-55-47_1416.png,Monkeypox,Test/Monkeypox/2024-06-27_13-55-47_1416.png,1,Test
Test/Varicela/2024-06-26_23-50-12_7243.png,Varicela,Test/Varicela/2024-06-26_23-50-12_7243.png,1,Test
Train/Monkeypox/2024-06-27_13-59-47_6872.png,Monkeypox,Train/Monkeypox/2024-06-27_13-59-47_6872.png,1,Val
Test/Varicela/ChickenPox (54).png,Varicela,Test/Varicela/ChickenPox (54).png,1,Train
Test/Sarampion/2024-06-26_12-51-06_3150.png,Sarampion,Test/Sarampion/2024-06-26_12-51-06_3150.png,1,Train
Test/Varicela/ChickenPox (37).png,Varicela,Test/Varicela/ChickenPox (37).png,1,Train
Train/Sarampion/2024-06-26_12-01-49_1323.png,Sarampion,Train/Sarampion/2024-06-26_12-01-49_1323.png,1,Test
Train/Varicela/2024-06-25_22-46-30_4040.png,Varicela,Train/Varicela/2024-06-25_22-46-30_4040.png,1,Test
Train/Varicela/2024-06-27_13-27-31_1578.png,Varicela,Train/Varicela/2024-06-27_13-27-31_1578.png,1,Train
Train/Sarampion/2024-06-26_12-59-15_9519.png,Sarampion,Train/Sarampion/2024-06-26_12-59-15_9519.png,1,Train
Train/Varicela/2024-06-27_00-41-24_8907.png,Varicela,Train/Varicela/2024-06-27_00-41-24_8907.png,1,Train
Train/Varicela/2024-06-26_21-30-30_7786.png,Varicela,Train/Varicela/2024-06-26_21-30-30_7786.png,1,Train
Train/Varicela/2024-06-26_21-40-27_2949.png,Varicela,Train/Varicela/2024-06-26_21-40-27_2949.png,1,Train
Train/Monkeypox/2024-06-27_15-16-27_2045.png,Monkeypox,Train/Monkeypox/2024-06-27_15-16-27_2045.png,1,Val
Train/Monkeypox/2024-06-27_15-53-33_1566.png,Monkeypox,Train/Monkeypox/2024-06-27_15-53-33_1566.png,1,Val
Val/Varicela/ChickenPox (3).jpg,Varicela,Val/Varicela/ChickenPox (3).jpg,1,Train
Train/Herpes/Herpes (297).jpg,Herpes,Train/Herpes/Herpes (297).jpg,1,Train
Train/Monkeypox/2024-06-27_16-43-19_6594.png,Monkeypox,Train/Monkeypox/2024-06-27_16-43-19_6594.png,1,Test
Train/Monkeypox/2024-06-27_15-56-01_2331.png,Monkeypox,Train/Monkeypox/2024-06-27_15-56-01_2331.png,1,Val
Train/Sarampion/2024-06-26_13-21-10_5010.png,Sarampion,Train/Sarampion/2024-06-26_13-21-10_5010.png,1,Val
Train/Herpes/Herpes (256).jpg,Herpes,Train/Herpes/Herpes (256).jpg,1,Train
Train/Sarampion/2024-06-26_12-49-51_7739.png,Sarampion,Train/Sarampion/2024-06-26_12-49-51_7739.png,1,Train
Train/Varicela/2024-06-27_12-26-55_4277.png,Varicela,Train/Varicela/2024-06-27_12-26-55_4277.png,1,Train
Train/Sarampion/2024-06-26_14-57-58_4742.png,Sarampion,Train/Sarampion/2024-06-26_14-57-58_4742.png,1,Train
Train/Varicela/2024-06-27_13-19-41_3117.png,Varicela,Train/Varicela/2024-06-27_13-19-41_3117.png,1,Train
Train/Monkeypox/2024-06-27_16-05-23_7051.png,Monkeypox,Train/Monkeypox/2024-06-27_16-05-23_7051.png,1,Test
Train/Monkeypox/2024-06-27_13-53-49_8657.png,Monkeypox,Train/Monkeypox/2024-06-27_13-53-49_8657.png,1,Train
Test/Varicela/2024-06-25_21-37-35_5856.png,Varicela,Test/Varicela/2024-06-25_21-37-35_5856.png,1,Val
Val/Monkeypox/MonkeyPox (36).png,Monkeypox,Val/Monkeypox/MonkeyPox (36).png,1,Train
Train/Varicela/2024-06-27_12-00-14_3007.png,Varicela,Train/Varicela/2024-06-27_12-00-14_3007.png,1,Train
Train/Varicela/2024-06-26_21-28-50_5244.png,Varicela,Train/Varicela/2024-06-26_21-28-50_5244.png,1,Train
Test/Varicela/2024-06-25_21-37-13_9023.png,Varicela,Test/Varicela/2024-06-25_21-37-13_9023.png,1,Val
Train/Sarampion/2024-06-26_15-14-59_6587.png,Sarampion,Train/Sarampion/2024-06-26_15-14-59_6587.png,1,Train
Train/Monkeypox/2024-06-27_14-10-49_8828.png,Monkeypox,Train/Monkeypox/2024-06-27_14-10-49_8828.png,1,Val
Test/Sarampion/Sarampion (3).png,Sarampion,Test/Sarampion/Sarampion (3).png,1,Train
Train/Sarampion/2024-06-26_14-18-43_1449.png,Sarampion,Train/Sarampion/2024-06-26_14-18-43_1449.png,1,Train
Test/Monkeypox/MonkeyPox (9).png,Monkeypox,Test/Monkeypox/MonkeyPox (9).png,1,Test
Train/Varicela/ChickenPox (232).jpg,Varicela,Train/Varicela/ChickenPox (232).jpg,1,Train
Train/Sarampion/2024-06-26_12-48-38_4965.png,Sarampion,Train/Sarampion/2024-06-26_12-48-38_4965.png,1,Test
Test/Varicela/ChickenPox (38).png,Varicela,Test/Varicela/ChickenPox (38).png,1,Train
Train/Varicela/2024-06-27_13-00-36_6029.png,Varicela,Train/Varicela/2024-06-27_13-00-36_6029.png,1,Train
Train/Herpes/2024-06-26_19-59-06_2731.png,Herpes,Train/Herpes/2024-06-26_19-59-06_2731.png,2,Train
Train/Herpes/2024-06-24_22-25-44_4746.png,Herpes,Train/Herpes/2024-06-24_22-25-44_4746.png,2,Val
Train/Herpes/2024-06-24_21-30-57_1119.png,Herpes,Train/Herpes/2024-06-24_21-30-57_1119.png,2,Train
Train/Herpes/2024-06-26_20-16-27_2419.png,Herpes,Train/Herpes/2024-06-26_20-16-27_2419.png,2,Test
Train/Herpes/2024-06-26_20-33-21_9436.png,Herpes,Train/Herpes/2024-06-26_20-33-21_9436.png,2,Train
Train/Herpes/2024-06-26_20-28-42_1276.png,Herpes,Train/Herpes/2024-06-26_20-28-42_1276.png,2,Val
Train/Herpes/2024-06-24_22-39-53_9260.png,Herpes,Train/Herpes/2024-06-24_22-39-53_9260.png,2,Train
Train/Herpes/2024-06-26_20-00-00_2438.png,Herpes,Train/Herpes/2024-06-26_20-00-00_2438.png,2,Train
Train/Herpes/2024-06-24_22-24-05_4912.png,Herpes,Train/Herpes/2024-06-24_22-24-05_4912.png,2,Train
Train/Herpes/2024-06-26_20-32-30_7417.png,Herpes,Train/Herpes/2024-06-26_20-32-30_7417.png,2,Train
Train/Monkeypox/2024-06-27_17-18-10_5638.png,Monkeypox,Train/Monkeypox/2024-06-27_17-18-10_5638.png,2,Val
Train/Monkeypox/MonkeyPox (119).jpg,Monkeypox,Train/Monkeypox/MonkeyPox (119).jpg,2,Train
Train/Monkeypox/2024-06-27_17-04-03_5055.png,Monkeypox,Train/Monkeypox/2024-06-27_17-04-03_5055.png,2,Train
Train/Monkeypox/2024-06-27_17-15-54_6385.png,Monkeypox,Train/Monkeypox/2024-06-27_17-15-54_6385.png,2,Train
Train/Monkeypox/2024-06-27_15-15-30_1184.png,Monkeypox,Train/Monkeypox/2024-06-27_15-15-30_1184.png,2,Train
Train/Monkeypox/2024-06-27_15-21-00_4397.png,Monkeypox,Train/Monkeypox/2024-06-27_15-21-00_4397.png,2,Train
Train/Monkeypox/2024-06-27_16-55-56_6429.png,Monkeypox,Train/Monkeypox/2024-06-27_16-55-56_6429.png,2,Train
Train/Monkeypox/2024-06-27_14-57-21_4658.png,Monkeypox,Train/Monkeypox/2024-06-27_14-57-21_4658.png,2,Train
Train/Monkeypox/2024-06-27_16-09-50_4446.png,Monkeypox,Train/Monkeypox/2024-06-27_16-09-50_4446.png,2,Train
Train/Monkeypox/MonkeyPox (12).png,Monkeypox,Train/Monkeypox/MonkeyPox (12).png,2,Test
Train/Monkeypox/2024-06-27_16-40-50_5478.png,Monkeypox,Train/Monkeypox/2024-06-27_16-40-50_5478.png,2,Train
Train/Monkeypox/2024-06-27_16-11-34_7850.png,Monkeypox,Train/Monkeypox/2024-06-27_16-11-34_7850.png,2,Val
Train/Monkeypox/2024-06-27_17-42-30_9573.png,Monkeypox,Train/Monkeypox/2024-06-27_17-42-30_9573.png,2,Train
Train/Monkeypox/2024-06-27_16-02-21_3451.png,Monkeypox,Train/Monkeypox/2024-06-27_16-02-21_3451.png,2,Train
Train/Monkeypox/2024-06-27_16-41-54_5120.png,Monkeypox,Train/Monkeypox/2024-06-27_16-41-54_5120.png,2,Test
Train/Monkeypox/2024-06-27_15-50-39_9232.png,Monkeypox,Train/Monkeypox/2024-06-27_15-50-39_9232.png,2,Train
Train/Monkeypox/2024-06-27_16-01-18_1261.png,Monkeypox,Train/Monkeypox/2024-06-27_16-01-18_1261.png,2,Train
Train/Monkeypox/2024-06-27_17-01-01_1172.png,Monkeypox,Train/Monkeypox/2024-06-27_17-01-01_1172.png,2,Train
Train/Monkeypox/2024-06-27_17-45-32_7703.png,Monkeypox,Train/Monkeypox/2024-06-27_17-45-32_7703.png,2,Val
Train/Monkeypox/2024-06-27_17-42-52_5360.png,Monkeypox,Train/Monkeypox/2024-06-27_17-42-52_5360.png,2,Train
Train/Monkeypox/2024-06-27_14-02-31_3776.png,Monkeypox,Train/Monkeypox/2024-06-27_14-02-31_3776.png,2,Train
Train/Monkeypox/2024-06-27_17-50-27_3590.png,Monkeypox,Train/Monkeypox/2024-06-27_17-50-27_3590.png,2,Val
Train/Monkeypox/MonkeyPox (168).jpg,Monkeypox,Train/Monkeypox/MonkeyPox (168).jpg,2,Train
Train/Monkeypox/2024-06-27_16-46-36_6608.png,Monkeypox,Train/Monkeypox/2024-06-27_16-46-36_6608.png,2,Train
Train/Monkeypox/2024-06-27_14-00-36_6070.png,Monkeypox,Train/Monkeypox/2024-06-27_14-00-36_6070.png,2,Train
Train/Monkeypox/2024-06-27_14-18-51_3062.png,Monkeypox,Train/Monkeypox/2024-06-27_14-18-51_3062.png,2,Train
Train/Monkeypox/2024-06-27_15-49-56_8367.png,Monkeypox,Train/Monkeypox/2024-06-27_15-49-56_8367.png,2,Train
Train/Monkeypox/2024-06-27_14-52-08_5422.png,Monkeypox,Train/Monkeypox/2024-06-27_14-52-08_5422.png,2,Test
Train/Monkeypox/MonkeyPox (176).jpg,Monkeypox,Train/Monkeypox/MonkeyPox (176).jpg,2,Val
Train/Monkeypox/MonkeyPox (64).jpg,Monkeypox,Train/Monkeypox/MonkeyPox (64).jpg,2,Train
Train/Monkeypox/2024-06-27_15-34-33_4126.png,Monkeypox,Train/Monkeypox/2024-06-27_15-34-33_4126.png,2,Val
Train/Monkeypox/2024-06-27_16-56-59_4214.png,Monkeypox,Train/Monkeypox/2024-06-27_16-56-59_4214.png,2,Train
Train/Monkeypox/2024-06-27_15-16-04_2907.png,Monkeypox,Train/Monkeypox/2024-06-27_15-16-04_2907.png,2,Train
Train/Monkeypox/2024-06-27_16-06-05_8682.png,Monkeypox,Train/Monkeypox/2024-06-27_16-06-05_8682.png,2,Train
Train/Monkeypox/2024-06-27_13-57-46_4307.png,Monkeypox,Train/Monkeypox/2024-06-27_13-57-46_4307.png,2,Train
Train/Monkeypox/2024-06-27_17-20-03_5247.png,Monkeypox,Train/Monkeypox/2024-06-27_17-20-03_5247.png,2,Train
Train/Monkeypox/MonkeyPox (105).png,Monkeypox,Train/Monkeypox/MonkeyPox (105).png,2,Train
Train/Monkeypox/2024-06-27_14-52-28_5298.png,Monkeypox,Train/Monkeypox/2024-06-27_14-52-28_5298.png,2,Test
Train/Monkeypox/2024-06-27_17-43-15_7289.png,Monkeypox,Train/Monkeypox/2024-06-27_17-43-15_7289.png,2,Train
Train/Monkeypox/2024-06-27_14-54-11_8569.png,Monkeypox,Train/Monkeypox/2024-06-27_14-54-11_8569.png,2,Val
Train/Monkeypox/2024-06-27_16-32-48_7476.png,Monkeypox,Train/Monkeypox/2024-06-27_16-32-48_7476.png,2,Val
Train/Monkeypox/MonkeyPox (183).jpg,Monkeypox,Train/Monkeypox/MonkeyPox (183).jpg,2,Train
Train/Monkeypox/2024-06-27_16-59-09_9054.png,Monkeypox,Train/Monkeypox/2024-06-27_16-59-09_9054.png,2,Train
Train/Monkeypox/2024-06-27_15-49-34_9540.png,Monkeypox,Train/Monkeypox/2024-06-27_15-49-34_9540.png,2,Train
Train/Monkeypox/2024-06-27_16-38-42_9869.png,Monkeypox,Train/Monkeypox/2024-06-27_16-38-42_9869.png,2,Train
Train/Monkeypox/2024-06-27_15-08-13_7810.png,Monkeypox,Train/Monkeypox/2024-06-27_15-08-13_7810.png,2,Train
Train/Monkeypox/2024-06-27_15-30-50_6002.png,Monkeypox,Train/Monkeypox/2024-06-27_15-30-50_6002.png,2,Val
Train/Monkeypox/2024-06-27_17-53-25_7938.png,Monkeypox,Train/Monkeypox/2024-06-27_17-53-25_7938.png,2,Train
Train/Monkeypox/2024-06-27_15-42-16_6387.png,Monkeypox,Train/Monkeypox/2024-06-27_15-42-16_6387.png,2,Val
Train/Monkeypox/2024-06-27_16-32-26_5748.png,Monkeypox,Train/Monkeypox/2024-06-27_16-32-26_5748.png,2,Train
Train/Monkeypox/2024-06-27_16-39-03_5719.png,Monkeypox,Train/Monkeypox/2024-06-27_16-39-03_5719.png,2,Train
Train/Monkeypox/2024-06-27_16-42-36_8358.png,Monkeypox,Train/Monkeypox/2024-06-27_16-42-36_8358.png,2,Train
Train/Monkeypox/2024-06-27_14-03-39_2943.png,Monkeypox,Train/Monkeypox/2024-06-27_14-03-39_2943.png,2,Test
Train/Monkeypox/2024-06-27_17-14-24_5816.png,Monkeypox,Train/Monkeypox/2024-06-27_17-14-24_5816.png,2,Train
Train/Monkeypox/2024-06-27_15-02-21_1478.png,Monkeypox,Train/Monkeypox/2024-06-27_15-02-21_1478.png,2,Test
Train/Varicela/2024-06-27_11-23-22_7767.png,Varicela,Train/Varicela/2024-06-27_11-23-22_7767.png,2,Train
Train/Varicela/ChickenPox (67).jpg,Varicela,Train/Varicela/ChickenPox (67).jpg,2,Train
Train/Varicela/ChickenPox (124).jpg,Varicela,Train/Varicela/ChickenPox (124).jpg,2,Train
Train/Varicela/2024-06-27_11-27-46_2502.png,Varicela,Train/Varicela/2024-06-27_11-27-46_2502.png,2,Test
Train/Varicela/2024-06-26_23-10-04_2229.png,Varicela,Train/Varicela/2024-06-26_23-10-04_2229.png,2,Test
Train/Varicela/ChickenPox (225).jpg,Varicela,Train/Varicela/ChickenPox (225).jpg,2,Train
Train/Varicela/2024-06-27_12-25-49_8796.png,Varicela,Train/Varicela/2024-06-27_12-25-49_8796.png,2,Train
Train/Varicela/2024-06-27_12-20-37_5347.png,Varicela,Train/Varicela/2024-06-27_12-20-37_5347.png,2,Val
Train/Varicela/2024-06-27_13-23-04_4621.png,Varicela,Train/Varicela/2024-06-27_13-23-04_4621.png,2,Test
Train/Varicela/2024-06-26_21-03-51_2168.png,Varicela,Train/Varicela/2024-06-26_21-03-51_2168.png,2,Val
Train/Varicela/2024-06-27_12-17-37_9902.png,Varicela,Train/Varicela/2024-06-27_12-17-37_9902.png,2,Test
Train/Varicela/2024-06-25_21-38-42_1894.png,Varicela,Train/Varicela/2024-06-25_21-38-42_1894.png,2,Val
Train/Varicela/ChickenPox (57).png,Varicela,Test/Varicela/ChickenPox (31).png,2,Train
Train/Varicela/2024-06-27_13-05-13_9479.png,Varicela,Train/Varicela/2024-06-27_13-05-13_9479.png,2,Train
Train/Varicela/2024-06-27_13-09-47_8141.png,Varicela,Train/Varicela/2024-06-27_13-09-47_8141.png,2,Val
Train/Varicela/2024-06-26_23-15-54_5816.png,Varicela,Train/Varicela/2024-06-26_23-15-54_5816.png,2,Val
Train/Varicela/2024-06-27_11-22-38_8705.png,Varicela,Train/Varicela/2024-06-27_11-22-38_8705.png,2,Train
Train/Varicela/2024-06-26_21-25-10_8880.png,Varicela,Train/Varicela/2024-06-26_21-25-10_8880.png,2,Test
Train/Varicela/2024-06-26_00-12-13_1837.png,Varicela,Train/Varicela/2024-06-26_00-12-13_1837.png,2,Train
Train/Varicela/2024-06-27_00-41-48_7699.png,Varicela,Train/Varicela/2024-06-27_00-41-48_7699.png,2,Train
Train/Varicela/ChickenPox (222).jpg,Varicela,Train/Varicela/ChickenPox (222).jpg,2,Test
Train/Varicela/2024-06-27_13-06-21_4404.png,Varicela,Train/Varicela/2024-06-27_13-06-21_4404.png,2,Train
Train/Varicela/ChickenPox (258).jpg,Varicela,Train/Varicela/ChickenPox (258).jpg,2,Train
Train/Varicela/2024-06-26_23-29-52_3990.png,Varicela,Train/Varicela/2024-06-26_23-29-52_3990.png,2,Test
Train/Varicela/2024-06-27_12-16-30_9803.png,Varicela,Train/Varicela/2024-06-27_12-16-30_9803.png,2,Train
Train/Varicela/2024-06-27_11-45-02_2390.png,Varicela,Train/Varicela/2024-06-27_11-45-02_2390.png,2,Train
Train/Varicela/ChickenPox (51).png,Varicela,Train/Varicela/ChickenPox (51).png,2,Train
Train/Varicela/ChickenPox (265).jpg,Varicela,Train/Varicela/ChickenPox (265).jpg,2,Train
Train/Varicela/2024-06-25_22-51-36_2788.png,Varicela,Train/Varicela/2024-06-25_22-51-36_2788.png,2,Train
Train/Varicela/2024-06-27_13-33-29_2260.png,Varicela,Train/Varicela/2024-06-27_13-33-29_2260.png,2,Train
Train/Varicela/ChickenPox (218).jpg,Varicela,Train/Varicela/ChickenPox (218).jpg,2,Train
Train/Varicela/2024-06-27_12-14-38_7691.png,Varicela,Train/Varicela/2024-06-27_12-14-38_7691.png,2,Val
Train/Varicela/2024-06-27_12-03-36_5978.png,Varicela,Train/Varicela/2024-06-27_12-03-36_5978.png,2,Train
Train/Varicela/2024-06-25_21-41-36_4208.png,Varicela,Train/Varicela/2024-06-25_21-41-36_4208.png,2,Train
Train/Varicela/2024-06-27_13-14-23_4885.png,Varicela,Train/Varicela/2024-06-27_13-14-23_4885.png,2,Train
Train/Varicela/ChickenPox (188).jpg,Varicela,Train/Varicela/ChickenPox (188).jpg,2,Val
Train/Varicela/2024-06-25_22-56-41_5614.png,Varicela,Train/Varicela/2024-06-25_22-56-41_5614.png,2,Train
Train/Varicela/ChickenPox (278).jpg,Varicela,Train/Varicela/ChickenPox (278).jpg,2,Train
Train/Varicela/2024-06-26_20-58-35_8287.png,Varicela,Train/Varicela/2024-06-26_20-58-35_8287.png,2,Train
Train/Varicela/2024-06-27_12-23-13_3807.png,Varicela,Train/Varicela/2024-06-27_12-23-13_3807.png,2,Train
Train/Varicela/2024-06-26_21-43-52_2834.png,Varicela,Train/Varicela/2024-06-26_21-43-52_2834.png,2,Train
Train/Varicela/2024-06-26_22-22-35_1947.png,Varicela,Train/Varicela/2024-06-26_22-22-35_1947.png,2,Train
Train/Varicela/2024-06-25_21-30-59_7969.png,Varicela,Train/Varicela/2024-06-25_21-30-59_7969.png,2,Test
Train/Varicela/ChickenPox (279).jpg,Varicela,Train/Varicela/ChickenPox (279).jpg,2,Val
Train/Varicela/2024-06-27_13-22-20_2530.png,Varicela,Train/Varicela/2024-06-27_13-22-20_2530.png,2,Train
Train/Varicela/2024-06-26_21-47-08_5752.png,Varicela,Train/Varicela/2024-06-26_21-47-08_5752.png,2,Train
Train/Varicela/2024-06-26_21-33-31_2267.png,Varicela,Train/Varicela/2024-06-26_21-33-31_2267.png,2,Train
Train/Melanoma/Melanoma (207).jpg,Melanoma,Train/Melanoma/Melanoma (207).jpg,2,Val
Train/Melanoma/Melanoma (167).jpg,Melanoma,Train/Melanoma/Melanoma (167).jpg,2,Train
Train/Melanoma/Melanoma (421).jpg,Melanoma,Train/Melanoma/Melanoma (421).jpg,2,Val
Train/Melanoma/Melanoma (424).jpg,Melanoma,Train/Melanoma/Melanoma (424).jpg,2,Train
Train/Melanoma/Melanoma (276).jpg,Melanoma,Train/Melanoma/Melanoma (276).jpg,2,Train
Train/Melanoma/Melanoma (439).jpg,Melanoma,Train/Melanoma/Melanoma (439).jpg,2,Train
Train/Melanoma/melanoma_5669.jpg,Melanoma,Train/Melanoma/melanoma_5669.jpg,2,Train
Train/Melanoma/Melanoma (154).jpg,Melanoma,Train/Melanoma/Melanoma (154).jpg,2,Train
Train/Melanoma/Melanoma (369).jpg,Melanoma,Train/Melanoma/Melanoma (369).jpg,2,Test
Train/Melanoma/melanoma_5698.jpg,Melanoma,Train/Melanoma/melanoma_5698.jpg,2,Train
Train/Melanoma/Melanoma (206).jpg,Melanoma,Train/Melanoma/Melanoma (206).jpg,2,Test
Train/Melanoma/Melanoma (108).jpg,Melanoma,Train/Melanoma/Melanoma (108).jpg,2,Train
Train/Melanoma/Melanoma (225).jpg,Melanoma,Train/Melanoma/Melanoma (225).jpg,2,Train
Train/Sarampion/2024-06-26_17-06-48_1275.png,Sarampion,Train/Sarampion/2024-06-26_17-06-48_1275.png,2,Train
Train/Sarampion/Sarampion (34).jpg,Sarampion,Train/Sarampion/Sarampion (122).jpg,2,Test
Train/Sarampion/Sarampion (99).jpg,Sarampion,Train/Sarampion/Sarampion (99).jpg,2,Train
Train/Sarampion/2024-06-26_12-13-46_3831.png,Sarampion,Train/Sarampion/2024-06-26_12-13-46_3831.png,2,Train
Train/Sarampion/2024-06-26_18-26-56_2099.png,Sarampion,Train/Sarampion/2024-06-26_18-26-56_2099.png,2,Train
Train/Sarampion/2024-06-26_17-30-13_9287.png,Sarampion,Train/Sarampion/2024-06-26_17-30-13_9287.png,2,Val
Train/Sarampion/2024-06-26_18-53-19_4672.png,Sarampion,Train/Sarampion/2024-06-26_18-53-19_4672.png,2,Train
Train/Sarampion/2024-06-26_17-33-09_9314.png,Sarampion,Train/Sarampion/2024-06-26_17-33-09_9314.png,2,Train
Train/Sarampion/2024-06-26_12-18-48_6483.png,Sarampion,Train/Sarampion/2024-06-26_12-18-48_6483.png,2,Train
Train/Sarampion/2024-06-26_17-17-13_1972.png,Sarampion,Train/Sarampion/2024-06-26_17-17-13_1972.png,2,Train
Train/Sarampion/2024-06-26_12-09-55_7255.png,Sarampion,Train/Sarampion/2024-06-26_12-09-55_7255.png,2,Train
Train/Sarampion/2024-06-26_18-39-15_9521.png,Sarampion,Train/Sarampion/2024-06-26_18-39-15_9521.png,2,Train
Train/Sarampion/2024-06-26_12-13-23_8548.png,Sarampion,Train/Sarampion/2024-06-26_12-13-23_8548.png,2,Test
Train/Sarampion/Sarampion (63).jpg,Sarampion,Train/Sarampion/Sarampion (63).jpg,2,Train
Train/Sarampion/2024-06-26_12-14-41_4147.png,Sarampion,Train/Sarampion/2024-06-26_12-14-41_4147.png,2,Train
Train/Sarampion/2024-06-26_18-54-10_3473.png,Sarampion,Train/Sarampion/2024-06-26_18-54-10_3473.png,2,Train
Train/Sarampion/2024-06-26_18-51-17_6827.png,Sarampion,Train/Sarampion/2024-06-26_18-51-17_6827.png,2,Train
Train/Sarampion/2024-06-26_12-13-00_2392.png,Sarampion,Train/Sarampion/2024-06-26_12-13-00_2392.png,2,Train
Train/Sarampion/2024-06-26_18-38-52_1584.png,Sarampion,Train/Sarampion/2024-06-26_18-38-52_1584.png,2,Test
Train/Sarampion/2024-06-26_17-33-55_2715.png,Sarampion,Train/Sarampion/2024-06-26_17-33-55_2715.png,2,Train
Train/Sarampion/2024-06-26_18-46-07_8847.png,Sarampion,Train/Sarampion/2024-06-26_18-46-07_8847.png,2,Test
Train/Sarampion/2024-06-26_18-29-45_4418.png,Sarampion,Train/Sarampion/2024-06-26_18-29-45_4418.png,2,Train
Train/Sarampion/2024-06-26_18-49-37_3624.png,Sarampion,Train/Sarampion/2024-06-26_18-49-37_3624.png,2,Test
Train/Sarampion/2024-06-26_12-15-30_8710.png,Sarampion,Train/Sarampion/2024-06-26_12-15-30_8710.png,2,Train
Train/Sarampion/2024-06-26_17-21-07_7403.png,Sarampion,Train/Sarampion/2024-06-26_17-21-07_7403.png,2,Train
Train/Sarampion/2024-06-26_13-32-47_3652.png,Sarampion,Train/Sarampion/2024-06-26_13-32-47_3652.png,2,Train
Train/Sarampion/2024-06-26_18-34-51_1021.png,Sarampion,Train/Sarampion/2024-06-26_18-34-51_1021.png,2,Train
Train/Sarampion/Sarampion (81).png,Sarampion,Train/Sarampion/Sarampion (81).png,2,Train
Train/Sarampion/2024-06-26_18-34-27_7487.png,Sarampion,Train/Sarampion/2024-06-26_18-34-27_7487.png,2,Train
Train/Sarampion/Sarampion (60).png,Sarampion,Train/Sarampion/Sarampion (60).png,2,Train
Train/Sarampion/2024-06-26_18-52-05_8640.png,Sarampion,Train/Sarampion/2024-06-26_18-52-05_8640.png,2,Val
Train/Sarampion/2024-06-26_12-12-04_1572.png,Sarampion,Train/Sarampion/2024-06-26_12-12-04_1572.png,2,Train
Train/Sarampion/2024-06-26_15-55-42_9594.png,Sarampion,Train/Sarampion/2024-06-26_15-55-42_9594.png,2,Val
Train/Sarampion/2024-06-26_12-10-47_9594.png,Sarampion,Train/Sarampion/2024-06-26_12-10-47_9594.png,2,Train
Train/Sarampion/2024-06-26_17-13-45_5162.png,Sarampion,Train/Sarampion/2024-06-26_17-13-45_5162.png,2,Train
Train/Sarampion/2024-06-26_18-35-38_6808.png,Sarampion,Train/Sarampion/2024-06-26_18-35-38_6808.png,2,Train
Train/Sarampion/2024-06-26_17-17-34_2732.png,Sarampion,Train/Sarampion/2024-06-26_17-17-34_2732.png,2,Train
Train/Sarampion/Sarampion (46).png,Sarampion,Train/Sarampion/Sarampion (46).png,2,Train
Train/Sarampion/2024-06-26_18-20-50_1741.png,Sarampion,Train/Sarampion/2024-06-26_18-20-50_1741.png,2,Train
Train/Sarampion/2024-06-26_12-18-02_3000.png,Sarampion,Train/Sarampion/2024-06-26_12-18-02_3000.png,2,Val
Train/Sarampion/2024-06-26_18-21-15_3616.png,Sarampion,Train/Sarampion/2024-06-26_18-21-15_3616.png,2,Val
Train/Sarampion/2024-06-26_18-32-01_3999.png,Sarampion,Train/Sarampion/2024-06-26_18-32-01_3999.png,2,Test
Train/Sarampion/2024-06-26_17-19-08_7470.png,Sarampion,Train/Sarampion/2024-06-26_17-19-08_7470.png,2,Val
Train/Sarampion/2024-06-26_18-45-32_8285.png,Sarampion,Train/Sarampion/2024-06-26_18-45-32_8285.png,2,Test
Train/Sarampion/2024-06-26_17-19-55_9561.png,Sarampion,Train/Sarampion/2024-06-26_17-19-55_9561.png,2,Train
Train/Sarampion/2024-06-26_18-43-03_4744.png,Sarampion,Train/Sarampion/2024-06-26_18-43-03_4744.png,2,Train
Train/Sarampion/2024-06-26_18-30-15_8910.png,Sarampion,Train/Sarampion/2024-06-26_18-30-15_8910.png,2,Train
Train/Sarampion/Sarampion.jpeg,Sarampion,Train/Sarampion/Sarampion.jpeg,2,Train
Train/Sarampion/2024-06-26_18-50-54_6828.png,Sarampion,Train/Sarampion/2024-06-26_18-50-54_6828.png,2,Train
Train/Sarampion/2024-06-26_17-33-32_6380.png,Sarampion,Train/Sarampion/2024-06-26_17-33-32_6380.png,2,Train
Train/Sarampion/2024-06-26_12-11-40_8397.png,Sarampion,Train/Sarampion/2024-06-26_12-11-40_8397.png,2,Train
Train/Sarampion/2024-06-26_18-28-54_2223.png,Sarampion,Train/Sarampion/2024-06-26_18-28-54_2223.png,2,Train
Train/Sarampion/2024-06-26_12-21-06_4254.png,Sarampion,Train/Sarampion/2024-06-26_12-21-06_4254.png,2,Train
Train/Sarampion/2024-06-26_15-20-17_4986.png,Sarampion,Train/Sarampion/2024-06-26_15-20-17_4986.png,2,Train
Train/Sarampion/Sarampion (75).png,Sarampion,Train/Sarampion/Sarampion (75).png,2,Test
Train/Sarampion/2024-06-26_18-43-52_5069.png,Sarampion,Train/Sarampion/2024-06-26_18-43-52_5069.png,2,Val
Train/Sarampion/2024-06-26_12-19-10_2182.png,Sarampion,Train/Sarampion/2024-06-26_12-19-10_2182.png,2,Train
Train/Sarampion/Sarampion (71).jpg,Sarampion,Test/Sarampion/Sarampion (9).jpg,2,Train
Train/Sarampion/2024-06-26_18-41-33_8344.png,Sarampion,Train/Sarampion/2024-06-26_18-41-33_8344.png,2,Test
Train/Sarampion/2024-06-26_18-29-19_9529.png,Sarampion,Train/Sarampion/2024-06-26_18-29-19_9529.png,2,Val
Train/Sarampion/2024-06-26_18-41-57_2773.png,Sarampion,Train/Sarampion/2024-06-26_18-41-57_2773.png,2,Val
Train/Sarampion/2024-06-26_18-47-59_2594.png,Sarampion,Train/Sarampion/2024-06-26_18-47-59_2594.png,2,Train
Train/Sarampion/2024-06-26_18-50-23_9423.png,Sarampion,Train/Sarampion/2024-06-26_18-50-23_9423.png,2,Train
Train/Sarampion/2024-06-26_18-20-56_9388.png,Sarampion,Train/Sarampion/2024-06-26_18-20-56_9388.png,2,Test
Train/Sarampion/Sarampion (156).jpg,Sarampion,Train/Sarampion/Sarampion (156).jpg,2,Val
Train/Sarampion/2024-06-26_18-28-28_2670.png,Sarampion,Train/Sarampion/2024-06-26_18-28-28_2670.png,2,Val
Train/Sarampion/2024-06-26_18-20-42_6725.png,Sarampion,Train/Sarampion/2024-06-26_18-20-42_6725.png,2,Train
Train/Sarampion/2024-06-26_18-31-32_3669.png,Sarampion,Train/Sarampion/2024-06-26_18-31-32_3669.png,2,Train
Train/Sarampion/Sarampion (122).jpg,Sarampion,Train/Sarampion/Sarampion (122).jpg,2,Test
Train/Sarampion/2024-06-26_18-23-21_5509.png,Sarampion,Train/Sarampion/2024-06-26_18-23-21_5509.png,2,Test
Train/Sarampion/Sarampion (58).png,Sarampion,Train/Sarampion/Sarampion (122).jpg,2,Test
Train/Sarampion/2024-06-26_18-22-15_6467.png,Sarampion,Train/Sarampion/2024-06-26_18-22-15_6467.png,2,Train
Train/Sarampion/2024-06-26_18-22-40_3317.png,Sarampion,Train/Sarampion/2024-06-26_18-22-40_3317.png,2,Train
Train/Sarampion/2024-06-26_17-22-28_4993.png,Sarampion,Train/Sarampion/2024-06-26_17-22-28_4993.png,2,Train
Train/Sarampion/2024-06-26_17-18-22_5687.png,Sarampion,Train/Sarampion/2024-06-26_17-18-22_5687.png,2,Train
Train/Sarampion/2024-06-26_12-14-09_8993.png,Sarampion,Train/Sarampion/2024-06-26_12-14-09_8993.png,2,Train
Train/Sarampion/2024-06-26_12-12-27_2080.png,Sarampion,Train/Sarampion/2024-06-26_12-12-27_2080.png,2,Val
Train/Sarampion/Sarampion (68).png,Sarampion,Train/Sarampion/Sarampion (68).png,2,Train
Train/Sarampion/2024-06-26_12-18-25_3518.png,Sarampion,Train/Sarampion/2024-06-26_12-18-25_3518.png,2,Val
Train/Sarampion/2024-06-26_17-12-32_1943.png,Sarampion,Train/Sarampion/2024-06-26_17-12-32_1943.png,2,Test
Train/Sarampion/2024-06-26_12-17-39_1278.png,Sarampion,Train/Sarampion/2024-06-26_12-17-39_1278.png,2,Train
Train/Sarampion/2024-06-26_18-26-19_1707.png,Sarampion,Train/Sarampion/2024-06-26_18-26-19_1707.png,2,Train
Train/Sarampion/2024-06-26_18-40-35_9429.png,Sarampion,Train/Sarampion/2024-06-26_18-40-35_9429.png,2,Train
Train/Sarampion/2024-06-26_11-56-48_4821.png,Sarampion,Train/Sarampion/2024-06-26_11-56-48_4821.png,2,Val
Train/Sarampion/2024-06-26_18-50-00_5687.png,Sarampion,Train/Sarampion/2024-06-26_18-50-00_5687.png,2,Train
Train/Sarampion/Sarampion (83).png,Sarampion,Train/Sarampion/Sarampion (83).png,2,Test
Train/Sarampion/2024-06-26_18-41-01_7341.png,Sarampion,Train/Sarampion/2024-06-26_18-41-01_7341.png,2,Train
Train/Sarampion/2024-06-26_12-20-01_8361.png,Sarampion,Train/Sarampion/2024-06-26_12-20-01_8361.png,2,Train
Train/Sarampion/Sarampion (8).jpg,Sarampion,Train/Sarampion/Sarampion (8).jpg,2,Train
Train/Sarampion/2024-06-26_17-20-19_7898.png,Sarampion,Train/Sarampion/2024-06-26_17-20-19_7898.png,2,Train
Train/Sarampion/2024-06-26_18-48-23_2524.png,Sarampion,Train/Sarampion/2024-06-26_18-48-23_2524.png,2,Val
Train/Sarampion/2024-06-26_13-19-14_4091.png,Sarampion,Train/Sarampion/2024-06-26_13-19-14_4091.png,2,Train
Train/Sarampion/2024-06-26_16-49-12_3470.png,Sarampion,Train/Sarampion/2024-06-26_16-49-12_3470.png,2,Test
Train/Sarampion/Sarampion (37).png,Sarampion,Train/Sarampion/Sarampion (37).png,2,Test
Train/Sarampion/2024-06-26_17-21-54_5728.png,Sarampion,Train/Sarampion/2024-06-26_17-21-54_5728.png,2,Train
Train/Sarampion/2024-06-26_13-56-58_5654.png,Sarampion,Train/Sarampion/2024-06-26_13-56-58_5654.png,2,Val
Train/Sarampion/2024-06-26_18-43-28_6048.png,Sarampion,Train/Sarampion/2024-06-26_18-43-28_6048.png,2,Train
Train/Sarampion/2024-06-26_18-52-53_8287.png,Sarampion,Train/Sarampion/2024-06-26_18-52-53_8287.png,2,Train
Train/Sarampion/2024-06-26_18-52-30_1239.png,Sarampion,Train/Sarampion/2024-06-26_18-52-30_1239.png,2,Train
Train/Sarampion/Sarampion (52).jpg,Sarampion,Train/Sarampion/Sarampion (52).jpg,2,Train
Train/Sarampion/2024-06-26_12-19-31_3606.png,Sarampion,Train/Sarampion/2024-06-26_12-19-31_3606.png,2,Train
Train/Sarampion/Sarampion (59).png,Sarampion,Train/Sarampion/Sarampion (59).png,2,Train
Train/Sarampion/2024-06-26_18-48-46_1629.png,Sarampion,Train/Sarampion/2024-06-26_18-48-46_1629.png,2,Train
Train/Sarampion/2024-06-26_17-22-52_8567.png,Sarampion,Train/Sarampion/2024-06-26_17-22-52_8567.png,2,Train
Train/Sarampion/2024-06-26_15-19-25_4994.png,Sarampion,Train/Sarampion/2024-06-26_15-19-25_4994.png,2,Train
Train/Sarampion/2024-06-26_17-30-39_1313.png,Sarampion,Train/Sarampion/2024-06-26_17-30-39_1313.png,2,Train
Train/Sarampion/2024-06-26_12-10-19_6265.png,Sarampion,Train/Sarampion/2024-06-26_12-10-19_6265.png,2,Train
Train/Sarampion/2024-06-26_17-32-03_3173.png,Sarampion,Train/Sarampion/2024-06-26_17-32-03_3173.png,2,Train
Train/Sarampion/2024-06-26_18-30-41_4357.png,Sarampion,Train/Sarampion/2024-06-26_18-30-41_4357.png,2,Train
Test/Herpes/Herpes (29).jpg,Herpes,Test/Herpes/Herpes (29).jpg,2,Train
Test/Herpes/Herpes (18).jpg,Herpes,Test/Herpes/Herpes (18).jpg,2,Train
Test/Herpes/2024-06-26_20-39-30_8341.png,Herpes,Test/Herpes/2024-06-26_20-39-30_8341.png,2,Train
Test/Herpes/Herpes (44).jpg,Herpes,Test/Herpes/Herpes (44).jpg,2,Val
Test/Herpes/Herpes (13).jpg,Herpes,Test/Herpes/Herpes (13).jpg,2,Train
Test/Herpes/Herpes (5).png,Herpes,Test/Herpes/Herpes (5).png,2,Train
Test/Monkeypox/2024-06-27_15-08-34_5633.png,Monkeypox,Test/Monkeypox/2024-06-27_15-08-34_5633.png,2,Train
Test/Monkeypox/MonkeyPox (28).jpg,Monkeypox,Test/Monkeypox/MonkeyPox (28).jpg,2,Train
Test/Monkeypox/2024-06-27_15-10-20_8807.png,Monkeypox,Test/Monkeypox/2024-06-27_15-10-20_8807.png,2,Train
Test/Monkeypox/MonkeyPox (105).jpg,Monkeypox,Test/Monkeypox/MonkeyPox (105).jpg,2,Test
Test/Monkeypox/MonkeyPox (3).png,Monkeypox,Test/Monkeypox/MonkeyPox (3).png,2,Train
Test/Monkeypox/2024-06-27_14-16-08_7006.png,Monkeypox,Test/Monkeypox/2024-06-27_14-16-08_7006.png,2,Train
Test/Monkeypox/2024-06-27_14-09-37_4091.png,Monkeypox,Test/Monkeypox/2024-06-27_14-09-37_4091.png,2,Val
Test/Monkeypox/MonkeyPox (9).jpg,Monkeypox,Test/Monkeypox/MonkeyPox (9).jpg,2,Train
Test/Monkeypox/MonkeyPox (117).jpg,Monkeypox,Test/Monkeypox/MonkeyPox (117).jpg,2,Train
Test/Monkeypox/MonkeyPox (17).jpg,Monkeypox,Test/Monkeypox/MonkeyPox (17).jpg,2,Train
Test/Monkeypox/2024-06-27_15-08-58_1940.png,Monkeypox,Test/Monkeypox/2024-06-27_15-08-58_1940.png,2,Train
Test/Monkeypox/MonkeyPox (39).jpg,Monkeypox,Test/Monkeypox/MonkeyPox (39).jpg,2,Train
Test/Monkeypox/2024-06-27_14-10-01_4450.png,Monkeypox,Test/Monkeypox/2024-06-27_14-10-01_4450.png,2,Train
Test/Monkeypox/2024-06-27_13-59-23_4022.png,Monkeypox,Test/Monkeypox/2024-06-27_13-59-23_4022.png,2,Train
Test/Varicela/2024-06-27_12-05-49_1014.png,Varicela,Test/Varicela/2024-06-27_12-05-49_1014.png,2,Train
Test/Varicela/2024-06-27_11-43-31_5038.png,Varicela,Test/Varicela/2024-06-27_11-43-31_5038.png,2,Val
Test/Varicela/ChickenPox (60).jpg,Varicela,Test/Varicela/ChickenPox (60).jpg,2,Train
Test/Varicela/ChickenPox (31).png,Varicela,Test/Varicela/ChickenPox (31).png,2,Train
Test/Varicela/ChickenPox (44).png,Varicela,Test/Varicela/ChickenPox (44).png,2,Train
Test/Varicela/2024-06-25_23-32-13_6030.png,Varicela,Test/Varicela/2024-06-25_23-32-13_6030.png,2,Train
Test/Melanoma/Melanoma (2).jpg,Melanoma,Test/Melanoma/Melanoma (2).jpg,2,Train
Test/Melanoma/Melanoma (66).jpg,Melanoma,Test/Melanoma/Melanoma (66).jpg,2,Train
Test/Sarampion/2024-06-26_18-55-04_6340.png,Sarampion,Test/Sarampion/2024-06-26_18-55-04_6340.png,2,Train
Test/Sarampion/2024-06-26_12-16-35_2776.png,Sarampion,Test/Sarampion/2024-06-26_12-16-35_2776.png,2,Train
Test/Sarampion/Sarampion (48).png,Sarampion,Test/Sarampion/Sarampion (48).png,2,Train
Test/Sarampion/2024-06-26_18-25-29_9961.png,Sarampion,Test/Sarampion/2024-06-26_18-25-29_9961.png,2,Val
Test/Sarampion/Sarampion (32).png,Sarampion,Test/Sarampion/Sarampion (32).png,2,Train
Test/Sarampion/2024-06-26_14-01-28_8761.png,Sarampion,Test/Sarampion/2024-06-26_14-01-28_8761.png,2,Train
Test/Sarampion/2024-06-26_18-55-27_6748.png,Sarampion,Test/Sarampion/2024-06-26_18-55-27_6748.png,2,Train
Test/Sarampion/2024-06-26_17-15-57_5912.png,Sarampion,Test/Sarampion/2024-06-26_17-15-57_5912.png,2,Train
Test/Sarampion/2024-06-26_18-47-24_2909.png,Sarampion,Test/Sarampion/2024-06-26_18-47-24_2909.png,2,Train
Test/Sarampion/2024-06-26_17-29-44_1576.png,Sarampion,Test/Sarampion/2024-06-26_17-29-44_1576.png,2,Train
Test/Sarampion/2024-06-26_18-46-32_6310.png,Sarampion,Test/Sarampion/2024-06-26_18-46-32_6310.png,2,Train
Test/Sarampion/2024-06-26_18-54-40_4156.png,Sarampion,Test/Sarampion/2024-06-26_18-54-40_4156.png,2,Test
Test/Sarampion/2024-06-26_12-16-14_5492.png,Sarampion,Test/Sarampion/2024-06-26_12-16-14_5492.png,2,Test
Test/Sarampion/2024-06-26_17-25-28_7382.png,Sarampion,Test/Sarampion/2024-06-26_17-25-28_7382.png,2,Train
Test/Sarampion/2024-06-26_12-09-05_5942.png,Sarampion,Test/Sarampion/2024-06-26_12-09-05_5942.png,2,Train
Test/Sarampion/2024-06-26_18-25-06_6595.png,Sarampion,Test/Sarampion/2024-06-26_18-25-06_6595.png,2,Train
Test/Sarampion/2024-06-26_17-14-45_6203.png,Sarampion,Test/Sarampion/2024-06-26_17-14-45_6203.png,2,Val
Test/Sarampion/2024-06-26_17-16-45_3964.png,Sarampion,Test/Sarampion/2024-06-26_17-16-45_3964.png,2,Train
Test/Sarampion/2024-06-26_12-09-31_9870.png,Sarampion,Test/Sarampion/2024-06-26_12-09-31_9870.png,2,Train
Test/Sarampion/2024-06-26_12-17-18_7060.png,Sarampion,Test/Sarampion/2024-06-26_12-17-18_7060.png,2,Val
Test/Sarampion/Sarampion (9).jpg,Sarampion,Test/Sarampion/Sarampion (9).jpg,2,Train
Test/Sarampion/2024-06-26_17-24-12_1688.png,Sarampion,Test/Sarampion/2024-06-26_17-24-12_1688.png,2,Val
Test/Sarampion/2024-06-26_18-23-44_7036.png,Sarampion,Test/Sarampion/2024-06-26_18-23-44_7036.png,2,Train
Test/Sarampion/2024-06-26_18-25-56_9550.png,Sarampion,Test/Sarampion/2024-06-26_18-25-56_9550.png,2,Train
Test/Sarampion/2024-06-26_18-46-57_1618.png,Sarampion,Test/Sarampion/2024-06-26_18-46-57_1618.png,2,Train
Test/Sarampion/2024-06-26_14-56-41_7181.png,Sarampion,Test/Sarampion/2024-06-26_14-56-41_7181.png,2,Test
Test/Sarampion/Sarampion (17).jpg,Sarampion,Test/Sarampion/Sarampion (17).jpg,2,Train
Test/Sarampion/2024-06-26_18-36-04_7670.png,Sarampion,Test/Sarampion/2024-06-26_18-36-04_7670.png,2,Test
Test/Sarampion/2024-06-26_17-24-34_7466.png,Sarampion,Test/Sarampion/2024-06-26_17-24-34_7466.png,2,Test
Test/Sarampion/Sarampion (20).jpeg,Sarampion,Test/Sarampion/Sarampion (20).jpeg,2,Train
Val/Herpes/Herpes (59).jpg,Herpes,Val/Herpes/Herpes (59).jpg,2,Train
Val/Monkeypox/MonkeyPox (14).jpg,Monkeypox,Val/Monkeypox/MonkeyPox (14).jpg,2,Train
Val/Monkeypox/MonkeyPox (11).jpg,Monkeypox,Val/Monkeypox/MonkeyPox (11).jpg,2,Train
Val/Monkeypox/MonkeyPox (14).jpeg,Monkeypox,Val/Monkeypox/MonkeyPox (14).jpeg,2,Train
Val/Varicela/ChickenPox (24).png,Varicela,Val/Varicela/ChickenPox (24).png,2,Test
Val/Varicela/ChickenPox (5).jpg,Varicela,Train/Varicela/ChickenPox (225).jpg,2,Train
Val/Varicela/ChickenPox (9).jpg,Varicela,Val/Varicela/ChickenPox (9).jpg,2,Train
Val/Melanoma/Melanoma (128).jpg,Melanoma,Val/Melanoma/Melanoma (128).jpg,2,Train
Val/Melanoma/Melanoma (186).jpg,Melanoma,Val/Melanoma/Melanoma (186).jpg,2,Train
Val/Sarampion/Sarampion (41).png,Sarampion,Val/Sarampion/Sarampion (41).png,2,Train
Val/Sarampion/Sarampion (2).png,Sarampion,Val/Sarampion/Sarampion (2).png,2,Train
Val/Sarampion/Sarampion (18).png,Sarampion,Test/Sarampion/Sarampion (9).jpg,2,Train
Val/Sarampion/Sarampion (2).jpeg,Sarampion,Test/Sarampion/Sarampion (33).png,2,Val
Val/Sarampion/Sarampion (14).jpeg,Sarampion,Val/Sarampion/Sarampion (14).jpeg,2,Train
Test/Varicela/ChickenPox (87).jpg,Varicela,Test/Varicela/ChickenPox (87).jpg,2,Val
Train/Sarampion/2024-06-26_13-34-03_3621.png,Sarampion,Train/Sarampion/2024-06-26_13-34-03_3621.png,2,Train
Train/Sarampion/2024-06-26_17-21-31_4636.png,Sarampion,Train/Sarampion/2024-06-26_17-21-31_4636.png,2,Train
Train/Monkeypox/2024-06-27_13-57-20_2703.png,Monkeypox,Train/Monkeypox/2024-06-27_13-57-20_2703.png,2,Train
Test/Varicela/2024-06-25_23-07-03_7302.png,Varicela,Test/Varicela/2024-06-25_23-07-03_7302.png,2,Train
Test/Herpes/2024-06-26_20-41-17_6240.png,Herpes,Test/Herpes/2024-06-26_20-41-17_6240.png,2,Train
Train/Varicela/2024-06-26_23-34-23_5504.png,Varicela,Train/Varicela/2024-06-26_23-34-23_5504.png,2,Train
Train/Varicela/2024-06-27_12-02-07_7463.png,Varicela,Train/Varicela/2024-06-27_12-02-07_7463.png,2,Train
Test/Monkeypox/2024-06-27_15-22-32_9308.png,Monkeypox,Test/Monkeypox/2024-06-27_15-22-32_9308.png,2,Test
Train/Sarampion/2024-06-26_15-15-19_6482.png,Sarampion,Train/Sarampion/2024-06-26_15-15-19_6482.png,2,Train
Train/Sarampion/Sarampion (45).jpg,Sarampion,Train/Sarampion/Sarampion (45).jpg,2,Train
Train/Varicela/ChickenPox (133).jpg,Varicela,Train/Varicela/ChickenPox (133).jpg,2,Train
Test/Herpes/Herpes (38).jpg,Herpes,Test/Herpes/Herpes (38).jpg,2,Train
Train/Varicela/ChickenPox (241).jpg,Varicela,Train/Varicela/ChickenPox (241).jpg,2,Train
Train/Monkeypox/MonkeyPox (142).png,Monkeypox,Train/Monkeypox/MonkeyPox (142).png,2,Test
Train/Varicela/ChickenPox (192).jpg,Varicela,Train/Varicela/ChickenPox (192).jpg,2,Train
Train/Monkeypox/MonkeyPox (178).jpg,Monkeypox,Train/Monkeypox/MonkeyPox (178).jpg,2,Train
Train/Varicela/ChickenPox (263).jpg,Varicela,Train/Varicela/ChickenPox (263).jpg,2,Train
Train/Varicela/2024-06-25_21-34-59_8825.png,Varicela,Train/Varicela/2024-06-25_21-34-59_8825.png,2,Train
Train/Sarampion/2024-06-26_15-04-05_3977.png,Sarampion,Train/Sarampion/2024-06-26_15-04-05_3977.png,2,Train
Val/Varicela/ChickenPox (12).jpeg,Varicela,Val/Varicela/ChickenPox (12).jpeg,2,Train
Train/Herpes/Herpes.jpg,Herpes,Train/Herpes/Herpes.jpg,2,Train
Train/Varicela/2024-06-25_23-26-55_5054.png,Varicela,Train/Varicela/2024-06-25_23-26-55_5054.png,2,Train
Train/Sarampion/2024-06-26_13-58-38_3554.png,Sarampion,Train/Sarampion/2024-06-26_13-58-38_3554.png,2,Train
Train/Monkeypox/2024-06-27_13-55-01_8231.png,Monkeypox,Train/Monkeypox/2024-06-27_13-55-01_8231.png,2,Test
Test/Herpes/2024-06-26_20-34-15_6954.png,Herpes,Test/Herpes/2024-06-26_20-34-15_6954.png,2,Train
Train/Sarampion/Sarampion (102).jpg,Sarampion,Test/Sarampion/Sarampion (33).png,2,Val
Train/Sarampion/2024-06-26_15-08-43_2940.png,Sarampion,Train/Sarampion/2024-06-26_15-08-43_2940.png,2,Train
Train/Sarampion/2024-06-26_18-13-01_6573.png,Sarampion,Train/Sarampion/2024-06-26_18-13-01_6573.png,2,Train
Train/Varicela/2024-06-25_23-42-05_6670.png,Varicela,Train/Varicela/2024-06-25_23-42-05_6670.png,2,Train
Train/Monkeypox/2024-06-27_15-30-27_8136.png,Monkeypox,Train/Monkeypox/2024-06-27_15-30-27_8136.png,2,Val
Train/Varicela/2024-06-27_00-08-58_9769.png,Varicela,Train/Varicela/2024-06-27_00-08-58_9769.png,2,Test
Train/Varicela/2024-06-27_12-03-59_8548.png,Varicela,Train/Varicela/2024-06-27_12-03-59_8548.png,2,Train
Train/Varicela/2024-06-26_21-14-28_3487.png,Varicela,Train/Varicela/2024-06-26_21-14-28_3487.png,2,Test
Train/Herpes/Herpes (261).jpg,Herpes,Train/Herpes/Herpes (261).jpg,2,Val
Train/Monkeypox/2024-06-27_16-35-25_1474.png,Monkeypox,Train/Monkeypox/2024-06-27_16-35-25_1474.png,2,Train
Train/Varicela/ChickenPox (91).jpg,Varicela,Train/Varicela/ChickenPox (91).jpg,2,Train
Train/Sarampion/Sarampion (69).png,Sarampion,Train/Sarampion/Sarampion (69).png,2,Train
Val/Sarampion/Sarampion (14).png,Sarampion,Val/Sarampion/Sarampion (14).png,2,Train
Train/Varicela/2024-06-27_12-01-22_7986.png,Varicela,Train/Varicela/2024-06-27_12-01-22_7986.png,2,Val
Train/Sarampion/2024-06-26_11-59-57_7197.png,Sarampion,Train/Sarampion/2024-06-26_11-59-57_7197.png,2,Train
Train/Sarampion/Sarampion (123).jpg,Sarampion,Train/Sarampion/Sarampion (123).jpg,2,Train
Train/Herpes/2024-06-24_22-08-54_7574.png,Herpes,Train/Herpes/2024-06-24_22-08-54_7574.png,2,Val
Train/Monkeypox/2024-06-27_14-17-03_8584.png,Monkeypox,Train/Monkeypox/2024-06-27_14-17-03_8584.png,2,Train
Train/Varicela/2024-06-26_21-50-27_6383.png,Varicela,Train/Varicela/2024-06-26_21-50-27_6383.png,2,Train
Test/Herpes/Herpes (51).jpg,Herpes,Test/Herpes/Herpes (51).jpg,2,Test
Train/Sarampion/Sarampion (85).jpg,Sarampion,Train/Sarampion/Sarampion (85).jpg,2,Train
Train/Herpes/Herpes.png,Herpes,Train/Herpes/Herpes.png,2,Train
Train/Varicela/ChickenPox (255).jpg,Varicela,Train/Varicela/ChickenPox (255).jpg,2,Train
Train/Monkeypox/2024-06-27_16-32-03_5617.png,Monkeypox,Train/Monkeypox/2024-06-27_16-32-03_5617.png,2,Train
Train/Varicela/ChickenPox (221).jpg,Varicela,Train/Varicela/ChickenPox (221).jpg,2,Train
Test/Monkeypox/MonkeyPox (134).jpg,Monkeypox,Test/Monkeypox/MonkeyPox (134).jpg,2,Train
Train/Sarampion/Sarampion (73).jpg,Sarampion,Train/Sarampion/Sarampion (73).jpg,2,Train
Train/Monkeypox/2024-06-27_13-58-11_9592.png,Monkeypox,Train/Monkeypox/2024-06-27_13-58-11_9592.png,2,Train
Test/Varicela/ChickenPox (49).png,Varicela,Test/Varicela/ChickenPox (49).png,2,Train
Train/Herpes/2024-06-24_21-30-27_9522.png,Herpes,Train/Herpes/2024-06-24_21-30-27_9522.png,2,Train
Train/Varicela/ChickenPox (228).jpg,Varicela,Train/Varicela/ChickenPox (228).jpg,2,Train
Train/Sarampion/2024-06-26_16-11-54_9373.png,Sarampion,Train/Sarampion/2024-06-26_16-11-54_9373.png,2,Val
Train/Herpes/Herpes (262).jpg,Herpes,Train/Herpes/Herpes (262).jpg,2,Train
Test/Herpes/Herpes (74).jpg,Herpes,Test/Herpes/Herpes (74).jpg,2,Train
Train/Sarampion/2024-06-26_12-58-54_4368.png,Sarampion,Train/Sarampion/2024-06-26_12-58-54_4368.png,2,Train
Train/Monkeypox/2024-06-27_16-03-29_1919.png,Monkeypox,Train/Monkeypox/2024-06-27_16-03-29_1919.png,2,Test
Test/Sarampion/2024-06-26_15-06-38_7428.png,Sarampion,Test/Sarampion/2024-06-26_15-06-38_7428.png,2,Test
Train/Varicela/2024-06-26_21-42-24_5384.png,Varicela,Train/Varicela/2024-06-26_21-42-24_5384.png,2,Test
Train/Varicela/2024-06-25_22-36-19_9409.png,Varicela,Train/Varicela/2024-06-25_22-36-19_9409.png,2,Test
Test/Sarampion/2024-06-26_11-54-26_3910.png,Sarampion,Test/Sarampion/2024-06-26_11-54-26_3910.png,2,Train
Train/Monkeypox/2024-06-27_15-30-04_7633.png,Monkeypox,Train/Monkeypox/2024-06-27_15-30-04_7633.png,2,Train
Train/Herpes/2024-06-24_22-23-40_9531.png,Herpes,Train/Herpes/2024-06-24_22-23-40_9531.png,2,Train
Train/Sarampion/Sarampion (45).png,Sarampion,Train/Sarampion/Sarampion (45).png,2,Test
Val/Herpes/Herpes (28).jpg,Herpes,Val/Herpes/Herpes (28).jpg,2,Train
Train/Varicela/ChickenPox (229).jpg,Varicela,Train/Varicela/ChickenPox (229).jpg,2,Train
Train/Herpes/2024-06-24_22-37-38_3707.png,Herpes,Train/Herpes/2024-06-24_22-37-38_3707.png,2,Test
Train/Herpes/Herpes (194).jpg,Herpes,Train/Herpes/Herpes (194).jpg,2,Train
Train/Sarampion/Sarampion (67).jpg,Sarampion,Train/Sarampion/Sarampion (133).jpg,2,Train
Train/Sarampion/Sarampion (94).jpg,Sarampion,Train/Sarampion/Sarampion (94).jpg,2,Train
Train/Varicela/ChickenPox (132).jpg,Varicela,Train/Varicela/ChickenPox (132).jpg,2,Test
Train/Varicela/2024-06-25_21-32-59_3164.png,Varicela,Train/Varicela/2024-06-25_21-32-59_3164.png,2,Val
Train/Sarampion/2024-06-26_12-07-02_7219.png,Sarampion,Train/Sarampion/2024-06-26_12-07-02_7219.png,2,Train
Train/Herpes/Herpes (162).jpg,Herpes,Train/Herpes/Herpes (162).jpg,2,Train
Test/Sarampion/2024-06-26_11-56-01_5361.png,Sarampion,Test/Sarampion/2024-06-26_11-56-01_5361.png,2,Train
Train/Sarampion/2024-06-26_13-59-29_3375.png,Sarampion,Train/Sarampion/2024-06-26_13-59-29_3375.png,2,Train
Train/Varicela/2024-06-27_11-59-28_1614.png,Varicela,Train/Varicela/2024-06-27_11-59-28_1614.png,2,Val
Train/Monkeypox/2024-06-27_16-35-47_5319.png,Monkeypox,Train/Monkeypox/2024-06-27_16-35-47_5319.png,2,Train
Train/Monkeypox/2024-06-27_13-56-56_8334.png,Monkeypox,Train/Monkeypox/2024-06-27_13-56-56_8334.png,2,Train
Train/Varicela/2024-06-26_22-22-58_8722.png,Varicela,Train/Varicela/2024-06-26_22-22-58_8722.png,2,Val
Train/Varicela/ChickenPox (174).jpg,Varicela,Train/Varicela/ChickenPox (174).jpg,2,Train
Train/Varicela/2024-06-27_13-23-48_7560.png,Varicela,Train/Varicela/2024-06-27_13-23-48_7560.png,2,Test
Train/Monkeypox/2024-06-27_14-06-48_9948.png,Monkeypox,Train/Monkeypox/2024-06-27_14-06-48_9948.png,2,Test
Train/Varicela/2024-06-27_12-22-51_8259.png,Varicela,Train/Varicela/2024-06-27_12-22-51_8259.png,2,Test
Train/Varicela/ChickenPox (59).png,Varicela,Train/Varicela/ChickenPox (192).jpg,2,Train
Train/Varicela/2024-06-26_23-41-52_7860.png,Varicela,Train/Varicela/2024-06-26_23-41-52_7860.png,2,Train
Train/Monkeypox/2024-06-27_16-45-06_3027.png,Monkeypox,Train/Monkeypox/2024-06-27_16-45-06_3027.png,2,Train
Val/Varicela/ChickenPox (10).jpeg,Varicela,Val/Varicela/ChickenPox (10).jpeg,2,Train
Train/Varicela/2024-06-27_12-09-09_1375.png,Varicela,Train/Varicela/2024-06-27_12-09-09_1375.png,2,Val
Train/Monkeypox/2024-06-27_15-31-36_1699.png,Monkeypox,Train/Monkeypox/2024-06-27_15-31-36_1699.png,2,Train
Train/Monkeypox/2024-06-27_17-00-17_9938.png,Monkeypox,Train/Monkeypox/2024-06-27_17-00-17_9938.png,2,Val
Train/Varicela/2024-06-25_21-31-46_9293.png,Varicela,Train/Varicela/2024-06-25_21-31-46_9293.png,2,Train
Test/Sarampion/2024-06-26_15-05-21_1652.png,Sarampion,Test/Sarampion/2024-06-26_15-05-21_1652.png,2,Train
Train/Sarampion/2024-06-26_13-00-26_1168.png,Sarampion,Train/Sarampion/2024-06-26_13-00-26_1168.png,2,Val
Train/Monkeypox/2024-06-27_17-02-55_8647.png,Monkeypox,Train/Monkeypox/2024-06-27_17-02-55_8647.png,2,Train
Test/Varicela/2024-06-26_23-15-32_6074.png,Varicela,Test/Varicela/2024-06-26_23-15-32_6074.png,2,Test
Train/Herpes/Herpes (191).jpg,Herpes,Train/Herpes/Herpes (191).jpg,2,Train
Train/Herpes/2024-06-24_22-26-33_4237.png,Herpes,Train/Herpes/2024-06-24_22-26-33_4237.png,2,Test
Val/Sarampion/Sarampion (34).png,Sarampion,Val/Sarampion/Sarampion (34).png,2,Val
Train/Monkeypox/2024-06-27_16-41-11_5769.png,Monkeypox,Train/Monkeypox/2024-06-27_16-41-11_5769.png,2,Train
Val/Varicela/ChickenPox (11).jpeg,Varicela,Val/Varicela/ChickenPox (11).jpeg,2,Test
Test/Sarampion/2024-06-26_15-53-59_5452.png,Sarampion,Test/Sarampion/2024-06-26_15-53-59_5452.png,2,Train
Train/Monkeypox/2024-06-27_13-54-37_8772.png,Monkeypox,Train/Monkeypox/2024-06-27_13-54-37_8772.png,2,Train
Train/Monkeypox/2024-06-27_15-44-12_6606.png,Monkeypox,Train/Monkeypox/2024-06-27_15-44-12_6606.png,2,Val
Train/Herpes/Herpes (301).jpg,Herpes,Train/Herpes/Herpes (301).jpg,2,Train
Test/Sarampion/Sarampion (33).png,Sarampion,Test/Sarampion/Sarampion (33).png,2,Val
Train/Monkeypox/2024-06-27_16-46-59_8373.png,Monkeypox,Train/Monkeypox/2024-06-27_16-46-59_8373.png,2,Train
Test/Sarampion/Sarampion (44).jpg,Sarampion,Test/Sarampion/Sarampion (44).jpg,2,Train
Train/Varicela/2024-06-25_21-40-43_8904.png,Varicela,Train/Varicela/2024-06-25_21-40-43_8904.png,2,Val
Train/Sarampion/Sarampion (138).jpg,Sarampion,Train/Sarampion/Sarampion (138).jpg,2,Train
Train/Monkeypox/2024-06-27_16-57-42_6530.png,Monkeypox,Train/Monkeypox/2024-06-27_16-57-42_6530.png,2,Test
Train/Varicela/ChickenPox (179).jpg,Varicela,Train/Varicela/ChickenPox (179).jpg,2,Train
Train/Sarampion/Sarampion (133).jpg,Sarampion,Train/Sarampion/Sarampion (133).jpg,2,Train
Train/Varicela/2024-06-27_12-58-30_3916.png,Varicela,Train/Varicela/2024-06-27_12-58-30_3916.png,2,Train
Train/Monkeypox/2024-06-27_16-47-45_4595.png,Monkeypox,Train/Monkeypox/2024-06-27_16-47-45_4595.png,2,Train
Train/Varicela/2024-06-26_22-21-16_1772.png,Varicela,Train/Varicela/2024-06-26_22-21-16_1772.png,2,Train
Train/Varicela/2024-06-27_11-28-30_5799.png,Varicela,Train/Varicela/2024-06-27_11-28-30_5799.png,2,Train
Train/Monkeypox/2024-06-27_15-06-29_8544.png,Monkeypox,Train/Monkeypox/2024-06-27_15-06-29_8544.png,2,Train
Train/Herpes/Herpes (170).jpg,Herpes,Train/Herpes/Herpes (170).jpg,2,Train
Train/Varicela/2024-06-27_13-30-28_8366.png,Varicela,Train/Varicela/2024-06-27_13-30-28_8366.png,2,Train
Train/Monkeypox/MonkeyPox (155).png,Monkeypox,Train/Monkeypox/MonkeyPox (155).png,2,Train
Train/Monkeypox/2024-06-27_16-55-34_9688.png,Monkeypox,Train/Monkeypox/2024-06-27_16-55-34_9688.png,2,Train
Train/Herpes/2024-06-24_21-06-09_9645.png,Herpes,Train/Herpes/2024-06-24_21-06-09_9645.png,2,Train
Test/Sarampion/2024-06-26_15-50-55_9056.png,Sarampion,Test/Sarampion/2024-06-26_15-50-55_9056.png,2,Train
Test/Varicela/ChickenPox (38).jpg,Varicela,Test/Varicela/ChickenPox (38).jpg,2,Val
Train/Monkeypox/MonkeyPox (164).png,Monkeypox,Train/Monkeypox/MonkeyPox (164).png,2,Train
Test/Varicela/2024-06-27_11-30-42_5146.png,Varicela,Test/Varicela/2024-06-27_11-30-42_5146.png,2,Test
Train/Varicela/2024-06-25_21-31-21_6606.png,Varicela,Train/Varicela/2024-06-25_21-31-21_6606.png,2,Train
Train/Varicela/2024-06-26_21-48-53_4177.png,Varicela,Train/Varicela/2024-06-26_21-48-53_4177.png,2,Val
Train/Varicela/2024-06-27_12-26-33_2242.png,Varicela,Train/Varicela/2024-06-27_12-26-33_2242.png,2,Train
Val/Sarampion/Sarampion (42).png,Sarampion,Val/Sarampion/Sarampion (42).png,2,Val
Train/Varicela/ChickenPox (187).jpg,Varicela,Train/Varicela/ChickenPox (187).jpg,2,Train
Train/Sarampion/2024-06-26_14-13-24_4439.png,Sarampion,Train/Sarampion/2024-06-26_14-13-24_4439.png,2,Train
Train/Varicela/2024-06-25_21-33-47_7689.png,Varicela,Train/Varicela/2024-06-25_21-33-47_7689.png,2,Val
Train/Monkeypox/MonkeyPox (106).png,Monkeypox,Train/Monkeypox/MonkeyPox (106).png,2,Test
Test/Sarampion/2024-06-26_12-50-45_8660.png,Sarampion,Test/Sarampion/2024-06-26_12-50-45_8660.png,2,Train
Train/Sarampion/2024-06-26_16-37-39_3050.png,Sarampion,Train/Sarampion/2024-06-26_16-37-39_3050.png,2,Train
Train/Herpes/Herpes (196).jpg,Herpes,Train/Herpes/Herpes (196).jpg,2,Test
Test/Herpes/Herpes (126).jpg,Herpes,Test/Herpes/Herpes (126).jpg,2,Train
Train/Monkeypox/MonkeyPox (29).png,Monkeypox,Train/Monkeypox/MonkeyPox (29).png,2,Val
Train/Varicela/2024-06-27_00-01-24_1094.png,Varicela,Train/Varicela/2024-06-27_00-01-24_1094.png,2,Train
Train/Varicela/2024-06-25_23-51-14_8933.png,Varicela,Train/Varicela/2024-06-25_23-51-14_8933.png,2,Train
Train/Sarampion/Sarampion (139).jpg,Sarampion,Train/Sarampion/Sarampion (139).jpg,2,Train
Test/Sarampion/2024-06-26_13-24-18_3831.png,Sarampion,Test/Sarampion/2024-06-26_13-24-18_3831.png,2,Test
Train/Monkeypox/MonkeyPox (158).png,Monkeypox,Train/Monkeypox/MonkeyPox (158).png,2,Train
Train/Varicela/2024-06-26_23-08-14_4919.png,Varicela,Train/Varicela/2024-06-26_23-08-14_4919.png,2,Train
Test/Varicela/2024-06-27_12-07-18_3814.png,Varicela,Test/Varicela/2024-06-27_12-07-18_3814.png,2,Train
Train/Monkeypox/2024-06-27_14-20-42_3059.png,Monkeypox,Train/Monkeypox/2024-06-27_14-20-42_3059.png,2,Train
Train/Varicela/2024-06-26_23-39-33_6681.png,Varicela,Train/Varicela/2024-06-26_23-39-33_6681.png,2,Train
Val/Herpes/Herpes (35).jpg,Herpes,Val/Herpes/Herpes (35).jpg,2,Train
Train/Varicela/ChickenPox (163).jpg,Varicela,Train/Varicela/ChickenPox (163).jpg,2,Train
Train/Varicela/2024-06-25_22-33-28_7859.png,Varicela,Train/Varicela/2024-06-25_22-33-28_7859.png,2,Train
Test/Sarampion/2024-06-26_14-19-28_8644.png,Sarampion,Test/Sarampion/2024-06-26_14-19-28_8644.png,2,Train
Train/Sarampion/2024-06-26_11-59-09_9737.png,Sarampion,Train/Sarampion/2024-06-26_11-59-09_9737.png,2,Train
Train/Varicela/2024-06-26_23-39-58_7227.png,Varicela,Train/Varicela/2024-06-26_23-39-58_7227.png,2,Train
Test/Varicela/2024-06-27_13-11-42_9144.png,Varicela,Test/Varicela/2024-06-27_13-11-42_9144.png,2,Train
Train/Monkeypox/2024-06-27_14-14-32_9360.png,Monkeypox,Train/Monkeypox/2024-06-27_14-14-32_9360.png,2,Test
Train/Herpes/Herpes (115).jpg,Herpes,Train/Herpes/Herpes (115).jpg,2,Val
Train/Varicela/ChickenPox (158).jpg,Varicela,Train/Varicela/ChickenPox (158).jpg,2,Test
Train/Varicela/ChickenPox (157).jpg,Varicela,Train/Varicela/ChickenPox (157).jpg,2,Test
Train/Varicela/2024-06-25_22-20-24_8033.png,Varicela,Train/Varicela/2024-06-25_22-20-24_8033.png,2,Train
Train/Varicela/2024-06-27_13-29-45_3966.png,Varicela,Train/Varicela/2024-06-27_13-29-45_3966.png,2,Test
Train/Sarampion/2024-06-26_11-59-33_5864.png,Sarampion,Train/Sarampion/2024-06-26_11-59-33_5864.png,2,Train
Train/Varicela/2024-06-26_22-21-38_8382.png,Varicela,Train/Varicela/2024-06-26_22-21-38_8382.png,2,Val
Train/Monkeypox/2024-06-27_14-14-04_7146.png,Monkeypox,Train/Monkeypox/2024-06-27_14-14-04_7146.png,2,Val
Train/Varicela/2024-06-26_21-50-05_2915.png,Varicela,Train/Varicela/2024-06-26_21-06-29_5345.png,2,Train
Train/Sarampion/2024-06-26_15-08-18_5207.png,Sarampion,Train/Sarampion/2024-06-26_15-08-18_5207.png,2,Train
Train/Monkeypox/2024-06-27_16-00-14_4345.png,Monkeypox,Train/Monkeypox/2024-06-27_16-00-14_4345.png,2,Val
Test/Varicela/ChickenPox (61).jpg,Varicela,Test/Varicela/ChickenPox (61).jpg,2,Test
Train/Monkeypox/2024-06-27_16-50-00_1112.png,Monkeypox,Train/Monkeypox/2024-06-27_16-50-00_1112.png,2,Test
Train/Varicela/2024-06-26_21-07-13_8006.png,Varicela,Train/Varicela/2024-06-26_21-07-13_8006.png,2,Train
Train/Varicela/2024-06-25_21-32-13_9390.png,Varicela,Train/Varicela/2024-06-25_21-32-13_9390.png,2,Train
Test/Monkeypox/2024-06-27_13-56-10_7526.png,Monkeypox,Test/Monkeypox/2024-06-27_13-56-10_7526.png,2,Train
Train/Monkeypox/2024-06-27_17-53-03_4787.png,Monkeypox,Train/Monkeypox/2024-06-27_17-53-03_4787.png,2,Test
Train/Sarampion/2024-06-26_15-18-09_5961.png,Sarampion,Train/Sarampion/2024-06-26_15-18-09_5961.png,2,Train
Train/Sarampion/2024-06-26_12-04-07_3372.png,Sarampion,Train/Sarampion/2024-06-26_12-04-07_3372.png,2,Test
Train/Varicela/2024-06-26_21-10-45_6870.png,Varicela,Train/Varicela/2024-06-26_21-10-45_6870.png,2,Test
Test/Monkeypox/2024-06-27_15-22-09_5488.png,Monkeypox,Test/Monkeypox/2024-06-27_15-22-09_5488.png,2,Train
Train/Monkeypox/2024-06-27_15-20-38_3227.png,Monkeypox,Train/Monkeypox/2024-06-27_15-20-38_3227.png,2,Val
Train/Varicela/2024-06-26_23-18-02_9733.png,Varicela,Train/Varicela/2024-06-26_23-18-02_9733.png,2,Train
Train/Varicela/2024-06-25_21-37-59_4761.png,Varicela,Train/Varicela/2024-06-25_21-37-59_4761.png,2,Train
Train/Varicela/2024-06-26_22-25-48_7311.png,Varicela,Train/Varicela/2024-06-26_22-25-48_7311.png,2,Train
Train/Varicela/2024-06-26_22-14-46_9038.png,Varicela,Train/Varicela/2024-06-26_22-14-46_9038.png,2,Train
Train/Sarampion/Sarampion (107).jpg,Sarampion,Test/Sarampion/Sarampion (20).jpeg,2,Train
Train/Varicela/2024-06-27_12-04-43_6538.png,Varicela,Train/Varicela/2024-06-27_12-04-43_6538.png,2,Train
Test/Varicela/2024-06-26_21-17-12_4644.png,Varicela,Test/Varicela/2024-06-26_21-17-12_4644.png,2,Train
Train/Varicela/2024-06-27_13-14-00_6433.png,Varicela,Train/Varicela/2024-06-27_13-14-00_6433.png,2,Val
Train/Varicela/2024-06-26_23-43-05_4164.png,Varicela,Train/Varicela/2024-06-26_23-43-05_4164.png,2,Val
Test/Sarampion/2024-06-26_13-26-37_2353.png,Sarampion,Test/Sarampion/2024-06-26_13-26-37_2353.png,2,Val
Train/Varicela/2024-06-27_13-06-44_7104.png,Varicela,Train/Varicela/2024-06-27_13-06-44_7104.png,2,Train
Train/Monkeypox/2024-06-27_15-48-09_8163.png,Monkeypox,Train/Monkeypox/2024-06-27_15-48-09_8163.png,2,Train
Train/Sarampion/2024-06-26_15-15-39_8676.png,Sarampion,Train/Sarampion/2024-06-26_15-15-39_8676.png,2,Train
Train/Varicela/2024-06-25_22-14-22_1849.png,Varicela,Train/Varicela/2024-06-25_22-14-22_1849.png,2,Train
Train/Monkeypox/2024-06-27_15-52-05_8391.png,Monkeypox,Train/Monkeypox/2024-06-27_15-52-05_8391.png,2,Train
Train/Varicela/ChickenPox (127).jpg,Varicela,Train/Varicela/ChickenPox (127).jpg,2,Train
Test/Sarampion/Sarampion (43).png,Sarampion,Test/Sarampion/Sarampion (43).png,2,Train
Train/Monkeypox/2024-06-27_14-09-13_6917.png,Monkeypox,Train/Monkeypox/2024-06-27_14-09-13_6917.png,2,Test
Train/Varicela/2024-06-26_21-06-51_7094.png,Varicela,Train/Varicela/2024-06-26_21-06-51_7094.png,2,Train
Train/Varicela/2024-06-26_22-17-57_5411.png,Varicela,Train/Varicela/2024-06-26_22-17-57_5411.png,2,Train
Train/Varicela/2024-06-27_11-44-17_7281.png,Varicela,Train/Varicela/2024-06-27_11-44-17_7281.png,2,Train
Train/Varicela/2024-06-26_21-31-25_1709.png,Varicela,Train/Varicela/2024-06-26_21-31-25_1709.png,2,Test
Train/Sarampion/2024-06-26_12-57-46_4028.png,Sarampion,Train/Sarampion/2024-06-26_12-57-46_4028.png,2,Val
Train/Varicela/2024-06-26_00-15-36_6738.png,Varicela,Train/Varicela/2024-06-26_00-15-36_6738.png,2,Train
Train/Varicela/2024-06-25_23-45-27_2202.png,Varicela,Train/Varicela/2024-06-25_23-45-27_2202.png,2,Train
Train/Varicela/2024-06-25_21-36-27_3809.png,Varicela,Train/Varicela/2024-06-25_21-36-27_3809.png,2,Train
Train/Varicela/2024-06-26_21-04-36_4100.png,Varicela,Train/Varicela/2024-06-26_21-04-36_4100.png,2,Train
Test/Varicela/2024-06-26_21-16-14_9925.png,Varicela,Test/Varicela/2024-06-26_21-16-14_9925.png,2,Train
Train/Herpes/Herpes (304).jpg,Herpes,Train/Herpes/Herpes (304).jpg,2,Test
Train/Varicela/2024-06-26_23-10-49_9079.png,Varicela,Train/Varicela/2024-06-26_23-10-49_9079.png,2,Train
Train/Varicela/2024-06-27_12-19-30_5397.png,Varicela,Train/Varicela/2024-06-27_12-19-30_5397.png,2,Train
Train/Varicela/ChickenPox (170).jpg,Varicela,Train/Varicela/ChickenPox (170).jpg,2,Train
Train/Varicela/2024-06-26_21-06-29_5345.png,Varicela,Train/Varicela/2024-06-26_21-06-29_5345.png,2,Train
Test/Varicela/2024-06-26_23-43-26_2381.png,Varicela,Test/Varicela/2024-06-26_23-43-26_2381.png,2,Train
Test/Monkeypox/2024-06-27_13-55-47_1416.png,Monkeypox,Test/Monkeypox/2024-06-27_13-55-47_1416.png,2,Train
Test/Varicela/2024-06-26_23-50-12_7243.png,Varicela,Test/Varicela/2024-06-26_23-50-12_7243.png,2,Train
Train/Monkeypox/2024-06-27_13-59-47_6872.png,Monkeypox,Train/Monkeypox/2024-06-27_13-59-47_6872.png,2,Train
Test/Varicela/ChickenPox (54).png,Varicela,Test/Varicela/ChickenPox (54).png,2,Val
Test/Sarampion/2024-06-26_12-51-06_3150.png,Sarampion,Test/Sarampion/2024-06-26_12-51-06_3150.png,2,Test
Test/Varicela/ChickenPox (37).png,Varicela,Test/Varicela/ChickenPox (37).png,2,Train
Train/Sarampion/2024-06-26_12-01-49_1323.png,Sarampion,Train/Sarampion/2024-06-26_12-01-49_1323.png,2,Train
Train/Varicela/2024-06-25_22-46-30_4040.png,Varicela,Train/Varicela/2024-06-25_22-46-30_4040.png,2,Train
Train/Varicela/2024-06-27_13-27-31_1578.png,Varicela,Train/Varicela/2024-06-27_13-27-31_1578.png,2,Train
Train/Sarampion/2024-06-26_12-59-15_9519.png,Sarampion,Train/Sarampion/2024-06-26_12-59-15_9519.png,2,Test
Train/Varicela/2024-06-27_00-41-24_8907.png,Varicela,Train/Varicela/2024-06-27_00-41-24_8907.png,2,Train
Train/Varicela/2024-06-26_21-30-30_7786.png,Varicela,Train/Varicela/2024-06-26_21-30-30_7786.png,2,Train
Train/Varicela/2024-06-26_21-40-27_2949.png,Varicela,Train/Varicela/2024-06-26_21-40-27_2949.png,2,Train
Train/Monkeypox/2024-06-27_15-16-27_2045.png,Monkeypox,Train/Monkeypox/2024-06-27_15-16-27_2045.png,2,Train
Train/Monkeypox/2024-06-27_15-53-33_1566.png,Monkeypox,Train/Monkeypox/2024-06-27_15-53-33_1566.png,2,Train
Val/Varicela/ChickenPox (3).jpg,Varicela,Val/Varicela/ChickenPox (3).jpg,2,Train
Train/Herpes/Herpes (297).jpg,Herpes,Train/Herpes/Herpes (297).jpg,2,Test
Train/Monkeypox/2024-06-27_16-43-19_6594.png,Monkeypox,Train/Monkeypox/2024-06-27_16-43-19_6594.png,2,Train
Train/Monkeypox/2024-06-27_15-56-01_2331.png,Monkeypox,Train/Monkeypox/2024-06-27_15-56-01_2331.png,2,Train
Train/Sarampion/2024-06-26_13-21-10_5010.png,Sarampion,Train/Sarampion/2024-06-26_13-21-10_5010.png,2,Train
Train/Herpes/Herpes (256).jpg,Herpes,Train/Herpes/Herpes (256).jpg,2,Train
Train/Sarampion/2024-06-26_12-49-51_7739.png,Sarampion,Train/Sarampion/2024-06-26_12-49-51_7739.png,2,Train
Train/Varicela/2024-06-27_12-26-55_4277.png,Varicela,Train/Varicela/2024-06-27_12-26-55_4277.png,2,Train
Train/Sarampion/2024-06-26_14-57-58_4742.png,Sarampion,Train/Sarampion/2024-06-26_14-57-58_4742.png,2,Train
Train/Varicela/2024-06-27_13-19-41_3117.png,Varicela,Train/Varicela/2024-06-27_13-19-41_3117.png,2,Train
Train/Monkeypox/2024-06-27_16-05-23_7051.png,Monkeypox,Train/Monkeypox/2024-06-27_16-05-23_7051.png,2,Val
Train/Monkeypox/2024-06-27_13-53-49_8657.png,Monkeypox,Train/Monkeypox/2024-06-27_13-53-49_8657.png,2,Train
Test/Varicela/2024-06-25_21-37-35_5856.png,Varicela,Test/Varicela/2024-06-25_21-37-35_5856.png,2,Train
Val/Monkeypox/MonkeyPox (36).png,Monkeypox,Val/Monkeypox/MonkeyPox (36).png,2,Train
Train/Varicela/2024-06-27_12-00-14_3007.png,Varicela,Train/Varicela/2024-06-27_12-00-14_3007.png,2,Train
Train/Varicela/2024-06-26_21-28-50_5244.png,Varicela,Train/Varicela/2024-06-26_21-28-50_5244.png,2,Train
Test/Varicela/2024-06-25_21-37-13_9023.png,Varicela,Test/Varicela/2024-06-25_21-37-13_9023.png,2,Val
Train/Sarampion/2024-06-26_15-14-59_6587.png,Sarampion,Train/Sarampion/2024-06-26_15-14-59_6587.png,2,Train
Train/Monkeypox/2024-06-27_14-10-49_8828.png,Monkeypox,Train/Monkeypox/2024-06-27_14-10-49_8828.png,2,Train
Test/Sarampion/Sarampion (3).png,Sarampion,Test/Sarampion/Sarampion (3).png,2,Test
Train/Sarampion/2024-06-26_14-18-43_1449.png,Sarampion,Train/Sarampion/2024-06-26_14-18-43_1449.png,2,Val
Test/Monkeypox/MonkeyPox (9).png,Monkeypox,Test/Monkeypox/MonkeyPox (9).png,2,Train
Train/Varicela/ChickenPox (232).jpg,Varicela,Train/Varicela/ChickenPox (232).jpg,2,Train
Train/Sarampion/2024-06-26_12-48-38_4965.png,Sarampion,Train/Sarampion/2024-06-26_12-48-38_4965.png,2,Train
Test/Varicela/ChickenPox (38).png,Varicela,Test/Varicela/ChickenPox (38).png,2,Train
Train/Varicela/2024-06-27_13-00-36_6029.png,Varicela,Train/Varicela/2024-06-27_13-00-36_6029.png,2,Train
Train/Herpes/2024-06-26_19-59-06_2731.png,Herpes,Train/Herpes/2024-06-26_19-59-06_2731.png,3,Train
Train/Herpes/2024-06-24_22-25-44_4746.png,Herpes,Train/Herpes/2024-06-24_22-25-44_4746.png,3,Train
Train/Herpes/2024-06-24_21-30-57_1119.png,Herpes,Train/Herpes/2024-06-24_21-30-57_1119.png,3,Train
Train/Herpes/2024-06-26_20-16-27_2419.png,Herpes,Train/Herpes/2024-06-26_20-16-27_2419.png,3,Train
Train/Herpes/2024-06-26_20-33-21_9436.png,Herpes,Train/Herpes/2024-06-26_20-33-21_9436.png,3,Train
Train/Herpes/2024-06-26_20-28-42_1276.png,Herpes,Train/Herpes/2024-06-26_20-28-42_1276.png,3,Val
Train/Herpes/2024-06-24_22-39-53_9260.png,Herpes,Train/Herpes/2024-06-24_22-39-53_9260.png,3,Train
Train/Herpes/2024-06-26_20-00-00_2438.png,Herpes,Train/Herpes/2024-06-26_20-00-00_2438.png,3,Test
Train/Herpes/2024-06-24_22-24-05_4912.png,Herpes,Train/Herpes/2024-06-24_22-24-05_4912.png,3,Train
Train/Herpes/2024-06-26_20-32-30_7417.png,Herpes,Train/Herpes/2024-06-26_20-32-30_7417.png,3,Train
Train/Monkeypox/2024-06-27_17-18-10_5638.png,Monkeypox,Train/Monkeypox/2024-06-27_17-18-10_5638.png,3,Train
Train/Monkeypox/MonkeyPox (119).jpg,Monkeypox,Train/Monkeypox/MonkeyPox (119).jpg,3,Train
Train/Monkeypox/2024-06-27_17-04-03_5055.png,Monkeypox,Train/Monkeypox/2024-06-27_17-04-03_5055.png,3,Val
Train/Monkeypox/2024-06-27_17-15-54_6385.png,Monkeypox,Train/Monkeypox/2024-06-27_17-15-54_6385.png,3,Train
Train/Monkeypox/2024-06-27_15-15-30_1184.png,Monkeypox,Train/Monkeypox/2024-06-27_15-15-30_1184.png,3,Train
Train/Monkeypox/2024-06-27_15-21-00_4397.png,Monkeypox,Train/Monkeypox/2024-06-27_15-21-00_4397.png,3,Train
Train/Monkeypox/2024-06-27_16-55-56_6429.png,Monkeypox,Train/Monkeypox/2024-06-27_16-55-56_6429.png,3,Test
Train/Monkeypox/2024-06-27_14-57-21_4658.png,Monkeypox,Train/Monkeypox/2024-06-27_14-57-21_4658.png,3,Train
Train/Monkeypox/2024-06-27_16-09-50_4446.png,Monkeypox,Train/Monkeypox/2024-06-27_16-09-50_4446.png,3,Val
Train/Monkeypox/MonkeyPox (12).png,Monkeypox,Train/Monkeypox/MonkeyPox (12).png,3,Train
Train/Monkeypox/2024-06-27_16-40-50_5478.png,Monkeypox,Train/Monkeypox/2024-06-27_16-40-50_5478.png,3,Train
Train/Monkeypox/2024-06-27_16-11-34_7850.png,Monkeypox,Train/Monkeypox/2024-06-27_16-11-34_7850.png,3,Val
Train/Monkeypox/2024-06-27_17-42-30_9573.png,Monkeypox,Train/Monkeypox/2024-06-27_17-42-30_9573.png,3,Train
Train/Monkeypox/2024-06-27_16-02-21_3451.png,Monkeypox,Train/Monkeypox/2024-06-27_16-02-21_3451.png,3,Train
Train/Monkeypox/2024-06-27_16-41-54_5120.png,Monkeypox,Train/Monkeypox/2024-06-27_16-41-54_5120.png,3,Train
Train/Monkeypox/2024-06-27_15-50-39_9232.png,Monkeypox,Train/Monkeypox/2024-06-27_15-50-39_9232.png,3,Test
Train/Monkeypox/2024-06-27_16-01-18_1261.png,Monkeypox,Train/Monkeypox/2024-06-27_16-01-18_1261.png,3,Test
Train/Monkeypox/2024-06-27_17-01-01_1172.png,Monkeypox,Train/Monkeypox/2024-06-27_17-01-01_1172.png,3,Train
Train/Monkeypox/2024-06-27_17-45-32_7703.png,Monkeypox,Train/Monkeypox/2024-06-27_17-45-32_7703.png,3,Train
Train/Monkeypox/2024-06-27_17-42-52_5360.png,Monkeypox,Train/Monkeypox/2024-06-27_17-42-52_5360.png,3,Test
Train/Monkeypox/2024-06-27_14-02-31_3776.png,Monkeypox,Train/Monkeypox/2024-06-27_14-02-31_3776.png,3,Train
Train/Monkeypox/2024-06-27_17-50-27_3590.png,Monkeypox,Train/Monkeypox/2024-06-27_17-50-27_3590.png,3,Val
Train/Monkeypox/MonkeyPox (168).jpg,Monkeypox,Train/Monkeypox/MonkeyPox (168).jpg,3,Test
Train/Monkeypox/2024-06-27_16-46-36_6608.png,Monkeypox,Train/Monkeypox/2024-06-27_16-46-36_6608.png,3,Val
Train/Monkeypox/2024-06-27_14-00-36_6070.png,Monkeypox,Train/Monkeypox/2024-06-27_14-00-36_6070.png,3,Test
Train/Monkeypox/2024-06-27_14-18-51_3062.png,Monkeypox,Train/Monkeypox/2024-06-27_14-18-51_3062.png,3,Val
Train/Monkeypox/2024-06-27_15-49-56_8367.png,Monkeypox,Train/Monkeypox/2024-06-27_15-49-56_8367.png,3,Train
Train/Monkeypox/2024-06-27_14-52-08_5422.png,Monkeypox,Train/Monkeypox/2024-06-27_14-52-08_5422.png,3,Val
Train/Monkeypox/MonkeyPox (176).jpg,Monkeypox,Train/Monkeypox/MonkeyPox (176).jpg,3,Test
Train/Monkeypox/MonkeyPox (64).jpg,Monkeypox,Train/Monkeypox/MonkeyPox (64).jpg,3,Test
Train/Monkeypox/2024-06-27_15-34-33_4126.png,Monkeypox,Train/Monkeypox/2024-06-27_15-34-33_4126.png,3,Train
Train/Monkeypox/2024-06-27_16-56-59_4214.png,Monkeypox,Train/Monkeypox/2024-06-27_16-56-59_4214.png,3,Train
Train/Monkeypox/2024-06-27_15-16-04_2907.png,Monkeypox,Train/Monkeypox/2024-06-27_15-16-04_2907.png,3,Train
Train/Monkeypox/2024-06-27_16-06-05_8682.png,Monkeypox,Train/Monkeypox/2024-06-27_16-06-05_8682.png,3,Val
Train/Monkeypox/2024-06-27_13-57-46_4307.png,Monkeypox,Train/Monkeypox/2024-06-27_13-57-46_4307.png,3,Test
Train/Monkeypox/2024-06-27_17-20-03_5247.png,Monkeypox,Train/Monkeypox/2024-06-27_17-20-03_5247.png,3,Train
Train/Monkeypox/MonkeyPox (105).png,Monkeypox,Train/Monkeypox/MonkeyPox (105).png,3,Train
Train/Monkeypox/2024-06-27_14-52-28_5298.png,Monkeypox,Train/Monkeypox/2024-06-27_14-52-28_5298.png,3,Train
Train/Monkeypox/2024-06-27_17-43-15_7289.png,Monkeypox,Train/Monkeypox/2024-06-27_17-43-15_7289.png,3,Train
Train/Monkeypox/2024-06-27_14-54-11_8569.png,Monkeypox,Train/Monkeypox/2024-06-27_14-54-11_8569.png,3,Train
Train/Monkeypox/2024-06-27_16-32-48_7476.png,Monkeypox,Train/Monkeypox/2024-06-27_16-32-48_7476.png,3,Train
Train/Monkeypox/MonkeyPox (183).jpg,Monkeypox,Train/Monkeypox/MonkeyPox (183).jpg,3,Test
Train/Monkeypox/2024-06-27_16-59-09_9054.png,Monkeypox,Train/Monkeypox/2024-06-27_16-59-09_9054.png,3,Train
Train/Monkeypox/2024-06-27_15-49-34_9540.png,Monkeypox,Train/Monkeypox/2024-06-27_15-49-34_9540.png,3,Train
Train/Monkeypox/2024-06-27_16-38-42_9869.png,Monkeypox,Train/Monkeypox/2024-06-27_16-38-42_9869.png,3,Train
Train/Monkeypox/2024-06-27_15-08-13_7810.png,Monkeypox,Train/Monkeypox/2024-06-27_15-08-13_7810.png,3,Val
Train/Monkeypox/2024-06-27_15-30-50_6002.png,Monkeypox,Train/Monkeypox/2024-06-27_15-30-50_6002.png,3,Train
Train/Monkeypox/2024-06-27_17-53-25_7938.png,Monkeypox,Train/Monkeypox/2024-06-27_17-53-25_7938.png,3,Train
Train/Monkeypox/2024-06-27_15-42-16_6387.png,Monkeypox,Train/Monkeypox/2024-06-27_15-42-16_6387.png,3,Train
Train/Monkeypox/2024-06-27_16-32-26_5748.png,Monkeypox,Train/Monkeypox/2024-06-27_16-32-26_5748.png,3,Train
Train/Monkeypox/2024-06-27_16-39-03_5719.png,Monkeypox,Train/Monkeypox/2024-06-27_16-39-03_5719.png,3,Train
Train/Monkeypox/2024-06-27_16-42-36_8358.png,Monkeypox,Train/Monkeypox/2024-06-27_16-42-36_8358.png,3,Train
Train/Monkeypox/2024-06-27_14-03-39_2943.png,Monkeypox,Train/Monkeypox/2024-06-27_14-03-39_2943.png,3,Train
Train/Monkeypox/2024-06-27_17-14-24_5816.png,Monkeypox,Train/Monkeypox/2024-06-27_17-14-24_5816.png,3,Train
Train/Monkeypox/2024-06-27_15-02-21_1478.png,Monkeypox,Train/Monkeypox/2024-06-27_15-02-21_1478.png,3,Train
Train/Varicela/2024-06-27_11-23-22_7767.png,Varicela,Train/Varicela/2024-06-27_11-23-22_7767.png,3,Train
Train/Varicela/ChickenPox (67).jpg,Varicela,Train/Varicela/ChickenPox (67).jpg,3,Test
Train/Varicela/ChickenPox (124).jpg,Varicela,Train/Varicela/ChickenPox (124).jpg,3,Val
Train/Varicela/2024-06-27_11-27-46_2502.png,Varicela,Train/Varicela/2024-06-27_11-27-46_2502.png,3,Train
Train/Varicela/2024-06-26_23-10-04_2229.png,Varicela,Train/Varicela/2024-06-26_23-10-04_2229.png,3,Val
Train/Varicela/ChickenPox (225).jpg,Varicela,Train/Varicela/ChickenPox (225).jpg,3,Train
Train/Varicela/2024-06-27_12-25-49_8796.png,Varicela,Train/Varicela/2024-06-27_12-25-49_8796.png,3,Train
Train/Varicela/2024-06-27_12-20-37_5347.png,Varicela,Train/Varicela/2024-06-27_12-20-37_5347.png,3,Train
Train/Varicela/2024-06-27_13-23-04_4621.png,Varicela,Train/Varicela/2024-06-27_13-23-04_4621.png,3,Train
Train/Varicela/2024-06-26_21-03-51_2168.png,Varicela,Train/Varicela/2024-06-26_21-03-51_2168.png,3,Test
Train/Varicela/2024-06-27_12-17-37_9902.png,Varicela,Train/Varicela/2024-06-27_12-17-37_9902.png,3,Val
Train/Varicela/2024-06-25_21-38-42_1894.png,Varicela,Train/Varicela/2024-06-25_21-38-42_1894.png,3,Test
Train/Varicela/ChickenPox (57).png,Varicela,Test/Varicela/ChickenPox (31).png,3,Train
Train/Varicela/2024-06-27_13-05-13_9479.png,Varicela,Train/Varicela/2024-06-27_13-05-13_9479.png,3,Train
Train/Varicela/2024-06-27_13-09-47_8141.png,Varicela,Train/Varicela/2024-06-27_13-09-47_8141.png,3,Val
Train/Varicela/2024-06-26_23-15-54_5816.png,Varicela,Train/Varicela/2024-06-26_23-15-54_5816.png,3,Train
Train/Varicela/2024-06-27_11-22-38_8705.png,Varicela,Train/Varicela/2024-06-27_11-22-38_8705.png,3,Test
Train/Varicela/2024-06-26_21-25-10_8880.png,Varicela,Train/Varicela/2024-06-26_21-25-10_8880.png,3,Train
Train/Varicela/2024-06-26_00-12-13_1837.png,Varicela,Train/Varicela/2024-06-26_00-12-13_1837.png,3,Test
Train/Varicela/2024-06-27_00-41-48_7699.png,Varicela,Train/Varicela/2024-06-27_00-41-48_7699.png,3,Train
Train/Varicela/ChickenPox (222).jpg,Varicela,Train/Varicela/ChickenPox (222).jpg,3,Train
Train/Varicela/2024-06-27_13-06-21_4404.png,Varicela,Train/Varicela/2024-06-27_13-06-21_4404.png,3,Val
Train/Varicela/ChickenPox (258).jpg,Varicela,Train/Varicela/ChickenPox (258).jpg,3,Train
Train/Varicela/2024-06-26_23-29-52_3990.png,Varicela,Train/Varicela/2024-06-26_23-29-52_3990.png,3,Train
Train/Varicela/2024-06-27_12-16-30_9803.png,Varicela,Train/Varicela/2024-06-27_12-16-30_9803.png,3,Train
Train/Varicela/2024-06-27_11-45-02_2390.png,Varicela,Train/Varicela/2024-06-27_11-45-02_2390.png,3,Train
Train/Varicela/ChickenPox (51).png,Varicela,Train/Varicela/ChickenPox (51).png,3,Val
Train/Varicela/ChickenPox (265).jpg,Varicela,Train/Varicela/ChickenPox (265).jpg,3,Train
Train/Varicela/2024-06-25_22-51-36_2788.png,Varicela,Train/Varicela/2024-06-25_22-51-36_2788.png,3,Train
Train/Varicela/2024-06-27_13-33-29_2260.png,Varicela,Train/Varicela/2024-06-27_13-33-29_2260.png,3,Test
Train/Varicela/ChickenPox (218).jpg,Varicela,Train/Varicela/ChickenPox (218).jpg,3,Train
Train/Varicela/2024-06-27_12-14-38_7691.png,Varicela,Train/Varicela/2024-06-27_12-14-38_7691.png,3,Train
Train/Varicela/2024-06-27_12-03-36_5978.png,Varicela,Train/Varicela/2024-06-27_12-03-36_5978.png,3,Train
Train/Varicela/2024-06-25_21-41-36_4208.png,Varicela,Train/Varicela/2024-06-25_21-41-36_4208.png,3,Train
Train/Varicela/2024-06-27_13-14-23_4885.png,Varicela,Train/Varicela/2024-06-27_13-14-23_4885.png,3,Train
Train/Varicela/ChickenPox (188).jpg,Varicela,Train/Varicela/ChickenPox (188).jpg,3,Train
Train/Varicela/2024-06-25_22-56-41_5614.png,Varicela,Train/Varicela/2024-06-25_22-56-41_5614.png,3,Val
Train/Varicela/ChickenPox (278).jpg,Varicela,Train/Varicela/ChickenPox (278).jpg,3,Val
Train/Varicela/2024-06-26_20-58-35_8287.png,Varicela,Train/Varicela/2024-06-26_20-58-35_8287.png,3,Train
Train/Varicela/2024-06-27_12-23-13_3807.png,Varicela,Train/Varicela/2024-06-27_12-23-13_3807.png,3,Train
Train/Varicela/2024-06-26_21-43-52_2834.png,Varicela,Train/Varicela/2024-06-26_21-43-52_2834.png,3,Train
Train/Varicela/2024-06-26_22-22-35_1947.png,Varicela,Train/Varicela/2024-06-26_22-22-35_1947.png,3,Train
Train/Varicela/2024-06-25_21-30-59_7969.png,Varicela,Train/Varicela/2024-06-25_21-30-59_7969.png,3,Train
Train/Varicela/ChickenPox (279).jpg,Varicela,Train/Varicela/ChickenPox (279).jpg,3,Train
Train/Varicela/2024-06-27_13-22-20_2530.png,Varicela,Train/Varicela/2024-06-27_13-22-20_2530.png,3,Test
Train/Varicela/2024-06-26_21-47-08_5752.png,Varicela,Train/Varicela/2024-06-26_21-47-08_5752.png,3,Train
Train/Varicela/2024-06-26_21-33-31_2267.png,Varicela,Train/Varicela/2024-06-26_21-33-31_2267.png,3,Train
Train/Melanoma/Melanoma (207).jpg,Melanoma,Train/Melanoma/Melanoma (207).jpg,3,Train
Train/Melanoma/Melanoma (167).jpg,Melanoma,Train/Melanoma/Melanoma (167).jpg,3,Train
Train/Melanoma/Melanoma (421).jpg,Melanoma,Train/Melanoma/Melanoma (421).jpg,3,Train
Train/Melanoma/Melanoma (424).jpg,Melanoma,Train/Melanoma/Melanoma (424).jpg,3,Val
Train/Melanoma/Melanoma (276).jpg,Melanoma,Train/Melanoma/Melanoma (276).jpg,3,Test
Train/Melanoma/Melanoma (439).jpg,Melanoma,Train/Melanoma/Melanoma (439).jpg,3,Train
Train/Melanoma/melanoma_5669.jpg,Melanoma,Train/Melanoma/melanoma_5669.jpg,3,Train
Train/Melanoma/Melanoma (154).jpg,Melanoma,Train/Melanoma/Melanoma (154).jpg,3,Train
Train/Melanoma/Melanoma (369).jpg,Melanoma,Train/Melanoma/Melanoma (369).jpg,3,Train
Train/Melanoma/melanoma_5698.jpg,Melanoma,Train/Melanoma/melanoma_5698.jpg,3,Train
Train/Melanoma/Melanoma (206).jpg,Melanoma,Train/Melanoma/Melanoma (206).jpg,3,Val
Train/Melanoma/Melanoma (108).jpg,Melanoma,Train/Melanoma/Melanoma (108).jpg,3,Train
Train/Melanoma/Melanoma (225).jpg,Melanoma,Train/Melanoma/Melanoma (225).jpg,3,Train
Train/Sarampion/2024-06-26_17-06-48_1275.png,Sarampion,Train/Sarampion/2024-06-26_17-06-48_1275.png,3,Train
Train/Sarampion/Sarampion (34).jpg,Sarampion,Train/Sarampion/Sarampion (122).jpg,3,Train
Train/Sarampion/Sarampion (99).jpg,Sarampion,Train/Sarampion/Sarampion (99).jpg,3,Test
Train/Sarampion/2024-06-26_12-13-46_3831.png,Sarampion,Train/Sarampion/2024-06-26_12-13-46_3831.png,3,Val
Train/Sarampion/2024-06-26_18-26-56_2099.png,Sarampion,Train/Sarampion/2024-06-26_18-26-56_2099.png,3,Val
Train/Sarampion/2024-06-26_17-30-13_9287.png,Sarampion,Train/Sarampion/2024-06-26_17-30-13_9287.png,3,Train
Train/Sarampion/2024-06-26_18-53-19_4672.png,Sarampion,Train/Sarampion/2024-06-26_18-53-19_4672.png,3,Train
Train/Sarampion/2024-06-26_17-33-09_9314.png,Sarampion,Train/Sarampion/2024-06-26_17-33-09_9314.png,3,Val
Train/Sarampion/2024-06-26_12-18-48_6483.png,Sarampion,Train/Sarampion/2024-06-26_12-18-48_6483.png,3,Train
Train/Sarampion/2024-06-26_17-17-13_1972.png,Sarampion,Train/Sarampion/2024-06-26_17-17-13_1972.png,3,Train
Train/Sarampion/2024-06-26_12-09-55_7255.png,Sarampion,Train/Sarampion/2024-06-26_12-09-55_7255.png,3,Train
Train/Sarampion/2024-06-26_18-39-15_9521.png,Sarampion,Train/Sarampion/2024-06-26_18-39-15_9521.png,3,Train
Train/Sarampion/2024-06-26_12-13-23_8548.png,Sarampion,Train/Sarampion/2024-06-26_12-13-23_8548.png,3,Train
Train/Sarampion/Sarampion (63).jpg,Sarampion,Train/Sarampion/Sarampion (63).jpg,3,Train
Train/Sarampion/2024-06-26_12-14-41_4147.png,Sarampion,Train/Sarampion/2024-06-26_12-14-41_4147.png,3,Test
Train/Sarampion/2024-06-26_18-54-10_3473.png,Sarampion,Train/Sarampion/2024-06-26_18-54-10_3473.png,3,Train
Train/Sarampion/2024-06-26_18-51-17_6827.png,Sarampion,Train/Sarampion/2024-06-26_18-51-17_6827.png,3,Train
Train/Sarampion/2024-06-26_12-13-00_2392.png,Sarampion,Train/Sarampion/2024-06-26_12-13-00_2392.png,3,Test
Train/Sarampion/2024-06-26_18-38-52_1584.png,Sarampion,Train/Sarampion/2024-06-26_18-38-52_1584.png,3,Train
Train/Sarampion/2024-06-26_17-33-55_2715.png,Sarampion,Train/Sarampion/2024-06-26_17-33-55_2715.png,3,Val
Train/Sarampion/2024-06-26_18-46-07_8847.png,Sarampion,Train/Sarampion/2024-06-26_18-46-07_8847.png,3,Train
Train/Sarampion/2024-06-26_18-29-45_4418.png,Sarampion,Train/Sarampion/2024-06-26_18-29-45_4418.png,3,Val
Train/Sarampion/2024-06-26_18-49-37_3624.png,Sarampion,Train/Sarampion/2024-06-26_18-49-37_3624.png,3,Train
Train/Sarampion/2024-06-26_12-15-30_8710.png,Sarampion,Train/Sarampion/2024-06-26_12-15-30_8710.png,3,Train
Train/Sarampion/2024-06-26_17-21-07_7403.png,Sarampion,Train/Sarampion/2024-06-26_17-21-07_7403.png,3,Val
Train/Sarampion/2024-06-26_13-32-47_3652.png,Sarampion,Train/Sarampion/2024-06-26_13-32-47_3652.png,3,Train
Train/Sarampion/2024-06-26_18-34-51_1021.png,Sarampion,Train/Sarampion/2024-06-26_18-34-51_1021.png,3,Train
Train/Sarampion/Sarampion (81).png,Sarampion,Train/Sarampion/Sarampion (81).png,3,Train
Train/Sarampion/2024-06-26_18-34-27_7487.png,Sarampion,Train/Sarampion/2024-06-26_18-34-27_7487.png,3,Test
Train/Sarampion/Sarampion (60).png,Sarampion,Train/Sarampion/Sarampion (60).png,3,Val
Train/Sarampion/2024-06-26_18-52-05_8640.png,Sarampion,Train/Sarampion/2024-06-26_18-52-05_8640.png,3,Train
Train/Sarampion/2024-06-26_12-12-04_1572.png,Sarampion,Train/Sarampion/2024-06-26_12-12-04_1572.png,3,Train
Train/Sarampion/2024-06-26_15-55-42_9594.png,Sarampion,Train/Sarampion/2024-06-26_15-55-42_9594.png,3,Train
Train/Sarampion/2024-06-26_12-10-47_9594.png,Sarampion,Train/Sarampion/2024-06-26_12-10-47_9594.png,3,Train
Train/Sarampion/2024-06-26_17-13-45_5162.png,Sarampion,Train/Sarampion/2024-06-26_17-13-45_5162.png,3,Train
Train/Sarampion/2024-06-26_18-35-38_6808.png,Sarampion,Train/Sarampion/2024-06-26_18-35-38_6808.png,3,Train
Train/Sarampion/2024-06-26_17-17-34_2732.png,Sarampion,Train/Sarampion/2024-06-26_17-17-34_2732.png,3,Val
Train/Sarampion/Sarampion (46).png,Sarampion,Train/Sarampion/Sarampion (46).png,3,Train
Train/Sarampion/2024-06-26_18-20-50_1741.png,Sarampion,Train/Sarampion/2024-06-26_18-20-50_1741.png,3,Train
Train/Sarampion/2024-06-26_12-18-02_3000.png,Sarampion,Train/Sarampion/2024-06-26_12-18-02_3000.png,3,Train
Train/Sarampion/2024-06-26_18-21-15_3616.png,Sarampion,Train/Sarampion/2024-06-26_18-21-15_3616.png,3,Val
Train/Sarampion/2024-06-26_18-32-01_3999.png,Sarampion,Train/Sarampion/2024-06-26_18-32-01_3999.png,3,Train
Train/Sarampion/2024-06-26_17-19-08_7470.png,Sarampion,Train/Sarampion/2024-06-26_17-19-08_7470.png,3,Train
Train/Sarampion/2024-06-26_18-45-32_8285.png,Sarampion,Train/Sarampion/2024-06-26_18-45-32_8285.png,3,Train
Train/Sarampion/2024-06-26_17-19-55_9561.png,Sarampion,Train/Sarampion/2024-06-26_17-19-55_9561.png,3,Train
Train/Sarampion/2024-06-26_18-43-03_4744.png,Sarampion,Train/Sarampion/2024-06-26_18-43-03_4744.png,3,Test
Train/Sarampion/2024-06-26_18-30-15_8910.png,Sarampion,Train/Sarampion/2024-06-26_18-30-15_8910.png,3,Train
Train/Sarampion/Sarampion.jpeg,Sarampion,Train/Sarampion/Sarampion.jpeg,3,Train
Train/Sarampion/2024-06-26_18-50-54_6828.png,Sarampion,Train/Sarampion/2024-06-26_18-50-54_6828.png,3,Test
Train/Sarampion/2024-06-26_17-33-32_6380.png,Sarampion,Train/Sarampion/2024-06-26_17-33-32_6380.png,3,Val
Train/Sarampion/2024-06-26_12-11-40_8397.png,Sarampion,Train/Sarampion/2024-06-26_12-11-40_8397.png,3,Train
Train/Sarampion/2024-06-26_18-28-54_2223.png,Sarampion,Train/Sarampion/2024-06-26_18-28-54_2223.png,3,Test
Train/Sarampion/2024-06-26_12-21-06_4254.png,Sarampion,Train/Sarampion/2024-06-26_12-21-06_4254.png,3,Test
Train/Sarampion/2024-06-26_15-20-17_4986.png,Sarampion,Train/Sarampion/2024-06-26_15-20-17_4986.png,3,Train
Train/Sarampion/Sarampion (75).png,Sarampion,Train/Sarampion/Sarampion (75).png,3,Train
Train/Sarampion/2024-06-26_18-43-52_5069.png,Sarampion,Train/Sarampion/2024-06-26_18-43-52_5069.png,3,Train
Train/Sarampion/2024-06-26_12-19-10_2182.png,Sarampion,Train/Sarampion/2024-06-26_12-19-10_2182.png,3,Train
Train/Sarampion/Sarampion (71).jpg,Sarampion,Test/Sarampion/Sarampion (9).jpg,3,Val
Train/Sarampion/2024-06-26_18-41-33_8344.png,Sarampion,Train/Sarampion/2024-06-26_18-41-33_8344.png,3,Val
Train/Sarampion/2024-06-26_18-29-19_9529.png,Sarampion,Train/Sarampion/2024-06-26_18-29-19_9529.png,3,Train
Train/Sarampion/2024-06-26_18-41-57_2773.png,Sarampion,Train/Sarampion/2024-06-26_18-41-57_2773.png,3,Train
Train/Sarampion/2024-06-26_18-47-59_2594.png,Sarampion,Train/Sarampion/2024-06-26_18-47-59_2594.png,3,Train
Train/Sarampion/2024-06-26_18-50-23_9423.png,Sarampion,Train/Sarampion/2024-06-26_18-50-23_9423.png,3,Train
Train/Sarampion/2024-06-26_18-20-56_9388.png,Sarampion,Train/Sarampion/2024-06-26_18-20-56_9388.png,3,Train
Train/Sarampion/Sarampion (156).jpg,Sarampion,Train/Sarampion/Sarampion (156).jpg,3,Train
Train/Sarampion/2024-06-26_18-28-28_2670.png,Sarampion,Train/Sarampion/2024-06-26_18-28-28_2670.png,3,Train
Train/Sarampion/2024-06-26_18-20-42_6725.png,Sarampion,Train/Sarampion/2024-06-26_18-20-42_6725.png,3,Val
Train/Sarampion/2024-06-26_18-31-32_3669.png,Sarampion,Train/Sarampion/2024-06-26_18-31-32_3669.png,3,Train
Train/Sarampion/Sarampion (122).jpg,Sarampion,Train/Sarampion/Sarampion (122).jpg,3,Train
Train/Sarampion/2024-06-26_18-23-21_5509.png,Sarampion,Train/Sarampion/2024-06-26_18-23-21_5509.png,3,Train
Train/Sarampion/Sarampion (58).png,Sarampion,Train/Sarampion/Sarampion (122).jpg,3,Train
Train/Sarampion/2024-06-26_18-22-15_6467.png,Sarampion,Train/Sarampion/2024-06-26_18-22-15_6467.png,3,Train
Train/Sarampion/2024-06-26_18-22-40_3317.png,Sarampion,Train/Sarampion/2024-06-26_18-22-40_3317.png,3,Train
Train/Sarampion/2024-06-26_17-22-28_4993.png,Sarampion,Train/Sarampion/2024-06-26_17-22-28_4993.png,3,Val
Train/Sarampion/2024-06-26_17-18-22_5687.png,Sarampion,Train/Sarampion/2024-06-26_17-18-22_5687.png,3,Val
Train/Sarampion/2024-06-26_12-14-09_8993.png,Sarampion,Train/Sarampion/2024-06-26_12-14-09_8993.png,3,Train
Train/Sarampion/2024-06-26_12-12-27_2080.png,Sarampion,Train/Sarampion/2024-06-26_12-12-27_2080.png,3,Train
Train/Sarampion/Sarampion (68).png,Sarampion,Train/Sarampion/Sarampion (68).png,3,Train
Train/Sarampion/2024-06-26_12-18-25_3518.png,Sarampion,Train/Sarampion/2024-06-26_12-18-25_3518.png,3,Val
Train/Sarampion/2024-06-26_17-12-32_1943.png,Sarampion,Train/Sarampion/2024-06-26_17-12-32_1943.png,3,Train
Train/Sarampion/2024-06-26_12-17-39_1278.png,Sarampion,Train/Sarampion/2024-06-26_12-17-39_1278.png,3,Train
Train/Sarampion/2024-06-26_18-26-19_1707.png,Sarampion,Train/Sarampion/2024-06-26_18-26-19_1707.png,3,Val
Train/Sarampion/2024-06-26_18-40-35_9429.png,Sarampion,Train/Sarampion/2024-06-26_18-40-35_9429.png,3,Train
Train/Sarampion/2024-06-26_11-56-48_4821.png,Sarampion,Train/Sarampion/2024-06-26_11-56-48_4821.png,3,Train
Train/Sarampion/2024-06-26_18-50-00_5687.png,Sarampion,Train/Sarampion/2024-06-26_18-50-00_5687.png,3,Train
Train/Sarampion/Sarampion (83).png,Sarampion,Train/Sarampion/Sarampion (83).png,3,Train
Train/Sarampion/2024-06-26_18-41-01_7341.png,Sarampion,Train/Sarampion/2024-06-26_18-41-01_7341.png,3,Train
Train/Sarampion/2024-06-26_12-20-01_8361.png,Sarampion,Train/Sarampion/2024-06-26_12-20-01_8361.png,3,Test
Train/Sarampion/Sarampion (8).jpg,Sarampion,Train/Sarampion/Sarampion (8).jpg,3,Train
Train/Sarampion/2024-06-26_17-20-19_7898.png,Sarampion,Train/Sarampion/2024-06-26_17-20-19_7898.png,3,Train
Train/Sarampion/2024-06-26_18-48-23_2524.png,Sarampion,Train/Sarampion/2024-06-26_18-48-23_2524.png,3,Val
Train/Sarampion/2024-06-26_13-19-14_4091.png,Sarampion,Train/Sarampion/2024-06-26_13-19-14_4091.png,3,Train
Train/Sarampion/2024-06-26_16-49-12_3470.png,Sarampion,Train/Sarampion/2024-06-26_16-49-12_3470.png,3,Train
Train/Sarampion/Sarampion (37).png,Sarampion,Train/Sarampion/Sarampion (37).png,3,Val
Train/Sarampion/2024-06-26_17-21-54_5728.png,Sarampion,Train/Sarampion/2024-06-26_17-21-54_5728.png,3,Train
Train/Sarampion/2024-06-26_13-56-58_5654.png,Sarampion,Train/Sarampion/2024-06-26_13-56-58_5654.png,3,Train
Train/Sarampion/2024-06-26_18-43-28_6048.png,Sarampion,Train/Sarampion/2024-06-26_18-43-28_6048.png,3,Train
Train/Sarampion/2024-06-26_18-52-53_8287.png,Sarampion,Train/Sarampion/2024-06-26_18-52-53_8287.png,3,Train
Train/Sarampion/2024-06-26_18-52-30_1239.png,Sarampion,Train/Sarampion/2024-06-26_18-52-30_1239.png,3,Train
Train/Sarampion/Sarampion (52).jpg,Sarampion,Train/Sarampion/Sarampion (52).jpg,3,Train
Train/Sarampion/2024-06-26_12-19-31_3606.png,Sarampion,Train/Sarampion/2024-06-26_12-19-31_3606.png,3,Train
Train/Sarampion/Sarampion (59).png,Sarampion,Train/Sarampion/Sarampion (59).png,3,Train
Train/Sarampion/2024-06-26_18-48-46_1629.png,Sarampion,Train/Sarampion/2024-06-26_18-48-46_1629.png,3,Test
Train/Sarampion/2024-06-26_17-22-52_8567.png,Sarampion,Train/Sarampion/2024-06-26_17-22-52_8567.png,3,Test
Train/Sarampion/2024-06-26_15-19-25_4994.png,Sarampion,Train/Sarampion/2024-06-26_15-19-25_4994.png,3,Train
Train/Sarampion/2024-06-26_17-30-39_1313.png,Sarampion,Train/Sarampion/2024-06-26_17-30-39_1313.png,3,Train
Train/Sarampion/2024-06-26_12-10-19_6265.png,Sarampion,Train/Sarampion/2024-06-26_12-10-19_6265.png,3,Train
Train/Sarampion/2024-06-26_17-32-03_3173.png,Sarampion,Train/Sarampion/2024-06-26_17-32-03_3173.png,3,Val
Train/Sarampion/2024-06-26_18-30-41_4357.png,Sarampion,Train/Sarampion/2024-06-26_18-30-41_4357.png,3,Test
Test/Herpes/Herpes (29).jpg,Herpes,Test/Herpes/Herpes (29).jpg,3,Test
Test/Herpes/Herpes (18).jpg,Herpes,Test/Herpes/Herpes (18).jpg,3,Val
Test/Herpes/2024-06-26_20-39-30_8341.png,Herpes,Test/Herpes/2024-06-26_20-39-30_8341.png,3,Train
Test/Herpes/Herpes (44).jpg,Herpes,Test/Herpes/Herpes (44).jpg,3,Train
Test/Herpes/Herpes (13).jpg,Herpes,Test/Herpes/Herpes (13).jpg,3,Train
Test/Herpes/Herpes (5).png,Herpes,Test/Herpes/Herpes (5).png,3,Train
Test/Monkeypox/2024-06-27_15-08-34_5633.png,Monkeypox,Test/Monkeypox/2024-06-27_15-08-34_5633.png,3,Train
Test/Monkeypox/MonkeyPox (28).jpg,Monkeypox,Test/Monkeypox/MonkeyPox (28).jpg,3,Val
Test/Monkeypox/2024-06-27_15-10-20_8807.png,Monkeypox,Test/Monkeypox/2024-06-27_15-10-20_8807.png,3,Train
Test/Monkeypox/MonkeyPox (105).jpg,Monkeypox,Test/Monkeypox/MonkeyPox (105).jpg,3,Train
Test/Monkeypox/MonkeyPox (3).png,Monkeypox,Test/Monkeypox/MonkeyPox (3).png,3,Val
Test/Monkeypox/2024-06-27_14-16-08_7006.png,Monkeypox,Test/Monkeypox/2024-06-27_14-16-08_7006.png,3,Train
Test/Monkeypox/2024-06-27_14-09-37_4091.png,Monkeypox,Test/Monkeypox/2024-06-27_14-09-37_4091.png,3,Train
Test/Monkeypox/MonkeyPox (9).jpg,Monkeypox,Test/Monkeypox/MonkeyPox (9).jpg,3,Train
Test/Monkeypox/MonkeyPox (117).jpg,Monkeypox,Test/Monkeypox/MonkeyPox (117).jpg,3,Test
Test/Monkeypox/MonkeyPox (17).jpg,Monkeypox,Test/Monkeypox/MonkeyPox (17).jpg,3,Train
Test/Monkeypox/2024-06-27_15-08-58_1940.png,Monkeypox,Test/Monkeypox/2024-06-27_15-08-58_1940.png,3,Train
Test/Monkeypox/MonkeyPox (39).jpg,Monkeypox,Test/Monkeypox/MonkeyPox (39).jpg,3,Train
Test/Monkeypox/2024-06-27_14-10-01_4450.png,Monkeypox,Test/Monkeypox/2024-06-27_14-10-01_4450.png,3,Val
Test/Monkeypox/2024-06-27_13-59-23_4022.png,Monkeypox,Test/Monkeypox/2024-06-27_13-59-23_4022.png,3,Train
Test/Varicela/2024-06-27_12-05-49_1014.png,Varicela,Test/Varicela/2024-06-27_12-05-49_1014.png,3,Train
Test/Varicela/2024-06-27_11-43-31_5038.png,Varicela,Test/Varicela/2024-06-27_11-43-31_5038.png,3,Train
Test/Varicela/ChickenPox (60).jpg,Varicela,Test/Varicela/ChickenPox (60).jpg,3,Val
Test/Varicela/ChickenPox (31).png,Varicela,Test/Varicela/ChickenPox (31).png,3,Train
Test/Varicela/ChickenPox (44).png,Varicela,Test/Varicela/ChickenPox (44).png,3,Train
Test/Varicela/2024-06-25_23-32-13_6030.png,Varicela,Test/Varicela/2024-06-25_23-32-13_6030.png,3,Test
Test/Melanoma/Melanoma (2).jpg,Melanoma,Test/Melanoma/Melanoma (2).jpg,3,Val
Test/Melanoma/Melanoma (66).jpg,Melanoma,Test/Melanoma/Melanoma (66).jpg,3,Train
Test/Sarampion/2024-06-26_18-55-04_6340.png,Sarampion,Test/Sarampion/2024-06-26_18-55-04_6340.png,3,Train
Test/Sarampion/2024-06-26_12-16-35_2776.png,Sarampion,Test/Sarampion/2024-06-26_12-16-35_2776.png,3,Test
Test/Sarampion/Sarampion (48).png,Sarampion,Test/Sarampion/Sarampion (48).png,3,Train
Test/Sarampion/2024-06-26_18-25-29_9961.png,Sarampion,Test/Sarampion/2024-06-26_18-25-29_9961.png,3,Train
Test/Sarampion/Sarampion (32).png,Sarampion,Test/Sarampion/Sarampion (32).png,3,Train
Test/Sarampion/2024-06-26_14-01-28_8761.png,Sarampion,Test/Sarampion/2024-06-26_14-01-28_8761.png,3,Train
Test/Sarampion/2024-06-26_18-55-27_6748.png,Sarampion,Test/Sarampion/2024-06-26_18-55-27_6748.png,3,Val
Test/Sarampion/2024-06-26_17-15-57_5912.png,Sarampion,Test/Sarampion/2024-06-26_17-15-57_5912.png,3,Train
Test/Sarampion/2024-06-26_18-47-24_2909.png,Sarampion,Test/Sarampion/2024-06-26_18-47-24_2909.png,3,Train
Test/Sarampion/2024-06-26_17-29-44_1576.png,Sarampion,Test/Sarampion/2024-06-26_17-29-44_1576.png,3,Train
Test/Sarampion/2024-06-26_18-46-32_6310.png,Sarampion,Test/Sarampion/2024-06-26_18-46-32_6310.png,3,Train
Test/Sarampion/2024-06-26_18-54-40_4156.png,Sarampion,Test/Sarampion/2024-06-26_18-54-40_4156.png,3,Val
Test/Sarampion/2024-06-26_12-16-14_5492.png,Sarampion,Test/Sarampion/2024-06-26_12-16-14_5492.png,3,Train
Test/Sarampion/2024-06-26_17-25-28_7382.png,Sarampion,Test/Sarampion/2024-06-26_17-25-28_7382.png,3,Train
Test/Sarampion/2024-06-26_12-09-05_5942.png,Sarampion,Test/Sarampion/2024-06-26_12-09-05_5942.png,3,Val
Test/Sarampion/2024-06-26_18-25-06_6595.png,Sarampion,Test/Sarampion/2024-06-26_18-25-06_6595.png,3,Train
Test/Sarampion/2024-06-26_17-14-45_6203.png,Sarampion,Test/Sarampion/2024-06-26_17-14-45_6203.png,3,Train
Test/Sarampion/2024-06-26_17-16-45_3964.png,Sarampion,Test/Sarampion/2024-06-26_17-16-45_3964.png,3,Train
Test/Sarampion/2024-06-26_12-09-31_9870.png,Sarampion,Test/Sarampion/2024-06-26_12-09-31_9870.png,3,Train
Test/Sarampion/2024-06-26_12-17-18_7060.png,Sarampion,Test/Sarampion/2024-06-26_12-17-18_7060.png,3,Train
Test/Sarampion/Sarampion (9).jpg,Sarampion,Test/Sarampion/Sarampion (9).jpg,3,Val
Test/Sarampion/2024-06-26_17-24-12_1688.png,Sarampion,Test/Sarampion/2024-06-26_17-24-12_1688.png,3,Train
Test/Sarampion/2024-06-26_18-23-44_7036.png,Sarampion,Test/Sarampion/2024-06-26_18-23-44_7036.png,3,Test
Test/Sarampion/2024-06-26_18-25-56_9550.png,Sarampion,Test/Sarampion/2024-06-26_18-25-56_9550.png,3,Train
Test/Sarampion/2024-06-26_18-46-57_1618.png,Sarampion,Test/Sarampion/2024-06-26_18-46-57_1618.png,3,Val
Test/Sarampion/2024-06-26_14-56-41_7181.png,Sarampion,Test/Sarampion/2024-06-26_14-56-41_7181.png,3,Train
Test/Sarampion/Sarampion (17).jpg,Sarampion,Test/Sarampion/Sarampion (17).jpg,3,Train
Test/Sarampion/2024-06-26_18-36-04_7670.png,Sarampion,Test/Sarampion/2024-06-26_18-36-04_7670.png,3,Train
Test/Sarampion/2024-06-26_17-24-34_7466.png,Sarampion,Test/Sarampion/2024-06-26_17-24-34_7466.png,3,Val
Test/Sarampion/Sarampion (20).jpeg,Sarampion,Test/Sarampion/Sarampion (20).jpeg,3,Train
Val/Herpes/Herpes (59).jpg,Herpes,Val/Herpes/Herpes (59).jpg,3,Train
Val/Monkeypox/MonkeyPox (14).jpg,Monkeypox,Val/Monkeypox/MonkeyPox (14).jpg,3,Val
Val/Monkeypox/MonkeyPox (11).jpg,Monkeypox,Val/Monkeypox/MonkeyPox (11).jpg,3,Train
Val/Monkeypox/MonkeyPox (14).jpeg,Monkeypox,Val/Monkeypox/MonkeyPox (14).jpeg,3,Test
Val/Varicela/ChickenPox (24).png,Varicela,Val/Varicela/ChickenPox (24).png,3,Train
Val/Varicela/ChickenPox (5).jpg,Varicela,Train/Varicela/ChickenPox (225).jpg,3,Train
Val/Varicela/ChickenPox (9).jpg,Varicela,Val/Varicela/ChickenPox (9).jpg,3,Val
Val/Melanoma/Melanoma (128).jpg,Melanoma,Val/Melanoma/Melanoma (128).jpg,3,Test
Val/Melanoma/Melanoma (186).jpg,Melanoma,Val/Melanoma/Melanoma (186).jpg,3,Train
Val/Sarampion/Sarampion (41).png,Sarampion,Val/Sarampion/Sarampion (41).png,3,Train
Val/Sarampion/Sarampion (2).png,Sarampion,Val/Sarampion/Sarampion (2).png,3,Train
Val/Sarampion/Sarampion (18).png,Sarampion,Test/Sarampion/Sarampion (9).jpg,3,Val
Val/Sarampion/Sarampion (2).jpeg,Sarampion,Test/Sarampion/Sarampion (33).png,3,Test
Val/Sarampion/Sarampion (14).jpeg,Sarampion,Val/Sarampion/Sarampion (14).jpeg,3,Train
Test/Varicela/ChickenPox (87).jpg,Varicela,Test/Varicela/ChickenPox (87).jpg,3,Test
Train/Sarampion/2024-06-26_13-34-03_3621.png,Sarampion,Train/Sarampion/2024-06-26_13-34-03_3621.png,3,Train
Train/Sarampion/2024-06-26_17-21-31_4636.png,Sarampion,Train/Sarampion/2024-06-26_17-21-31_4636.png,3,Test
Train/Monkeypox/2024-06-27_13-57-20_2703.png,Monkeypox,Train/Monkeypox/2024-06-27_13-57-20_2703.png,3,Train
Test/Varicela/2024-06-25_23-07-03_7302.png,Varicela,Test/Varicela/2024-06-25_23-07-03_7302.png,3,Train
Test/Herpes/2024-06-26_20-41-17_6240.png,Herpes,Test/Herpes/2024-06-26_20-41-17_6240.png,3,Train
Train/Varicela/2024-06-26_23-34-23_5504.png,Varicela,Train/Varicela/2024-06-26_23-34-23_5504.png,3,Train
Train/Varicela/2024-06-27_12-02-07_7463.png,Varicela,Train/Varicela/2024-06-27_12-02-07_7463.png,3,Train
Test/Monkeypox/2024-06-27_15-22-32_9308.png,Monkeypox,Test/Monkeypox/2024-06-27_15-22-32_9308.png,3,Train
Train/Sarampion/2024-06-26_15-15-19_6482.png,Sarampion,Train/Sarampion/2024-06-26_15-15-19_6482.png,3,Train
Train/Sarampion/Sarampion (45).jpg,Sarampion,Train/Sarampion/Sarampion (45).jpg,3,Train
Train/Varicela/ChickenPox (133).jpg,Varicela,Train/Varicela/ChickenPox (133).jpg,3,Test
Test/Herpes/Herpes (38).jpg,Herpes,Test/Herpes/Herpes (38).jpg,3,Train
Train/Varicela/ChickenPox (241).jpg,Varicela,Train/Varicela/ChickenPox (241).jpg,3,Test
Train/Monkeypox/MonkeyPox (142).png,Monkeypox,Train/Monkeypox/MonkeyPox (142).png,3,Val
Train/Varicela/ChickenPox (192).jpg,Varicela,Train/Varicela/ChickenPox (192).jpg,3,Train
Train/Monkeypox/MonkeyPox (178).jpg,Monkeypox,Train/Monkeypox/MonkeyPox (178).jpg,3,Train
Train/Varicela/ChickenPox (263).jpg,Varicela,Train/Varicela/ChickenPox (263).jpg,3,Test
Train/Varicela/2024-06-25_21-34-59_8825.png,Varicela,Train/Varicela/2024-06-25_21-34-59_8825.png,3,Test
Train/Sarampion/2024-06-26_15-04-05_3977.png,Sarampion,Train/Sarampion/2024-06-26_15-04-05_3977.png,3,Train
Val/Varicela/ChickenPox (12).jpeg,Varicela,Val/Varicela/ChickenPox (12).jpeg,3,Train
Train/Herpes/Herpes.jpg,Herpes,Train/Herpes/Herpes.jpg,3,Train
Train/Varicela/2024-06-25_23-26-55_5054.png,Varicela,Train/Varicela/2024-06-25_23-26-55_5054.png,3,Test
Train/Sarampion/2024-06-26_13-58-38_3554.png,Sarampion,Train/Sarampion/2024-06-26_13-58-38_3554.png,3,Train
Train/Monkeypox/2024-06-27_13-55-01_8231.png,Monkeypox,Train/Monkeypox/2024-06-27_13-55-01_8231.png,3,Train
Test/Herpes/2024-06-26_20-34-15_6954.png,Herpes,Test/Herpes/2024-06-26_20-34-15_6954.png,3,Test
Train/Sarampion/Sarampion (102).jpg,Sarampion,Test/Sarampion/Sarampion (33).png,3,Test
Train/Sarampion/2024-06-26_15-08-43_2940.png,Sarampion,Train/Sarampion/2024-06-26_15-08-43_2940.png,3,Train
Train/Sarampion/2024-06-26_18-13-01_6573.png,Sarampion,Train/Sarampion/2024-06-26_18-13-01_6573.png,3,Train
Train/Varicela/2024-06-25_23-42-05_6670.png,Varicela,Train/Varicela/2024-06-25_23-42-05_6670.png,3,Train
Train/Monkeypox/2024-06-27_15-30-27_8136.png,Monkeypox,Train/Monkeypox/2024-06-27_15-30-27_8136.png,3,Test
Train/Varicela/2024-06-27_00-08-58_9769.png,Varicela,Train/Varicela/2024-06-27_00-08-58_9769.png,3,Train
Train/Varicela/2024-06-27_12-03-59_8548.png,Varicela,Train/Varicela/2024-06-27_12-03-59_8548.png,3,Train
Train/Varicela/2024-06-26_21-14-28_3487.png,Varicela,Train/Varicela/2024-06-26_21-14-28_3487.png,3,Train
Train/Herpes/Herpes (261).jpg,Herpes,Train/Herpes/Herpes (261).jpg,3,Train
Train/Monkeypox/2024-06-27_16-35-25_1474.png,Monkeypox,Train/Monkeypox/2024-06-27_16-35-25_1474.png,3,Train
Train/Varicela/ChickenPox (91).jpg,Varicela,Train/Varicela/ChickenPox (91).jpg,3,Val
Train/Sarampion/Sarampion (69).png,Sarampion,Train/Sarampion/Sarampion (69).png,3,Train
Val/Sarampion/Sarampion (14).png,Sarampion,Val/Sarampion/Sarampion (14).png,3,Test
Train/Varicela/2024-06-27_12-01-22_7986.png,Varicela,Train/Varicela/2024-06-27_12-01-22_7986.png,3,Train
Train/Sarampion/2024-06-26_11-59-57_7197.png,Sarampion,Train/Sarampion/2024-06-26_11-59-57_7197.png,3,Train
Train/Sarampion/Sarampion (123).jpg,Sarampion,Train/Sarampion/Sarampion (123).jpg,3,Train
Train/Herpes/2024-06-24_22-08-54_7574.png,Herpes,Train/Herpes/2024-06-24_22-08-54_7574.png,3,Train
Train/Monkeypox/2024-06-27_14-17-03_8584.png,Monkeypox,Train/Monkeypox/2024-06-27_14-17-03_8584.png,3,Train
Train/Varicela/2024-06-26_21-50-27_6383.png,Varicela,Train/Varicela/2024-06-26_21-50-27_6383.png,3,Val
Test/Herpes/Herpes (51).jpg,Herpes,Test/Herpes/Herpes (51).jpg,3,Val
Train/Sarampion/Sarampion (85).jpg,Sarampion,Train/Sarampion/Sarampion (85).jpg,3,Train
Train/Herpes/Herpes.png,Herpes,Train/Herpes/Herpes.png,3,Train
Train/Varicela/ChickenPox (255).jpg,Varicela,Train/Varicela/ChickenPox (255).jpg,3,Train
Train/Monkeypox/2024-06-27_16-32-03_5617.png,Monkeypox,Train/Monkeypox/2024-06-27_16-32-03_5617.png,3,Train
Train/Varicela/ChickenPox (221).jpg,Varicela,Train/Varicela/ChickenPox (221).jpg,3,Train
Test/Monkeypox/MonkeyPox (134).jpg,Monkeypox,Test/Monkeypox/MonkeyPox (134).jpg,3,Train
Train/Sarampion/Sarampion (73).jpg,Sarampion,Train/Sarampion/Sarampion (73).jpg,3,Test
Train/Monkeypox/2024-06-27_13-58-11_9592.png,Monkeypox,Train/Monkeypox/2024-06-27_13-58-11_9592.png,3,Train
Test/Varicela/ChickenPox (49).png,Varicela,Test/Varicela/ChickenPox (49).png,3,Test
Train/Herpes/2024-06-24_21-30-27_9522.png,Herpes,Train/Herpes/2024-06-24_21-30-27_9522.png,3,Val
Train/Varicela/ChickenPox (228).jpg,Varicela,Train/Varicela/ChickenPox (228).jpg,3,Train
Train/Sarampion/2024-06-26_16-11-54_9373.png,Sarampion,Train/Sarampion/2024-06-26_16-11-54_9373.png,3,Test
Train/Herpes/Herpes (262).jpg,Herpes,Train/Herpes/Herpes (262).jpg,3,Train
Test/Herpes/Herpes (74).jpg,Herpes,Test/Herpes/Herpes (74).jpg,3,Val
Train/Sarampion/2024-06-26_12-58-54_4368.png,Sarampion,Train/Sarampion/2024-06-26_12-58-54_4368.png,3,Test
Train/Monkeypox/2024-06-27_16-03-29_1919.png,Monkeypox,Train/Monkeypox/2024-06-27_16-03-29_1919.png,3,Train
Test/Sarampion/2024-06-26_15-06-38_7428.png,Sarampion,Test/Sarampion/2024-06-26_15-06-38_7428.png,3,Train
Train/Varicela/2024-06-26_21-42-24_5384.png,Varicela,Train/Varicela/2024-06-26_21-42-24_5384.png,3,Train
Train/Varicela/2024-06-25_22-36-19_9409.png,Varicela,Train/Varicela/2024-06-25_22-36-19_9409.png,3,Train
Test/Sarampion/2024-06-26_11-54-26_3910.png,Sarampion,Test/Sarampion/2024-06-26_11-54-26_3910.png,3,Train
Train/Monkeypox/2024-06-27_15-30-04_7633.png,Monkeypox,Train/Monkeypox/2024-06-27_15-30-04_7633.png,3,Test
Train/Herpes/2024-06-24_22-23-40_9531.png,Herpes,Train/Herpes/2024-06-24_22-23-40_9531.png,3,Test
Train/Sarampion/Sarampion (45).png,Sarampion,Train/Sarampion/Sarampion (45).png,3,Train
Val/Herpes/Herpes (28).jpg,Herpes,Val/Herpes/Herpes (28).jpg,3,Val
Train/Varicela/ChickenPox (229).jpg,Varicela,Train/Varicela/ChickenPox (229).jpg,3,Train
Train/Herpes/2024-06-24_22-37-38_3707.png,Herpes,Train/Herpes/2024-06-24_22-37-38_3707.png,3,Train
Train/Herpes/Herpes (194).jpg,Herpes,Train/Herpes/Herpes (194).jpg,3,Train
Train/Sarampion/Sarampion (67).jpg,Sarampion,Train/Sarampion/Sarampion (133).jpg,3,Train
Train/Sarampion/Sarampion (94).jpg,Sarampion,Train/Sarampion/Sarampion (94).jpg,3,Test
Train/Varicela/ChickenPox (132).jpg,Varicela,Train/Varicela/ChickenPox (132).jpg,3,Train
Train/Varicela/2024-06-25_21-32-59_3164.png,Varicela,Train/Varicela/2024-06-25_21-32-59_3164.png,3,Train
Train/Sarampion/2024-06-26_12-07-02_7219.png,Sarampion,Train/Sarampion/2024-06-26_12-07-02_7219.png,3,Train
Train/Herpes/Herpes (162).jpg,Herpes,Train/Herpes/Herpes (162).jpg,3,Train
Test/Sarampion/2024-06-26_11-56-01_5361.png,Sarampion,Test/Sarampion/2024-06-26_11-56-01_5361.png,3,Test
Train/Sarampion/2024-06-26_13-59-29_3375.png,Sarampion,Train/Sarampion/2024-06-26_13-59-29_3375.png,3,Train
Train/Varicela/2024-06-27_11-59-28_1614.png,Varicela,Train/Varicela/2024-06-27_11-59-28_1614.png,3,Train
Train/Monkeypox/2024-06-27_16-35-47_5319.png,Monkeypox,Train/Monkeypox/2024-06-27_16-35-47_5319.png,3,Train
Train/Monkeypox/2024-06-27_13-56-56_8334.png,Monkeypox,Train/Monkeypox/2024-06-27_13-56-56_8334.png,3,Train
Train/Varicela/2024-06-26_22-22-58_8722.png,Varicela,Train/Varicela/2024-06-26_22-22-58_8722.png,3,Train
Train/Varicela/ChickenPox (174).jpg,Varicela,Train/Varicela/ChickenPox (174).jpg,3,Train
Train/Varicela/2024-06-27_13-23-48_7560.png,Varicela,Train/Varicela/2024-06-27_13-23-48_7560.png,3,Train
Train/Monkeypox/2024-06-27_14-06-48_9948.png,Monkeypox,Train/Monkeypox/2024-06-27_14-06-48_9948.png,3,Train
Train/Varicela/2024-06-27_12-22-51_8259.png,Varicela,Train/Varicela/2024-06-27_12-22-51_8259.png,3,Val
Train/Varicela/ChickenPox (59).png,Varicela,Train/Varicela/ChickenPox (192).jpg,3,Train
Train/Varicela/2024-06-26_23-41-52_7860.png,Varicela,Train/Varicela/2024-06-26_23-41-52_7860.png,3,Train
Train/Monkeypox/2024-06-27_16-45-06_3027.png,Monkeypox,Train/Monkeypox/2024-06-27_16-45-06_3027.png,3,Train
Val/Varicela/ChickenPox (10).jpeg,Varicela,Val/Varicela/ChickenPox (10).jpeg,3,Train
Train/Varicela/2024-06-27_12-09-09_1375.png,Varicela,Train/Varicela/2024-06-27_12-09-09_1375.png,3,Train
Train/Monkeypox/2024-06-27_15-31-36_1699.png,Monkeypox,Train/Monkeypox/2024-06-27_15-31-36_1699.png,3,Test
Train/Monkeypox/2024-06-27_17-00-17_9938.png,Monkeypox,Train/Monkeypox/2024-06-27_17-00-17_9938.png,3,Train
Train/Varicela/2024-06-25_21-31-46_9293.png,Varicela,Train/Varicela/2024-06-25_21-31-46_9293.png,3,Train
Test/Sarampion/2024-06-26_15-05-21_1652.png,Sarampion,Test/Sarampion/2024-06-26_15-05-21_1652.png,3,Train
Train/Sarampion/2024-06-26_13-00-26_1168.png,Sarampion,Train/Sarampion/2024-06-26_13-00-26_1168.png,3,Test
Train/Monkeypox/2024-06-27_17-02-55_8647.png,Monkeypox,Train/Monkeypox/2024-06-27_17-02-55_8647.png,3,Train
Test/Varicela/2024-06-26_23-15-32_6074.png,Varicela,Test/Varicela/2024-06-26_23-15-32_6074.png,3,Train
Train/Herpes/Herpes (191).jpg,Herpes,Train/Herpes/Herpes (191).jpg,3,Val
Train/Herpes/2024-06-24_22-26-33_4237.png,Herpes,Train/Herpes/2024-06-24_22-26-33_4237.png,3,Train
Val/Sarampion/Sarampion (34).png,Sarampion,Val/Sarampion/Sarampion (34).png,3,Train
Train/Monkeypox/2024-06-27_16-41-11_5769.png,Monkeypox,Train/Monkeypox/2024-06-27_16-41-11_5769.png,3,Train
Val/Varicela/ChickenPox (11).jpeg,Varicela,Val/Varicela/ChickenPox (11).jpeg,3,Train
Test/Sarampion/2024-06-26_15-53-59_5452.png,Sarampion,Test/Sarampion/2024-06-26_15-53-59_5452.png,3,Train
Train/Monkeypox/2024-06-27_13-54-37_8772.png,Monkeypox,Train/Monkeypox/2024-06-27_13-54-37_8772.png,3,Train
Train/Monkeypox/2024-06-27_15-44-12_6606.png,Monkeypox,Train/Monkeypox/2024-06-27_15-44-12_6606.png,3,Test
Train/Herpes/Herpes (301).jpg,Herpes,Train/Herpes/Herpes (301).jpg,3,Test
Test/Sarampion/Sarampion (33).png,Sarampion,Test/Sarampion/Sarampion (33).png,3,Test
Train/Monkeypox/2024-06-27_16-46-59_8373.png,Monkeypox,Train/Monkeypox/2024-06-27_16-46-59_8373.png,3,Train
Test/Sarampion/Sarampion (44).jpg,Sarampion,Test/Sarampion/Sarampion (44).jpg,3,Train
Train/Varicela/2024-06-25_21-40-43_8904.png,Varicela,Train/Varicela/2024-06-25_21-40-43_8904.png,3,Train
Train/Sarampion/Sarampion (138).jpg,Sarampion,Train/Sarampion/Sarampion (138).jpg,3,Test
Train/Monkeypox/2024-06-27_16-57-42_6530.png,Monkeypox,Train/Monkeypox/2024-06-27_16-57-42_6530.png,3,Val
Train/Varicela/ChickenPox (179).jpg,Varicela,Train/Varicela/ChickenPox (179).jpg,3,Train
Train/Sarampion/Sarampion (133).jpg,Sarampion,Train/Sarampion/Sarampion (133).jpg,3,Train
Train/Varicela/2024-06-27_12-58-30_3916.png,Varicela,Train/Varicela/2024-06-27_12-58-30_3916.png,3,Val
Train/Monkeypox/2024-06-27_16-47-45_4595.png,Monkeypox,Train/Monkeypox/2024-06-27_16-47-45_4595.png,3,Test
Train/Varicela/2024-06-26_22-21-16_1772.png,Varicela,Train/Varicela/2024-06-26_22-21-16_1772.png,3,Test
Train/Varicela/2024-06-27_11-28-30_5799.png,Varicela,Train/Varicela/2024-06-27_11-28-30_5799.png,3,Val
Train/Monkeypox/2024-06-27_15-06-29_8544.png,Monkeypox,Train/Monkeypox/2024-06-27_15-06-29_8544.png,3,Train
Train/Herpes/Herpes (170).jpg,Herpes,Train/Herpes/Herpes (170).jpg,3,Train
Train/Varicela/2024-06-27_13-30-28_8366.png,Varicela,Train/Varicela/2024-06-27_13-30-28_8366.png,3,Val
Train/Monkeypox/MonkeyPox (155).png,Monkeypox,Train/Monkeypox/MonkeyPox (155).png,3,Train
Train/Monkeypox/2024-06-27_16-55-34_9688.png,Monkeypox,Train/Monkeypox/2024-06-27_16-55-34_9688.png,3,Train
Train/Herpes/2024-06-24_21-06-09_9645.png,Herpes,Train/Herpes/2024-06-24_21-06-09_9645.png,3,Train
Test/Sarampion/2024-06-26_15-50-55_9056.png,Sarampion,Test/Sarampion/2024-06-26_15-50-55_9056.png,3,Test
Test/Varicela/ChickenPox (38).jpg,Varicela,Test/Varicela/ChickenPox (38).jpg,3,Val
Train/Monkeypox/MonkeyPox (164).png,Monkeypox,Train/Monkeypox/MonkeyPox (164).png,3,Train
Test/Varicela/2024-06-27_11-30-42_5146.png,Varicela,Test/Varicela/2024-06-27_11-30-42_5146.png,3,Train
Train/Varicela/2024-06-25_21-31-21_6606.png,Varicela,Train/Varicela/2024-06-25_21-31-21_6606.png,3,Train
Train/Varicela/2024-06-26_21-48-53_4177.png,Varicela,Train/Varicela/2024-06-26_21-48-53_4177.png,3,Val
Train/Varicela/2024-06-27_12-26-33_2242.png,Varicela,Train/Varicela/2024-06-27_12-26-33_2242.png,3,Train
Val/Sarampion/Sarampion (42).png,Sarampion,Val/Sarampion/Sarampion (42).png,3,Test
Train/Varicela/ChickenPox (187).jpg,Varicela,Train/Varicela/ChickenPox (187).jpg,3,Train
Train/Sarampion/2024-06-26_14-13-24_4439.png,Sarampion,Train/Sarampion/2024-06-26_14-13-24_4439.png,3,Train
Train/Varicela/2024-06-25_21-33-47_7689.png,Varicela,Train/Varicela/2024-06-25_21-33-47_7689.png,3,Test
Train/Monkeypox/MonkeyPox (106).png,Monkeypox,Train/Monkeypox/MonkeyPox (106).png,3,Train
Test/Sarampion/2024-06-26_12-50-45_8660.png,Sarampion,Test/Sarampion/2024-06-26_12-50-45_8660.png,3,Train
Train/Sarampion/2024-06-26_16-37-39_3050.png,Sarampion,Train/Sarampion/2024-06-26_16-37-39_3050.png,3,Train
Train/Herpes/Herpes (196).jpg,Herpes,Train/Herpes/Herpes (196).jpg,3,Train
Test/Herpes/Herpes (126).jpg,Herpes,Test/Herpes/Herpes (126).jpg,3,Test
Train/Monkeypox/MonkeyPox (29).png,Monkeypox,Train/Monkeypox/MonkeyPox (29).png,3,Train
Train/Varicela/2024-06-27_00-01-24_1094.png,Varicela,Train/Varicela/2024-06-27_00-01-24_1094.png,3,Train
Train/Varicela/2024-06-25_23-51-14_8933.png,Varicela,Train/Varicela/2024-06-25_23-51-14_8933.png,3,Train
Train/Sarampion/Sarampion (139).jpg,Sarampion,Train/Sarampion/Sarampion (139).jpg,3,Train
Test/Sarampion/2024-06-26_13-24-18_3831.png,Sarampion,Test/Sarampion/2024-06-26_13-24-18_3831.png,3,Train
Train/Monkeypox/MonkeyPox (158).png,Monkeypox,Train/Monkeypox/MonkeyPox (158).png,3,Test
Train/Varicela/2024-06-26_23-08-14_4919.png,Varicela,Train/Varicela/2024-06-26_23-08-14_4919.png,3,Train
Test/Varicela/2024-06-27_12-07-18_3814.png,Varicela,Test/Varicela/2024-06-27_12-07-18_3814.png,3,Train
Train/Monkeypox/2024-06-27_14-20-42_3059.png,Monkeypox,Train/Monkeypox/2024-06-27_14-20-42_3059.png,3,Train
Train/Varicela/2024-06-26_23-39-33_6681.png,Varicela,Train/Varicela/2024-06-26_23-39-33_6681.png,3,Train
Val/Herpes/Herpes (35).jpg,Herpes,Val/Herpes/Herpes (35).jpg,3,Train
Train/Varicela/ChickenPox (163).jpg,Varicela,Train/Varicela/ChickenPox (163).jpg,3,Test
Train/Varicela/2024-06-25_22-33-28_7859.png,Varicela,Train/Varicela/2024-06-25_22-33-28_7859.png,3,Train
Test/Sarampion/2024-06-26_14-19-28_8644.png,Sarampion,Test/Sarampion/2024-06-26_14-19-28_8644.png,3,Train
Train/Sarampion/2024-06-26_11-59-09_9737.png,Sarampion,Train/Sarampion/2024-06-26_11-59-09_9737.png,3,Train
Train/Varicela/2024-06-26_23-39-58_7227.png,Varicela,Train/Varicela/2024-06-26_23-39-58_7227.png,3,Train
Test/Varicela/2024-06-27_13-11-42_9144.png,Varicela,Test/Varicela/2024-06-27_13-11-42_9144.png,3,Val
Train/Monkeypox/2024-06-27_14-14-32_9360.png,Monkeypox,Train/Monkeypox/2024-06-27_14-14-32_9360.png,3,Train
Train/Herpes/Herpes (115).jpg,Herpes,Train/Herpes/Herpes (115).jpg,3,Train
Train/Varicela/ChickenPox (158).jpg,Varicela,Train/Varicela/ChickenPox (158).jpg,3,Val
Train/Varicela/ChickenPox (157).jpg,Varicela,Train/Varicela/ChickenPox (157).jpg,3,Train
Train/Varicela/2024-06-25_22-20-24_8033.png,Varicela,Train/Varicela/2024-06-25_22-20-24_8033.png,3,Train
Train/Varicela/2024-06-27_13-29-45_3966.png,Varicela,Train/Varicela/2024-06-27_13-29-45_3966.png,3,Train
Train/Sarampion/2024-06-26_11-59-33_5864.png,Sarampion,Train/Sarampion/2024-06-26_11-59-33_5864.png,3,Train
Train/Varicela/2024-06-26_22-21-38_8382.png,Varicela,Train/Varicela/2024-06-26_22-21-38_8382.png,3,Train
Train/Monkeypox/2024-06-27_14-14-04_7146.png,Monkeypox,Train/Monkeypox/2024-06-27_14-14-04_7146.png,3,Val
Train/Varicela/2024-06-26_21-50-05_2915.png,Varicela,Train/Varicela/2024-06-26_21-06-29_5345.png,3,Train
Train/Sarampion/2024-06-26_15-08-18_5207.png,Sarampion,Train/Sarampion/2024-06-26_15-08-18_5207.png,3,Train
Train/Monkeypox/2024-06-27_16-00-14_4345.png,Monkeypox,Train/Monkeypox/2024-06-27_16-00-14_4345.png,3,Val
Test/Varicela/ChickenPox (61).jpg,Varicela,Test/Varicela/ChickenPox (61).jpg,3,Train
Train/Monkeypox/2024-06-27_16-50-00_1112.png,Monkeypox,Train/Monkeypox/2024-06-27_16-50-00_1112.png,3,Train
Train/Varicela/2024-06-26_21-07-13_8006.png,Varicela,Train/Varicela/2024-06-26_21-07-13_8006.png,3,Train
Train/Varicela/2024-06-25_21-32-13_9390.png,Varicela,Train/Varicela/2024-06-25_21-32-13_9390.png,3,Test
Test/Monkeypox/2024-06-27_13-56-10_7526.png,Monkeypox,Test/Monkeypox/2024-06-27_13-56-10_7526.png,3,Train
Train/Monkeypox/2024-06-27_17-53-03_4787.png,Monkeypox,Train/Monkeypox/2024-06-27_17-53-03_4787.png,3,Train
Train/Sarampion/2024-06-26_15-18-09_5961.png,Sarampion,Train/Sarampion/2024-06-26_15-18-09_5961.png,3,Train
Train/Sarampion/2024-06-26_12-04-07_3372.png,Sarampion,Train/Sarampion/2024-06-26_12-04-07_3372.png,3,Val
Train/Varicela/2024-06-26_21-10-45_6870.png,Varicela,Train/Varicela/2024-06-26_21-10-45_6870.png,3,Train
Test/Monkeypox/2024-06-27_15-22-09_5488.png,Monkeypox,Test/Monkeypox/2024-06-27_15-22-09_5488.png,3,Train
Train/Monkeypox/2024-06-27_15-20-38_3227.png,Monkeypox,Train/Monkeypox/2024-06-27_15-20-38_3227.png,3,Train
Train/Varicela/2024-06-26_23-18-02_9733.png,Varicela,Train/Varicela/2024-06-26_23-18-02_9733.png,3,Train
Train/Varicela/2024-06-25_21-37-59_4761.png,Varicela,Train/Varicela/2024-06-25_21-37-59_4761.png,3,Train
Train/Varicela/2024-06-26_22-25-48_7311.png,Varicela,Train/Varicela/2024-06-26_22-25-48_7311.png,3,Train
Train/Varicela/2024-06-26_22-14-46_9038.png,Varicela,Train/Varicela/2024-06-26_22-14-46_9038.png,3,Val
Train/Sarampion/Sarampion (107).jpg,Sarampion,Test/Sarampion/Sarampion (20).jpeg,3,Train
Train/Varicela/2024-06-27_12-04-43_6538.png,Varicela,Train/Varicela/2024-06-27_12-04-43_6538.png,3,Train
Test/Varicela/2024-06-26_21-17-12_4644.png,Varicela,Test/Varicela/2024-06-26_21-17-12_4644.png,3,Train
Train/Varicela/2024-06-27_13-14-00_6433.png,Varicela,Train/Varicela/2024-06-27_13-14-00_6433.png,3,Train
Train/Varicela/2024-06-26_23-43-05_4164.png,Varicela,Train/Varicela/2024-06-26_23-43-05_4164.png,3,Test
Test/Sarampion/2024-06-26_13-26-37_2353.png,Sarampion,Test/Sarampion/2024-06-26_13-26-37_2353.png,3,Train
Train/Varicela/2024-06-27_13-06-44_7104.png,Varicela,Train/Varicela/2024-06-27_13-06-44_7104.png,3,Train
Train/Monkeypox/2024-06-27_15-48-09_8163.png,Monkeypox,Train/Monkeypox/2024-06-27_15-48-09_8163.png,3,Train
Train/Sarampion/2024-06-26_15-15-39_8676.png,Sarampion,Train/Sarampion/2024-06-26_15-15-39_8676.png,3,Test
Train/Varicela/2024-06-25_22-14-22_1849.png,Varicela,Train/Varicela/2024-06-25_22-14-22_1849.png,3,Train
Train/Monkeypox/2024-06-27_15-52-05_8391.png,Monkeypox,Train/Monkeypox/2024-06-27_15-52-05_8391.png,3,Val
Train/Varicela/ChickenPox (127).jpg,Varicela,Train/Varicela/ChickenPox (127).jpg,3,Train
Test/Sarampion/Sarampion (43).png,Sarampion,Test/Sarampion/Sarampion (43).png,3,Train
Train/Monkeypox/2024-06-27_14-09-13_6917.png,Monkeypox,Train/Monkeypox/2024-06-27_14-09-13_6917.png,3,Train
Train/Varicela/2024-06-26_21-06-51_7094.png,Varicela,Train/Varicela/2024-06-26_21-06-51_7094.png,3,Train
Train/Varicela/2024-06-26_22-17-57_5411.png,Varicela,Train/Varicela/2024-06-26_22-17-57_5411.png,3,Train
Train/Varicela/2024-06-27_11-44-17_7281.png,Varicela,Train/Varicela/2024-06-27_11-44-17_7281.png,3,Train
Train/Varicela/2024-06-26_21-31-25_1709.png,Varicela,Train/Varicela/2024-06-26_21-31-25_1709.png,3,Val
Train/Sarampion/2024-06-26_12-57-46_4028.png,Sarampion,Train/Sarampion/2024-06-26_12-57-46_4028.png,3,Train
Train/Varicela/2024-06-26_00-15-36_6738.png,Varicela,Train/Varicela/2024-06-26_00-15-36_6738.png,3,Train
Train/Varicela/2024-06-25_23-45-27_2202.png,Varicela,Train/Varicela/2024-06-25_23-45-27_2202.png,3,Train
Train/Varicela/2024-06-25_21-36-27_3809.png,Varicela,Train/Varicela/2024-06-25_21-36-27_3809.png,3,Val
Train/Varicela/2024-06-26_21-04-36_4100.png,Varicela,Train/Varicela/2024-06-26_21-04-36_4100.png,3,Train
Test/Varicela/2024-06-26_21-16-14_9925.png,Varicela,Test/Varicela/2024-06-26_21-16-14_9925.png,3,Test
Train/Herpes/Herpes (304).jpg,Herpes,Train/Herpes/Herpes (304).jpg,3,Train
Train/Varicela/2024-06-26_23-10-49_9079.png,Varicela,Train/Varicela/2024-06-26_23-10-49_9079.png,3,Train
Train/Varicela/2024-06-27_12-19-30_5397.png,Varicela,Train/Varicela/2024-06-27_12-19-30_5397.png,3,Train
Train/Varicela/ChickenPox (170).jpg,Varicela,Train/Varicela/ChickenPox (170).jpg,3,Val
Train/Varicela/2024-06-26_21-06-29_5345.png,Varicela,Train/Varicela/2024-06-26_21-06-29_5345.png,3,Train
Test/Varicela/2024-06-26_23-43-26_2381.png,Varicela,Test/Varicela/2024-06-26_23-43-26_2381.png,3,Train
Test/Monkeypox/2024-06-27_13-55-47_1416.png,Monkeypox,Test/Monkeypox/2024-06-27_13-55-47_1416.png,3,Train
Test/Varicela/2024-06-26_23-50-12_7243.png,Varicela,Test/Varicela/2024-06-26_23-50-12_7243.png,3,Train
Train/Monkeypox/2024-06-27_13-59-47_6872.png,Monkeypox,Train/Monkeypox/2024-06-27_13-59-47_6872.png,3,Train
Test/Varicela/ChickenPox (54).png,Varicela,Test/Varicela/ChickenPox (54).png,3,Test
Test/Sarampion/2024-06-26_12-51-06_3150.png,Sarampion,Test/Sarampion/2024-06-26_12-51-06_3150.png,3,Train
Test/Varicela/ChickenPox (37).png,Varicela,Test/Varicela/ChickenPox (37).png,3,Train
Train/Sarampion/2024-06-26_12-01-49_1323.png,Sarampion,Train/Sarampion/2024-06-26_12-01-49_1323.png,3,Train
Train/Varicela/2024-06-25_22-46-30_4040.png,Varicela,Train/Varicela/2024-06-25_22-46-30_4040.png,3,Train
Train/Varicela/2024-06-27_13-27-31_1578.png,Varicela,Train/Varicela/2024-06-27_13-27-31_1578.png,3,Train
Train/Sarampion/2024-06-26_12-59-15_9519.png,Sarampion,Train/Sarampion/2024-06-26_12-59-15_9519.png,3,Train
Train/Varicela/2024-06-27_00-41-24_8907.png,Varicela,Train/Varicela/2024-06-27_00-41-24_8907.png,3,Train
Train/Varicela/2024-06-26_21-30-30_7786.png,Varicela,Train/Varicela/2024-06-26_21-30-30_7786.png,3,Train
Train/Varicela/2024-06-26_21-40-27_2949.png,Varicela,Train/Varicela/2024-06-26_21-40-27_2949.png,3,Train
Train/Monkeypox/2024-06-27_15-16-27_2045.png,Monkeypox,Train/Monkeypox/2024-06-27_15-16-27_2045.png,3,Train
Train/Monkeypox/2024-06-27_15-53-33_1566.png,Monkeypox,Train/Monkeypox/2024-06-27_15-53-33_1566.png,3,Train
Val/Varicela/ChickenPox (3).jpg,Varicela,Val/Varicela/ChickenPox (3).jpg,3,Test
Train/Herpes/Herpes (297).jpg,Herpes,Train/Herpes/Herpes (297).jpg,3,Train
Train/Monkeypox/2024-06-27_16-43-19_6594.png,Monkeypox,Train/Monkeypox/2024-06-27_16-43-19_6594.png,3,Train
Train/Monkeypox/2024-06-27_15-56-01_2331.png,Monkeypox,Train/Monkeypox/2024-06-27_15-56-01_2331.png,3,Train
Train/Sarampion/2024-06-26_13-21-10_5010.png,Sarampion,Train/Sarampion/2024-06-26_13-21-10_5010.png,3,Train
Train/Herpes/Herpes (256).jpg,Herpes,Train/Herpes/Herpes (256).jpg,3,Train
Train/Sarampion/2024-06-26_12-49-51_7739.png,Sarampion,Train/Sarampion/2024-06-26_12-49-51_7739.png,3,Train
Train/Varicela/2024-06-27_12-26-55_4277.png,Varicela,Train/Varicela/2024-06-27_12-26-55_4277.png,3,Train
Train/Sarampion/2024-06-26_14-57-58_4742.png,Sarampion,Train/Sarampion/2024-06-26_14-57-58_4742.png,3,Train
Train/Varicela/2024-06-27_13-19-41_3117.png,Varicela,Train/Varicela/2024-06-27_13-19-41_3117.png,3,Test
Train/Monkeypox/2024-06-27_16-05-23_7051.png,Monkeypox,Train/Monkeypox/2024-06-27_16-05-23_7051.png,3,Train
Train/Monkeypox/2024-06-27_13-53-49_8657.png,Monkeypox,Train/Monkeypox/2024-06-27_13-53-49_8657.png,3,Train
Test/Varicela/2024-06-25_21-37-35_5856.png,Varicela,Test/Varicela/2024-06-25_21-37-35_5856.png,3,Train
Val/Monkeypox/MonkeyPox (36).png,Monkeypox,Val/Monkeypox/MonkeyPox (36).png,3,Test
Train/Varicela/2024-06-27_12-00-14_3007.png,Varicela,Train/Varicela/2024-06-27_12-00-14_3007.png,3,Train
Train/Varicela/2024-06-26_21-28-50_5244.png,Varicela,Train/Varicela/2024-06-26_21-28-50_5244.png,3,Train
Test/Varicela/2024-06-25_21-37-13_9023.png,Varicela,Test/Varicela/2024-06-25_21-37-13_9023.png,3,Train
Train/Sarampion/2024-06-26_15-14-59_6587.png,Sarampion,Train/Sarampion/2024-06-26_15-14-59_6587.png,3,Train
Train/Monkeypox/2024-06-27_14-10-49_8828.png,Monkeypox,Train/Monkeypox/2024-06-27_14-10-49_8828.png,3,Train
Test/Sarampion/Sarampion (3).png,Sarampion,Test/Sarampion/Sarampion (3).png,3,Val
Train/Sarampion/2024-06-26_14-18-43_1449.png,Sarampion,Train/Sarampion/2024-06-26_14-18-43_1449.png,3,Train
Test/Monkeypox/MonkeyPox (9).png,Monkeypox,Test/Monkeypox/MonkeyPox (9).png,3,Train
Train/Varicela/ChickenPox (232).jpg,Varicela,Train/Varicela/ChickenPox (232).jpg,3,Train
Train/Sarampion/2024-06-26_12-48-38_4965.png,Sarampion,Train/Sarampion/2024-06-26_12-48-38_4965.png,3,Train
Test/Varicela/ChickenPox (38).png,Varicela,Test/Varicela/ChickenPox (38).png,3,Test
Train/Varicela/2024-06-27_13-00-36_6029.png,Varicela,Train/Varicela/2024-06-27_13-00-36_6029.png,3,Train
Train/Herpes/2024-06-26_19-59-06_2731.png,Herpes,Train/Herpes/2024-06-26_19-59-06_2731.png,4,Train
Train/Herpes/2024-06-24_22-25-44_4746.png,Herpes,Train/Herpes/2024-06-24_22-25-44_4746.png,4,Train
Train/Herpes/2024-06-24_21-30-57_1119.png,Herpes,Train/Herpes/2024-06-24_21-30-57_1119.png,4,Train
Train/Herpes/2024-06-26_20-16-27_2419.png,Herpes,Train/Herpes/2024-06-26_20-16-27_2419.png,4,Train
Train/Herpes/2024-06-26_20-33-21_9436.png,Herpes,Train/Herpes/2024-06-26_20-33-21_9436.png,4,Train
Train/Herpes/2024-06-26_20-28-42_1276.png,Herpes,Train/Herpes/2024-06-26_20-28-42_1276.png,4,Train
Train/Herpes/2024-06-24_22-39-53_9260.png,Herpes,Train/Herpes/2024-06-24_22-39-53_9260.png,4,Train
Train/Herpes/2024-06-26_20-00-00_2438.png,Herpes,Train/Herpes/2024-06-26_20-00-00_2438.png,4,Train
Train/Herpes/2024-06-24_22-24-05_4912.png,Herpes,Train/Herpes/2024-06-24_22-24-05_4912.png,4,Train
Train/Herpes/2024-06-26_20-32-30_7417.png,Herpes,Train/Herpes/2024-06-26_20-32-30_7417.png,4,Test
Train/Monkeypox/2024-06-27_17-18-10_5638.png,Monkeypox,Train/Monkeypox/2024-06-27_17-18-10_5638.png,4,Train
Train/Monkeypox/MonkeyPox (119).jpg,Monkeypox,Train/Monkeypox/MonkeyPox (119).jpg,4,Test
Train/Monkeypox/2024-06-27_17-04-03_5055.png,Monkeypox,Train/Monkeypox/2024-06-27_17-04-03_5055.png,4,Train
Train/Monkeypox/2024-06-27_17-15-54_6385.png,Monkeypox,Train/Monkeypox/2024-06-27_17-15-54_6385.png,4,Train
Train/Monkeypox/2024-06-27_15-15-30_1184.png,Monkeypox,Train/Monkeypox/2024-06-27_15-15-30_1184.png,4,Train
Train/Monkeypox/2024-06-27_15-21-00_4397.png,Monkeypox,Train/Monkeypox/2024-06-27_15-21-00_4397.png,4,Train
Train/Monkeypox/2024-06-27_16-55-56_6429.png,Monkeypox,Train/Monkeypox/2024-06-27_16-55-56_6429.png,4,Train
Train/Monkeypox/2024-06-27_14-57-21_4658.png,Monkeypox,Train/Monkeypox/2024-06-27_14-57-21_4658.png,4,Train
Train/Monkeypox/2024-06-27_16-09-50_4446.png,Monkeypox,Train/Monkeypox/2024-06-27_16-09-50_4446.png,4,Train
Train/Monkeypox/MonkeyPox (12).png,Monkeypox,Train/Monkeypox/MonkeyPox (12).png,4,Train
Train/Monkeypox/2024-06-27_16-40-50_5478.png,Monkeypox,Train/Monkeypox/2024-06-27_16-40-50_5478.png,4,Test
Train/Monkeypox/2024-06-27_16-11-34_7850.png,Monkeypox,Train/Monkeypox/2024-06-27_16-11-34_7850.png,4,Train
Train/Monkeypox/2024-06-27_17-42-30_9573.png,Monkeypox,Train/Monkeypox/2024-06-27_17-42-30_9573.png,4,Train
Train/Monkeypox/2024-06-27_16-02-21_3451.png,Monkeypox,Train/Monkeypox/2024-06-27_16-02-21_3451.png,4,Train
Train/Monkeypox/2024-06-27_16-41-54_5120.png,Monkeypox,Train/Monkeypox/2024-06-27_16-41-54_5120.png,4,Val
Train/Monkeypox/2024-06-27_15-50-39_9232.png,Monkeypox,Train/Monkeypox/2024-06-27_15-50-39_9232.png,4,Val
Train/Monkeypox/2024-06-27_16-01-18_1261.png,Monkeypox,Train/Monkeypox/2024-06-27_16-01-18_1261.png,4,Val
Train/Monkeypox/2024-06-27_17-01-01_1172.png,Monkeypox,Train/Monkeypox/2024-06-27_17-01-01_1172.png,4,Train
Train/Monkeypox/2024-06-27_17-45-32_7703.png,Monkeypox,Train/Monkeypox/2024-06-27_17-45-32_7703.png,4,Train
Train/Monkeypox/2024-06-27_17-42-52_5360.png,Monkeypox,Train/Monkeypox/2024-06-27_17-42-52_5360.png,4,Train
Train/Monkeypox/2024-06-27_14-02-31_3776.png,Monkeypox,Train/Monkeypox/2024-06-27_14-02-31_3776.png,4,Train
Train/Monkeypox/2024-06-27_17-50-27_3590.png,Monkeypox,Train/Monkeypox/2024-06-27_17-50-27_3590.png,4,Test
Train/Monkeypox/MonkeyPox (168).jpg,Monkeypox,Train/Monkeypox/MonkeyPox (168).jpg,4,Train
Train/Monkeypox/2024-06-27_16-46-36_6608.png,Monkeypox,Train/Monkeypox/2024-06-27_16-46-36_6608.png,4,Train
Train/Monkeypox/2024-06-27_14-00-36_6070.png,Monkeypox,Train/Monkeypox/2024-06-27_14-00-36_6070.png,4,Train
Train/Monkeypox/2024-06-27_14-18-51_3062.png,Monkeypox,Train/Monkeypox/2024-06-27_14-18-51_3062.png,4,Val
Train/Monkeypox/2024-06-27_15-49-56_8367.png,Monkeypox,Train/Monkeypox/2024-06-27_15-49-56_8367.png,4,Test
Train/Monkeypox/2024-06-27_14-52-08_5422.png,Monkeypox,Train/Monkeypox/2024-06-27_14-52-08_5422.png,4,Train
Train/Monkeypox/MonkeyPox (176).jpg,Monkeypox,Train/Monkeypox/MonkeyPox (176).jpg,4,Train
Train/Monkeypox/MonkeyPox (64).jpg,Monkeypox,Train/Monkeypox/MonkeyPox (64).jpg,4,Train
Train/Monkeypox/2024-06-27_15-34-33_4126.png,Monkeypox,Train/Monkeypox/2024-06-27_15-34-33_4126.png,4,Train
Train/Monkeypox/2024-06-27_16-56-59_4214.png,Monkeypox,Train/Monkeypox/2024-06-27_16-56-59_4214.png,4,Train
Train/Monkeypox/2024-06-27_15-16-04_2907.png,Monkeypox,Train/Monkeypox/2024-06-27_15-16-04_2907.png,4,Train
Train/Monkeypox/2024-06-27_16-06-05_8682.png,Monkeypox,Train/Monkeypox/2024-06-27_16-06-05_8682.png,4,Train
Train/Monkeypox/2024-06-27_13-57-46_4307.png,Monkeypox,Train/Monkeypox/2024-06-27_13-57-46_4307.png,4,Train
Train/Monkeypox/2024-06-27_17-20-03_5247.png,Monkeypox,Train/Monkeypox/2024-06-27_17-20-03_5247.png,4,Train
Train/Monkeypox/MonkeyPox (105).png,Monkeypox,Train/Monkeypox/MonkeyPox (105).png,4,Train
Train/Monkeypox/2024-06-27_14-52-28_5298.png,Monkeypox,Train/Monkeypox/2024-06-27_14-52-28_5298.png,4,Train
Train/Monkeypox/2024-06-27_17-43-15_7289.png,Monkeypox,Train/Monkeypox/2024-06-27_17-43-15_7289.png,4,Test
Train/Monkeypox/2024-06-27_14-54-11_8569.png,Monkeypox,Train/Monkeypox/2024-06-27_14-54-11_8569.png,4,Train
Train/Monkeypox/2024-06-27_16-32-48_7476.png,Monkeypox,Train/Monkeypox/2024-06-27_16-32-48_7476.png,4,Val
Train/Monkeypox/MonkeyPox (183).jpg,Monkeypox,Train/Monkeypox/MonkeyPox (183).jpg,4,Train
Train/Monkeypox/2024-06-27_16-59-09_9054.png,Monkeypox,Train/Monkeypox/2024-06-27_16-59-09_9054.png,4,Test
Train/Monkeypox/2024-06-27_15-49-34_9540.png,Monkeypox,Train/Monkeypox/2024-06-27_15-49-34_9540.png,4,Train
Train/Monkeypox/2024-06-27_16-38-42_9869.png,Monkeypox,Train/Monkeypox/2024-06-27_16-38-42_9869.png,4,Train
Train/Monkeypox/2024-06-27_15-08-13_7810.png,Monkeypox,Train/Monkeypox/2024-06-27_15-08-13_7810.png,4,Train
Train/Monkeypox/2024-06-27_15-30-50_6002.png,Monkeypox,Train/Monkeypox/2024-06-27_15-30-50_6002.png,4,Train
Train/Monkeypox/2024-06-27_17-53-25_7938.png,Monkeypox,Train/Monkeypox/2024-06-27_17-53-25_7938.png,4,Test
Train/Monkeypox/2024-06-27_15-42-16_6387.png,Monkeypox,Train/Monkeypox/2024-06-27_15-42-16_6387.png,4,Test
Train/Monkeypox/2024-06-27_16-32-26_5748.png,Monkeypox,Train/Monkeypox/2024-06-27_16-32-26_5748.png,4,Train
Train/Monkeypox/2024-06-27_16-39-03_5719.png,Monkeypox,Train/Monkeypox/2024-06-27_16-39-03_5719.png,4,Train
Train/Monkeypox/2024-06-27_16-42-36_8358.png,Monkeypox,Train/Monkeypox/2024-06-27_16-42-36_8358.png,4,Val
Train/Monkeypox/2024-06-27_14-03-39_2943.png,Monkeypox,Train/Monkeypox/2024-06-27_14-03-39_2943.png,4,Train
Train/Monkeypox/2024-06-27_17-14-24_5816.png,Monkeypox,Train/Monkeypox/2024-06-27_17-14-24_5816.png,4,Val
Train/Monkeypox/2024-06-27_15-02-21_1478.png,Monkeypox,Train/Monkeypox/2024-06-27_15-02-21_1478.png,4,Train
Train/Varicela/2024-06-27_11-23-22_7767.png,Varicela,Train/Varicela/2024-06-27_11-23-22_7767.png,4,Train
Train/Varicela/ChickenPox (67).jpg,Varicela,Train/Varicela/ChickenPox (67).jpg,4,Train
Train/Varicela/ChickenPox (124).jpg,Varicela,Train/Varicela/ChickenPox (124).jpg,4,Train
Train/Varicela/2024-06-27_11-27-46_2502.png,Varicela,Train/Varicela/2024-06-27_11-27-46_2502.png,4,Train
Train/Varicela/2024-06-26_23-10-04_2229.png,Varicela,Train/Varicela/2024-06-26_23-10-04_2229.png,4,Val
Train/Varicela/ChickenPox (225).jpg,Varicela,Train/Varicela/ChickenPox (225).jpg,4,Test
Train/Varicela/2024-06-27_12-25-49_8796.png,Varicela,Train/Varicela/2024-06-27_12-25-49_8796.png,4,Train
Train/Varicela/2024-06-27_12-20-37_5347.png,Varicela,Train/Varicela/2024-06-27_12-20-37_5347.png,4,Test
Train/Varicela/2024-06-27_13-23-04_4621.png,Varicela,Train/Varicela/2024-06-27_13-23-04_4621.png,4,Train
Train/Varicela/2024-06-26_21-03-51_2168.png,Varicela,Train/Varicela/2024-06-26_21-03-51_2168.png,4,Train
Train/Varicela/2024-06-27_12-17-37_9902.png,Varicela,Train/Varicela/2024-06-27_12-17-37_9902.png,4,Train
Train/Varicela/2024-06-25_21-38-42_1894.png,Varicela,Train/Varicela/2024-06-25_21-38-42_1894.png,4,Train
Train/Varicela/ChickenPox (57).png,Varicela,Test/Varicela/ChickenPox (31).png,4,Train
Train/Varicela/2024-06-27_13-05-13_9479.png,Varicela,Train/Varicela/2024-06-27_13-05-13_9479.png,4,Train
Train/Varicela/2024-06-27_13-09-47_8141.png,Varicela,Train/Varicela/2024-06-27_13-09-47_8141.png,4,Train
Train/Varicela/2024-06-26_23-15-54_5816.png,Varicela,Train/Varicela/2024-06-26_23-15-54_5816.png,4,Test
Train/Varicela/2024-06-27_11-22-38_8705.png,Varicela,Train/Varicela/2024-06-27_11-22-38_8705.png,4,Train
Train/Varicela/2024-06-26_21-25-10_8880.png,Varicela,Train/Varicela/2024-06-26_21-25-10_8880.png,4,Train
Train/Varicela/2024-06-26_00-12-13_1837.png,Varicela,Train/Varicela/2024-06-26_00-12-13_1837.png,4,Train
Train/Varicela/2024-06-27_00-41-48_7699.png,Varicela,Train/Varicela/2024-06-27_00-41-48_7699.png,4,Test
Train/Varicela/ChickenPox (222).jpg,Varicela,Train/Varicela/ChickenPox (222).jpg,4,Train
Train/Varicela/2024-06-27_13-06-21_4404.png,Varicela,Train/Varicela/2024-06-27_13-06-21_4404.png,4,Train
Train/Varicela/ChickenPox (258).jpg,Varicela,Train/Varicela/ChickenPox (258).jpg,4,Test
Train/Varicela/2024-06-26_23-29-52_3990.png,Varicela,Train/Varicela/2024-06-26_23-29-52_3990.png,4,Train
Train/Varicela/2024-06-27_12-16-30_9803.png,Varicela,Train/Varicela/2024-06-27_12-16-30_9803.png,4,Train
Train/Varicela/2024-06-27_11-45-02_2390.png,Varicela,Train/Varicela/2024-06-27_11-45-02_2390.png,4,Train
Train/Varicela/ChickenPox (51).png,Varicela,Train/Varicela/ChickenPox (51).png,4,Train
Train/Varicela/ChickenPox (265).jpg,Varicela,Train/Varicela/ChickenPox (265).jpg,4,Val
Train/Varicela/2024-06-25_22-51-36_2788.png,Varicela,Train/Varicela/2024-06-25_22-51-36_2788.png,4,Test
Train/Varicela/2024-06-27_13-33-29_2260.png,Varicela,Train/Varicela/2024-06-27_13-33-29_2260.png,4,Train
Train/Varicela/ChickenPox (218).jpg,Varicela,Train/Varicela/ChickenPox (218).jpg,4,Val
Train/Varicela/2024-06-27_12-14-38_7691.png,Varicela,Train/Varicela/2024-06-27_12-14-38_7691.png,4,Train
Train/Varicela/2024-06-27_12-03-36_5978.png,Varicela,Train/Varicela/2024-06-27_12-03-36_5978.png,4,Train
Train/Varicela/2024-06-25_21-41-36_4208.png,Varicela,Train/Varicela/2024-06-25_21-41-36_4208.png,4,Train
Train/Varicela/2024-06-27_13-14-23_4885.png,Varicela,Train/Varicela/2024-06-27_13-14-23_4885.png,4,Train
Train/Varicela/ChickenPox (188).jpg,Varicela,Train/Varicela/ChickenPox (188).jpg,4,Train
Train/Varicela/2024-06-25_22-56-41_5614.png,Varicela,Train/Varicela/2024-06-25_22-56-41_5614.png,4,Train
Train/Varicela/ChickenPox (278).jpg,Varicela,Train/Varicela/ChickenPox (278).jpg,4,Test
Train/Varicela/2024-06-26_20-58-35_8287.png,Varicela,Train/Varicela/2024-06-26_20-58-35_8287.png,4,Test
Train/Varicela/2024-06-27_12-23-13_3807.png,Varicela,Train/Varicela/2024-06-27_12-23-13_3807.png,4,Train
Train/Varicela/2024-06-26_21-43-52_2834.png,Varicela,Train/Varicela/2024-06-26_21-43-52_2834.png,4,Train
Train/Varicela/2024-06-26_22-22-35_1947.png,Varicela,Train/Varicela/2024-06-26_22-22-35_1947.png,4,Val
Train/Varicela/2024-06-25_21-30-59_7969.png,Varicela,Train/Varicela/2024-06-25_21-30-59_7969.png,4,Train
Train/Varicela/ChickenPox (279).jpg,Varicela,Train/Varicela/ChickenPox (279).jpg,4,Train
Train/Varicela/2024-06-27_13-22-20_2530.png,Varicela,Train/Varicela/2024-06-27_13-22-20_2530.png,4,Val
Train/Varicela/2024-06-26_21-47-08_5752.png,Varicela,Train/Varicela/2024-06-26_21-47-08_5752.png,4,Train
Train/Varicela/2024-06-26_21-33-31_2267.png,Varicela,Train/Varicela/2024-06-26_21-33-31_2267.png,4,Train
Train/Melanoma/Melanoma (207).jpg,Melanoma,Train/Melanoma/Melanoma (207).jpg,4,Val
Train/Melanoma/Melanoma (167).jpg,Melanoma,Train/Melanoma/Melanoma (167).jpg,4,Train
Train/Melanoma/Melanoma (421).jpg,Melanoma,Train/Melanoma/Melanoma (421).jpg,4,Test
Train/Melanoma/Melanoma (424).jpg,Melanoma,Train/Melanoma/Melanoma (424).jpg,4,Train
Train/Melanoma/Melanoma (276).jpg,Melanoma,Train/Melanoma/Melanoma (276).jpg,4,Val
Train/Melanoma/Melanoma (439).jpg,Melanoma,Train/Melanoma/Melanoma (439).jpg,4,Train
Train/Melanoma/melanoma_5669.jpg,Melanoma,Train/Melanoma/melanoma_5669.jpg,4,Train
Train/Melanoma/Melanoma (154).jpg,Melanoma,Train/Melanoma/Melanoma (154).jpg,4,Test
Train/Melanoma/Melanoma (369).jpg,Melanoma,Train/Melanoma/Melanoma (369).jpg,4,Train
Train/Melanoma/melanoma_5698.jpg,Melanoma,Train/Melanoma/melanoma_5698.jpg,4,Val
Train/Melanoma/Melanoma (206).jpg,Melanoma,Train/Melanoma/Melanoma (206).jpg,4,Train
Train/Melanoma/Melanoma (108).jpg,Melanoma,Train/Melanoma/Melanoma (108).jpg,4,Train
Train/Melanoma/Melanoma (225).jpg,Melanoma,Train/Melanoma/Melanoma (225).jpg,4,Train
Train/Sarampion/2024-06-26_17-06-48_1275.png,Sarampion,Train/Sarampion/2024-06-26_17-06-48_1275.png,4,Train
Train/Sarampion/Sarampion (34).jpg,Sarampion,Train/Sarampion/Sarampion (122).jpg,4,Val
Train/Sarampion/Sarampion (99).jpg,Sarampion,Train/Sarampion/Sarampion (99).jpg,4,Train
Train/Sarampion/2024-06-26_12-13-46_3831.png,Sarampion,Train/Sarampion/2024-06-26_12-13-46_3831.png,4,Train
Train/Sarampion/2024-06-26_18-26-56_2099.png,Sarampion,Train/Sarampion/2024-06-26_18-26-56_2099.png,4,Val
Train/Sarampion/2024-06-26_17-30-13_9287.png,Sarampion,Train/Sarampion/2024-06-26_17-30-13_9287.png,4,Train
Train/Sarampion/2024-06-26_18-53-19_4672.png,Sarampion,Train/Sarampion/2024-06-26_18-53-19_4672.png,4,Train
Train/Sarampion/2024-06-26_17-33-09_9314.png,Sarampion,Train/Sarampion/2024-06-26_17-33-09_9314.png,4,Train
Train/Sarampion/2024-06-26_12-18-48_6483.png,Sarampion,Train/Sarampion/2024-06-26_12-18-48_6483.png,4,Train
Train/Sarampion/2024-06-26_17-17-13_1972.png,Sarampion,Train/Sarampion/2024-06-26_17-17-13_1972.png,4,Train
Train/Sarampion/2024-06-26_12-09-55_7255.png,Sarampion,Train/Sarampion/2024-06-26_12-09-55_7255.png,4,Train
Train/Sarampion/2024-06-26_18-39-15_9521.png,Sarampion,Train/Sarampion/2024-06-26_18-39-15_9521.png,4,Train
Train/Sarampion/2024-06-26_12-13-23_8548.png,Sarampion,Train/Sarampion/2024-06-26_12-13-23_8548.png,4,Train
Train/Sarampion/Sarampion (63).jpg,Sarampion,Train/Sarampion/Sarampion (63).jpg,4,Train
Train/Sarampion/2024-06-26_12-14-41_4147.png,Sarampion,Train/Sarampion/2024-06-26_12-14-41_4147.png,4,Train
Train/Sarampion/2024-06-26_18-54-10_3473.png,Sarampion,Train/Sarampion/2024-06-26_18-54-10_3473.png,4,Train
Train/Sarampion/2024-06-26_18-51-17_6827.png,Sarampion,Train/Sarampion/2024-06-26_18-51-17_6827.png,4,Val
Train/Sarampion/2024-06-26_12-13-00_2392.png,Sarampion,Train/Sarampion/2024-06-26_12-13-00_2392.png,4,Train
Train/Sarampion/2024-06-26_18-38-52_1584.png,Sarampion,Train/Sarampion/2024-06-26_18-38-52_1584.png,4,Train
Train/Sarampion/2024-06-26_17-33-55_2715.png,Sarampion,Train/Sarampion/2024-06-26_17-33-55_2715.png,4,Train
Train/Sarampion/2024-06-26_18-46-07_8847.png,Sarampion,Train/Sarampion/2024-06-26_18-46-07_8847.png,4,Val
Train/Sarampion/2024-06-26_18-29-45_4418.png,Sarampion,Train/Sarampion/2024-06-26_18-29-45_4418.png,4,Train
Train/Sarampion/2024-06-26_18-49-37_3624.png,Sarampion,Train/Sarampion/2024-06-26_18-49-37_3624.png,4,Train
Train/Sarampion/2024-06-26_12-15-30_8710.png,Sarampion,Train/Sarampion/2024-06-26_12-15-30_8710.png,4,Test
Train/Sarampion/2024-06-26_17-21-07_7403.png,Sarampion,Train/Sarampion/2024-06-26_17-21-07_7403.png,4,Train
Train/Sarampion/2024-06-26_13-32-47_3652.png,Sarampion,Train/Sarampion/2024-06-26_13-32-47_3652.png,4,Val
Train/Sarampion/2024-06-26_18-34-51_1021.png,Sarampion,Train/Sarampion/2024-06-26_18-34-51_1021.png,4,Test
Train/Sarampion/Sarampion (81).png,Sarampion,Train/Sarampion/Sarampion (81).png,4,Train
Train/Sarampion/2024-06-26_18-34-27_7487.png,Sarampion,Train/Sarampion/2024-06-26_18-34-27_7487.png,4,Train
Train/Sarampion/Sarampion (60).png,Sarampion,Train/Sarampion/Sarampion (60).png,4,Train
Train/Sarampion/2024-06-26_18-52-05_8640.png,Sarampion,Train/Sarampion/2024-06-26_18-52-05_8640.png,4,Train
Train/Sarampion/2024-06-26_12-12-04_1572.png,Sarampion,Train/Sarampion/2024-06-26_12-12-04_1572.png,4,Val
Train/Sarampion/2024-06-26_15-55-42_9594.png,Sarampion,Train/Sarampion/2024-06-26_15-55-42_9594.png,4,Train
Train/Sarampion/2024-06-26_12-10-47_9594.png,Sarampion,Train/Sarampion/2024-06-26_12-10-47_9594.png,4,Val
Train/Sarampion/2024-06-26_17-13-45_5162.png,Sarampion,Train/Sarampion/2024-06-26_17-13-45_5162.png,4,Train
Train/Sarampion/2024-06-26_18-35-38_6808.png,Sarampion,Train/Sarampion/2024-06-26_18-35-38_6808.png,4,Train
Train/Sarampion/2024-06-26_17-17-34_2732.png,Sarampion,Train/Sarampion/2024-06-26_17-17-34_2732.png,4,Test
Train/Sarampion/Sarampion (46).png,Sarampion,Train/Sarampion/Sarampion (46).png,4,Train
Train/Sarampion/2024-06-26_18-20-50_1741.png,Sarampion,Train/Sarampion/2024-06-26_18-20-50_1741.png,4,Val
Train/Sarampion/2024-06-26_12-18-02_3000.png,Sarampion,Train/Sarampion/2024-06-26_12-18-02_3000.png,4,Train
Train/Sarampion/2024-06-26_18-21-15_3616.png,Sarampion,Train/Sarampion/2024-06-26_18-21-15_3616.png,4,Test
Train/Sarampion/2024-06-26_18-32-01_3999.png,Sarampion,Train/Sarampion/2024-06-26_18-32-01_3999.png,4,Train
Train/Sarampion/2024-06-26_17-19-08_7470.png,Sarampion,Train/Sarampion/2024-06-26_17-19-08_7470.png,4,Train
Train/Sarampion/2024-06-26_18-45-32_8285.png,Sarampion,Train/Sarampion/2024-06-26_18-45-32_8285.png,4,Val
Train/Sarampion/2024-06-26_17-19-55_9561.png,Sarampion,Train/Sarampion/2024-06-26_17-19-55_9561.png,4,Train
Train/Sarampion/2024-06-26_18-43-03_4744.png,Sarampion,Train/Sarampion/2024-06-26_18-43-03_4744.png,4,Train
Train/Sarampion/2024-06-26_18-30-15_8910.png,Sarampion,Train/Sarampion/2024-06-26_18-30-15_8910.png,4,Val
Train/Sarampion/Sarampion.jpeg,Sarampion,Train/Sarampion/Sarampion.jpeg,4,Train
Train/Sarampion/2024-06-26_18-50-54_6828.png,Sarampion,Train/Sarampion/2024-06-26_18-50-54_6828.png,4,Train
Train/Sarampion/2024-06-26_17-33-32_6380.png,Sarampion,Train/Sarampion/2024-06-26_17-33-32_6380.png,4,Train
Train/Sarampion/2024-06-26_12-11-40_8397.png,Sarampion,Train/Sarampion/2024-06-26_12-11-40_8397.png,4,Train
Train/Sarampion/2024-06-26_18-28-54_2223.png,Sarampion,Train/Sarampion/2024-06-26_18-28-54_2223.png,4,Val
Train/Sarampion/2024-06-26_12-21-06_4254.png,Sarampion,Train/Sarampion/2024-06-26_12-21-06_4254.png,4,Train
Train/Sarampion/2024-06-26_15-20-17_4986.png,Sarampion,Train/Sarampion/2024-06-26_15-20-17_4986.png,4,Test
Train/Sarampion/Sarampion (75).png,Sarampion,Train/Sarampion/Sarampion (75).png,4,Train
Train/Sarampion/2024-06-26_18-43-52_5069.png,Sarampion,Train/Sarampion/2024-06-26_18-43-52_5069.png,4,Train
Train/Sarampion/2024-06-26_12-19-10_2182.png,Sarampion,Train/Sarampion/2024-06-26_12-19-10_2182.png,4,Train
Train/Sarampion/Sarampion (71).jpg,Sarampion,Test/Sarampion/Sarampion (9).jpg,4,Train
Train/Sarampion/2024-06-26_18-41-33_8344.png,Sarampion,Train/Sarampion/2024-06-26_18-41-33_8344.png,4,Train
Train/Sarampion/2024-06-26_18-29-19_9529.png,Sarampion,Train/Sarampion/2024-06-26_18-29-19_9529.png,4,Train
Train/Sarampion/2024-06-26_18-41-57_2773.png,Sarampion,Train/Sarampion/2024-06-26_18-41-57_2773.png,4,Train
Train/Sarampion/2024-06-26_18-47-59_2594.png,Sarampion,Train/Sarampion/2024-06-26_18-47-59_2594.png,4,Val
Train/Sarampion/2024-06-26_18-50-23_9423.png,Sarampion,Train/Sarampion/2024-06-26_18-50-23_9423.png,4,Test
Train/Sarampion/2024-06-26_18-20-56_9388.png,Sarampion,Train/Sarampion/2024-06-26_18-20-56_9388.png,4,Val
Train/Sarampion/Sarampion (156).jpg,Sarampion,Train/Sarampion/Sarampion (156).jpg,4,Train
Train/Sarampion/2024-06-26_18-28-28_2670.png,Sarampion,Train/Sarampion/2024-06-26_18-28-28_2670.png,4,Val
Train/Sarampion/2024-06-26_18-20-42_6725.png,Sarampion,Train/Sarampion/2024-06-26_18-20-42_6725.png,4,Train
Train/Sarampion/2024-06-26_18-31-32_3669.png,Sarampion,Train/Sarampion/2024-06-26_18-31-32_3669.png,4,Train
Train/Sarampion/Sarampion (122).jpg,Sarampion,Train/Sarampion/Sarampion (122).jpg,4,Val
Train/Sarampion/2024-06-26_18-23-21_5509.png,Sarampion,Train/Sarampion/2024-06-26_18-23-21_5509.png,4,Train
Train/Sarampion/Sarampion (58).png,Sarampion,Train/Sarampion/Sarampion (122).jpg,4,Val
Train/Sarampion/2024-06-26_18-22-15_6467.png,Sarampion,Train/Sarampion/2024-06-26_18-22-15_6467.png,4,Train
Train/Sarampion/2024-06-26_18-22-40_3317.png,Sarampion,Train/Sarampion/2024-06-26_18-22-40_3317.png,4,Train
Train/Sarampion/2024-06-26_17-22-28_4993.png,Sarampion,Train/Sarampion/2024-06-26_17-22-28_4993.png,4,Val
Train/Sarampion/2024-06-26_17-18-22_5687.png,Sarampion,Train/Sarampion/2024-06-26_17-18-22_5687.png,4,Train
Train/Sarampion/2024-06-26_12-14-09_8993.png,Sarampion,Train/Sarampion/2024-06-26_12-14-09_8993.png,4,Test
Train/Sarampion/2024-06-26_12-12-27_2080.png,Sarampion,Train/Sarampion/2024-06-26_12-12-27_2080.png,4,Train
Train/Sarampion/Sarampion (68).png,Sarampion,Train/Sarampion/Sarampion (68).png,4,Train
Train/Sarampion/2024-06-26_12-18-25_3518.png,Sarampion,Train/Sarampion/2024-06-26_12-18-25_3518.png,4,Train
Train/Sarampion/2024-06-26_17-12-32_1943.png,Sarampion,Train/Sarampion/2024-06-26_17-12-32_1943.png,4,Train
Train/Sarampion/2024-06-26_12-17-39_1278.png,Sarampion,Train/Sarampion/2024-06-26_12-17-39_1278.png,4,Train
Train/Sarampion/2024-06-26_18-26-19_1707.png,Sarampion,Train/Sarampion/2024-06-26_18-26-19_1707.png,4,Train
Train/Sarampion/2024-06-26_18-40-35_9429.png,Sarampion,Train/Sarampion/2024-06-26_18-40-35_9429.png,4,Train
Train/Sarampion/2024-06-26_11-56-48_4821.png,Sarampion,Train/Sarampion/2024-06-26_11-56-48_4821.png,4,Train
Train/Sarampion/2024-06-26_18-50-00_5687.png,Sarampion,Train/Sarampion/2024-06-26_18-50-00_5687.png,4,Train
Train/Sarampion/Sarampion (83).png,Sarampion,Train/Sarampion/Sarampion (83).png,4,Train
Train/Sarampion/2024-06-26_18-41-01_7341.png,Sarampion,Train/Sarampion/2024-06-26_18-41-01_7341.png,4,Test
Train/Sarampion/2024-06-26_12-20-01_8361.png,Sarampion,Train/Sarampion/2024-06-26_12-20-01_8361.png,4,Train
Train/Sarampion/Sarampion (8).jpg,Sarampion,Train/Sarampion/Sarampion (8).jpg,4,Train
Train/Sarampion/2024-06-26_17-20-19_7898.png,Sarampion,Train/Sarampion/2024-06-26_17-20-19_7898.png,4,Train
Train/Sarampion/2024-06-26_18-48-23_2524.png,Sarampion,Train/Sarampion/2024-06-26_18-48-23_2524.png,4,Test
Train/Sarampion/2024-06-26_13-19-14_4091.png,Sarampion,Train/Sarampion/2024-06-26_13-19-14_4091.png,4,Train
Train/Sarampion/2024-06-26_16-49-12_3470.png,Sarampion,Train/Sarampion/2024-06-26_16-49-12_3470.png,4,Train
Train/Sarampion/Sarampion (37).png,Sarampion,Train/Sarampion/Sarampion (37).png,4,Train
Train/Sarampion/2024-06-26_17-21-54_5728.png,Sarampion,Train/Sarampion/2024-06-26_17-21-54_5728.png,4,Test
Train/Sarampion/2024-06-26_13-56-58_5654.png,Sarampion,Train/Sarampion/2024-06-26_13-56-58_5654.png,4,Test
Train/Sarampion/2024-06-26_18-43-28_6048.png,Sarampion,Train/Sarampion/2024-06-26_18-43-28_6048.png,4,Train
Train/Sarampion/2024-06-26_18-52-53_8287.png,Sarampion,Train/Sarampion/2024-06-26_18-52-53_8287.png,4,Test
Train/Sarampion/2024-06-26_18-52-30_1239.png,Sarampion,Train/Sarampion/2024-06-26_18-52-30_1239.png,4,Train
Train/Sarampion/Sarampion (52).jpg,Sarampion,Train/Sarampion/Sarampion (52).jpg,4,Test
Train/Sarampion/2024-06-26_12-19-31_3606.png,Sarampion,Train/Sarampion/2024-06-26_12-19-31_3606.png,4,Train
Train/Sarampion/Sarampion (59).png,Sarampion,Train/Sarampion/Sarampion (59).png,4,Train
Train/Sarampion/2024-06-26_18-48-46_1629.png,Sarampion,Train/Sarampion/2024-06-26_18-48-46_1629.png,4,Train
Train/Sarampion/2024-06-26_17-22-52_8567.png,Sarampion,Train/Sarampion/2024-06-26_17-22-52_8567.png,4,Train
Train/Sarampion/2024-06-26_15-19-25_4994.png,Sarampion,Train/Sarampion/2024-06-26_15-19-25_4994.png,4,Train
Train/Sarampion/2024-06-26_17-30-39_1313.png,Sarampion,Train/Sarampion/2024-06-26_17-30-39_1313.png,4,Train
Train/Sarampion/2024-06-26_12-10-19_6265.png,Sarampion,Train/Sarampion/2024-06-26_12-10-19_6265.png,4,Train
Train/Sarampion/2024-06-26_17-32-03_3173.png,Sarampion,Train/Sarampion/2024-06-26_17-32-03_3173.png,4,Test
Train/Sarampion/2024-06-26_18-30-41_4357.png,Sarampion,Train/Sarampion/2024-06-26_18-30-41_4357.png,4,Train
Test/Herpes/Herpes (29).jpg,Herpes,Test/Herpes/Herpes (29).jpg,4,Val
Test/Herpes/Herpes (18).jpg,Herpes,Test/Herpes/Herpes (18).jpg,4,Train
Test/Herpes/2024-06-26_20-39-30_8341.png,Herpes,Test/Herpes/2024-06-26_20-39-30_8341.png,4,Val
Test/Herpes/Herpes (44).jpg,Herpes,Test/Herpes/Herpes (44).jpg,4,Train
Test/Herpes/Herpes (13).jpg,Herpes,Test/Herpes/Herpes (13).jpg,4,Train
Test/Herpes/Herpes (5).png,Herpes,Test/Herpes/Herpes (5).png,4,Train
Test/Monkeypox/2024-06-27_15-08-34_5633.png,Monkeypox,Test/Monkeypox/2024-06-27_15-08-34_5633.png,4,Train
Test/Monkeypox/MonkeyPox (28).jpg,Monkeypox,Test/Monkeypox/MonkeyPox (28).jpg,4,Train
Test/Monkeypox/2024-06-27_15-10-20_8807.png,Monkeypox,Test/Monkeypox/2024-06-27_15-10-20_8807.png,4,Train
Test/Monkeypox/MonkeyPox (105).jpg,Monkeypox,Test/Monkeypox/MonkeyPox (105).jpg,4,Train
Test/Monkeypox/MonkeyPox (3).png,Monkeypox,Test/Monkeypox/MonkeyPox (3).png,4,Train
Test/Monkeypox/2024-06-27_14-16-08_7006.png,Monkeypox,Test/Monkeypox/2024-06-27_14-16-08_7006.png,4,Train
Test/Monkeypox/2024-06-27_14-09-37_4091.png,Monkeypox,Test/Monkeypox/2024-06-27_14-09-37_4091.png,4,Test
Test/Monkeypox/MonkeyPox (9).jpg,Monkeypox,Test/Monkeypox/MonkeyPox (9).jpg,4,Test
Test/Monkeypox/MonkeyPox (117).jpg,Monkeypox,Test/Monkeypox/MonkeyPox (117).jpg,4,Train
Test/Monkeypox/MonkeyPox (17).jpg,Monkeypox,Test/Monkeypox/MonkeyPox (17).jpg,4,Train
Test/Monkeypox/2024-06-27_15-08-58_1940.png,Monkeypox,Test/Monkeypox/2024-06-27_15-08-58_1940.png,4,Train
Test/Monkeypox/MonkeyPox (39).jpg,Monkeypox,Test/Monkeypox/MonkeyPox (39).jpg,4,Train
Test/Monkeypox/2024-06-27_14-10-01_4450.png,Monkeypox,Test/Monkeypox/2024-06-27_14-10-01_4450.png,4,Train
Test/Monkeypox/2024-06-27_13-59-23_4022.png,Monkeypox,Test/Monkeypox/2024-06-27_13-59-23_4022.png,4,Test
Test/Varicela/2024-06-27_12-05-49_1014.png,Varicela,Test/Varicela/2024-06-27_12-05-49_1014.png,4,Test
Test/Varicela/2024-06-27_11-43-31_5038.png,Varicela,Test/Varicela/2024-06-27_11-43-31_5038.png,4,Train
Test/Varicela/ChickenPox (60).jpg,Varicela,Test/Varicela/ChickenPox (60).jpg,4,Train
Test/Varicela/ChickenPox (31).png,Varicela,Test/Varicela/ChickenPox (31).png,4,Train
Test/Varicela/ChickenPox (44).png,Varicela,Test/Varicela/ChickenPox (44).png,4,Train
Test/Varicela/2024-06-25_23-32-13_6030.png,Varicela,Test/Varicela/2024-06-25_23-32-13_6030.png,4,Val
Test/Melanoma/Melanoma (2).jpg,Melanoma,Test/Melanoma/Melanoma (2).jpg,4,Train
Test/Melanoma/Melanoma (66).jpg,Melanoma,Test/Melanoma/Melanoma (66).jpg,4,Train
Test/Sarampion/2024-06-26_18-55-04_6340.png,Sarampion,Test/Sarampion/2024-06-26_18-55-04_6340.png,4,Train
Test/Sarampion/2024-06-26_12-16-35_2776.png,Sarampion,Test/Sarampion/2024-06-26_12-16-35_2776.png,4,Train
Test/Sarampion/Sarampion (48).png,Sarampion,Test/Sarampion/Sarampion (48).png,4,Train
Test/Sarampion/2024-06-26_18-25-29_9961.png,Sarampion,Test/Sarampion/2024-06-26_18-25-29_9961.png,4,Train
Test/Sarampion/Sarampion (32).png,Sarampion,Test/Sarampion/Sarampion (32).png,4,Train
Test/Sarampion/2024-06-26_14-01-28_8761.png,Sarampion,Test/Sarampion/2024-06-26_14-01-28_8761.png,4,Train
Test/Sarampion/2024-06-26_18-55-27_6748.png,Sarampion,Test/Sarampion/2024-06-26_18-55-27_6748.png,4,Test
Test/Sarampion/2024-06-26_17-15-57_5912.png,Sarampion,Test/Sarampion/2024-06-26_17-15-57_5912.png,4,Train
Test/Sarampion/2024-06-26_18-47-24_2909.png,Sarampion,Test/Sarampion/2024-06-26_18-47-24_2909.png,4,Train
Test/Sarampion/2024-06-26_17-29-44_1576.png,Sarampion,Test/Sarampion/2024-06-26_17-29-44_1576.png,4,Val
Test/Sarampion/2024-06-26_18-46-32_6310.png,Sarampion,Test/Sarampion/2024-06-26_18-46-32_6310.png,4,Train
Test/Sarampion/2024-06-26_18-54-40_4156.png,Sarampion,Test/Sarampion/2024-06-26_18-54-40_4156.png,4,Train
Test/Sarampion/2024-06-26_12-16-14_5492.png,Sarampion,Test/Sarampion/2024-06-26_12-16-14_5492.png,4,Train
Test/Sarampion/2024-06-26_17-25-28_7382.png,Sarampion,Test/Sarampion/2024-06-26_17-25-28_7382.png,4,Train
Test/Sarampion/2024-06-26_12-09-05_5942.png,Sarampion,Test/Sarampion/2024-06-26_12-09-05_5942.png,4,Test
Test/Sarampion/2024-06-26_18-25-06_6595.png,Sarampion,Test/Sarampion/2024-06-26_18-25-06_6595.png,4,Test
Test/Sarampion/2024-06-26_17-14-45_6203.png,Sarampion,Test/Sarampion/2024-06-26_17-14-45_6203.png,4,Val
Test/Sarampion/2024-06-26_17-16-45_3964.png,Sarampion,Test/Sarampion/2024-06-26_17-16-45_3964.png,4,Test
Test/Sarampion/2024-06-26_12-09-31_9870.png,Sarampion,Test/Sarampion/2024-06-26_12-09-31_9870.png,4,Train
Test/Sarampion/2024-06-26_12-17-18_7060.png,Sarampion,Test/Sarampion/2024-06-26_12-17-18_7060.png,4,Test
Test/Sarampion/Sarampion (9).jpg,Sarampion,Test/Sarampion/Sarampion (9).jpg,4,Train
Test/Sarampion/2024-06-26_17-24-12_1688.png,Sarampion,Test/Sarampion/2024-06-26_17-24-12_1688.png,4,Train
Test/Sarampion/2024-06-26_18-23-44_7036.png,Sarampion,Test/Sarampion/2024-06-26_18-23-44_7036.png,4,Train
Test/Sarampion/2024-06-26_18-25-56_9550.png,Sarampion,Test/Sarampion/2024-06-26_18-25-56_9550.png,4,Train
Test/Sarampion/2024-06-26_18-46-57_1618.png,Sarampion,Test/Sarampion/2024-06-26_18-46-57_1618.png,4,Train
Test/Sarampion/2024-06-26_14-56-41_7181.png,Sarampion,Test/Sarampion/2024-06-26_14-56-41_7181.png,4,Train
Test/Sarampion/Sarampion (17).jpg,Sarampion,Test/Sarampion/Sarampion (17).jpg,4,Train
Test/Sarampion/2024-06-26_18-36-04_7670.png,Sarampion,Test/Sarampion/2024-06-26_18-36-04_7670.png,4,Train
Test/Sarampion/2024-06-26_17-24-34_7466.png,Sarampion,Test/Sarampion/2024-06-26_17-24-34_7466.png,4,Train
Test/Sarampion/Sarampion (20).jpeg,Sarampion,Test/Sarampion/Sarampion (20).jpeg,4,Train
Val/Herpes/Herpes (59).jpg,Herpes,Val/Herpes/Herpes (59).jpg,4,Train
Val/Monkeypox/MonkeyPox (14).jpg,Monkeypox,Val/Monkeypox/MonkeyPox (14).jpg,4,Train
Val/Monkeypox/MonkeyPox (11).jpg,Monkeypox,Val/Monkeypox/MonkeyPox (11).jpg,4,Train
Val/Monkeypox/MonkeyPox (14).jpeg,Monkeypox,Val/Monkeypox/MonkeyPox (14).jpeg,4,Val
Val/Varicela/ChickenPox (24).png,Varicela,Val/Varicela/ChickenPox (24).png,4,Train
Val/Varicela/ChickenPox (5).jpg,Varicela,Train/Varicela/ChickenPox (225).jpg,4,Test
Val/Varicela/ChickenPox (9).jpg,Varicela,Val/Varicela/ChickenPox (9).jpg,4,Train
Val/Melanoma/Melanoma (128).jpg,Melanoma,Val/Melanoma/Melanoma (128).jpg,4,Train
Val/Melanoma/Melanoma (186).jpg,Melanoma,Val/Melanoma/Melanoma (186).jpg,4,Train
Val/Sarampion/Sarampion (41).png,Sarampion,Val/Sarampion/Sarampion (41).png,4,Test
Val/Sarampion/Sarampion (2).png,Sarampion,Val/Sarampion/Sarampion (2).png,4,Train
Val/Sarampion/Sarampion (18).png,Sarampion,Test/Sarampion/Sarampion (9).jpg,4,Train
Val/Sarampion/Sarampion (2).jpeg,Sarampion,Test/Sarampion/Sarampion (33).png,4,Train
Val/Sarampion/Sarampion (14).jpeg,Sarampion,Val/Sarampion/Sarampion (14).jpeg,4,Train
Test/Varicela/ChickenPox (87).jpg,Varicela,Test/Varicela/ChickenPox (87).jpg,4,Train
Train/Sarampion/2024-06-26_13-34-03_3621.png,Sarampion,Train/Sarampion/2024-06-26_13-34-03_3621.png,4,Val
Train/Sarampion/2024-06-26_17-21-31_4636.png,Sarampion,Train/Sarampion/2024-06-26_17-21-31_4636.png,4,Val
Train/Monkeypox/2024-06-27_13-57-20_2703.png,Monkeypox,Train/Monkeypox/2024-06-27_13-57-20_2703.png,4,Train
Test/Varicela/2024-06-25_23-07-03_7302.png,Varicela,Test/Varicela/2024-06-25_23-07-03_7302.png,4,Val
Test/Herpes/2024-06-26_20-41-17_6240.png,Herpes,Test/Herpes/2024-06-26_20-41-17_6240.png,4,Train
Train/Varicela/2024-06-26_23-34-23_5504.png,Varicela,Train/Varicela/2024-06-26_23-34-23_5504.png,4,Train
Train/Varicela/2024-06-27_12-02-07_7463.png,Varicela,Train/Varicela/2024-06-27_12-02-07_7463.png,4,Train
Test/Monkeypox/2024-06-27_15-22-32_9308.png,Monkeypox,Test/Monkeypox/2024-06-27_15-22-32_9308.png,4,Val
Train/Sarampion/2024-06-26_15-15-19_6482.png,Sarampion,Train/Sarampion/2024-06-26_15-15-19_6482.png,4,Train
Train/Sarampion/Sarampion (45).jpg,Sarampion,Train/Sarampion/Sarampion (45).jpg,4,Train
Train/Varicela/ChickenPox (133).jpg,Varicela,Train/Varicela/ChickenPox (133).jpg,4,Train
Test/Herpes/Herpes (38).jpg,Herpes,Test/Herpes/Herpes (38).jpg,4,Test
Train/Varicela/ChickenPox (241).jpg,Varicela,Train/Varicela/ChickenPox (241).jpg,4,Train
Train/Monkeypox/MonkeyPox (142).png,Monkeypox,Train/Monkeypox/MonkeyPox (142).png,4,Train
Train/Varicela/ChickenPox (192).jpg,Varicela,Train/Varicela/ChickenPox (192).jpg,4,Train
Train/Monkeypox/MonkeyPox (178).jpg,Monkeypox,Train/Monkeypox/MonkeyPox (178).jpg,4,Train
Train/Varicela/ChickenPox (263).jpg,Varicela,Train/Varicela/ChickenPox (263).jpg,4,Train
Train/Varicela/2024-06-25_21-34-59_8825.png,Varicela,Train/Varicela/2024-06-25_21-34-59_8825.png,4,Val
Train/Sarampion/2024-06-26_15-04-05_3977.png,Sarampion,Train/Sarampion/2024-06-26_15-04-05_3977.png,4,Train
Val/Varicela/ChickenPox (12).jpeg,Varicela,Val/Varicela/ChickenPox (12).jpeg,4,Val
Train/Herpes/Herpes.jpg,Herpes,Train/Herpes/Herpes.jpg,4,Train
Train/Varicela/2024-06-25_23-26-55_5054.png,Varicela,Train/Varicela/2024-06-25_23-26-55_5054.png,4,Train
Train/Sarampion/2024-06-26_13-58-38_3554.png,Sarampion,Train/Sarampion/2024-06-26_13-58-38_3554.png,4,Test
Train/Monkeypox/2024-06-27_13-55-01_8231.png,Monkeypox,Train/Monkeypox/2024-06-27_13-55-01_8231.png,4,Val
Test/Herpes/2024-06-26_20-34-15_6954.png,Herpes,Test/Herpes/2024-06-26_20-34-15_6954.png,4,Train
Train/Sarampion/Sarampion (102).jpg,Sarampion,Test/Sarampion/Sarampion (33).png,4,Train
Train/Sarampion/2024-06-26_15-08-43_2940.png,Sarampion,Train/Sarampion/2024-06-26_15-08-43_2940.png,4,Train
Train/Sarampion/2024-06-26_18-13-01_6573.png,Sarampion,Train/Sarampion/2024-06-26_18-13-01_6573.png,4,Train
Train/Varicela/2024-06-25_23-42-05_6670.png,Varicela,Train/Varicela/2024-06-25_23-42-05_6670.png,4,Train
Train/Monkeypox/2024-06-27_15-30-27_8136.png,Monkeypox,Train/Monkeypox/2024-06-27_15-30-27_8136.png,4,Train
Train/Varicela/2024-06-27_00-08-58_9769.png,Varicela,Train/Varicela/2024-06-27_00-08-58_9769.png,4,Train
Train/Varicela/2024-06-27_12-03-59_8548.png,Varicela,Train/Varicela/2024-06-27_12-03-59_8548.png,4,Test
Train/Varicela/2024-06-26_21-14-28_3487.png,Varicela,Train/Varicela/2024-06-26_21-14-28_3487.png,4,Train
Train/Herpes/Herpes (261).jpg,Herpes,Train/Herpes/Herpes (261).jpg,4,Test
Train/Monkeypox/2024-06-27_16-35-25_1474.png,Monkeypox,Train/Monkeypox/2024-06-27_16-35-25_1474.png,4,Test
Train/Varicela/ChickenPox (91).jpg,Varicela,Train/Varicela/ChickenPox (91).jpg,4,Train
Train/Sarampion/Sarampion (69).png,Sarampion,Train/Sarampion/Sarampion (69).png,4,Train
Val/Sarampion/Sarampion (14).png,Sarampion,Val/Sarampion/Sarampion (14).png,4,Train
Train/Varicela/2024-06-27_12-01-22_7986.png,Varicela,Train/Varicela/2024-06-27_12-01-22_7986.png,4,Test
Train/Sarampion/2024-06-26_11-59-57_7197.png,Sarampion,Train/Sarampion/2024-06-26_11-59-57_7197.png,4,Train
Train/Sarampion/Sarampion (123).jpg,Sarampion,Train/Sarampion/Sarampion (123).jpg,4,Train
Train/Herpes/2024-06-24_22-08-54_7574.png,Herpes,Train/Herpes/2024-06-24_22-08-54_7574.png,4,Train
Train/Monkeypox/2024-06-27_14-17-03_8584.png,Monkeypox,Train/Monkeypox/2024-06-27_14-17-03_8584.png,4,Train
Train/Varicela/2024-06-26_21-50-27_6383.png,Varicela,Train/Varicela/2024-06-26_21-50-27_6383.png,4,Train
Test/Herpes/Herpes (51).jpg,Herpes,Test/Herpes/Herpes (51).jpg,4,Val
Train/Sarampion/Sarampion (85).jpg,Sarampion,Train/Sarampion/Sarampion (85).jpg,4,Train
Train/Herpes/Herpes.png,Herpes,Train/Herpes/Herpes.png,4,Val
Train/Varicela/ChickenPox (255).jpg,Varicela,Train/Varicela/ChickenPox (255).jpg,4,Val
Train/Monkeypox/2024-06-27_16-32-03_5617.png,Monkeypox,Train/Monkeypox/2024-06-27_16-32-03_5617.png,4,Val
Train/Varicela/ChickenPox (221).jpg,Varicela,Train/Varicela/ChickenPox (221).jpg,4,Train
Test/Monkeypox/MonkeyPox (134).jpg,Monkeypox,Test/Monkeypox/MonkeyPox (134).jpg,4,Train
Train/Sarampion/Sarampion (73).jpg,Sarampion,Train/Sarampion/Sarampion (73).jpg,4,Train
Train/Monkeypox/2024-06-27_13-58-11_9592.png,Monkeypox,Train/Monkeypox/2024-06-27_13-58-11_9592.png,4,Test
Test/Varicela/ChickenPox (49).png,Varicela,Test/Varicela/ChickenPox (49).png,4,Train
Train/Herpes/2024-06-24_21-30-27_9522.png,Herpes,Train/Herpes/2024-06-24_21-30-27_9522.png,4,Train
Train/Varicela/ChickenPox (228).jpg,Varicela,Train/Varicela/ChickenPox (228).jpg,4,Train
Train/Sarampion/2024-06-26_16-11-54_9373.png,Sarampion,Train/Sarampion/2024-06-26_16-11-54_9373.png,4,Train
Train/Herpes/Herpes (262).jpg,Herpes,Train/Herpes/Herpes (262).jpg,4,Train
Test/Herpes/Herpes (74).jpg,Herpes,Test/Herpes/Herpes (74).jpg,4,Train
Train/Sarampion/2024-06-26_12-58-54_4368.png,Sarampion,Train/Sarampion/2024-06-26_12-58-54_4368.png,4,Train
Train/Monkeypox/2024-06-27_16-03-29_1919.png,Monkeypox,Train/Monkeypox/2024-06-27_16-03-29_1919.png,4,Val
Test/Sarampion/2024-06-26_15-06-38_7428.png,Sarampion,Test/Sarampion/2024-06-26_15-06-38_7428.png,4,Train
Train/Varicela/2024-06-26_21-42-24_5384.png,Varicela,Train/Varicela/2024-06-26_21-42-24_5384.png,4,Train
Train/Varicela/2024-06-25_22-36-19_9409.png,Varicela,Train/Varicela/2024-06-25_22-36-19_9409.png,4,Train
Test/Sarampion/2024-06-26_11-54-26_3910.png,Sarampion,Test/Sarampion/2024-06-26_11-54-26_3910.png,4,Train
Train/Monkeypox/2024-06-27_15-30-04_7633.png,Monkeypox,Train/Monkeypox/2024-06-27_15-30-04_7633.png,4,Train
Train/Herpes/2024-06-24_22-23-40_9531.png,Herpes,Train/Herpes/2024-06-24_22-23-40_9531.png,4,Train
Train/Sarampion/Sarampion (45).png,Sarampion,Train/Sarampion/Sarampion (45).png,4,Train
Val/Herpes/Herpes (28).jpg,Herpes,Val/Herpes/Herpes (28).jpg,4,Train
Train/Varicela/ChickenPox (229).jpg,Varicela,Train/Varicela/ChickenPox (229).jpg,4,Train
Train/Herpes/2024-06-24_22-37-38_3707.png,Herpes,Train/Herpes/2024-06-24_22-37-38_3707.png,4,Train
Train/Herpes/Herpes (194).jpg,Herpes,Train/Herpes/Herpes (194).jpg,4,Test
Train/Sarampion/Sarampion (67).jpg,Sarampion,Train/Sarampion/Sarampion (133).jpg,4,Test
Train/Sarampion/Sarampion (94).jpg,Sarampion,Train/Sarampion/Sarampion (94).jpg,4,Train
Train/Varicela/ChickenPox (132).jpg,Varicela,Train/Varicela/ChickenPox (132).jpg,4,Train
Train/Varicela/2024-06-25_21-32-59_3164.png,Varicela,Train/Varicela/2024-06-25_21-32-59_3164.png,4,Train
Train/Sarampion/2024-06-26_12-07-02_7219.png,Sarampion,Train/Sarampion/2024-06-26_12-07-02_7219.png,4,Train
Train/Herpes/Herpes (162).jpg,Herpes,Train/Herpes/Herpes (162).jpg,4,Test
Test/Sarampion/2024-06-26_11-56-01_5361.png,Sarampion,Test/Sarampion/2024-06-26_11-56-01_5361.png,4,Train
Train/Sarampion/2024-06-26_13-59-29_3375.png,Sarampion,Train/Sarampion/2024-06-26_13-59-29_3375.png,4,Val
Train/Varicela/2024-06-27_11-59-28_1614.png,Varicela,Train/Varicela/2024-06-27_11-59-28_1614.png,4,Test
Train/Monkeypox/2024-06-27_16-35-47_5319.png,Monkeypox,Train/Monkeypox/2024-06-27_16-35-47_5319.png,4,Test
Train/Monkeypox/2024-06-27_13-56-56_8334.png,Monkeypox,Train/Monkeypox/2024-06-27_13-56-56_8334.png,4,Test
Train/Varicela/2024-06-26_22-22-58_8722.png,Varicela,Train/Varicela/2024-06-26_22-22-58_8722.png,4,Train
Train/Varicela/ChickenPox (174).jpg,Varicela,Train/Varicela/ChickenPox (174).jpg,4,Train
Train/Varicela/2024-06-27_13-23-48_7560.png,Varicela,Train/Varicela/2024-06-27_13-23-48_7560.png,4,Train
Train/Monkeypox/2024-06-27_14-06-48_9948.png,Monkeypox,Train/Monkeypox/2024-06-27_14-06-48_9948.png,4,Val
Train/Varicela/2024-06-27_12-22-51_8259.png,Varicela,Train/Varicela/2024-06-27_12-22-51_8259.png,4,Train
Train/Varicela/ChickenPox (59).png,Varicela,Train/Varicela/ChickenPox (192).jpg,4,Train
Train/Varicela/2024-06-26_23-41-52_7860.png,Varicela,Train/Varicela/2024-06-26_23-41-52_7860.png,4,Train
Train/Monkeypox/2024-06-27_16-45-06_3027.png,Monkeypox,Train/Monkeypox/2024-06-27_16-45-06_3027.png,4,Train
Val/Varicela/ChickenPox (10).jpeg,Varicela,Val/Varicela/ChickenPox (10).jpeg,4,Test
Train/Varicela/2024-06-27_12-09-09_1375.png,Varicela,Train/Varicela/2024-06-27_12-09-09_1375.png,4,Train
Train/Monkeypox/2024-06-27_15-31-36_1699.png,Monkeypox,Train/Monkeypox/2024-06-27_15-31-36_1699.png,4,Val
Train/Monkeypox/2024-06-27_17-00-17_9938.png,Monkeypox,Train/Monkeypox/2024-06-27_17-00-17_9938.png,4,Train
Train/Varicela/2024-06-25_21-31-46_9293.png,Varicela,Train/Varicela/2024-06-25_21-31-46_9293.png,4,Test
Test/Sarampion/2024-06-26_15-05-21_1652.png,Sarampion,Test/Sarampion/2024-06-26_15-05-21_1652.png,4,Train
Train/Sarampion/2024-06-26_13-00-26_1168.png,Sarampion,Train/Sarampion/2024-06-26_13-00-26_1168.png,4,Val
Train/Monkeypox/2024-06-27_17-02-55_8647.png,Monkeypox,Train/Monkeypox/2024-06-27_17-02-55_8647.png,4,Train
Test/Varicela/2024-06-26_23-15-32_6074.png,Varicela,Test/Varicela/2024-06-26_23-15-32_6074.png,4,Train
Train/Herpes/Herpes (191).jpg,Herpes,Train/Herpes/Herpes (191).jpg,4,Val
Train/Herpes/2024-06-24_22-26-33_4237.png,Herpes,Train/Herpes/2024-06-24_22-26-33_4237.png,4,Train
Val/Sarampion/Sarampion (34).png,Sarampion,Val/Sarampion/Sarampion (34).png,4,Train
Train/Monkeypox/2024-06-27_16-41-11_5769.png,Monkeypox,Train/Monkeypox/2024-06-27_16-41-11_5769.png,4,Train
Val/Varicela/ChickenPox (11).jpeg,Varicela,Val/Varicela/ChickenPox (11).jpeg,4,Train
Test/Sarampion/2024-06-26_15-53-59_5452.png,Sarampion,Test/Sarampion/2024-06-26_15-53-59_5452.png,4,Train
Train/Monkeypox/2024-06-27_13-54-37_8772.png,Monkeypox,Train/Monkeypox/2024-06-27_13-54-37_8772.png,4,Train
Train/Monkeypox/2024-06-27_15-44-12_6606.png,Monkeypox,Train/Monkeypox/2024-06-27_15-44-12_6606.png,4,Train
Train/Herpes/Herpes (301).jpg,Herpes,Train/Herpes/Herpes (301).jpg,4,Train
Test/Sarampion/Sarampion (33).png,Sarampion,Test/Sarampion/Sarampion (33).png,4,Train
Train/Monkeypox/2024-06-27_16-46-59_8373.png,Monkeypox,Train/Monkeypox/2024-06-27_16-46-59_8373.png,4,Val
Test/Sarampion/Sarampion (44).jpg,Sarampion,Test/Sarampion/Sarampion (44).jpg,4,Test
Train/Varicela/2024-06-25_21-40-43_8904.png,Varicela,Train/Varicela/2024-06-25_21-40-43_8904.png,4,Val
Train/Sarampion/Sarampion (138).jpg,Sarampion,Train/Sarampion/Sarampion (138).jpg,4,Train
Train/Monkeypox/2024-06-27_16-57-42_6530.png,Monkeypox,Train/Monkeypox/2024-06-27_16-57-42_6530.png,4,Train
Train/Varicela/ChickenPox (179).jpg,Varicela,Train/Varicela/ChickenPox (179).jpg,4,Train
Train/Sarampion/Sarampion (133).jpg,Sarampion,Train/Sarampion/Sarampion (133).jpg,4,Test
Train/Varicela/2024-06-27_12-58-30_3916.png,Varicela,Train/Varicela/2024-06-27_12-58-30_3916.png,4,Val
Train/Monkeypox/2024-06-27_16-47-45_4595.png,Monkeypox,Train/Monkeypox/2024-06-27_16-47-45_4595.png,4,Train
Train/Varicela/2024-06-26_22-21-16_1772.png,Varicela,Train/Varicela/2024-06-26_22-21-16_1772.png,4,Train
Train/Varicela/2024-06-27_11-28-30_5799.png,Varicela,Train/Varicela/2024-06-27_11-28-30_5799.png,4,Train
Train/Monkeypox/2024-06-27_15-06-29_8544.png,Monkeypox,Train/Monkeypox/2024-06-27_15-06-29_8544.png,4,Train
Train/Herpes/Herpes (170).jpg,Herpes,Train/Herpes/Herpes (170).jpg,4,Train
Train/Varicela/2024-06-27_13-30-28_8366.png,Varicela,Train/Varicela/2024-06-27_13-30-28_8366.png,4,Train
Train/Monkeypox/MonkeyPox (155).png,Monkeypox,Train/Monkeypox/MonkeyPox (155).png,4,Train
Train/Monkeypox/2024-06-27_16-55-34_9688.png,Monkeypox,Train/Monkeypox/2024-06-27_16-55-34_9688.png,4,Test
Train/Herpes/2024-06-24_21-06-09_9645.png,Herpes,Train/Herpes/2024-06-24_21-06-09_9645.png,4,Val
Test/Sarampion/2024-06-26_15-50-55_9056.png,Sarampion,Test/Sarampion/2024-06-26_15-50-55_9056.png,4,Val
Test/Varicela/ChickenPox (38).jpg,Varicela,Test/Varicela/ChickenPox (38).jpg,4,Test
Train/Monkeypox/MonkeyPox (164).png,Monkeypox,Train/Monkeypox/MonkeyPox (164).png,4,Train
Test/Varicela/2024-06-27_11-30-42_5146.png,Varicela,Test/Varicela/2024-06-27_11-30-42_5146.png,4,Train
Train/Varicela/2024-06-25_21-31-21_6606.png,Varicela,Train/Varicela/2024-06-25_21-31-21_6606.png,4,Train
Train/Varicela/2024-06-26_21-48-53_4177.png,Varicela,Train/Varicela/2024-06-26_21-48-53_4177.png,4,Test
Train/Varicela/2024-06-27_12-26-33_2242.png,Varicela,Train/Varicela/2024-06-27_12-26-33_2242.png,4,Train
Val/Sarampion/Sarampion (42).png,Sarampion,Val/Sarampion/Sarampion (42).png,4,Train
Train/Varicela/ChickenPox (187).jpg,Varicela,Train/Varicela/ChickenPox (187).jpg,4,Test
Train/Sarampion/2024-06-26_14-13-24_4439.png,Sarampion,Train/Sarampion/2024-06-26_14-13-24_4439.png,4,Train
Train/Varicela/2024-06-25_21-33-47_7689.png,Varicela,Train/Varicela/2024-06-25_21-33-47_7689.png,4,Val
Train/Monkeypox/MonkeyPox (106).png,Monkeypox,Train/Monkeypox/MonkeyPox (106).png,4,Train
Test/Sarampion/2024-06-26_12-50-45_8660.png,Sarampion,Test/Sarampion/2024-06-26_12-50-45_8660.png,4,Test
Train/Sarampion/2024-06-26_16-37-39_3050.png,Sarampion,Train/Sarampion/2024-06-26_16-37-39_3050.png,4,Val
Train/Herpes/Herpes (196).jpg,Herpes,Train/Herpes/Herpes (196).jpg,4,Train
Test/Herpes/Herpes (126).jpg,Herpes,Test/Herpes/Herpes (126).jpg,4,Train
Train/Monkeypox/MonkeyPox (29).png,Monkeypox,Train/Monkeypox/MonkeyPox (29).png,4,Val
Train/Varicela/2024-06-27_00-01-24_1094.png,Varicela,Train/Varicela/2024-06-27_00-01-24_1094.png,4,Train
Train/Varicela/2024-06-25_23-51-14_8933.png,Varicela,Train/Varicela/2024-06-25_23-51-14_8933.png,4,Val
Train/Sarampion/Sarampion (139).jpg,Sarampion,Train/Sarampion/Sarampion (139).jpg,4,Train
Test/Sarampion/2024-06-26_13-24-18_3831.png,Sarampion,Test/Sarampion/2024-06-26_13-24-18_3831.png,4,Train
Train/Monkeypox/MonkeyPox (158).png,Monkeypox,Train/Monkeypox/MonkeyPox (158).png,4,Train
Train/Varicela/2024-06-26_23-08-14_4919.png,Varicela,Train/Varicela/2024-06-26_23-08-14_4919.png,4,Train
Test/Varicela/2024-06-27_12-07-18_3814.png,Varicela,Test/Varicela/2024-06-27_12-07-18_3814.png,4,Val
Train/Monkeypox/2024-06-27_14-20-42_3059.png,Monkeypox,Train/Monkeypox/2024-06-27_14-20-42_3059.png,4,Train
Train/Varicela/2024-06-26_23-39-33_6681.png,Varicela,Train/Varicela/2024-06-26_23-39-33_6681.png,4,Train
Val/Herpes/Herpes (35).jpg,Herpes,Val/Herpes/Herpes (35).jpg,4,Test
Train/Varicela/ChickenPox (163).jpg,Varicela,Train/Varicela/ChickenPox (163).jpg,4,Train
Train/Varicela/2024-06-25_22-33-28_7859.png,Varicela,Train/Varicela/2024-06-25_22-33-28_7859.png,4,Train
Test/Sarampion/2024-06-26_14-19-28_8644.png,Sarampion,Test/Sarampion/2024-06-26_14-19-28_8644.png,4,Train
Train/Sarampion/2024-06-26_11-59-09_9737.png,Sarampion,Train/Sarampion/2024-06-26_11-59-09_9737.png,4,Train
Train/Varicela/2024-06-26_23-39-58_7227.png,Varicela,Train/Varicela/2024-06-26_23-39-58_7227.png,4,Val
Test/Varicela/2024-06-27_13-11-42_9144.png,Varicela,Test/Varicela/2024-06-27_13-11-42_9144.png,4,Train
Train/Monkeypox/2024-06-27_14-14-32_9360.png,Monkeypox,Train/Monkeypox/2024-06-27_14-14-32_9360.png,4,Train
Train/Herpes/Herpes (115).jpg,Herpes,Train/Herpes/Herpes (115).jpg,4,Train
Train/Varicela/ChickenPox (158).jpg,Varicela,Train/Varicela/ChickenPox (158).jpg,4,Train
Train/Varicela/ChickenPox (157).jpg,Varicela,Train/Varicela/ChickenPox (157).jpg,4,Train
Train/Varicela/2024-06-25_22-20-24_8033.png,Varicela,Train/Varicela/2024-06-25_22-20-24_8033.png,4,Val
Train/Varicela/2024-06-27_13-29-45_3966.png,Varicela,Train/Varicela/2024-06-27_13-29-45_3966.png,4,Train
Train/Sarampion/2024-06-26_11-59-33_5864.png,Sarampion,Train/Sarampion/2024-06-26_11-59-33_5864.png,4,Test
Train/Varicela/2024-06-26_22-21-38_8382.png,Varicela,Train/Varicela/2024-06-26_22-21-38_8382.png,4,Train
Train/Monkeypox/2024-06-27_14-14-04_7146.png,Monkeypox,Train/Monkeypox/2024-06-27_14-14-04_7146.png,4,Test
Train/Varicela/2024-06-26_21-50-05_2915.png,Varicela,Train/Varicela/2024-06-26_21-06-29_5345.png,4,Train
Train/Sarampion/2024-06-26_15-08-18_5207.png,Sarampion,Train/Sarampion/2024-06-26_15-08-18_5207.png,4,Test
Train/Monkeypox/2024-06-27_16-00-14_4345.png,Monkeypox,Train/Monkeypox/2024-06-27_16-00-14_4345.png,4,Train
Test/Varicela/ChickenPox (61).jpg,Varicela,Test/Varicela/ChickenPox (61).jpg,4,Train
Train/Monkeypox/2024-06-27_16-50-00_1112.png,Monkeypox,Train/Monkeypox/2024-06-27_16-50-00_1112.png,4,Val
Train/Varicela/2024-06-26_21-07-13_8006.png,Varicela,Train/Varicela/2024-06-26_21-07-13_8006.png,4,Train
Train/Varicela/2024-06-25_21-32-13_9390.png,Varicela,Train/Varicela/2024-06-25_21-32-13_9390.png,4,Val
Test/Monkeypox/2024-06-27_13-56-10_7526.png,Monkeypox,Test/Monkeypox/2024-06-27_13-56-10_7526.png,4,Train
Train/Monkeypox/2024-06-27_17-53-03_4787.png,Monkeypox,Train/Monkeypox/2024-06-27_17-53-03_4787.png,4,Train
Train/Sarampion/2024-06-26_15-18-09_5961.png,Sarampion,Train/Sarampion/2024-06-26_15-18-09_5961.png,4,Val
Train/Sarampion/2024-06-26_12-04-07_3372.png,Sarampion,Train/Sarampion/2024-06-26_12-04-07_3372.png,4,Train
Train/Varicela/2024-06-26_21-10-45_6870.png,Varicela,Train/Varicela/2024-06-26_21-10-45_6870.png,4,Train
Test/Monkeypox/2024-06-27_15-22-09_5488.png,Monkeypox,Test/Monkeypox/2024-06-27_15-22-09_5488.png,4,Train
Train/Monkeypox/2024-06-27_15-20-38_3227.png,Monkeypox,Train/Monkeypox/2024-06-27_15-20-38_3227.png,4,Val
Train/Varicela/2024-06-26_23-18-02_9733.png,Varicela,Train/Varicela/2024-06-26_23-18-02_9733.png,4,Train
Train/Varicela/2024-06-25_21-37-59_4761.png,Varicela,Train/Varicela/2024-06-25_21-37-59_4761.png,4,Test
Train/Varicela/2024-06-26_22-25-48_7311.png,Varicela,Train/Varicela/2024-06-26_22-25-48_7311.png,4,Train
Train/Varicela/2024-06-26_22-14-46_9038.png,Varicela,Train/Varicela/2024-06-26_22-14-46_9038.png,4,Train
Train/Sarampion/Sarampion (107).jpg,Sarampion,Test/Sarampion/Sarampion (20).jpeg,4,Train
Train/Varicela/2024-06-27_12-04-43_6538.png,Varicela,Train/Varicela/2024-06-27_12-04-43_6538.png,4,Train
Test/Varicela/2024-06-26_21-17-12_4644.png,Varicela,Test/Varicela/2024-06-26_21-17-12_4644.png,4,Train
Train/Varicela/2024-06-27_13-14-00_6433.png,Varicela,Train/Varicela/2024-06-27_13-14-00_6433.png,4,Val
Train/Varicela/2024-06-26_23-43-05_4164.png,Varicela,Train/Varicela/2024-06-26_23-43-05_4164.png,4,Val
Test/Sarampion/2024-06-26_13-26-37_2353.png,Sarampion,Test/Sarampion/2024-06-26_13-26-37_2353.png,4,Test
Train/Varicela/2024-06-27_13-06-44_7104.png,Varicela,Train/Varicela/2024-06-27_13-06-44_7104.png,4,Val
Train/Monkeypox/2024-06-27_15-48-09_8163.png,Monkeypox,Train/Monkeypox/2024-06-27_15-48-09_8163.png,4,Train
Train/Sarampion/2024-06-26_15-15-39_8676.png,Sarampion,Train/Sarampion/2024-06-26_15-15-39_8676.png,4,Val
Train/Varicela/2024-06-25_22-14-22_1849.png,Varicela,Train/Varicela/2024-06-25_22-14-22_1849.png,4,Test
Train/Monkeypox/2024-06-27_15-52-05_8391.png,Monkeypox,Train/Monkeypox/2024-06-27_15-52-05_8391.png,4,Train
Train/Varicela/ChickenPox (127).jpg,Varicela,Train/Varicela/ChickenPox (127).jpg,4,Val
Test/Sarampion/Sarampion (43).png,Sarampion,Test/Sarampion/Sarampion (43).png,4,Train
Train/Monkeypox/2024-06-27_14-09-13_6917.png,Monkeypox,Train/Monkeypox/2024-06-27_14-09-13_6917.png,4,Train
Train/Varicela/2024-06-26_21-06-51_7094.png,Varicela,Train/Varicela/2024-06-26_21-06-51_7094.png,4,Train
Train/Varicela/2024-06-26_22-17-57_5411.png,Varicela,Train/Varicela/2024-06-26_22-17-57_5411.png,4,Train
Train/Varicela/2024-06-27_11-44-17_7281.png,Varicela,Train/Varicela/2024-06-27_11-44-17_7281.png,4,Train
Train/Varicela/2024-06-26_21-31-25_1709.png,Varicela,Train/Varicela/2024-06-26_21-31-25_1709.png,4,Train
Train/Sarampion/2024-06-26_12-57-46_4028.png,Sarampion,Train/Sarampion/2024-06-26_12-57-46_4028.png,4,Train
Train/Varicela/2024-06-26_00-15-36_6738.png,Varicela,Train/Varicela/2024-06-26_00-15-36_6738.png,4,Val
Train/Varicela/2024-06-25_23-45-27_2202.png,Varicela,Train/Varicela/2024-06-25_23-45-27_2202.png,4,Train
Train/Varicela/2024-06-25_21-36-27_3809.png,Varicela,Train/Varicela/2024-06-25_21-36-27_3809.png,4,Train
Train/Varicela/2024-06-26_21-04-36_4100.png,Varicela,Train/Varicela/2024-06-26_21-04-36_4100.png,4,Train
Test/Varicela/2024-06-26_21-16-14_9925.png,Varicela,Test/Varicela/2024-06-26_21-16-14_9925.png,4,Train
Train/Herpes/Herpes (304).jpg,Herpes,Train/Herpes/Herpes (304).jpg,4,Train
Train/Varicela/2024-06-26_23-10-49_9079.png,Varicela,Train/Varicela/2024-06-26_23-10-49_9079.png,4,Train
Train/Varicela/2024-06-27_12-19-30_5397.png,Varicela,Train/Varicela/2024-06-27_12-19-30_5397.png,4,Test
Train/Varicela/ChickenPox (170).jpg,Varicela,Train/Varicela/ChickenPox (170).jpg,4,Val
Train/Varicela/2024-06-26_21-06-29_5345.png,Varicela,Train/Varicela/2024-06-26_21-06-29_5345.png,4,Train
Test/Varicela/2024-06-26_23-43-26_2381.png,Varicela,Test/Varicela/2024-06-26_23-43-26_2381.png,4,Train
Test/Monkeypox/2024-06-27_13-55-47_1416.png,Monkeypox,Test/Monkeypox/2024-06-27_13-55-47_1416.png,4,Train
Test/Varicela/2024-06-26_23-50-12_7243.png,Varicela,Test/Varicela/2024-06-26_23-50-12_7243.png,4,Train
Train/Monkeypox/2024-06-27_13-59-47_6872.png,Monkeypox,Train/Monkeypox/2024-06-27_13-59-47_6872.png,4,Train
Test/Varicela/ChickenPox (54).png,Varicela,Test/Varicela/ChickenPox (54).png,4,Train
Test/Sarampion/2024-06-26_12-51-06_3150.png,Sarampion,Test/Sarampion/2024-06-26_12-51-06_3150.png,4,Train
Test/Varicela/ChickenPox (37).png,Varicela,Test/Varicela/ChickenPox (37).png,4,Train
Train/Sarampion/2024-06-26_12-01-49_1323.png,Sarampion,Train/Sarampion/2024-06-26_12-01-49_1323.png,4,Train
Train/Varicela/2024-06-25_22-46-30_4040.png,Varicela,Train/Varicela/2024-06-25_22-46-30_4040.png,4,Train
Train/Varicela/2024-06-27_13-27-31_1578.png,Varicela,Train/Varicela/2024-06-27_13-27-31_1578.png,4,Test
Train/Sarampion/2024-06-26_12-59-15_9519.png,Sarampion,Train/Sarampion/2024-06-26_12-59-15_9519.png,4,Train
Train/Varicela/2024-06-27_00-41-24_8907.png,Varicela,Train/Varicela/2024-06-27_00-41-24_8907.png,4,Train
Train/Varicela/2024-06-26_21-30-30_7786.png,Varicela,Train/Varicela/2024-06-26_21-30-30_7786.png,4,Train
Train/Varicela/2024-06-26_21-40-27_2949.png,Varicela,Train/Varicela/2024-06-26_21-40-27_2949.png,4,Test
Train/Monkeypox/2024-06-27_15-16-27_2045.png,Monkeypox,Train/Monkeypox/2024-06-27_15-16-27_2045.png,4,Train
Train/Monkeypox/2024-06-27_15-53-33_1566.png,Monkeypox,Train/Monkeypox/2024-06-27_15-53-33_1566.png,4,Train
Val/Varicela/ChickenPox (3).jpg,Varicela,Val/Varicela/ChickenPox (3).jpg,4,Train
Train/Herpes/Herpes (297).jpg,Herpes,Train/Herpes/Herpes (297).jpg,4,Train
Train/Monkeypox/2024-06-27_16-43-19_6594.png,Monkeypox,Train/Monkeypox/2024-06-27_16-43-19_6594.png,4,Train
Train/Monkeypox/2024-06-27_15-56-01_2331.png,Monkeypox,Train/Monkeypox/2024-06-27_15-56-01_2331.png,4,Test
Train/Sarampion/2024-06-26_13-21-10_5010.png,Sarampion,Train/Sarampion/2024-06-26_13-21-10_5010.png,4,Test
Train/Herpes/Herpes (256).jpg,Herpes,Train/Herpes/Herpes (256).jpg,4,Train
Train/Sarampion/2024-06-26_12-49-51_7739.png,Sarampion,Train/Sarampion/2024-06-26_12-49-51_7739.png,4,Train
Train/Varicela/2024-06-27_12-26-55_4277.png,Varicela,Train/Varicela/2024-06-27_12-26-55_4277.png,4,Train
Train/Sarampion/2024-06-26_14-57-58_4742.png,Sarampion,Train/Sarampion/2024-06-26_14-57-58_4742.png,4,Test
Train/Varicela/2024-06-27_13-19-41_3117.png,Varicela,Train/Varicela/2024-06-27_13-19-41_3117.png,4,Train
Train/Monkeypox/2024-06-27_16-05-23_7051.png,Monkeypox,Train/Monkeypox/2024-06-27_16-05-23_7051.png,4,Train
Train/Monkeypox/2024-06-27_13-53-49_8657.png,Monkeypox,Train/Monkeypox/2024-06-27_13-53-49_8657.png,4,Train
Test/Varicela/2024-06-25_21-37-35_5856.png,Varicela,Test/Varicela/2024-06-25_21-37-35_5856.png,4,Test
Val/Monkeypox/MonkeyPox (36).png,Monkeypox,Val/Monkeypox/MonkeyPox (36).png,4,Train
Train/Varicela/2024-06-27_12-00-14_3007.png,Varicela,Train/Varicela/2024-06-27_12-00-14_3007.png,4,Val
Train/Varicela/2024-06-26_21-28-50_5244.png,Varicela,Train/Varicela/2024-06-26_21-28-50_5244.png,4,Train
Test/Varicela/2024-06-25_21-37-13_9023.png,Varicela,Test/Varicela/2024-06-25_21-37-13_9023.png,4,Train
Train/Sarampion/2024-06-26_15-14-59_6587.png,Sarampion,Train/Sarampion/2024-06-26_15-14-59_6587.png,4,Train
Train/Monkeypox/2024-06-27_14-10-49_8828.png,Monkeypox,Train/Monkeypox/2024-06-27_14-10-49_8828.png,4,Train
Test/Sarampion/Sarampion (3).png,Sarampion,Test/Sarampion/Sarampion (3).png,4,Train
Train/Sarampion/2024-06-26_14-18-43_1449.png,Sarampion,Train/Sarampion/2024-06-26_14-18-43_1449.png,4,Val
Test/Monkeypox/MonkeyPox (9).png,Monkeypox,Test/Monkeypox/MonkeyPox (9).png,4,Train
Train/Varicela/ChickenPox (232).jpg,Varicela,Train/Varicela/ChickenPox (232).jpg,4,Train
Train/Sarampion/2024-06-26_12-48-38_4965.png,Sarampion,Train/Sarampion/2024-06-26_12-48-38_4965.png,4,Val
Test/Varicela/ChickenPox (38).png,Varicela,Test/Varicela/ChickenPox (38).png,4,Train
Train/Varicela/2024-06-27_13-00-36_6029.png,Varicela,Train/Varicela/2024-06-27_13-00-36_6029.png,4,Train
Train/Herpes/2024-06-26_19-59-06_2731.png,Herpes,Train/Herpes/2024-06-26_19-59-06_2731.png,5,Test
Train/Herpes/2024-06-24_22-25-44_4746.png,Herpes,Train/Herpes/2024-06-24_22-25-44_4746.png,5,Train
Train/Herpes/2024-06-24_21-30-57_1119.png,Herpes,Train/Herpes/2024-06-24_21-30-57_1119.png,5,Test
Train/Herpes/2024-06-26_20-16-27_2419.png,Herpes,Train/Herpes/2024-06-26_20-16-27_2419.png,5,Val
Train/Herpes/2024-06-26_20-33-21_9436.png,Herpes,Train/Herpes/2024-06-26_20-33-21_9436.png,5,Train
Train/Herpes/2024-06-26_20-28-42_1276.png,Herpes,Train/Herpes/2024-06-26_20-28-42_1276.png,5,Val
Train/Herpes/2024-06-24_22-39-53_9260.png,Herpes,Train/Herpes/2024-06-24_22-39-53_9260.png,5,Val
Train/Herpes/2024-06-26_20-00-00_2438.png,Herpes,Train/Herpes/2024-06-26_20-00-00_2438.png,5,Train
Train/Herpes/2024-06-24_22-24-05_4912.png,Herpes,Train/Herpes/2024-06-24_22-24-05_4912.png,5,Test
Train/Herpes/2024-06-26_20-32-30_7417.png,Herpes,Train/Herpes/2024-06-26_20-32-30_7417.png,5,Train
Train/Monkeypox/2024-06-27_17-18-10_5638.png,Monkeypox,Train/Monkeypox/2024-06-27_17-18-10_5638.png,5,Train
Train/Monkeypox/MonkeyPox (119).jpg,Monkeypox,Train/Monkeypox/MonkeyPox (119).jpg,5,Val
Train/Monkeypox/2024-06-27_17-04-03_5055.png,Monkeypox,Train/Monkeypox/2024-06-27_17-04-03_5055.png,5,Train
Train/Monkeypox/2024-06-27_17-15-54_6385.png,Monkeypox,Train/Monkeypox/2024-06-27_17-15-54_6385.png,5,Test
Train/Monkeypox/2024-06-27_15-15-30_1184.png,Monkeypox,Train/Monkeypox/2024-06-27_15-15-30_1184.png,5,Val
Train/Monkeypox/2024-06-27_15-21-00_4397.png,Monkeypox,Train/Monkeypox/2024-06-27_15-21-00_4397.png,5,Test
Train/Monkeypox/2024-06-27_16-55-56_6429.png,Monkeypox,Train/Monkeypox/2024-06-27_16-55-56_6429.png,5,Val
Train/Monkeypox/2024-06-27_14-57-21_4658.png,Monkeypox,Train/Monkeypox/2024-06-27_14-57-21_4658.png,5,Test
Train/Monkeypox/2024-06-27_16-09-50_4446.png,Monkeypox,Train/Monkeypox/2024-06-27_16-09-50_4446.png,5,Train
Train/Monkeypox/MonkeyPox (12).png,Monkeypox,Train/Monkeypox/MonkeyPox (12).png,5,Val
Train/Monkeypox/2024-06-27_16-40-50_5478.png,Monkeypox,Train/Monkeypox/2024-06-27_16-40-50_5478.png,5,Train
Train/Monkeypox/2024-06-27_16-11-34_7850.png,Monkeypox,Train/Monkeypox/2024-06-27_16-11-34_7850.png,5,Val
Train/Monkeypox/2024-06-27_17-42-30_9573.png,Monkeypox,Train/Monkeypox/2024-06-27_17-42-30_9573.png,5,Train
Train/Monkeypox/2024-06-27_16-02-21_3451.png,Monkeypox,Train/Monkeypox/2024-06-27_16-02-21_3451.png,5,Train
Train/Monkeypox/2024-06-27_16-41-54_5120.png,Monkeypox,Train/Monkeypox/2024-06-27_16-41-54_5120.png,5,Train
Train/Monkeypox/2024-06-27_15-50-39_9232.png,Monkeypox,Train/Monkeypox/2024-06-27_15-50-39_9232.png,5,Train
Train/Monkeypox/2024-06-27_16-01-18_1261.png,Monkeypox,Train/Monkeypox/2024-06-27_16-01-18_1261.png,5,Val
Train/Monkeypox/2024-06-27_17-01-01_1172.png,Monkeypox,Train/Monkeypox/2024-06-27_17-01-01_1172.png,5,Test
Train/Monkeypox/2024-06-27_17-45-32_7703.png,Monkeypox,Train/Monkeypox/2024-06-27_17-45-32_7703.png,5,Train
Train/Monkeypox/2024-06-27_17-42-52_5360.png,Monkeypox,Train/Monkeypox/2024-06-27_17-42-52_5360.png,5,Train
Train/Monkeypox/2024-06-27_14-02-31_3776.png,Monkeypox,Train/Monkeypox/2024-06-27_14-02-31_3776.png,5,Val
Train/Monkeypox/2024-06-27_17-50-27_3590.png,Monkeypox,Train/Monkeypox/2024-06-27_17-50-27_3590.png,5,Train
Train/Monkeypox/MonkeyPox (168).jpg,Monkeypox,Train/Monkeypox/MonkeyPox (168).jpg,5,Train
Train/Monkeypox/2024-06-27_16-46-36_6608.png,Monkeypox,Train/Monkeypox/2024-06-27_16-46-36_6608.png,5,Train
Train/Monkeypox/2024-06-27_14-00-36_6070.png,Monkeypox,Train/Monkeypox/2024-06-27_14-00-36_6070.png,5,Train
Train/Monkeypox/2024-06-27_14-18-51_3062.png,Monkeypox,Train/Monkeypox/2024-06-27_14-18-51_3062.png,5,Train
Train/Monkeypox/2024-06-27_15-49-56_8367.png,Monkeypox,Train/Monkeypox/2024-06-27_15-49-56_8367.png,5,Train
Train/Monkeypox/2024-06-27_14-52-08_5422.png,Monkeypox,Train/Monkeypox/2024-06-27_14-52-08_5422.png,5,Val
Train/Monkeypox/MonkeyPox (176).jpg,Monkeypox,Train/Monkeypox/MonkeyPox (176).jpg,5,Train
Train/Monkeypox/MonkeyPox (64).jpg,Monkeypox,Train/Monkeypox/MonkeyPox (64).jpg,5,Train
Train/Monkeypox/2024-06-27_15-34-33_4126.png,Monkeypox,Train/Monkeypox/2024-06-27_15-34-33_4126.png,5,Test
Train/Monkeypox/2024-06-27_16-56-59_4214.png,Monkeypox,Train/Monkeypox/2024-06-27_16-56-59_4214.png,5,Val
Train/Monkeypox/2024-06-27_15-16-04_2907.png,Monkeypox,Train/Monkeypox/2024-06-27_15-16-04_2907.png,5,Train
Train/Monkeypox/2024-06-27_16-06-05_8682.png,Monkeypox,Train/Monkeypox/2024-06-27_16-06-05_8682.png,5,Test
Train/Monkeypox/2024-06-27_13-57-46_4307.png,Monkeypox,Train/Monkeypox/2024-06-27_13-57-46_4307.png,5,Val
Train/Monkeypox/2024-06-27_17-20-03_5247.png,Monkeypox,Train/Monkeypox/2024-06-27_17-20-03_5247.png,5,Test
Train/Monkeypox/MonkeyPox (105).png,Monkeypox,Train/Monkeypox/MonkeyPox (105).png,5,Test
Train/Monkeypox/2024-06-27_14-52-28_5298.png,Monkeypox,Train/Monkeypox/2024-06-27_14-52-28_5298.png,5,Train
Train/Monkeypox/2024-06-27_17-43-15_7289.png,Monkeypox,Train/Monkeypox/2024-06-27_17-43-15_7289.png,5,Train
Train/Monkeypox/2024-06-27_14-54-11_8569.png,Monkeypox,Train/Monkeypox/2024-06-27_14-54-11_8569.png,5,Train
Train/Monkeypox/2024-06-27_16-32-48_7476.png,Monkeypox,Train/Monkeypox/2024-06-27_16-32-48_7476.png,5,Val
Train/Monkeypox/MonkeyPox (183).jpg,Monkeypox,Train/Monkeypox/MonkeyPox (183).jpg,5,Val
Train/Monkeypox/2024-06-27_16-59-09_9054.png,Monkeypox,Train/Monkeypox/2024-06-27_16-59-09_9054.png,5,Train
Train/Monkeypox/2024-06-27_15-49-34_9540.png,Monkeypox,Train/Monkeypox/2024-06-27_15-49-34_9540.png,5,Train
Train/Monkeypox/2024-06-27_16-38-42_9869.png,Monkeypox,Train/Monkeypox/2024-06-27_16-38-42_9869.png,5,Train
Train/Monkeypox/2024-06-27_15-08-13_7810.png,Monkeypox,Train/Monkeypox/2024-06-27_15-08-13_7810.png,5,Train
Train/Monkeypox/2024-06-27_15-30-50_6002.png,Monkeypox,Train/Monkeypox/2024-06-27_15-30-50_6002.png,5,Train
Train/Monkeypox/2024-06-27_17-53-25_7938.png,Monkeypox,Train/Monkeypox/2024-06-27_17-53-25_7938.png,5,Train
Train/Monkeypox/2024-06-27_15-42-16_6387.png,Monkeypox,Train/Monkeypox/2024-06-27_15-42-16_6387.png,5,Train
Train/Monkeypox/2024-06-27_16-32-26_5748.png,Monkeypox,Train/Monkeypox/2024-06-27_16-32-26_5748.png,5,Test
Train/Monkeypox/2024-06-27_16-39-03_5719.png,Monkeypox,Train/Monkeypox/2024-06-27_16-39-03_5719.png,5,Val
Train/Monkeypox/2024-06-27_16-42-36_8358.png,Monkeypox,Train/Monkeypox/2024-06-27_16-42-36_8358.png,5,Train
Train/Monkeypox/2024-06-27_14-03-39_2943.png,Monkeypox,Train/Monkeypox/2024-06-27_14-03-39_2943.png,5,Train
Train/Monkeypox/2024-06-27_17-14-24_5816.png,Monkeypox,Train/Monkeypox/2024-06-27_17-14-24_5816.png,5,Train
Train/Monkeypox/2024-06-27_15-02-21_1478.png,Monkeypox,Train/Monkeypox/2024-06-27_15-02-21_1478.png,5,Train
Train/Varicela/2024-06-27_11-23-22_7767.png,Varicela,Train/Varicela/2024-06-27_11-23-22_7767.png,5,Train
Train/Varicela/ChickenPox (67).jpg,Varicela,Train/Varicela/ChickenPox (67).jpg,5,Train
Train/Varicela/ChickenPox (124).jpg,Varicela,Train/Varicela/ChickenPox (124).jpg,5,Train
Train/Varicela/2024-06-27_11-27-46_2502.png,Varicela,Train/Varicela/2024-06-27_11-27-46_2502.png,5,Train
Train/Varicela/2024-06-26_23-10-04_2229.png,Varicela,Train/Varicela/2024-06-26_23-10-04_2229.png,5,Train
Train/Varicela/ChickenPox (225).jpg,Varicela,Train/Varicela/ChickenPox (225).jpg,5,Train
Train/Varicela/2024-06-27_12-25-49_8796.png,Varicela,Train/Varicela/2024-06-27_12-25-49_8796.png,5,Train
Train/Varicela/2024-06-27_12-20-37_5347.png,Varicela,Train/Varicela/2024-06-27_12-20-37_5347.png,5,Val
Train/Varicela/2024-06-27_13-23-04_4621.png,Varicela,Train/Varicela/2024-06-27_13-23-04_4621.png,5,Val
Train/Varicela/2024-06-26_21-03-51_2168.png,Varicela,Train/Varicela/2024-06-26_21-03-51_2168.png,5,Train
Train/Varicela/2024-06-27_12-17-37_9902.png,Varicela,Train/Varicela/2024-06-27_12-17-37_9902.png,5,Train
Train/Varicela/2024-06-25_21-38-42_1894.png,Varicela,Train/Varicela/2024-06-25_21-38-42_1894.png,5,Train
Train/Varicela/ChickenPox (57).png,Varicela,Test/Varicela/ChickenPox (31).png,5,Test
Train/Varicela/2024-06-27_13-05-13_9479.png,Varicela,Train/Varicela/2024-06-27_13-05-13_9479.png,5,Train
Train/Varicela/2024-06-27_13-09-47_8141.png,Varicela,Train/Varicela/2024-06-27_13-09-47_8141.png,5,Test
Train/Varicela/2024-06-26_23-15-54_5816.png,Varicela,Train/Varicela/2024-06-26_23-15-54_5816.png,5,Train
Train/Varicela/2024-06-27_11-22-38_8705.png,Varicela,Train/Varicela/2024-06-27_11-22-38_8705.png,5,Train
Train/Varicela/2024-06-26_21-25-10_8880.png,Varicela,Train/Varicela/2024-06-26_21-25-10_8880.png,5,Train
Train/Varicela/2024-06-26_00-12-13_1837.png,Varicela,Train/Varicela/2024-06-26_00-12-13_1837.png,5,Val
Train/Varicela/2024-06-27_00-41-48_7699.png,Varicela,Train/Varicela/2024-06-27_00-41-48_7699.png,5,Train
Train/Varicela/ChickenPox (222).jpg,Varicela,Train/Varicela/ChickenPox (222).jpg,5,Train
Train/Varicela/2024-06-27_13-06-21_4404.png,Varicela,Train/Varicela/2024-06-27_13-06-21_4404.png,5,Train
Train/Varicela/ChickenPox (258).jpg,Varicela,Train/Varicela/ChickenPox (258).jpg,5,Train
Train/Varicela/2024-06-26_23-29-52_3990.png,Varicela,Train/Varicela/2024-06-26_23-29-52_3990.png,5,Train
Train/Varicela/2024-06-27_12-16-30_9803.png,Varicela,Train/Varicela/2024-06-27_12-16-30_9803.png,5,Val
Train/Varicela/2024-06-27_11-45-02_2390.png,Varicela,Train/Varicela/2024-06-27_11-45-02_2390.png,5,Train
Train/Varicela/ChickenPox (51).png,Varicela,Train/Varicela/ChickenPox (51).png,5,Train
Train/Varicela/ChickenPox (265).jpg,Varicela,Train/Varicela/ChickenPox (265).jpg,5,Train
Train/Varicela/2024-06-25_22-51-36_2788.png,Varicela,Train/Varicela/2024-06-25_22-51-36_2788.png,5,Train
Train/Varicela/2024-06-27_13-33-29_2260.png,Varicela,Train/Varicela/2024-06-27_13-33-29_2260.png,5,Train
Train/Varicela/ChickenPox (218).jpg,Varicela,Train/Varicela/ChickenPox (218).jpg,5,Test
Train/Varicela/2024-06-27_12-14-38_7691.png,Varicela,Train/Varicela/2024-06-27_12-14-38_7691.png,5,Train
Train/Varicela/2024-06-27_12-03-36_5978.png,Varicela,Train/Varicela/2024-06-27_12-03-36_5978.png,5,Train
Train/Varicela/2024-06-25_21-41-36_4208.png,Varicela,Train/Varicela/2024-06-25_21-41-36_4208.png,5,Test
Train/Varicela/2024-06-27_13-14-23_4885.png,Varicela,Train/Varicela/2024-06-27_13-14-23_4885.png,5,Train
Train/Varicela/ChickenPox (188).jpg,Varicela,Train/Varicela/ChickenPox (188).jpg,5,Train
Train/Varicela/2024-06-25_22-56-41_5614.png,Varicela,Train/Varicela/2024-06-25_22-56-41_5614.png,5,Test
Train/Varicela/ChickenPox (278).jpg,Varicela,Train/Varicela/ChickenPox (278).jpg,5,Train
Train/Varicela/2024-06-26_20-58-35_8287.png,Varicela,Train/Varicela/2024-06-26_20-58-35_8287.png,5,Train
Train/Varicela/2024-06-27_12-23-13_3807.png,Varicela,Train/Varicela/2024-06-27_12-23-13_3807.png,5,Train
Train/Varicela/2024-06-26_21-43-52_2834.png,Varicela,Train/Varicela/2024-06-26_21-43-52_2834.png,5,Train
Train/Varicela/2024-06-26_22-22-35_1947.png,Varicela,Train/Varicela/2024-06-26_22-22-35_1947.png,5,Test
Train/Varicela/2024-06-25_21-30-59_7969.png,Varicela,Train/Varicela/2024-06-25_21-30-59_7969.png,5,Train
Train/Varicela/ChickenPox (279).jpg,Varicela,Train/Varicela/ChickenPox (279).jpg,5,Test
Train/Varicela/2024-06-27_13-22-20_2530.png,Varicela,Train/Varicela/2024-06-27_13-22-20_2530.png,5,Val
Train/Varicela/2024-06-26_21-47-08_5752.png,Varicela,Train/Varicela/2024-06-26_21-47-08_5752.png,5,Test
Train/Varicela/2024-06-26_21-33-31_2267.png,Varicela,Train/Varicela/2024-06-26_21-33-31_2267.png,5,Test
Train/Melanoma/Melanoma (207).jpg,Melanoma,Train/Melanoma/Melanoma (207).jpg,5,Train
Train/Melanoma/Melanoma (167).jpg,Melanoma,Train/Melanoma/Melanoma (167).jpg,5,Val
Train/Melanoma/Melanoma (421).jpg,Melanoma,Train/Melanoma/Melanoma (421).jpg,5,Train
Train/Melanoma/Melanoma (424).jpg,Melanoma,Train/Melanoma/Melanoma (424).jpg,5,Train
Train/Melanoma/Melanoma (276).jpg,Melanoma,Train/Melanoma/Melanoma (276).jpg,5,Train
Train/Melanoma/Melanoma (439).jpg,Melanoma,Train/Melanoma/Melanoma (439).jpg,5,Test
Train/Melanoma/melanoma_5669.jpg,Melanoma,Train/Melanoma/melanoma_5669.jpg,5,Train
Train/Melanoma/Melanoma (154).jpg,Melanoma,Train/Melanoma/Melanoma (154).jpg,5,Train
Train/Melanoma/Melanoma (369).jpg,Melanoma,Train/Melanoma/Melanoma (369).jpg,5,Train
Train/Melanoma/melanoma_5698.jpg,Melanoma,Train/Melanoma/melanoma_5698.jpg,5,Val
Train/Melanoma/Melanoma (206).jpg,Melanoma,Train/Melanoma/Melanoma (206).jpg,5,Train
Train/Melanoma/Melanoma (108).jpg,Melanoma,Train/Melanoma/Melanoma (108).jpg,5,Train
Train/Melanoma/Melanoma (225).jpg,Melanoma,Train/Melanoma/Melanoma (225).jpg,5,Test
Train/Sarampion/2024-06-26_17-06-48_1275.png,Sarampion,Train/Sarampion/2024-06-26_17-06-48_1275.png,5,Test
Train/Sarampion/Sarampion (34).jpg,Sarampion,Train/Sarampion/Sarampion (122).jpg,5,Train
Train/Sarampion/Sarampion (99).jpg,Sarampion,Train/Sarampion/Sarampion (99).jpg,5,Train
Train/Sarampion/2024-06-26_12-13-46_3831.png,Sarampion,Train/Sarampion/2024-06-26_12-13-46_3831.png,5,Train
Train/Sarampion/2024-06-26_18-26-56_2099.png,Sarampion,Train/Sarampion/2024-06-26_18-26-56_2099.png,5,Train
Train/Sarampion/2024-06-26_17-30-13_9287.png,Sarampion,Train/Sarampion/2024-06-26_17-30-13_9287.png,5,Train
Train/Sarampion/2024-06-26_18-53-19_4672.png,Sarampion,Train/Sarampion/2024-06-26_18-53-19_4672.png,5,Train
Train/Sarampion/2024-06-26_17-33-09_9314.png,Sarampion,Train/Sarampion/2024-06-26_17-33-09_9314.png,5,Test
Train/Sarampion/2024-06-26_12-18-48_6483.png,Sarampion,Train/Sarampion/2024-06-26_12-18-48_6483.png,5,Val
Train/Sarampion/2024-06-26_17-17-13_1972.png,Sarampion,Train/Sarampion/2024-06-26_17-17-13_1972.png,5,Train
Train/Sarampion/2024-06-26_12-09-55_7255.png,Sarampion,Train/Sarampion/2024-06-26_12-09-55_7255.png,5,Train
Train/Sarampion/2024-06-26_18-39-15_9521.png,Sarampion,Train/Sarampion/2024-06-26_18-39-15_9521.png,5,Train
Train/Sarampion/2024-06-26_12-13-23_8548.png,Sarampion,Train/Sarampion/2024-06-26_12-13-23_8548.png,5,Train
Train/Sarampion/Sarampion (63).jpg,Sarampion,Train/Sarampion/Sarampion (63).jpg,5,Test
Train/Sarampion/2024-06-26_12-14-41_4147.png,Sarampion,Train/Sarampion/2024-06-26_12-14-41_4147.png,5,Train
Train/Sarampion/2024-06-26_18-54-10_3473.png,Sarampion,Train/Sarampion/2024-06-26_18-54-10_3473.png,5,Test
Train/Sarampion/2024-06-26_18-51-17_6827.png,Sarampion,Train/Sarampion/2024-06-26_18-51-17_6827.png,5,Train
Train/Sarampion/2024-06-26_12-13-00_2392.png,Sarampion,Train/Sarampion/2024-06-26_12-13-00_2392.png,5,Train
Train/Sarampion/2024-06-26_18-38-52_1584.png,Sarampion,Train/Sarampion/2024-06-26_18-38-52_1584.png,5,Train
Train/Sarampion/2024-06-26_17-33-55_2715.png,Sarampion,Train/Sarampion/2024-06-26_17-33-55_2715.png,5,Train
Train/Sarampion/2024-06-26_18-46-07_8847.png,Sarampion,Train/Sarampion/2024-06-26_18-46-07_8847.png,5,Train
Train/Sarampion/2024-06-26_18-29-45_4418.png,Sarampion,Train/Sarampion/2024-06-26_18-29-45_4418.png,5,Val
Train/Sarampion/2024-06-26_18-49-37_3624.png,Sarampion,Train/Sarampion/2024-06-26_18-49-37_3624.png,5,Train
Train/Sarampion/2024-06-26_12-15-30_8710.png,Sarampion,Train/Sarampion/2024-06-26_12-15-30_8710.png,5,Val
Train/Sarampion/2024-06-26_17-21-07_7403.png,Sarampion,Train/Sarampion/2024-06-26_17-21-07_7403.png,5,Train
Train/Sarampion/2024-06-26_13-32-47_3652.png,Sarampion,Train/Sarampion/2024-06-26_13-32-47_3652.png,5,Train
Train/Sarampion/2024-06-26_18-34-51_1021.png,Sarampion,Train/Sarampion/2024-06-26_18-34-51_1021.png,5,Train
Train/Sarampion/Sarampion (81).png,Sarampion,Train/Sarampion/Sarampion (81).png,5,Train
Train/Sarampion/2024-06-26_18-34-27_7487.png,Sarampion,Train/Sarampion/2024-06-26_18-34-27_7487.png,5,Train
Train/Sarampion/Sarampion (60).png,Sarampion,Train/Sarampion/Sarampion (60).png,5,Train
Train/Sarampion/2024-06-26_18-52-05_8640.png,Sarampion,Train/Sarampion/2024-06-26_18-52-05_8640.png,5,Train
Train/Sarampion/2024-06-26_12-12-04_1572.png,Sarampion,Train/Sarampion/2024-06-26_12-12-04_1572.png,5,Train
Train/Sarampion/2024-06-26_15-55-42_9594.png,Sarampion,Train/Sarampion/2024-06-26_15-55-42_9594.png,5,Train
Train/Sarampion/2024-06-26_12-10-47_9594.png,Sarampion,Train/Sarampion/2024-06-26_12-10-47_9594.png,5,Val
Train/Sarampion/2024-06-26_17-13-45_5162.png,Sarampion,Train/Sarampion/2024-06-26_17-13-45_5162.png,5,Train
Train/Sarampion/2024-06-26_18-35-38_6808.png,Sarampion,Train/Sarampion/2024-06-26_18-35-38_6808.png,5,Test
Train/Sarampion/2024-06-26_17-17-34_2732.png,Sarampion,Train/Sarampion/2024-06-26_17-17-34_2732.png,5,Train
Train/Sarampion/Sarampion (46).png,Sarampion,Train/Sarampion/Sarampion (46).png,5,Train
Train/Sarampion/2024-06-26_18-20-50_1741.png,Sarampion,Train/Sarampion/2024-06-26_18-20-50_1741.png,5,Train
Train/Sarampion/2024-06-26_12-18-02_3000.png,Sarampion,Train/Sarampion/2024-06-26_12-18-02_3000.png,5,Test
Train/Sarampion/2024-06-26_18-21-15_3616.png,Sarampion,Train/Sarampion/2024-06-26_18-21-15_3616.png,5,Train
Train/Sarampion/2024-06-26_18-32-01_3999.png,Sarampion,Train/Sarampion/2024-06-26_18-32-01_3999.png,5,Train
Train/Sarampion/2024-06-26_17-19-08_7470.png,Sarampion,Train/Sarampion/2024-06-26_17-19-08_7470.png,5,Train
Train/Sarampion/2024-06-26_18-45-32_8285.png,Sarampion,Train/Sarampion/2024-06-26_18-45-32_8285.png,5,Train
Train/Sarampion/2024-06-26_17-19-55_9561.png,Sarampion,Train/Sarampion/2024-06-26_17-19-55_9561.png,5,Test
Train/Sarampion/2024-06-26_18-43-03_4744.png,Sarampion,Train/Sarampion/2024-06-26_18-43-03_4744.png,5,Train
Train/Sarampion/2024-06-26_18-30-15_8910.png,Sarampion,Train/Sarampion/2024-06-26_18-30-15_8910.png,5,Test
Train/Sarampion/Sarampion.jpeg,Sarampion,Train/Sarampion/Sarampion.jpeg,5,Train
Train/Sarampion/2024-06-26_18-50-54_6828.png,Sarampion,Train/Sarampion/2024-06-26_18-50-54_6828.png,5,Train
Train/Sarampion/2024-06-26_17-33-32_6380.png,Sarampion,Train/Sarampion/2024-06-26_17-33-32_6380.png,5,Train
Train/Sarampion/2024-06-26_12-11-40_8397.png,Sarampion,Train/Sarampion/2024-06-26_12-11-40_8397.png,5,Val
Train/Sarampion/2024-06-26_18-28-54_2223.png,Sarampion,Train/Sarampion/2024-06-26_18-28-54_2223.png,5,Train
Train/Sarampion/2024-06-26_12-21-06_4254.png,Sarampion,Train/Sarampion/2024-06-26_12-21-06_4254.png,5,Train
Train/Sarampion/2024-06-26_15-20-17_4986.png,Sarampion,Train/Sarampion/2024-06-26_15-20-17_4986.png,5,Train
Train/Sarampion/Sarampion (75).png,Sarampion,Train/Sarampion/Sarampion (75).png,5,Train
Train/Sarampion/2024-06-26_18-43-52_5069.png,Sarampion,Train/Sarampion/2024-06-26_18-43-52_5069.png,5,Test
Train/Sarampion/2024-06-26_12-19-10_2182.png,Sarampion,Train/Sarampion/2024-06-26_12-19-10_2182.png,5,Train
Train/Sarampion/Sarampion (71).jpg,Sarampion,Test/Sarampion/Sarampion (9).jpg,5,Val
Train/Sarampion/2024-06-26_18-41-33_8344.png,Sarampion,Train/Sarampion/2024-06-26_18-41-33_8344.png,5,Train
Train/Sarampion/2024-06-26_18-29-19_9529.png,Sarampion,Train/Sarampion/2024-06-26_18-29-19_9529.png,5,Val
Train/Sarampion/2024-06-26_18-41-57_2773.png,Sarampion,Train/Sarampion/2024-06-26_18-41-57_2773.png,5,Train
Train/Sarampion/2024-06-26_18-47-59_2594.png,Sarampion,Train/Sarampion/2024-06-26_18-47-59_2594.png,5,Train
Train/Sarampion/2024-06-26_18-50-23_9423.png,Sarampion,Train/Sarampion/2024-06-26_18-50-23_9423.png,5,Train
Train/Sarampion/2024-06-26_18-20-56_9388.png,Sarampion,Train/Sarampion/2024-06-26_18-20-56_9388.png,5,Train
Train/Sarampion/Sarampion (156).jpg,Sarampion,Train/Sarampion/Sarampion (156).jpg,5,Train
Train/Sarampion/2024-06-26_18-28-28_2670.png,Sarampion,Train/Sarampion/2024-06-26_18-28-28_2670.png,5,Train
Train/Sarampion/2024-06-26_18-20-42_6725.png,Sarampion,Train/Sarampion/2024-06-26_18-20-42_6725.png,5,Val
Train/Sarampion/2024-06-26_18-31-32_3669.png,Sarampion,Train/Sarampion/2024-06-26_18-31-32_3669.png,5,Val
Train/Sarampion/Sarampion (122).jpg,Sarampion,Train/Sarampion/Sarampion (122).jpg,5,Train
Train/Sarampion/2024-06-26_18-23-21_5509.png,Sarampion,Train/Sarampion/2024-06-26_18-23-21_5509.png,5,Train
Train/Sarampion/Sarampion (58).png,Sarampion,Train/Sarampion/Sarampion (122).jpg,5,Train
Train/Sarampion/2024-06-26_18-22-15_6467.png,Sarampion,Train/Sarampion/2024-06-26_18-22-15_6467.png,5,Train
Train/Sarampion/2024-06-26_18-22-40_3317.png,Sarampion,Train/Sarampion/2024-06-26_18-22-40_3317.png,5,Train
Train/Sarampion/2024-06-26_17-22-28_4993.png,Sarampion,Train/Sarampion/2024-06-26_17-22-28_4993.png,5,Train
Train/Sarampion/2024-06-26_17-18-22_5687.png,Sarampion,Train/Sarampion/2024-06-26_17-18-22_5687.png,5,Train
Train/Sarampion/2024-06-26_12-14-09_8993.png,Sarampion,Train/Sarampion/2024-06-26_12-14-09_8993.png,5,Val
Train/Sarampion/2024-06-26_12-12-27_2080.png,Sarampion,Train/Sarampion/2024-06-26_12-12-27_2080.png,5,Train
Train/Sarampion/Sarampion (68).png,Sarampion,Train/Sarampion/Sarampion (68).png,5,Train
Train/Sarampion/2024-06-26_12-18-25_3518.png,Sarampion,Train/Sarampion/2024-06-26_12-18-25_3518.png,5,Test
Train/Sarampion/2024-06-26_17-12-32_1943.png,Sarampion,Train/Sarampion/2024-06-26_17-12-32_1943.png,5,Train
Train/Sarampion/2024-06-26_12-17-39_1278.png,Sarampion,Train/Sarampion/2024-06-26_12-17-39_1278.png,5,Test
Train/Sarampion/2024-06-26_18-26-19_1707.png,Sarampion,Train/Sarampion/2024-06-26_18-26-19_1707.png,5,Test
Train/Sarampion/2024-06-26_18-40-35_9429.png,Sarampion,Train/Sarampion/2024-06-26_18-40-35_9429.png,5,Train
Train/Sarampion/2024-06-26_11-56-48_4821.png,Sarampion,Train/Sarampion/2024-06-26_11-56-48_4821.png,5,Test
Train/Sarampion/2024-06-26_18-50-00_5687.png,Sarampion,Train/Sarampion/2024-06-26_18-50-00_5687.png,5,Train
Train/Sarampion/Sarampion (83).png,Sarampion,Train/Sarampion/Sarampion (83).png,5,Train
Train/Sarampion/2024-06-26_18-41-01_7341.png,Sarampion,Train/Sarampion/2024-06-26_18-41-01_7341.png,5,Train
Train/Sarampion/2024-06-26_12-20-01_8361.png,Sarampion,Train/Sarampion/2024-06-26_12-20-01_8361.png,5,Val
Train/Sarampion/Sarampion (8).jpg,Sarampion,Train/Sarampion/Sarampion (8).jpg,5,Test
Train/Sarampion/2024-06-26_17-20-19_7898.png,Sarampion,Train/Sarampion/2024-06-26_17-20-19_7898.png,5,Train
Train/Sarampion/2024-06-26_18-48-23_2524.png,Sarampion,Train/Sarampion/2024-06-26_18-48-23_2524.png,5,Train
Train/Sarampion/2024-06-26_13-19-14_4091.png,Sarampion,Train/Sarampion/2024-06-26_13-19-14_4091.png,5,Val
Train/Sarampion/2024-06-26_16-49-12_3470.png,Sarampion,Train/Sarampion/2024-06-26_16-49-12_3470.png,5,Val
Train/Sarampion/Sarampion (37).png,Sarampion,Train/Sarampion/Sarampion (37).png,5,Val
Train/Sarampion/2024-06-26_17-21-54_5728.png,Sarampion,Train/Sarampion/2024-06-26_17-21-54_5728.png,5,Train
Train/Sarampion/2024-06-26_13-56-58_5654.png,Sarampion,Train/Sarampion/2024-06-26_13-56-58_5654.png,5,Train
Train/Sarampion/2024-06-26_18-43-28_6048.png,Sarampion,Train/Sarampion/2024-06-26_18-43-28_6048.png,5,Test
Train/Sarampion/2024-06-26_18-52-53_8287.png,Sarampion,Train/Sarampion/2024-06-26_18-52-53_8287.png,5,Train
Train/Sarampion/2024-06-26_18-52-30_1239.png,Sarampion,Train/Sarampion/2024-06-26_18-52-30_1239.png,5,Train
Train/Sarampion/Sarampion (52).jpg,Sarampion,Train/Sarampion/Sarampion (52).jpg,5,Train
Train/Sarampion/2024-06-26_12-19-31_3606.png,Sarampion,Train/Sarampion/2024-06-26_12-19-31_3606.png,5,Val
Train/Sarampion/Sarampion (59).png,Sarampion,Train/Sarampion/Sarampion (59).png,5,Train
Train/Sarampion/2024-06-26_18-48-46_1629.png,Sarampion,Train/Sarampion/2024-06-26_18-48-46_1629.png,5,Train
Train/Sarampion/2024-06-26_17-22-52_8567.png,Sarampion,Train/Sarampion/2024-06-26_17-22-52_8567.png,5,Train
Train/Sarampion/2024-06-26_15-19-25_4994.png,Sarampion,Train/Sarampion/2024-06-26_15-19-25_4994.png,5,Train
Train/Sarampion/2024-06-26_17-30-39_1313.png,Sarampion,Train/Sarampion/2024-06-26_17-30-39_1313.png,5,Train
Train/Sarampion/2024-06-26_12-10-19_6265.png,Sarampion,Train/Sarampion/2024-06-26_12-10-19_6265.png,5,Train
Train/Sarampion/2024-06-26_17-32-03_3173.png,Sarampion,Train/Sarampion/2024-06-26_17-32-03_3173.png,5,Train
Train/Sarampion/2024-06-26_18-30-41_4357.png,Sarampion,Train/Sarampion/2024-06-26_18-30-41_4357.png,5,Val
Test/Herpes/Herpes (29).jpg,Herpes,Test/Herpes/Herpes (29).jpg,5,Val
Test/Herpes/Herpes (18).jpg,Herpes,Test/Herpes/Herpes (18).jpg,5,Train
Test/Herpes/2024-06-26_20-39-30_8341.png,Herpes,Test/Herpes/2024-06-26_20-39-30_8341.png,5,Train
Test/Herpes/Herpes (44).jpg,Herpes,Test/Herpes/Herpes (44).jpg,5,Val
Test/Herpes/Herpes (13).jpg,Herpes,Test/Herpes/Herpes (13).jpg,5,Train
Test/Herpes/Herpes (5).png,Herpes,Test/Herpes/Herpes (5).png,5,Test
Test/Monkeypox/2024-06-27_15-08-34_5633.png,Monkeypox,Test/Monkeypox/2024-06-27_15-08-34_5633.png,5,Train
Test/Monkeypox/MonkeyPox (28).jpg,Monkeypox,Test/Monkeypox/MonkeyPox (28).jpg,5,Train
Test/Monkeypox/2024-06-27_15-10-20_8807.png,Monkeypox,Test/Monkeypox/2024-06-27_15-10-20_8807.png,5,Train
Test/Monkeypox/MonkeyPox (105).jpg,Monkeypox,Test/Monkeypox/MonkeyPox (105).jpg,5,Val
Test/Monkeypox/MonkeyPox (3).png,Monkeypox,Test/Monkeypox/MonkeyPox (3).png,5,Train
Test/Monkeypox/2024-06-27_14-16-08_7006.png,Monkeypox,Test/Monkeypox/2024-06-27_14-16-08_7006.png,5,Train
Test/Monkeypox/2024-06-27_14-09-37_4091.png,Monkeypox,Test/Monkeypox/2024-06-27_14-09-37_4091.png,5,Train
Test/Monkeypox/MonkeyPox (9).jpg,Monkeypox,Test/Monkeypox/MonkeyPox (9).jpg,5,Train
Test/Monkeypox/MonkeyPox (117).jpg,Monkeypox,Test/Monkeypox/MonkeyPox (117).jpg,5,Train
Test/Monkeypox/MonkeyPox (17).jpg,Monkeypox,Test/Monkeypox/MonkeyPox (17).jpg,5,Train
Test/Monkeypox/2024-06-27_15-08-58_1940.png,Monkeypox,Test/Monkeypox/2024-06-27_15-08-58_1940.png,5,Train
Test/Monkeypox/MonkeyPox (39).jpg,Monkeypox,Test/Monkeypox/MonkeyPox (39).jpg,5,Train
Test/Monkeypox/2024-06-27_14-10-01_4450.png,Monkeypox,Test/Monkeypox/2024-06-27_14-10-01_4450.png,5,Train
Test/Monkeypox/2024-06-27_13-59-23_4022.png,Monkeypox,Test/Monkeypox/2024-06-27_13-59-23_4022.png,5,Train
Test/Varicela/2024-06-27_12-05-49_1014.png,Varicela,Test/Varicela/2024-06-27_12-05-49_1014.png,5,Val
Test/Varicela/2024-06-27_11-43-31_5038.png,Varicela,Test/Varicela/2024-06-27_11-43-31_5038.png,5,Train
Test/Varicela/ChickenPox (60).jpg,Varicela,Test/Varicela/ChickenPox (60).jpg,5,Test
Test/Varicela/ChickenPox (31).png,Varicela,Test/Varicela/ChickenPox (31).png,5,Test
Test/Varicela/ChickenPox (44).png,Varicela,Test/Varicela/ChickenPox (44).png,5,Train
Test/Varicela/2024-06-25_23-32-13_6030.png,Varicela,Test/Varicela/2024-06-25_23-32-13_6030.png,5,Train
Test/Melanoma/Melanoma (2).jpg,Melanoma,Test/Melanoma/Melanoma (2).jpg,5,Train
Test/Melanoma/Melanoma (66).jpg,Melanoma,Test/Melanoma/Melanoma (66).jpg,5,Train
Test/Sarampion/2024-06-26_18-55-04_6340.png,Sarampion,Test/Sarampion/2024-06-26_18-55-04_6340.png,5,Val
Test/Sarampion/2024-06-26_12-16-35_2776.png,Sarampion,Test/Sarampion/2024-06-26_12-16-35_2776.png,5,Train
Test/Sarampion/Sarampion (48).png,Sarampion,Test/Sarampion/Sarampion (48).png,5,Val
Test/Sarampion/2024-06-26_18-25-29_9961.png,Sarampion,Test/Sarampion/2024-06-26_18-25-29_9961.png,5,Test
Test/Sarampion/Sarampion (32).png,Sarampion,Test/Sarampion/Sarampion (32).png,5,Test
Test/Sarampion/2024-06-26_14-01-28_8761.png,Sarampion,Test/Sarampion/2024-06-26_14-01-28_8761.png,5,Val
Test/Sarampion/2024-06-26_18-55-27_6748.png,Sarampion,Test/Sarampion/2024-06-26_18-55-27_6748.png,5,Train
Test/Sarampion/2024-06-26_17-15-57_5912.png,Sarampion,Test/Sarampion/2024-06-26_17-15-57_5912.png,5,Train
Test/Sarampion/2024-06-26_18-47-24_2909.png,Sarampion,Test/Sarampion/2024-06-26_18-47-24_2909.png,5,Train
Test/Sarampion/2024-06-26_17-29-44_1576.png,Sarampion,Test/Sarampion/2024-06-26_17-29-44_1576.png,5,Train
Test/Sarampion/2024-06-26_18-46-32_6310.png,Sarampion,Test/Sarampion/2024-06-26_18-46-32_6310.png,5,Val
Test/Sarampion/2024-06-26_18-54-40_4156.png,Sarampion,Test/Sarampion/2024-06-26_18-54-40_4156.png,5,Train
Test/Sarampion/2024-06-26_12-16-14_5492.png,Sarampion,Test/Sarampion/2024-06-26_12-16-14_5492.png,5,Train
Test/Sarampion/2024-06-26_17-25-28_7382.png,Sarampion,Test/Sarampion/2024-06-26_17-25-28_7382.png,5,Train
Test/Sarampion/2024-06-26_12-09-05_5942.png,Sarampion,Test/Sarampion/2024-06-26_12-09-05_5942.png,5,Val
Test/Sarampion/2024-06-26_18-25-06_6595.png,Sarampion,Test/Sarampion/2024-06-26_18-25-06_6595.png,5,Train
Test/Sarampion/2024-06-26_17-14-45_6203.png,Sarampion,Test/Sarampion/2024-06-26_17-14-45_6203.png,5,Test
Test/Sarampion/2024-06-26_17-16-45_3964.png,Sarampion,Test/Sarampion/2024-06-26_17-16-45_3964.png,5,Train
Test/Sarampion/2024-06-26_12-09-31_9870.png,Sarampion,Test/Sarampion/2024-06-26_12-09-31_9870.png,5,Train
Test/Sarampion/2024-06-26_12-17-18_7060.png,Sarampion,Test/Sarampion/2024-06-26_12-17-18_7060.png,5,Train
Test/Sarampion/Sarampion (9).jpg,Sarampion,Test/Sarampion/Sarampion (9).jpg,5,Val
Test/Sarampion/2024-06-26_17-24-12_1688.png,Sarampion,Test/Sarampion/2024-06-26_17-24-12_1688.png,5,Train
Test/Sarampion/2024-06-26_18-23-44_7036.png,Sarampion,Test/Sarampion/2024-06-26_18-23-44_7036.png,5,Train
Test/Sarampion/2024-06-26_18-25-56_9550.png,Sarampion,Test/Sarampion/2024-06-26_18-25-56_9550.png,5,Test
Test/Sarampion/2024-06-26_18-46-57_1618.png,Sarampion,Test/Sarampion/2024-06-26_18-46-57_1618.png,5,Test
Test/Sarampion/2024-06-26_14-56-41_7181.png,Sarampion,Test/Sarampion/2024-06-26_14-56-41_7181.png,5,Train
Test/Sarampion/Sarampion (17).jpg,Sarampion,Test/Sarampion/Sarampion (17).jpg,5,Val
Test/Sarampion/2024-06-26_18-36-04_7670.png,Sarampion,Test/Sarampion/2024-06-26_18-36-04_7670.png,5,Train
Test/Sarampion/2024-06-26_17-24-34_7466.png,Sarampion,Test/Sarampion/2024-06-26_17-24-34_7466.png,5,Train
Test/Sarampion/Sarampion (20).jpeg,Sarampion,Test/Sarampion/Sarampion (20).jpeg,5,Test
Val/Herpes/Herpes (59).jpg,Herpes,Val/Herpes/Herpes (59).jpg,5,Val
Val/Monkeypox/MonkeyPox (14).jpg,Monkeypox,Val/Monkeypox/MonkeyPox (14).jpg,5,Train
Val/Monkeypox/MonkeyPox (11).jpg,Monkeypox,Val/Monkeypox/MonkeyPox (11).jpg,5,Train
Val/Monkeypox/MonkeyPox (14).jpeg,Monkeypox,Val/Monkeypox/MonkeyPox (14).jpeg,5,Train
Val/Varicela/ChickenPox (24).png,Varicela,Val/Varicela/ChickenPox (24).png,5,Train
Val/Varicela/ChickenPox (5).jpg,Varicela,Train/Varicela/ChickenPox (225).jpg,5,Train
Val/Varicela/ChickenPox (9).jpg,Varicela,Val/Varicela/ChickenPox (9).jpg,5,Train
Val/Melanoma/Melanoma (128).jpg,Melanoma,Val/Melanoma/Melanoma (128).jpg,5,Train
Val/Melanoma/Melanoma (186).jpg,Melanoma,Val/Melanoma/Melanoma (186).jpg,5,Train
Val/Sarampion/Sarampion (41).png,Sarampion,Val/Sarampion/Sarampion (41).png,5,Train
Val/Sarampion/Sarampion (2).png,Sarampion,Val/Sarampion/Sarampion (2).png,5,Train
Val/Sarampion/Sarampion (18).png,Sarampion,Test/Sarampion/Sarampion (9).jpg,5,Val
Val/Sarampion/Sarampion (2).jpeg,Sarampion,Test/Sarampion/Sarampion (33).png,5,Train
Val/Sarampion/Sarampion (14).jpeg,Sarampion,Val/Sarampion/Sarampion (14).jpeg,5,Train
Test/Varicela/ChickenPox (87).jpg,Varicela,Test/Varicela/ChickenPox (87).jpg,5,Train
Train/Sarampion/2024-06-26_13-34-03_3621.png,Sarampion,Train/Sarampion/2024-06-26_13-34-03_3621.png,5,Train
Train/Sarampion/2024-06-26_17-21-31_4636.png,Sarampion,Train/Sarampion/2024-06-26_17-21-31_4636.png,5,Train
Train/Monkeypox/2024-06-27_13-57-20_2703.png,Monkeypox,Train/Monkeypox/2024-06-27_13-57-20_2703.png,5,Test
Test/Varicela/2024-06-25_23-07-03_7302.png,Varicela,Test/Varicela/2024-06-25_23-07-03_7302.png,5,Train
Test/Herpes/2024-06-26_20-41-17_6240.png,Herpes,Test/Herpes/2024-06-26_20-41-17_6240.png,5,Train
Train/Varicela/2024-06-26_23-34-23_5504.png,Varicela,Train/Varicela/2024-06-26_23-34-23_5504.png,5,Train
Train/Varicela/2024-06-27_12-02-07_7463.png,Varicela,Train/Varicela/2024-06-27_12-02-07_7463.png,5,Train
Test/Monkeypox/2024-06-27_15-22-32_9308.png,Monkeypox,Test/Monkeypox/2024-06-27_15-22-32_9308.png,5,Train
Train/Sarampion/2024-06-26_15-15-19_6482.png,Sarampion,Train/Sarampion/2024-06-26_15-15-19_6482.png,5,Test
Train/Sarampion/Sarampion (45).jpg,Sarampion,Train/Sarampion/Sarampion (45).jpg,5,Train
Train/Varicela/ChickenPox (133).jpg,Varicela,Train/Varicela/ChickenPox (133).jpg,5,Train
Test/Herpes/Herpes (38).jpg,Herpes,Test/Herpes/Herpes (38).jpg,5,Train
Train/Varicela/ChickenPox (241).jpg,Varicela,Train/Varicela/ChickenPox (241).jpg,5,Train
Train/Monkeypox/MonkeyPox (142).png,Monkeypox,Train/Monkeypox/MonkeyPox (142).png,5,Val
Train/Varicela/ChickenPox (192).jpg,Varicela,Train/Varicela/ChickenPox (192).jpg,5,Train
Train/Monkeypox/MonkeyPox (178).jpg,Monkeypox,Train/Monkeypox/MonkeyPox (178).jpg,5,Train
Train/Varicela/ChickenPox (263).jpg,Varicela,Train/Varicela/ChickenPox (263).jpg,5,Val
Train/Varicela/2024-06-25_21-34-59_8825.png,Varicela,Train/Varicela/2024-06-25_21-34-59_8825.png,5,Train
Train/Sarampion/2024-06-26_15-04-05_3977.png,Sarampion,Train/Sarampion/2024-06-26_15-04-05_3977.png,5,Train
Val/Varicela/ChickenPox (12).jpeg,Varicela,Val/Varicela/ChickenPox (12).jpeg,5,Train
Train/Herpes/Herpes.jpg,Herpes,Train/Herpes/Herpes.jpg,5,Train
Train/Varicela/2024-06-25_23-26-55_5054.png,Varicela,Train/Varicela/2024-06-25_23-26-55_5054.png,5,Train
Train/Sarampion/2024-06-26_13-58-38_3554.png,Sarampion,Train/Sarampion/2024-06-26_13-58-38_3554.png,5,Train
Train/Monkeypox/2024-06-27_13-55-01_8231.png,Monkeypox,Train/Monkeypox/2024-06-27_13-55-01_8231.png,5,Train
Test/Herpes/2024-06-26_20-34-15_6954.png,Herpes,Test/Herpes/2024-06-26_20-34-15_6954.png,5,Train
Train/Sarampion/Sarampion (102).jpg,Sarampion,Test/Sarampion/Sarampion (33).png,5,Train
Train/Sarampion/2024-06-26_15-08-43_2940.png,Sarampion,Train/Sarampion/2024-06-26_15-08-43_2940.png,5,Train
Train/Sarampion/2024-06-26_18-13-01_6573.png,Sarampion,Train/Sarampion/2024-06-26_18-13-01_6573.png,5,Train
Train/Varicela/2024-06-25_23-42-05_6670.png,Varicela,Train/Varicela/2024-06-25_23-42-05_6670.png,5,Test
Train/Monkeypox/2024-06-27_15-30-27_8136.png,Monkeypox,Train/Monkeypox/2024-06-27_15-30-27_8136.png,5,Train
Train/Varicela/2024-06-27_00-08-58_9769.png,Varicela,Train/Varicela/2024-06-27_00-08-58_9769.png,5,Train
Train/Varicela/2024-06-27_12-03-59_8548.png,Varicela,Train/Varicela/2024-06-27_12-03-59_8548.png,5,Train
Train/Varicela/2024-06-26_21-14-28_3487.png,Varicela,Train/Varicela/2024-06-26_21-14-28_3487.png,5,Train
Train/Herpes/Herpes (261).jpg,Herpes,Train/Herpes/Herpes (261).jpg,5,Train
Train/Monkeypox/2024-06-27_16-35-25_1474.png,Monkeypox,Train/Monkeypox/2024-06-27_16-35-25_1474.png,5,Train
Train/Varicela/ChickenPox (91).jpg,Varicela,Train/Varicela/ChickenPox (91).jpg,5,Train
Train/Sarampion/Sarampion (69).png,Sarampion,Train/Sarampion/Sarampion (69).png,5,Train
Val/Sarampion/Sarampion (14).png,Sarampion,Val/Sarampion/Sarampion (14).png,5,Train
Train/Varicela/2024-06-27_12-01-22_7986.png,Varicela,Train/Varicela/2024-06-27_12-01-22_7986.png,5,Train
Train/Sarampion/2024-06-26_11-59-57_7197.png,Sarampion,Train/Sarampion/2024-06-26_11-59-57_7197.png,5,Test
Train/Sarampion/Sarampion (123).jpg,Sarampion,Train/Sarampion/Sarampion (123).jpg,5,Train
Train/Herpes/2024-06-24_22-08-54_7574.png,Herpes,Train/Herpes/2024-06-24_22-08-54_7574.png,5,Train
Train/Monkeypox/2024-06-27_14-17-03_8584.png,Monkeypox,Train/Monkeypox/2024-06-27_14-17-03_8584.png,5,Train
Train/Varicela/2024-06-26_21-50-27_6383.png,Varicela,Train/Varicela/2024-06-26_21-50-27_6383.png,5,Val
Test/Herpes/Herpes (51).jpg,Herpes,Test/Herpes/Herpes (51).jpg,5,Train
Train/Sarampion/Sarampion (85).jpg,Sarampion,Train/Sarampion/Sarampion (85).jpg,5,Test
Train/Herpes/Herpes.png,Herpes,Train/Herpes/Herpes.png,5,Val
Train/Varicela/ChickenPox (255).jpg,Varicela,Train/Varicela/ChickenPox (255).jpg,5,Train
Train/Monkeypox/2024-06-27_16-32-03_5617.png,Monkeypox,Train/Monkeypox/2024-06-27_16-32-03_5617.png,5,Train
Train/Varicela/ChickenPox (221).jpg,Varicela,Train/Varicela/ChickenPox (221).jpg,5,Train
Test/Monkeypox/MonkeyPox (134).jpg,Monkeypox,Test/Monkeypox/MonkeyPox (134).jpg,5,Val
Train/Sarampion/Sarampion (73).jpg,Sarampion,Train/Sarampion/Sarampion (73).jpg,5,Train
Train/Monkeypox/2024-06-27_13-58-11_9592.png,Monkeypox,Train/Monkeypox/2024-06-27_13-58-11_9592.png,5,Train
Test/Varicela/ChickenPox (49).png,Varicela,Test/Varicela/ChickenPox (49).png,5,Train
Train/Herpes/2024-06-24_21-30-27_9522.png,Herpes,Train/Herpes/2024-06-24_21-30-27_9522.png,5,Train
Train/Varicela/ChickenPox (228).jpg,Varicela,Train/Varicela/ChickenPox (228).jpg,5,Train
Train/Sarampion/2024-06-26_16-11-54_9373.png,Sarampion,Train/Sarampion/2024-06-26_16-11-54_9373.png,5,Train
Train/Herpes/Herpes (262).jpg,Herpes,Train/Herpes/Herpes (262).jpg,5,Test
Test/Herpes/Herpes (74).jpg,Herpes,Test/Herpes/Herpes (74).jpg,5,Train
Train/Sarampion/2024-06-26_12-58-54_4368.png,Sarampion,Train/Sarampion/2024-06-26_12-58-54_4368.png,5,Train
Train/Monkeypox/2024-06-27_16-03-29_1919.png,Monkeypox,Train/Monkeypox/2024-06-27_16-03-29_1919.png,5,Train
Test/Sarampion/2024-06-26_15-06-38_7428.png,Sarampion,Test/Sarampion/2024-06-26_15-06-38_7428.png,5,Train
Train/Varicela/2024-06-26_21-42-24_5384.png,Varicela,Train/Varicela/2024-06-26_21-42-24_5384.png,5,Train
Train/Varicela/2024-06-25_22-36-19_9409.png,Varicela,Train/Varicela/2024-06-25_22-36-19_9409.png,5,Train
Test/Sarampion/2024-06-26_11-54-26_3910.png,Sarampion,Test/Sarampion/2024-06-26_11-54-26_3910.png,5,Train
Train/Monkeypox/2024-06-27_15-30-04_7633.png,Monkeypox,Train/Monkeypox/2024-06-27_15-30-04_7633.png,5,Train
Train/Herpes/2024-06-24_22-23-40_9531.png,Herpes,Train/Herpes/2024-06-24_22-23-40_9531.png,5,Train
Train/Sarampion/Sarampion (45).png,Sarampion,Train/Sarampion/Sarampion (45).png,5,Train
Val/Herpes/Herpes (28).jpg,Herpes,Val/Herpes/Herpes (28).jpg,5,Train
Train/Varicela/ChickenPox (229).jpg,Varicela,Train/Varicela/ChickenPox (229).jpg,5,Test
Train/Herpes/2024-06-24_22-37-38_3707.png,Herpes,Train/Herpes/2024-06-24_22-37-38_3707.png,5,Train
Train/Herpes/Herpes (194).jpg,Herpes,Train/Herpes/Herpes (194).jpg,5,Train
Train/Sarampion/Sarampion (67).jpg,Sarampion,Train/Sarampion/Sarampion (133).jpg,5,Train
Train/Sarampion/Sarampion (94).jpg,Sarampion,Train/Sarampion/Sarampion (94).jpg,5,Train
Train/Varicela/ChickenPox (132).jpg,Varicela,Train/Varicela/ChickenPox (132).jpg,5,Train
Train/Varicela/2024-06-25_21-32-59_3164.png,Varicela,Train/Varicela/2024-06-25_21-32-59_3164.png,5,Val
Train/Sarampion/2024-06-26_12-07-02_7219.png,Sarampion,Train/Sarampion/2024-06-26_12-07-02_7219.png,5,Train
Train/Herpes/Herpes (162).jpg,Herpes,Train/Herpes/Herpes (162).jpg,5,Train
Test/Sarampion/2024-06-26_11-56-01_5361.png,Sarampion,Test/Sarampion/2024-06-26_11-56-01_5361.png,5,Train
Train/Sarampion/2024-06-26_13-59-29_3375.png,Sarampion,Train/Sarampion/2024-06-26_13-59-29_3375.png,5,Test
Train/Varicela/2024-06-27_11-59-28_1614.png,Varicela,Train/Varicela/2024-06-27_11-59-28_1614.png,5,Train
Train/Monkeypox/2024-06-27_16-35-47_5319.png,Monkeypox,Train/Monkeypox/2024-06-27_16-35-47_5319.png,5,Train
Train/Monkeypox/2024-06-27_13-56-56_8334.png,Monkeypox,Train/Monkeypox/2024-06-27_13-56-56_8334.png,5,Train
Train/Varicela/2024-06-26_22-22-58_8722.png,Varicela,Train/Varicela/2024-06-26_22-22-58_8722.png,5,Train
Train/Varicela/ChickenPox (174).jpg,Varicela,Train/Varicela/ChickenPox (174).jpg,5,Train
Train/Varicela/2024-06-27_13-23-48_7560.png,Varicela,Train/Varicela/2024-06-27_13-23-48_7560.png,5,Train
Train/Monkeypox/2024-06-27_14-06-48_9948.png,Monkeypox,Train/Monkeypox/2024-06-27_14-06-48_9948.png,5,Train
Train/Varicela/2024-06-27_12-22-51_8259.png,Varicela,Train/Varicela/2024-06-27_12-22-51_8259.png,5,Train
Train/Varicela/ChickenPox (59).png,Varicela,Train/Varicela/ChickenPox (192).jpg,5,Train
Train/Varicela/2024-06-26_23-41-52_7860.png,Varicela,Train/Varicela/2024-06-26_23-41-52_7860.png,5,Train
Train/Monkeypox/2024-06-27_16-45-06_3027.png,Monkeypox,Train/Monkeypox/2024-06-27_16-45-06_3027.png,5,Test
Val/Varicela/ChickenPox (10).jpeg,Varicela,Val/Varicela/ChickenPox (10).jpeg,5,Train
Train/Varicela/2024-06-27_12-09-09_1375.png,Varicela,Train/Varicela/2024-06-27_12-09-09_1375.png,5,Train
Train/Monkeypox/2024-06-27_15-31-36_1699.png,Monkeypox,Train/Monkeypox/2024-06-27_15-31-36_1699.png,5,Val
Train/Monkeypox/2024-06-27_17-00-17_9938.png,Monkeypox,Train/Monkeypox/2024-06-27_17-00-17_9938.png,5,Train
Train/Varicela/2024-06-25_21-31-46_9293.png,Varicela,Train/Varicela/2024-06-25_21-31-46_9293.png,5,Val
Test/Sarampion/2024-06-26_15-05-21_1652.png,Sarampion,Test/Sarampion/2024-06-26_15-05-21_1652.png,5,Train
Train/Sarampion/2024-06-26_13-00-26_1168.png,Sarampion,Train/Sarampion/2024-06-26_13-00-26_1168.png,5,Val
Train/Monkeypox/2024-06-27_17-02-55_8647.png,Monkeypox,Train/Monkeypox/2024-06-27_17-02-55_8647.png,5,Train
Test/Varicela/2024-06-26_23-15-32_6074.png,Varicela,Test/Varicela/2024-06-26_23-15-32_6074.png,5,Val
Train/Herpes/Herpes (191).jpg,Herpes,Train/Herpes/Herpes (191).jpg,5,Test
Train/Herpes/2024-06-24_22-26-33_4237.png,Herpes,Train/Herpes/2024-06-24_22-26-33_4237.png,5,Train
Val/Sarampion/Sarampion (34).png,Sarampion,Val/Sarampion/Sarampion (34).png,5,Train
Train/Monkeypox/2024-06-27_16-41-11_5769.png,Monkeypox,Train/Monkeypox/2024-06-27_16-41-11_5769.png,5,Train
Val/Varicela/ChickenPox (11).jpeg,Varicela,Val/Varicela/ChickenPox (11).jpeg,5,Train
Test/Sarampion/2024-06-26_15-53-59_5452.png,Sarampion,Test/Sarampion/2024-06-26_15-53-59_5452.png,5,Train
Train/Monkeypox/2024-06-27_13-54-37_8772.png,Monkeypox,Train/Monkeypox/2024-06-27_13-54-37_8772.png,5,Train
Train/Monkeypox/2024-06-27_15-44-12_6606.png,Monkeypox,Train/Monkeypox/2024-06-27_15-44-12_6606.png,5,Train
Train/Herpes/Herpes (301).jpg,Herpes,Train/Herpes/Herpes (301).jpg,5,Train
Test/Sarampion/Sarampion (33).png,Sarampion,Test/Sarampion/Sarampion (33).png,5,Train
Train/Monkeypox/2024-06-27_16-46-59_8373.png,Monkeypox,Train/Monkeypox/2024-06-27_16-46-59_8373.png,5,Train
Test/Sarampion/Sarampion (44).jpg,Sarampion,Test/Sarampion/Sarampion (44).jpg,5,Train
Train/Varicela/2024-06-25_21-40-43_8904.png,Varicela,Train/Varicela/2024-06-25_21-40-43_8904.png,5,Val
Train/Sarampion/Sarampion (138).jpg,Sarampion,Train/Sarampion/Sarampion (138).jpg,5,Train
Train/Monkeypox/2024-06-27_16-57-42_6530.png,Monkeypox,Train/Monkeypox/2024-06-27_16-57-42_6530.png,5,Train
Train/Varicela/ChickenPox (179).jpg,Varicela,Train/Varicela/ChickenPox (179).jpg,5,Train
Train/Sarampion/Sarampion (133).jpg,Sarampion,Train/Sarampion/Sarampion (133).jpg,5,Train
Train/Varicela/2024-06-27_12-58-30_3916.png,Varicela,Train/Varicela/2024-06-27_12-58-30_3916.png,5,Test
Train/Monkeypox/2024-06-27_16-47-45_4595.png,Monkeypox,Train/Monkeypox/2024-06-27_16-47-45_4595.png,5,Train
Train/Varicela/2024-06-26_22-21-16_1772.png,Varicela,Train/Varicela/2024-06-26_22-21-16_1772.png,5,Val
Train/Varicela/2024-06-27_11-28-30_5799.png,Varicela,Train/Varicela/2024-06-27_11-28-30_5799.png,5,Train
Train/Monkeypox/2024-06-27_15-06-29_8544.png,Monkeypox,Train/Monkeypox/2024-06-27_15-06-29_8544.png,5,Train
Train/Herpes/Herpes (170).jpg,Herpes,Train/Herpes/Herpes (170).jpg,5,Train
Train/Varicela/2024-06-27_13-30-28_8366.png,Varicela,Train/Varicela/2024-06-27_13-30-28_8366.png,5,Train
Train/Monkeypox/MonkeyPox (155).png,Monkeypox,Train/Monkeypox/MonkeyPox (155).png,5,Test
Train/Monkeypox/2024-06-27_16-55-34_9688.png,Monkeypox,Train/Monkeypox/2024-06-27_16-55-34_9688.png,5,Train
Train/Herpes/2024-06-24_21-06-09_9645.png,Herpes,Train/Herpes/2024-06-24_21-06-09_9645.png,5,Train
Test/Sarampion/2024-06-26_15-50-55_9056.png,Sarampion,Test/Sarampion/2024-06-26_15-50-55_9056.png,5,Train
Test/Varicela/ChickenPox (38).jpg,Varicela,Test/Varicela/ChickenPox (38).jpg,5,Train
Train/Monkeypox/MonkeyPox (164).png,Monkeypox,Train/Monkeypox/MonkeyPox (164).png,5,Train
Test/Varicela/2024-06-27_11-30-42_5146.png,Varicela,Test/Varicela/2024-06-27_11-30-42_5146.png,5,Train
Train/Varicela/2024-06-25_21-31-21_6606.png,Varicela,Train/Varicela/2024-06-25_21-31-21_6606.png,5,Train
Train/Varicela/2024-06-26_21-48-53_4177.png,Varicela,Train/Varicela/2024-06-26_21-48-53_4177.png,5,Val
Train/Varicela/2024-06-27_12-26-33_2242.png,Varicela,Train/Varicela/2024-06-27_12-26-33_2242.png,5,Test
Val/Sarampion/Sarampion (42).png,Sarampion,Val/Sarampion/Sarampion (42).png,5,Val
Train/Varicela/ChickenPox (187).jpg,Varicela,Train/Varicela/ChickenPox (187).jpg,5,Train
Train/Sarampion/2024-06-26_14-13-24_4439.png,Sarampion,Train/Sarampion/2024-06-26_14-13-24_4439.png,5,Val
Train/Varicela/2024-06-25_21-33-47_7689.png,Varicela,Train/Varicela/2024-06-25_21-33-47_7689.png,5,Val
Train/Monkeypox/MonkeyPox (106).png,Monkeypox,Train/Monkeypox/MonkeyPox (106).png,5,Train
Test/Sarampion/2024-06-26_12-50-45_8660.png,Sarampion,Test/Sarampion/2024-06-26_12-50-45_8660.png,5,Train
Train/Sarampion/2024-06-26_16-37-39_3050.png,Sarampion,Train/Sarampion/2024-06-26_16-37-39_3050.png,5,Train
Train/Herpes/Herpes (196).jpg,Herpes,Train/Herpes/Herpes (196).jpg,5,Train
Test/Herpes/Herpes (126).jpg,Herpes,Test/Herpes/Herpes (126).jpg,5,Train
Train/Monkeypox/MonkeyPox (29).png,Monkeypox,Train/Monkeypox/MonkeyPox (29).png,5,Train
Train/Varicela/2024-06-27_00-01-24_1094.png,Varicela,Train/Varicela/2024-06-27_00-01-24_1094.png,5,Train
Train/Varicela/2024-06-25_23-51-14_8933.png,Varicela,Train/Varicela/2024-06-25_23-51-14_8933.png,5,Test
Train/Sarampion/Sarampion (139).jpg,Sarampion,Train/Sarampion/Sarampion (139).jpg,5,Train
Test/Sarampion/2024-06-26_13-24-18_3831.png,Sarampion,Test/Sarampion/2024-06-26_13-24-18_3831.png,5,Train
Train/Monkeypox/MonkeyPox (158).png,Monkeypox,Train/Monkeypox/MonkeyPox (158).png,5,Train
Train/Varicela/2024-06-26_23-08-14_4919.png,Varicela,Train/Varicela/2024-06-26_23-08-14_4919.png,5,Train
Test/Varicela/2024-06-27_12-07-18_3814.png,Varicela,Test/Varicela/2024-06-27_12-07-18_3814.png,5,Train
Train/Monkeypox/2024-06-27_14-20-42_3059.png,Monkeypox,Train/Monkeypox/2024-06-27_14-20-42_3059.png,5,Test
Train/Varicela/2024-06-26_23-39-33_6681.png,Varicela,Train/Varicela/2024-06-26_23-39-33_6681.png,5,Train
Val/Herpes/Herpes (35).jpg,Herpes,Val/Herpes/Herpes (35).jpg,5,Train
Train/Varicela/ChickenPox (163).jpg,Varicela,Train/Varicela/ChickenPox (163).jpg,5,Train
Train/Varicela/2024-06-25_22-33-28_7859.png,Varicela,Train/Varicela/2024-06-25_22-33-28_7859.png,5,Train
Test/Sarampion/2024-06-26_14-19-28_8644.png,Sarampion,Test/Sarampion/2024-06-26_14-19-28_8644.png,5,Test
Train/Sarampion/2024-06-26_11-59-09_9737.png,Sarampion,Train/Sarampion/2024-06-26_11-59-09_9737.png,5,Train
Train/Varicela/2024-06-26_23-39-58_7227.png,Varicela,Train/Varicela/2024-06-26_23-39-58_7227.png,5,Test
Test/Varicela/2024-06-27_13-11-42_9144.png,Varicela,Test/Varicela/2024-06-27_13-11-42_9144.png,5,Test
Train/Monkeypox/2024-06-27_14-14-32_9360.png,Monkeypox,Train/Monkeypox/2024-06-27_14-14-32_9360.png,5,Train
Train/Herpes/Herpes (115).jpg,Herpes,Train/Herpes/Herpes (115).jpg,5,Train
Train/Varicela/ChickenPox (158).jpg,Varicela,Train/Varicela/ChickenPox (158).jpg,5,Train
Train/Varicela/ChickenPox (157).jpg,Varicela,Train/Varicela/ChickenPox (157).jpg,5,Train
Train/Varicela/2024-06-25_22-20-24_8033.png,Varicela,Train/Varicela/2024-06-25_22-20-24_8033.png,5,Val
Train/Varicela/2024-06-27_13-29-45_3966.png,Varicela,Train/Varicela/2024-06-27_13-29-45_3966.png,5,Train
Train/Sarampion/2024-06-26_11-59-33_5864.png,Sarampion,Train/Sarampion/2024-06-26_11-59-33_5864.png,5,Train
Train/Varicela/2024-06-26_22-21-38_8382.png,Varicela,Train/Varicela/2024-06-26_22-21-38_8382.png,5,Train
Train/Monkeypox/2024-06-27_14-14-04_7146.png,Monkeypox,Train/Monkeypox/2024-06-27_14-14-04_7146.png,5,Val
Train/Varicela/2024-06-26_21-50-05_2915.png,Varicela,Train/Varicela/2024-06-26_21-06-29_5345.png,5,Train
Train/Sarampion/2024-06-26_15-08-18_5207.png,Sarampion,Train/Sarampion/2024-06-26_15-08-18_5207.png,5,Train
Train/Monkeypox/2024-06-27_16-00-14_4345.png,Monkeypox,Train/Monkeypox/2024-06-27_16-00-14_4345.png,5,Test
Test/Varicela/ChickenPox (61).jpg,Varicela,Test/Varicela/ChickenPox (61).jpg,5,Train
Train/Monkeypox/2024-06-27_16-50-00_1112.png,Monkeypox,Train/Monkeypox/2024-06-27_16-50-00_1112.png,5,Val
Train/Varicela/2024-06-26_21-07-13_8006.png,Varicela,Train/Varicela/2024-06-26_21-07-13_8006.png,5,Test
Train/Varicela/2024-06-25_21-32-13_9390.png,Varicela,Train/Varicela/2024-06-25_21-32-13_9390.png,5,Train
Test/Monkeypox/2024-06-27_13-56-10_7526.png,Monkeypox,Test/Monkeypox/2024-06-27_13-56-10_7526.png,5,Train
Train/Monkeypox/2024-06-27_17-53-03_4787.png,Monkeypox,Train/Monkeypox/2024-06-27_17-53-03_4787.png,5,Train
Train/Sarampion/2024-06-26_15-18-09_5961.png,Sarampion,Train/Sarampion/2024-06-26_15-18-09_5961.png,5,Train
Train/Sarampion/2024-06-26_12-04-07_3372.png,Sarampion,Train/Sarampion/2024-06-26_12-04-07_3372.png,5,Train
Train/Varicela/2024-06-26_21-10-45_6870.png,Varicela,Train/Varicela/2024-06-26_21-10-45_6870.png,5,Train
Test/Monkeypox/2024-06-27_15-22-09_5488.png,Monkeypox,Test/Monkeypox/2024-06-27_15-22-09_5488.png,5,Train
Train/Monkeypox/2024-06-27_15-20-38_3227.png,Monkeypox,Train/Monkeypox/2024-06-27_15-20-38_3227.png,5,Train
Train/Varicela/2024-06-26_23-18-02_9733.png,Varicela,Train/Varicela/2024-06-26_23-18-02_9733.png,5,Train
Train/Varicela/2024-06-25_21-37-59_4761.png,Varicela,Train/Varicela/2024-06-25_21-37-59_4761.png,5,Train
Train/Varicela/2024-06-26_22-25-48_7311.png,Varicela,Train/Varicela/2024-06-26_22-25-48_7311.png,5,Train
Train/Varicela/2024-06-26_22-14-46_9038.png,Varicela,Train/Varicela/2024-06-26_22-14-46_9038.png,5,Train
Train/Sarampion/Sarampion (107).jpg,Sarampion,Test/Sarampion/Sarampion (20).jpeg,5,Test
Train/Varicela/2024-06-27_12-04-43_6538.png,Varicela,Train/Varicela/2024-06-27_12-04-43_6538.png,5,Train
Test/Varicela/2024-06-26_21-17-12_4644.png,Varicela,Test/Varicela/2024-06-26_21-17-12_4644.png,5,Train
Train/Varicela/2024-06-27_13-14-00_6433.png,Varicela,Train/Varicela/2024-06-27_13-14-00_6433.png,5,Test
Train/Varicela/2024-06-26_23-43-05_4164.png,Varicela,Train/Varicela/2024-06-26_23-43-05_4164.png,5,Train
Test/Sarampion/2024-06-26_13-26-37_2353.png,Sarampion,Test/Sarampion/2024-06-26_13-26-37_2353.png,5,Train
Train/Varicela/2024-06-27_13-06-44_7104.png,Varicela,Train/Varicela/2024-06-27_13-06-44_7104.png,5,Train
Train/Monkeypox/2024-06-27_15-48-09_8163.png,Monkeypox,Train/Monkeypox/2024-06-27_15-48-09_8163.png,5,Train
Train/Sarampion/2024-06-26_15-15-39_8676.png,Sarampion,Train/Sarampion/2024-06-26_15-15-39_8676.png,5,Train
Train/Varicela/2024-06-25_22-14-22_1849.png,Varicela,Train/Varicela/2024-06-25_22-14-22_1849.png,5,Train
Train/Monkeypox/2024-06-27_15-52-05_8391.png,Monkeypox,Train/Monkeypox/2024-06-27_15-52-05_8391.png,5,Test
Train/Varicela/ChickenPox (127).jpg,Varicela,Train/Varicela/ChickenPox (127).jpg,5,Train
Test/Sarampion/Sarampion (43).png,Sarampion,Test/Sarampion/Sarampion (43).png,5,Train
Train/Monkeypox/2024-06-27_14-09-13_6917.png,Monkeypox,Train/Monkeypox/2024-06-27_14-09-13_6917.png,5,Train
Train/Varicela/2024-06-26_21-06-51_7094.png,Varicela,Train/Varicela/2024-06-26_21-06-51_7094.png,5,Train
Train/Varicela/2024-06-26_22-17-57_5411.png,Varicela,Train/Varicela/2024-06-26_22-17-57_5411.png,5,Train
Train/Varicela/2024-06-27_11-44-17_7281.png,Varicela,Train/Varicela/2024-06-27_11-44-17_7281.png,5,Train
Train/Varicela/2024-06-26_21-31-25_1709.png,Varicela,Train/Varicela/2024-06-26_21-31-25_1709.png,5,Train
Train/Sarampion/2024-06-26_12-57-46_4028.png,Sarampion,Train/Sarampion/2024-06-26_12-57-46_4028.png,5,Test
Train/Varicela/2024-06-26_00-15-36_6738.png,Varicela,Train/Varicela/2024-06-26_00-15-36_6738.png,5,Val
Train/Varicela/2024-06-25_23-45-27_2202.png,Varicela,Train/Varicela/2024-06-25_23-45-27_2202.png,5,Train
Train/Varicela/2024-06-25_21-36-27_3809.png,Varicela,Train/Varicela/2024-06-25_21-36-27_3809.png,5,Val
Train/Varicela/2024-06-26_21-04-36_4100.png,Varicela,Train/Varicela/2024-06-26_21-04-36_4100.png,5,Test
Test/Varicela/2024-06-26_21-16-14_9925.png,Varicela,Test/Varicela/2024-06-26_21-16-14_9925.png,5,Train
Train/Herpes/Herpes (304).jpg,Herpes,Train/Herpes/Herpes (304).jpg,5,Train
Train/Varicela/2024-06-26_23-10-49_9079.png,Varicela,Train/Varicela/2024-06-26_23-10-49_9079.png,5,Train
Train/Varicela/2024-06-27_12-19-30_5397.png,Varicela,Train/Varicela/2024-06-27_12-19-30_5397.png,5,Train
Train/Varicela/ChickenPox (170).jpg,Varicela,Train/Varicela/ChickenPox (170).jpg,5,Train
Train/Varicela/2024-06-26_21-06-29_5345.png,Varicela,Train/Varicela/2024-06-26_21-06-29_5345.png,5,Train
Test/Varicela/2024-06-26_23-43-26_2381.png,Varicela,Test/Varicela/2024-06-26_23-43-26_2381.png,5,Train
Test/Monkeypox/2024-06-27_13-55-47_1416.png,Monkeypox,Test/Monkeypox/2024-06-27_13-55-47_1416.png,5,Train
Test/Varicela/2024-06-26_23-50-12_7243.png,Varicela,Test/Varicela/2024-06-26_23-50-12_7243.png,5,Val
Train/Monkeypox/2024-06-27_13-59-47_6872.png,Monkeypox,Train/Monkeypox/2024-06-27_13-59-47_6872.png,5,Test
Test/Varicela/ChickenPox (54).png,Varicela,Test/Varicela/ChickenPox (54).png,5,Val
Test/Sarampion/2024-06-26_12-51-06_3150.png,Sarampion,Test/Sarampion/2024-06-26_12-51-06_3150.png,5,Train
Test/Varicela/ChickenPox (37).png,Varicela,Test/Varicela/ChickenPox (37).png,5,Train
Train/Sarampion/2024-06-26_12-01-49_1323.png,Sarampion,Train/Sarampion/2024-06-26_12-01-49_1323.png,5,Val
Train/Varicela/2024-06-25_22-46-30_4040.png,Varicela,Train/Varicela/2024-06-25_22-46-30_4040.png,5,Val
Train/Varicela/2024-06-27_13-27-31_1578.png,Varicela,Train/Varicela/2024-06-27_13-27-31_1578.png,5,Val
Train/Sarampion/2024-06-26_12-59-15_9519.png,Sarampion,Train/Sarampion/2024-06-26_12-59-15_9519.png,5,Train
Train/Varicela/2024-06-27_00-41-24_8907.png,Varicela,Train/Varicela/2024-06-27_00-41-24_8907.png,5,Test
Train/Varicela/2024-06-26_21-30-30_7786.png,Varicela,Train/Varicela/2024-06-26_21-30-30_7786.png,5,Test
Train/Varicela/2024-06-26_21-40-27_2949.png,Varicela,Train/Varicela/2024-06-26_21-40-27_2949.png,5,Val
Train/Monkeypox/2024-06-27_15-16-27_2045.png,Monkeypox,Train/Monkeypox/2024-06-27_15-16-27_2045.png,5,Test
Train/Monkeypox/2024-06-27_15-53-33_1566.png,Monkeypox,Train/Monkeypox/2024-06-27_15-53-33_1566.png,5,Train
Val/Varicela/ChickenPox (3).jpg,Varicela,Val/Varicela/ChickenPox (3).jpg,5,Train
Train/Herpes/Herpes (297).jpg,Herpes,Train/Herpes/Herpes (297).jpg,5,Train
Train/Monkeypox/2024-06-27_16-43-19_6594.png,Monkeypox,Train/Monkeypox/2024-06-27_16-43-19_6594.png,5,Train
Train/Monkeypox/2024-06-27_15-56-01_2331.png,Monkeypox,Train/Monkeypox/2024-06-27_15-56-01_2331.png,5,Train
Train/Sarampion/2024-06-26_13-21-10_5010.png,Sarampion,Train/Sarampion/2024-06-26_13-21-10_5010.png,5,Val
Train/Herpes/Herpes (256).jpg,Herpes,Train/Herpes/Herpes (256).jpg,5,Train
Train/Sarampion/2024-06-26_12-49-51_7739.png,Sarampion,Train/Sarampion/2024-06-26_12-49-51_7739.png,5,Test
Train/Varicela/2024-06-27_12-26-55_4277.png,Varicela,Train/Varicela/2024-06-27_12-26-55_4277.png,5,Train
Train/Sarampion/2024-06-26_14-57-58_4742.png,Sarampion,Train/Sarampion/2024-06-26_14-57-58_4742.png,5,Train
Train/Varicela/2024-06-27_13-19-41_3117.png,Varicela,Train/Varicela/2024-06-27_13-19-41_3117.png,5,Train
Train/Monkeypox/2024-06-27_16-05-23_7051.png,Monkeypox,Train/Monkeypox/2024-06-27_16-05-23_7051.png,5,Train
Train/Monkeypox/2024-06-27_13-53-49_8657.png,Monkeypox,Train/Monkeypox/2024-06-27_13-53-49_8657.png,5,Train
Test/Varicela/2024-06-25_21-37-35_5856.png,Varicela,Test/Varicela/2024-06-25_21-37-35_5856.png,5,Train
Val/Monkeypox/MonkeyPox (36).png,Monkeypox,Val/Monkeypox/MonkeyPox (36).png,5,Train
Train/Varicela/2024-06-27_12-00-14_3007.png,Varicela,Train/Varicela/2024-06-27_12-00-14_3007.png,5,Train
Train/Varicela/2024-06-26_21-28-50_5244.png,Varicela,Train/Varicela/2024-06-26_21-28-50_5244.png,5,Test
Test/Varicela/2024-06-25_21-37-13_9023.png,Varicela,Test/Varicela/2024-06-25_21-37-13_9023.png,5,Train
Train/Sarampion/2024-06-26_15-14-59_6587.png,Sarampion,Train/Sarampion/2024-06-26_15-14-59_6587.png,5,Train
Train/Monkeypox/2024-06-27_14-10-49_8828.png,Monkeypox,Train/Monkeypox/2024-06-27_14-10-49_8828.png,5,Test
Test/Sarampion/Sarampion (3).png,Sarampion,Test/Sarampion/Sarampion (3).png,5,Train
Train/Sarampion/2024-06-26_14-18-43_1449.png,Sarampion,Train/Sarampion/2024-06-26_14-18-43_1449.png,5,Test
Test/Monkeypox/MonkeyPox (9).png,Monkeypox,Test/Monkeypox/MonkeyPox (9).png,5,Train
Train/Varicela/ChickenPox (232).jpg,Varicela,Train/Varicela/ChickenPox (232).jpg,5,Val
Train/Sarampion/2024-06-26_12-48-38_4965.png,Sarampion,Train/Sarampion/2024-06-26_12-48-38_4965.png,5,Train
Test/Varicela/ChickenPox (38).png,Varicela,Test/Varicela/ChickenPox (38).png,5,Train
Train/Varicela/2024-06-27_13-00-36_6029.png,Varicela,Train/Varicela/2024-06-27_13-00-36_6029.png,5,Train
Train/Herpes/2024-06-26_19-59-06_2731.png,Herpes,Train/Herpes/2024-06-26_19-59-06_2731.png,6,Train
Train/Herpes/2024-06-24_22-25-44_4746.png,Herpes,Train/Herpes/2024-06-24_22-25-44_4746.png,6,Train
Train/Herpes/2024-06-24_21-30-57_1119.png,Herpes,Train/Herpes/2024-06-24_21-30-57_1119.png,6,Train
Train/Herpes/2024-06-26_20-16-27_2419.png,Herpes,Train/Herpes/2024-06-26_20-16-27_2419.png,6,Train
Train/Herpes/2024-06-26_20-33-21_9436.png,Herpes,Train/Herpes/2024-06-26_20-33-21_9436.png,6,Train
Train/Herpes/2024-06-26_20-28-42_1276.png,Herpes,Train/Herpes/2024-06-26_20-28-42_1276.png,6,Train
Train/Herpes/2024-06-24_22-39-53_9260.png,Herpes,Train/Herpes/2024-06-24_22-39-53_9260.png,6,Train
Train/Herpes/2024-06-26_20-00-00_2438.png,Herpes,Train/Herpes/2024-06-26_20-00-00_2438.png,6,Train
Train/Herpes/2024-06-24_22-24-05_4912.png,Herpes,Train/Herpes/2024-06-24_22-24-05_4912.png,6,Train
Train/Herpes/2024-06-26_20-32-30_7417.png,Herpes,Train/Herpes/2024-06-26_20-32-30_7417.png,6,Train
Train/Monkeypox/2024-06-27_17-18-10_5638.png,Monkeypox,Train/Monkeypox/2024-06-27_17-18-10_5638.png,6,Train
Train/Monkeypox/MonkeyPox (119).jpg,Monkeypox,Train/Monkeypox/MonkeyPox (119).jpg,6,Val
Train/Monkeypox/2024-06-27_17-04-03_5055.png,Monkeypox,Train/Monkeypox/2024-06-27_17-04-03_5055.png,6,Train
Train/Monkeypox/2024-06-27_17-15-54_6385.png,Monkeypox,Train/Monkeypox/2024-06-27_17-15-54_6385.png,6,Val
Train/Monkeypox/2024-06-27_15-15-30_1184.png,Monkeypox,Train/Monkeypox/2024-06-27_15-15-30_1184.png,6,Test
Train/Monkeypox/2024-06-27_15-21-00_4397.png,Monkeypox,Train/Monkeypox/2024-06-27_15-21-00_4397.png,6,Train
Train/Monkeypox/2024-06-27_16-55-56_6429.png,Monkeypox,Train/Monkeypox/2024-06-27_16-55-56_6429.png,6,Train
Train/Monkeypox/2024-06-27_14-57-21_4658.png,Monkeypox,Train/Monkeypox/2024-06-27_14-57-21_4658.png,6,Val
Train/Monkeypox/2024-06-27_16-09-50_4446.png,Monkeypox,Train/Monkeypox/2024-06-27_16-09-50_4446.png,6,Test
Train/Monkeypox/MonkeyPox (12).png,Monkeypox,Train/Monkeypox/MonkeyPox (12).png,6,Train
Train/Monkeypox/2024-06-27_16-40-50_5478.png,Monkeypox,Train/Monkeypox/2024-06-27_16-40-50_5478.png,6,Train
Train/Monkeypox/2024-06-27_16-11-34_7850.png,Monkeypox,Train/Monkeypox/2024-06-27_16-11-34_7850.png,6,Test
Train/Monkeypox/2024-06-27_17-42-30_9573.png,Monkeypox,Train/Monkeypox/2024-06-27_17-42-30_9573.png,6,Test
Train/Monkeypox/2024-06-27_16-02-21_3451.png,Monkeypox,Train/Monkeypox/2024-06-27_16-02-21_3451.png,6,Val
Train/Monkeypox/2024-06-27_16-41-54_5120.png,Monkeypox,Train/Monkeypox/2024-06-27_16-41-54_5120.png,6,Train
Train/Monkeypox/2024-06-27_15-50-39_9232.png,Monkeypox,Train/Monkeypox/2024-06-27_15-50-39_9232.png,6,Train
Train/Monkeypox/2024-06-27_16-01-18_1261.png,Monkeypox,Train/Monkeypox/2024-06-27_16-01-18_1261.png,6,Train
Train/Monkeypox/2024-06-27_17-01-01_1172.png,Monkeypox,Train/Monkeypox/2024-06-27_17-01-01_1172.png,6,Train
Train/Monkeypox/2024-06-27_17-45-32_7703.png,Monkeypox,Train/Monkeypox/2024-06-27_17-45-32_7703.png,6,Train
Train/Monkeypox/2024-06-27_17-42-52_5360.png,Monkeypox,Train/Monkeypox/2024-06-27_17-42-52_5360.png,6,Train
Train/Monkeypox/2024-06-27_14-02-31_3776.png,Monkeypox,Train/Monkeypox/2024-06-27_14-02-31_3776.png,6,Val
Train/Monkeypox/2024-06-27_17-50-27_3590.png,Monkeypox,Train/Monkeypox/2024-06-27_17-50-27_3590.png,6,Train
Train/Monkeypox/MonkeyPox (168).jpg,Monkeypox,Train/Monkeypox/MonkeyPox (168).jpg,6,Val
Train/Monkeypox/2024-06-27_16-46-36_6608.png,Monkeypox,Train/Monkeypox/2024-06-27_16-46-36_6608.png,6,Train
Train/Monkeypox/2024-06-27_14-00-36_6070.png,Monkeypox,Train/Monkeypox/2024-06-27_14-00-36_6070.png,6,Train
Train/Monkeypox/2024-06-27_14-18-51_3062.png,Monkeypox,Train/Monkeypox/2024-06-27_14-18-51_3062.png,6,Test
Train/Monkeypox/2024-06-27_15-49-56_8367.png,Monkeypox,Train/Monkeypox/2024-06-27_15-49-56_8367.png,6,Train
Train/Monkeypox/2024-06-27_14-52-08_5422.png,Monkeypox,Train/Monkeypox/2024-06-27_14-52-08_5422.png,6,Train
Train/Monkeypox/MonkeyPox (176).jpg,Monkeypox,Train/Monkeypox/MonkeyPox (176).jpg,6,Train
Train/Monkeypox/MonkeyPox (64).jpg,Monkeypox,Train/Monkeypox/MonkeyPox (64).jpg,6,Train
Train/Monkeypox/2024-06-27_15-34-33_4126.png,Monkeypox,Train/Monkeypox/2024-06-27_15-34-33_4126.png,6,Train
Train/Monkeypox/2024-06-27_16-56-59_4214.png,Monkeypox,Train/Monkeypox/2024-06-27_16-56-59_4214.png,6,Train
Train/Monkeypox/2024-06-27_15-16-04_2907.png,Monkeypox,Train/Monkeypox/2024-06-27_15-16-04_2907.png,6,Val
Train/Monkeypox/2024-06-27_16-06-05_8682.png,Monkeypox,Train/Monkeypox/2024-06-27_16-06-05_8682.png,6,Train
Train/Monkeypox/2024-06-27_13-57-46_4307.png,Monkeypox,Train/Monkeypox/2024-06-27_13-57-46_4307.png,6,Train
Train/Monkeypox/2024-06-27_17-20-03_5247.png,Monkeypox,Train/Monkeypox/2024-06-27_17-20-03_5247.png,6,Train
Train/Monkeypox/MonkeyPox (105).png,Monkeypox,Train/Monkeypox/MonkeyPox (105).png,6,Val
Train/Monkeypox/2024-06-27_14-52-28_5298.png,Monkeypox,Train/Monkeypox/2024-06-27_14-52-28_5298.png,6,Train
Train/Monkeypox/2024-06-27_17-43-15_7289.png,Monkeypox,Train/Monkeypox/2024-06-27_17-43-15_7289.png,6,Train
Train/Monkeypox/2024-06-27_14-54-11_8569.png,Monkeypox,Train/Monkeypox/2024-06-27_14-54-11_8569.png,6,Train
Train/Monkeypox/2024-06-27_16-32-48_7476.png,Monkeypox,Train/Monkeypox/2024-06-27_16-32-48_7476.png,6,Train
Train/Monkeypox/MonkeyPox (183).jpg,Monkeypox,Train/Monkeypox/MonkeyPox (183).jpg,6,Train
Train/Monkeypox/2024-06-27_16-59-09_9054.png,Monkeypox,Train/Monkeypox/2024-06-27_16-59-09_9054.png,6,Train
Train/Monkeypox/2024-06-27_15-49-34_9540.png,Monkeypox,Train/Monkeypox/2024-06-27_15-49-34_9540.png,6,Val
Train/Monkeypox/2024-06-27_16-38-42_9869.png,Monkeypox,Train/Monkeypox/2024-06-27_16-38-42_9869.png,6,Train
Train/Monkeypox/2024-06-27_15-08-13_7810.png,Monkeypox,Train/Monkeypox/2024-06-27_15-08-13_7810.png,6,Val
Train/Monkeypox/2024-06-27_15-30-50_6002.png,Monkeypox,Train/Monkeypox/2024-06-27_15-30-50_6002.png,6,Train
Train/Monkeypox/2024-06-27_17-53-25_7938.png,Monkeypox,Train/Monkeypox/2024-06-27_17-53-25_7938.png,6,Train
Train/Monkeypox/2024-06-27_15-42-16_6387.png,Monkeypox,Train/Monkeypox/2024-06-27_15-42-16_6387.png,6,Train
Train/Monkeypox/2024-06-27_16-32-26_5748.png,Monkeypox,Train/Monkeypox/2024-06-27_16-32-26_5748.png,6,Train
Train/Monkeypox/2024-06-27_16-39-03_5719.png,Monkeypox,Train/Monkeypox/2024-06-27_16-39-03_5719.png,6,Test
Train/Monkeypox/2024-06-27_16-42-36_8358.png,Monkeypox,Train/Monkeypox/2024-06-27_16-42-36_8358.png,6,Train
Train/Monkeypox/2024-06-27_14-03-39_2943.png,Monkeypox,Train/Monkeypox/2024-06-27_14-03-39_2943.png,6,Train
Train/Monkeypox/2024-06-27_17-14-24_5816.png,Monkeypox,Train/Monkeypox/2024-06-27_17-14-24_5816.png,6,Train
Train/Monkeypox/2024-06-27_15-02-21_1478.png,Monkeypox,Train/Monkeypox/2024-06-27_15-02-21_1478.png,6,Train
Train/Varicela/2024-06-27_11-23-22_7767.png,Varicela,Train/Varicela/2024-06-27_11-23-22_7767.png,6,Train
Train/Varicela/ChickenPox (67).jpg,Varicela,Train/Varicela/ChickenPox (67).jpg,6,Train
Train/Varicela/ChickenPox (124).jpg,Varicela,Train/Varicela/ChickenPox (124).jpg,6,Test
Train/Varicela/2024-06-27_11-27-46_2502.png,Varicela,Train/Varicela/2024-06-27_11-27-46_2502.png,6,Val
Train/Varicela/2024-06-26_23-10-04_2229.png,Varicela,Train/Varicela/2024-06-26_23-10-04_2229.png,6,Train
Train/Varicela/ChickenPox (225).jpg,Varicela,Train/Varicela/ChickenPox (225).jpg,6,Train
Train/Varicela/2024-06-27_12-25-49_8796.png,Varicela,Train/Varicela/2024-06-27_12-25-49_8796.png,6,Val
Train/Varicela/2024-06-27_12-20-37_5347.png,Varicela,Train/Varicela/2024-06-27_12-20-37_5347.png,6,Train
Train/Varicela/2024-06-27_13-23-04_4621.png,Varicela,Train/Varicela/2024-06-27_13-23-04_4621.png,6,Train
Train/Varicela/2024-06-26_21-03-51_2168.png,Varicela,Train/Varicela/2024-06-26_21-03-51_2168.png,6,Train
Train/Varicela/2024-06-27_12-17-37_9902.png,Varicela,Train/Varicela/2024-06-27_12-17-37_9902.png,6,Train
Train/Varicela/2024-06-25_21-38-42_1894.png,Varicela,Train/Varicela/2024-06-25_21-38-42_1894.png,6,Train
Train/Varicela/ChickenPox (57).png,Varicela,Test/Varicela/ChickenPox (31).png,6,Train
Train/Varicela/2024-06-27_13-05-13_9479.png,Varicela,Train/Varicela/2024-06-27_13-05-13_9479.png,6,Val
Train/Varicela/2024-06-27_13-09-47_8141.png,Varicela,Train/Varicela/2024-06-27_13-09-47_8141.png,6,Train
Train/Varicela/2024-06-26_23-15-54_5816.png,Varicela,Train/Varicela/2024-06-26_23-15-54_5816.png,6,Train
Train/Varicela/2024-06-27_11-22-38_8705.png,Varicela,Train/Varicela/2024-06-27_11-22-38_8705.png,6,Train
Train/Varicela/2024-06-26_21-25-10_8880.png,Varicela,Train/Varicela/2024-06-26_21-25-10_8880.png,6,Train
Train/Varicela/2024-06-26_00-12-13_1837.png,Varicela,Train/Varicela/2024-06-26_00-12-13_1837.png,6,Train
Train/Varicela/2024-06-27_00-41-48_7699.png,Varicela,Train/Varicela/2024-06-27_00-41-48_7699.png,6,Train
Train/Varicela/ChickenPox (222).jpg,Varicela,Train/Varicela/ChickenPox (222).jpg,6,Val
Train/Varicela/2024-06-27_13-06-21_4404.png,Varicela,Train/Varicela/2024-06-27_13-06-21_4404.png,6,Train
Train/Varicela/ChickenPox (258).jpg,Varicela,Train/Varicela/ChickenPox (258).jpg,6,Train
Train/Varicela/2024-06-26_23-29-52_3990.png,Varicela,Train/Varicela/2024-06-26_23-29-52_3990.png,6,Val
Train/Varicela/2024-06-27_12-16-30_9803.png,Varicela,Train/Varicela/2024-06-27_12-16-30_9803.png,6,Test
Train/Varicela/2024-06-27_11-45-02_2390.png,Varicela,Train/Varicela/2024-06-27_11-45-02_2390.png,6,Test
Train/Varicela/ChickenPox (51).png,Varicela,Train/Varicela/ChickenPox (51).png,6,Train
Train/Varicela/ChickenPox (265).jpg,Varicela,Train/Varicela/ChickenPox (265).jpg,6,Train
Train/Varicela/2024-06-25_22-51-36_2788.png,Varicela,Train/Varicela/2024-06-25_22-51-36_2788.png,6,Train
Train/Varicela/2024-06-27_13-33-29_2260.png,Varicela,Train/Varicela/2024-06-27_13-33-29_2260.png,6,Train
Train/Varicela/ChickenPox (218).jpg,Varicela,Train/Varicela/ChickenPox (218).jpg,6,Train
Train/Varicela/2024-06-27_12-14-38_7691.png,Varicela,Train/Varicela/2024-06-27_12-14-38_7691.png,6,Test
Train/Varicela/2024-06-27_12-03-36_5978.png,Varicela,Train/Varicela/2024-06-27_12-03-36_5978.png,6,Train
Train/Varicela/2024-06-25_21-41-36_4208.png,Varicela,Train/Varicela/2024-06-25_21-41-36_4208.png,6,Train
Train/Varicela/2024-06-27_13-14-23_4885.png,Varicela,Train/Varicela/2024-06-27_13-14-23_4885.png,6,Train
Train/Varicela/ChickenPox (188).jpg,Varicela,Train/Varicela/ChickenPox (188).jpg,6,Train
Train/Varicela/2024-06-25_22-56-41_5614.png,Varicela,Train/Varicela/2024-06-25_22-56-41_5614.png,6,Val
Train/Varicela/ChickenPox (278).jpg,Varicela,Train/Varicela/ChickenPox (278).jpg,6,Train
Train/Varicela/2024-06-26_20-58-35_8287.png,Varicela,Train/Varicela/2024-06-26_20-58-35_8287.png,6,Val
Train/Varicela/2024-06-27_12-23-13_3807.png,Varicela,Train/Varicela/2024-06-27_12-23-13_3807.png,6,Train
Train/Varicela/2024-06-26_21-43-52_2834.png,Varicela,Train/Varicela/2024-06-26_21-43-52_2834.png,6,Test
Train/Varicela/2024-06-26_22-22-35_1947.png,Varicela,Train/Varicela/2024-06-26_22-22-35_1947.png,6,Train
Train/Varicela/2024-06-25_21-30-59_7969.png,Varicela,Train/Varicela/2024-06-25_21-30-59_7969.png,6,Train
Train/Varicela/ChickenPox (279).jpg,Varicela,Train/Varicela/ChickenPox (279).jpg,6,Train
Train/Varicela/2024-06-27_13-22-20_2530.png,Varicela,Train/Varicela/2024-06-27_13-22-20_2530.png,6,Train
Train/Varicela/2024-06-26_21-47-08_5752.png,Varicela,Train/Varicela/2024-06-26_21-47-08_5752.png,6,Train
Train/Varicela/2024-06-26_21-33-31_2267.png,Varicela,Train/Varicela/2024-06-26_21-33-31_2267.png,6,Train
Train/Melanoma/Melanoma (207).jpg,Melanoma,Train/Melanoma/Melanoma (207).jpg,6,Test
Train/Melanoma/Melanoma (167).jpg,Melanoma,Train/Melanoma/Melanoma (167).jpg,6,Train
Train/Melanoma/Melanoma (421).jpg,Melanoma,Train/Melanoma/Melanoma (421).jpg,6,Train
Train/Melanoma/Melanoma (424).jpg,Melanoma,Train/Melanoma/Melanoma (424).jpg,6,Train
Train/Melanoma/Melanoma (276).jpg,Melanoma,Train/Melanoma/Melanoma (276).jpg,6,Train
Train/Melanoma/Melanoma (439).jpg,Melanoma,Train/Melanoma/Melanoma (439).jpg,6,Val
Train/Melanoma/melanoma_5669.jpg,Melanoma,Train/Melanoma/melanoma_5669.jpg,6,Train
Train/Melanoma/Melanoma (154).jpg,Melanoma,Train/Melanoma/Melanoma (154).jpg,6,Val
Train/Melanoma/Melanoma (369).jpg,Melanoma,Train/Melanoma/Melanoma (369).jpg,6,Val
Train/Melanoma/melanoma_5698.jpg,Melanoma,Train/Melanoma/melanoma_5698.jpg,6,Train
Train/Melanoma/Melanoma (206).jpg,Melanoma,Train/Melanoma/Melanoma (206).jpg,6,Train
Train/Melanoma/Melanoma (108).jpg,Melanoma,Train/Melanoma/Melanoma (108).jpg,6,Test
Train/Melanoma/Melanoma (225).jpg,Melanoma,Train/Melanoma/Melanoma (225).jpg,6,Train
Train/Sarampion/2024-06-26_17-06-48_1275.png,Sarampion,Train/Sarampion/2024-06-26_17-06-48_1275.png,6,Train
Train/Sarampion/Sarampion (34).jpg,Sarampion,Train/Sarampion/Sarampion (122).jpg,6,Val
Train/Sarampion/Sarampion (99).jpg,Sarampion,Train/Sarampion/Sarampion (99).jpg,6,Train
Train/Sarampion/2024-06-26_12-13-46_3831.png,Sarampion,Train/Sarampion/2024-06-26_12-13-46_3831.png,6,Train
Train/Sarampion/2024-06-26_18-26-56_2099.png,Sarampion,Train/Sarampion/2024-06-26_18-26-56_2099.png,6,Val
Train/Sarampion/2024-06-26_17-30-13_9287.png,Sarampion,Train/Sarampion/2024-06-26_17-30-13_9287.png,6,Test
Train/Sarampion/2024-06-26_18-53-19_4672.png,Sarampion,Train/Sarampion/2024-06-26_18-53-19_4672.png,6,Val
Train/Sarampion/2024-06-26_17-33-09_9314.png,Sarampion,Train/Sarampion/2024-06-26_17-33-09_9314.png,6,Val
Train/Sarampion/2024-06-26_12-18-48_6483.png,Sarampion,Train/Sarampion/2024-06-26_12-18-48_6483.png,6,Test
Train/Sarampion/2024-06-26_17-17-13_1972.png,Sarampion,Train/Sarampion/2024-06-26_17-17-13_1972.png,6,Train
Train/Sarampion/2024-06-26_12-09-55_7255.png,Sarampion,Train/Sarampion/2024-06-26_12-09-55_7255.png,6,Train
Train/Sarampion/2024-06-26_18-39-15_9521.png,Sarampion,Train/Sarampion/2024-06-26_18-39-15_9521.png,6,Train
Train/Sarampion/2024-06-26_12-13-23_8548.png,Sarampion,Train/Sarampion/2024-06-26_12-13-23_8548.png,6,Train
Train/Sarampion/Sarampion (63).jpg,Sarampion,Train/Sarampion/Sarampion (63).jpg,6,Train
Train/Sarampion/2024-06-26_12-14-41_4147.png,Sarampion,Train/Sarampion/2024-06-26_12-14-41_4147.png,6,Train
Train/Sarampion/2024-06-26_18-54-10_3473.png,Sarampion,Train/Sarampion/2024-06-26_18-54-10_3473.png,6,Train
Train/Sarampion/2024-06-26_18-51-17_6827.png,Sarampion,Train/Sarampion/2024-06-26_18-51-17_6827.png,6,Train
Train/Sarampion/2024-06-26_12-13-00_2392.png,Sarampion,Train/Sarampion/2024-06-26_12-13-00_2392.png,6,Train
Train/Sarampion/2024-06-26_18-38-52_1584.png,Sarampion,Train/Sarampion/2024-06-26_18-38-52_1584.png,6,Train
Train/Sarampion/2024-06-26_17-33-55_2715.png,Sarampion,Train/Sarampion/2024-06-26_17-33-55_2715.png,6,Train
Train/Sarampion/2024-06-26_18-46-07_8847.png,Sarampion,Train/Sarampion/2024-06-26_18-46-07_8847.png,6,Train
Train/Sarampion/2024-06-26_18-29-45_4418.png,Sarampion,Train/Sarampion/2024-06-26_18-29-45_4418.png,6,Train
Train/Sarampion/2024-06-26_18-49-37_3624.png,Sarampion,Train/Sarampion/2024-06-26_18-49-37_3624.png,6,Train
Train/Sarampion/2024-06-26_12-15-30_8710.png,Sarampion,Train/Sarampion/2024-06-26_12-15-30_8710.png,6,Train
Train/Sarampion/2024-06-26_17-21-07_7403.png,Sarampion,Train/Sarampion/2024-06-26_17-21-07_7403.png,6,Train
Train/Sarampion/2024-06-26_13-32-47_3652.png,Sarampion,Train/Sarampion/2024-06-26_13-32-47_3652.png,6,Train
Train/Sarampion/2024-06-26_18-34-51_1021.png,Sarampion,Train/Sarampion/2024-06-26_18-34-51_1021.png,6,Train
Train/Sarampion/Sarampion (81).png,Sarampion,Train/Sarampion/Sarampion (81).png,6,Train
Train/Sarampion/2024-06-26_18-34-27_7487.png,Sarampion,Train/Sarampion/2024-06-26_18-34-27_7487.png,6,Train
Train/Sarampion/Sarampion (60).png,Sarampion,Train/Sarampion/Sarampion (60).png,6,Train
Train/Sarampion/2024-06-26_18-52-05_8640.png,Sarampion,Train/Sarampion/2024-06-26_18-52-05_8640.png,6,Test
Train/Sarampion/2024-06-26_12-12-04_1572.png,Sarampion,Train/Sarampion/2024-06-26_12-12-04_1572.png,6,Test
Train/Sarampion/2024-06-26_15-55-42_9594.png,Sarampion,Train/Sarampion/2024-06-26_15-55-42_9594.png,6,Test
Train/Sarampion/2024-06-26_12-10-47_9594.png,Sarampion,Train/Sarampion/2024-06-26_12-10-47_9594.png,6,Train
Train/Sarampion/2024-06-26_17-13-45_5162.png,Sarampion,Train/Sarampion/2024-06-26_17-13-45_5162.png,6,Test
Train/Sarampion/2024-06-26_18-35-38_6808.png,Sarampion,Train/Sarampion/2024-06-26_18-35-38_6808.png,6,Train
Train/Sarampion/2024-06-26_17-17-34_2732.png,Sarampion,Train/Sarampion/2024-06-26_17-17-34_2732.png,6,Train
Train/Sarampion/Sarampion (46).png,Sarampion,Train/Sarampion/Sarampion (46).png,6,Test
Train/Sarampion/2024-06-26_18-20-50_1741.png,Sarampion,Train/Sarampion/2024-06-26_18-20-50_1741.png,6,Train
Train/Sarampion/2024-06-26_12-18-02_3000.png,Sarampion,Train/Sarampion/2024-06-26_12-18-02_3000.png,6,Train
Train/Sarampion/2024-06-26_18-21-15_3616.png,Sarampion,Train/Sarampion/2024-06-26_18-21-15_3616.png,6,Train
Train/Sarampion/2024-06-26_18-32-01_3999.png,Sarampion,Train/Sarampion/2024-06-26_18-32-01_3999.png,6,Train
Train/Sarampion/2024-06-26_17-19-08_7470.png,Sarampion,Train/Sarampion/2024-06-26_17-19-08_7470.png,6,Train
Train/Sarampion/2024-06-26_18-45-32_8285.png,Sarampion,Train/Sarampion/2024-06-26_18-45-32_8285.png,6,Train
Train/Sarampion/2024-06-26_17-19-55_9561.png,Sarampion,Train/Sarampion/2024-06-26_17-19-55_9561.png,6,Train
Train/Sarampion/2024-06-26_18-43-03_4744.png,Sarampion,Train/Sarampion/2024-06-26_18-43-03_4744.png,6,Val
Train/Sarampion/2024-06-26_18-30-15_8910.png,Sarampion,Train/Sarampion/2024-06-26_18-30-15_8910.png,6,Train
Train/Sarampion/Sarampion.jpeg,Sarampion,Train/Sarampion/Sarampion.jpeg,6,Test
Train/Sarampion/2024-06-26_18-50-54_6828.png,Sarampion,Train/Sarampion/2024-06-26_18-50-54_6828.png,6,Val
Train/Sarampion/2024-06-26_17-33-32_6380.png,Sarampion,Train/Sarampion/2024-06-26_17-33-32_6380.png,6,Train
Train/Sarampion/2024-06-26_12-11-40_8397.png,Sarampion,Train/Sarampion/2024-06-26_12-11-40_8397.png,6,Train
Train/Sarampion/2024-06-26_18-28-54_2223.png,Sarampion,Train/Sarampion/2024-06-26_18-28-54_2223.png,6,Train
Train/Sarampion/2024-06-26_12-21-06_4254.png,Sarampion,Train/Sarampion/2024-06-26_12-21-06_4254.png,6,Train
Train/Sarampion/2024-06-26_15-20-17_4986.png,Sarampion,Train/Sarampion/2024-06-26_15-20-17_4986.png,6,Train
Train/Sarampion/Sarampion (75).png,Sarampion,Train/Sarampion/Sarampion (75).png,6,Train
Train/Sarampion/2024-06-26_18-43-52_5069.png,Sarampion,Train/Sarampion/2024-06-26_18-43-52_5069.png,6,Val
Train/Sarampion/2024-06-26_12-19-10_2182.png,Sarampion,Train/Sarampion/2024-06-26_12-19-10_2182.png,6,Test
Train/Sarampion/Sarampion (71).jpg,Sarampion,Test/Sarampion/Sarampion (9).jpg,6,Train
Train/Sarampion/2024-06-26_18-41-33_8344.png,Sarampion,Train/Sarampion/2024-06-26_18-41-33_8344.png,6,Train
Train/Sarampion/2024-06-26_18-29-19_9529.png,Sarampion,Train/Sarampion/2024-06-26_18-29-19_9529.png,6,Train
Train/Sarampion/2024-06-26_18-41-57_2773.png,Sarampion,Train/Sarampion/2024-06-26_18-41-57_2773.png,6,Train
Train/Sarampion/2024-06-26_18-47-59_2594.png,Sarampion,Train/Sarampion/2024-06-26_18-47-59_2594.png,6,Val
Train/Sarampion/2024-06-26_18-50-23_9423.png,Sarampion,Train/Sarampion/2024-06-26_18-50-23_9423.png,6,Train
Train/Sarampion/2024-06-26_18-20-56_9388.png,Sarampion,Train/Sarampion/2024-06-26_18-20-56_9388.png,6,Train
Train/Sarampion/Sarampion (156).jpg,Sarampion,Train/Sarampion/Sarampion (156).jpg,6,Test
Train/Sarampion/2024-06-26_18-28-28_2670.png,Sarampion,Train/Sarampion/2024-06-26_18-28-28_2670.png,6,Train
Train/Sarampion/2024-06-26_18-20-42_6725.png,Sarampion,Train/Sarampion/2024-06-26_18-20-42_6725.png,6,Val
Train/Sarampion/2024-06-26_18-31-32_3669.png,Sarampion,Train/Sarampion/2024-06-26_18-31-32_3669.png,6,Train
Train/Sarampion/Sarampion (122).jpg,Sarampion,Train/Sarampion/Sarampion (122).jpg,6,Val
Train/Sarampion/2024-06-26_18-23-21_5509.png,Sarampion,Train/Sarampion/2024-06-26_18-23-21_5509.png,6,Train
Train/Sarampion/Sarampion (58).png,Sarampion,Train/Sarampion/Sarampion (122).jpg,6,Val
Train/Sarampion/2024-06-26_18-22-15_6467.png,Sarampion,Train/Sarampion/2024-06-26_18-22-15_6467.png,6,Test
Train/Sarampion/2024-06-26_18-22-40_3317.png,Sarampion,Train/Sarampion/2024-06-26_18-22-40_3317.png,6,Test
Train/Sarampion/2024-06-26_17-22-28_4993.png,Sarampion,Train/Sarampion/2024-06-26_17-22-28_4993.png,6,Train
Train/Sarampion/2024-06-26_17-18-22_5687.png,Sarampion,Train/Sarampion/2024-06-26_17-18-22_5687.png,6,Test
Train/Sarampion/2024-06-26_12-14-09_8993.png,Sarampion,Train/Sarampion/2024-06-26_12-14-09_8993.png,6,Train
Train/Sarampion/2024-06-26_12-12-27_2080.png,Sarampion,Train/Sarampion/2024-06-26_12-12-27_2080.png,6,Test
Train/Sarampion/Sarampion (68).png,Sarampion,Train/Sarampion/Sarampion (68).png,6,Train
Train/Sarampion/2024-06-26_12-18-25_3518.png,Sarampion,Train/Sarampion/2024-06-26_12-18-25_3518.png,6,Train
Train/Sarampion/2024-06-26_17-12-32_1943.png,Sarampion,Train/Sarampion/2024-06-26_17-12-32_1943.png,6,Train
Train/Sarampion/2024-06-26_12-17-39_1278.png,Sarampion,Train/Sarampion/2024-06-26_12-17-39_1278.png,6,Train
Train/Sarampion/2024-06-26_18-26-19_1707.png,Sarampion,Train/Sarampion/2024-06-26_18-26-19_1707.png,6,Train
Train/Sarampion/2024-06-26_18-40-35_9429.png,Sarampion,Train/Sarampion/2024-06-26_18-40-35_9429.png,6,Train
Train/Sarampion/2024-06-26_11-56-48_4821.png,Sarampion,Train/Sarampion/2024-06-26_11-56-48_4821.png,6,Train
Train/Sarampion/2024-06-26_18-50-00_5687.png,Sarampion,Train/Sarampion/2024-06-26_18-50-00_5687.png,6,Train
Train/Sarampion/Sarampion (83).png,Sarampion,Train/Sarampion/Sarampion (83).png,6,Train
Train/Sarampion/2024-06-26_18-41-01_7341.png,Sarampion,Train/Sarampion/2024-06-26_18-41-01_7341.png,6,Val
Train/Sarampion/2024-06-26_12-20-01_8361.png,Sarampion,Train/Sarampion/2024-06-26_12-20-01_8361.png,6,Train
Train/Sarampion/Sarampion (8).jpg,Sarampion,Train/Sarampion/Sarampion (8).jpg,6,Train
Train/Sarampion/2024-06-26_17-20-19_7898.png,Sarampion,Train/Sarampion/2024-06-26_17-20-19_7898.png,6,Train
Train/Sarampion/2024-06-26_18-48-23_2524.png,Sarampion,Train/Sarampion/2024-06-26_18-48-23_2524.png,6,Train
Train/Sarampion/2024-06-26_13-19-14_4091.png,Sarampion,Train/Sarampion/2024-06-26_13-19-14_4091.png,6,Train
Train/Sarampion/2024-06-26_16-49-12_3470.png,Sarampion,Train/Sarampion/2024-06-26_16-49-12_3470.png,6,Train
Train/Sarampion/Sarampion (37).png,Sarampion,Train/Sarampion/Sarampion (37).png,6,Train
Train/Sarampion/2024-06-26_17-21-54_5728.png,Sarampion,Train/Sarampion/2024-06-26_17-21-54_5728.png,6,Train
Train/Sarampion/2024-06-26_13-56-58_5654.png,Sarampion,Train/Sarampion/2024-06-26_13-56-58_5654.png,6,Train
Train/Sarampion/2024-06-26_18-43-28_6048.png,Sarampion,Train/Sarampion/2024-06-26_18-43-28_6048.png,6,Val
Train/Sarampion/2024-06-26_18-52-53_8287.png,Sarampion,Train/Sarampion/2024-06-26_18-52-53_8287.png,6,Val
Train/Sarampion/2024-06-26_18-52-30_1239.png,Sarampion,Train/Sarampion/2024-06-26_18-52-30_1239.png,6,Train
Train/Sarampion/Sarampion (52).jpg,Sarampion,Train/Sarampion/Sarampion (52).jpg,6,Train
Train/Sarampion/2024-06-26_12-19-31_3606.png,Sarampion,Train/Sarampion/2024-06-26_12-19-31_3606.png,6,Test
Train/Sarampion/Sarampion (59).png,Sarampion,Train/Sarampion/Sarampion (59).png,6,Test
Train/Sarampion/2024-06-26_18-48-46_1629.png,Sarampion,Train/Sarampion/2024-06-26_18-48-46_1629.png,6,Train
Train/Sarampion/2024-06-26_17-22-52_8567.png,Sarampion,Train/Sarampion/2024-06-26_17-22-52_8567.png,6,Train
Train/Sarampion/2024-06-26_15-19-25_4994.png,Sarampion,Train/Sarampion/2024-06-26_15-19-25_4994.png,6,Val
Train/Sarampion/2024-06-26_17-30-39_1313.png,Sarampion,Train/Sarampion/2024-06-26_17-30-39_1313.png,6,Train
Train/Sarampion/2024-06-26_12-10-19_6265.png,Sarampion,Train/Sarampion/2024-06-26_12-10-19_6265.png,6,Train
Train/Sarampion/2024-06-26_17-32-03_3173.png,Sarampion,Train/Sarampion/2024-06-26_17-32-03_3173.png,6,Train
Train/Sarampion/2024-06-26_18-30-41_4357.png,Sarampion,Train/Sarampion/2024-06-26_18-30-41_4357.png,6,Train
Test/Herpes/Herpes (29).jpg,Herpes,Test/Herpes/Herpes (29).jpg,6,Val
Test/Herpes/Herpes (18).jpg,Herpes,Test/Herpes/Herpes (18).jpg,6,Train
Test/Herpes/2024-06-26_20-39-30_8341.png,Herpes,Test/Herpes/2024-06-26_20-39-30_8341.png,6,Train
Test/Herpes/Herpes (44).jpg,Herpes,Test/Herpes/Herpes (44).jpg,6,Train
Test/Herpes/Herpes (13).jpg,Herpes,Test/Herpes/Herpes (13).jpg,6,Test
Test/Herpes/Herpes (5).png,Herpes,Test/Herpes/Herpes (5).png,6,Train
Test/Monkeypox/2024-06-27_15-08-34_5633.png,Monkeypox,Test/Monkeypox/2024-06-27_15-08-34_5633.png,6,Train
Test/Monkeypox/MonkeyPox (28).jpg,Monkeypox,Test/Monkeypox/MonkeyPox (28).jpg,6,Train
Test/Monkeypox/2024-06-27_15-10-20_8807.png,Monkeypox,Test/Monkeypox/2024-06-27_15-10-20_8807.png,6,Val
Test/Monkeypox/MonkeyPox (105).jpg,Monkeypox,Test/Monkeypox/MonkeyPox (105).jpg,6,Train
Test/Monkeypox/MonkeyPox (3).png,Monkeypox,Test/Monkeypox/MonkeyPox (3).png,6,Train
Test/Monkeypox/2024-06-27_14-16-08_7006.png,Monkeypox,Test/Monkeypox/2024-06-27_14-16-08_7006.png,6,Test
Test/Monkeypox/2024-06-27_14-09-37_4091.png,Monkeypox,Test/Monkeypox/2024-06-27_14-09-37_4091.png,6,Train
Test/Monkeypox/MonkeyPox (9).jpg,Monkeypox,Test/Monkeypox/MonkeyPox (9).jpg,6,Train
Test/Monkeypox/MonkeyPox (117).jpg,Monkeypox,Test/Monkeypox/MonkeyPox (117).jpg,6,Train
Test/Monkeypox/MonkeyPox (17).jpg,Monkeypox,Test/Monkeypox/MonkeyPox (17).jpg,6,Train
Test/Monkeypox/2024-06-27_15-08-58_1940.png,Monkeypox,Test/Monkeypox/2024-06-27_15-08-58_1940.png,6,Train
Test/Monkeypox/MonkeyPox (39).jpg,Monkeypox,Test/Monkeypox/MonkeyPox (39).jpg,6,Test
Test/Monkeypox/2024-06-27_14-10-01_4450.png,Monkeypox,Test/Monkeypox/2024-06-27_14-10-01_4450.png,6,Train
Test/Monkeypox/2024-06-27_13-59-23_4022.png,Monkeypox,Test/Monkeypox/2024-06-27_13-59-23_4022.png,6,Train
Test/Varicela/2024-06-27_12-05-49_1014.png,Varicela,Test/Varicela/2024-06-27_12-05-49_1014.png,6,Train
Test/Varicela/2024-06-27_11-43-31_5038.png,Varicela,Test/Varicela/2024-06-27_11-43-31_5038.png,6,Val
Test/Varicela/ChickenPox (60).jpg,Varicela,Test/Varicela/ChickenPox (60).jpg,6,Val
Test/Varicela/ChickenPox (31).png,Varicela,Test/Varicela/ChickenPox (31).png,6,Train
Test/Varicela/ChickenPox (44).png,Varicela,Test/Varicela/ChickenPox (44).png,6,Test
Test/Varicela/2024-06-25_23-32-13_6030.png,Varicela,Test/Varicela/2024-06-25_23-32-13_6030.png,6,Train
Test/Melanoma/Melanoma (2).jpg,Melanoma,Test/Melanoma/Melanoma (2).jpg,6,Train
Test/Melanoma/Melanoma (66).jpg,Melanoma,Test/Melanoma/Melanoma (66).jpg,6,Train
Test/Sarampion/2024-06-26_18-55-04_6340.png,Sarampion,Test/Sarampion/2024-06-26_18-55-04_6340.png,6,Test
Test/Sarampion/2024-06-26_12-16-35_2776.png,Sarampion,Test/Sarampion/2024-06-26_12-16-35_2776.png,6,Train
Test/Sarampion/Sarampion (48).png,Sarampion,Test/Sarampion/Sarampion (48).png,6,Train
Test/Sarampion/2024-06-26_18-25-29_9961.png,Sarampion,Test/Sarampion/2024-06-26_18-25-29_9961.png,6,Train
Test/Sarampion/Sarampion (32).png,Sarampion,Test/Sarampion/Sarampion (32).png,6,Val
Test/Sarampion/2024-06-26_14-01-28_8761.png,Sarampion,Test/Sarampion/2024-06-26_14-01-28_8761.png,6,Train
Test/Sarampion/2024-06-26_18-55-27_6748.png,Sarampion,Test/Sarampion/2024-06-26_18-55-27_6748.png,6,Train
Test/Sarampion/2024-06-26_17-15-57_5912.png,Sarampion,Test/Sarampion/2024-06-26_17-15-57_5912.png,6,Test
Test/Sarampion/2024-06-26_18-47-24_2909.png,Sarampion,Test/Sarampion/2024-06-26_18-47-24_2909.png,6,Train
Test/Sarampion/2024-06-26_17-29-44_1576.png,Sarampion,Test/Sarampion/2024-06-26_17-29-44_1576.png,6,Train
Test/Sarampion/2024-06-26_18-46-32_6310.png,Sarampion,Test/Sarampion/2024-06-26_18-46-32_6310.png,6,Test
Test/Sarampion/2024-06-26_18-54-40_4156.png,Sarampion,Test/Sarampion/2024-06-26_18-54-40_4156.png,6,Val
Test/Sarampion/2024-06-26_12-16-14_5492.png,Sarampion,Test/Sarampion/2024-06-26_12-16-14_5492.png,6,Val
Test/Sarampion/2024-06-26_17-25-28_7382.png,Sarampion,Test/Sarampion/2024-06-26_17-25-28_7382.png,6,Train
Test/Sarampion/2024-06-26_12-09-05_5942.png,Sarampion,Test/Sarampion/2024-06-26_12-09-05_5942.png,6,Train
Test/Sarampion/2024-06-26_18-25-06_6595.png,Sarampion,Test/Sarampion/2024-06-26_18-25-06_6595.png,6,Train
Test/Sarampion/2024-06-26_17-14-45_6203.png,Sarampion,Test/Sarampion/2024-06-26_17-14-45_6203.png,6,Train
Test/Sarampion/2024-06-26_17-16-45_3964.png,Sarampion,Test/Sarampion/2024-06-26_17-16-45_3964.png,6,Train
Test/Sarampion/2024-06-26_12-09-31_9870.png,Sarampion,Test/Sarampion/2024-06-26_12-09-31_9870.png,6,Train
Test/Sarampion/2024-06-26_12-17-18_7060.png,Sarampion,Test/Sarampion/2024-06-26_12-17-18_7060.png,6,Val
Test/Sarampion/Sarampion (9).jpg,Sarampion,Test/Sarampion/Sarampion (9).jpg,6,Train
Test/Sarampion/2024-06-26_17-24-12_1688.png,Sarampion,Test/Sarampion/2024-06-26_17-24-12_1688.png,6,Train
Test/Sarampion/2024-06-26_18-23-44_7036.png,Sarampion,Test/Sarampion/2024-06-26_18-23-44_7036.png,6,Train
Test/Sarampion/2024-06-26_18-25-56_9550.png,Sarampion,Test/Sarampion/2024-06-26_18-25-56_9550.png,6,Train
Test/Sarampion/2024-06-26_18-46-57_1618.png,Sarampion,Test/Sarampion/2024-06-26_18-46-57_1618.png,6,Train
Test/Sarampion/2024-06-26_14-56-41_7181.png,Sarampion,Test/Sarampion/2024-06-26_14-56-41_7181.png,6,Train
Test/Sarampion/Sarampion (17).jpg,Sarampion,Test/Sarampion/Sarampion (17).jpg,6,Test
Test/Sarampion/2024-06-26_18-36-04_7670.png,Sarampion,Test/Sarampion/2024-06-26_18-36-04_7670.png,6,Train
Test/Sarampion/2024-06-26_17-24-34_7466.png,Sarampion,Test/Sarampion/2024-06-26_17-24-34_7466.png,6,Train
Test/Sarampion/Sarampion (20).jpeg,Sarampion,Test/Sarampion/Sarampion (20).jpeg,6,Train
Val/Herpes/Herpes (59).jpg,Herpes,Val/Herpes/Herpes (59).jpg,6,Test
Val/Monkeypox/MonkeyPox (14).jpg,Monkeypox,Val/Monkeypox/MonkeyPox (14).jpg,6,Test
Val/Monkeypox/MonkeyPox (11).jpg,Monkeypox,Val/Monkeypox/MonkeyPox (11).jpg,6,Test
Val/Monkeypox/MonkeyPox (14).jpeg,Monkeypox,Val/Monkeypox/MonkeyPox (14).jpeg,6,Train
Val/Varicela/ChickenPox (24).png,Varicela,Val/Varicela/ChickenPox (24).png,6,Train
Val/Varicela/ChickenPox (5).jpg,Varicela,Train/Varicela/ChickenPox (225).jpg,6,Train
Val/Varicela/ChickenPox (9).jpg,Varicela,Val/Varicela/ChickenPox (9).jpg,6,Test
Val/Melanoma/Melanoma (128).jpg,Melanoma,Val/Melanoma/Melanoma (128).jpg,6,Train
Val/Melanoma/Melanoma (186).jpg,Melanoma,Val/Melanoma/Melanoma (186).jpg,6,Test
Val/Sarampion/Sarampion (41).png,Sarampion,Val/Sarampion/Sarampion (41).png,6,Train
Val/Sarampion/Sarampion (2).png,Sarampion,Val/Sarampion/Sarampion (2).png,6,Test
Val/Sarampion/Sarampion (18).png,Sarampion,Test/Sarampion/Sarampion (9).jpg,6,Train
Val/Sarampion/Sarampion (2).jpeg,Sarampion,Test/Sarampion/Sarampion (33).png,6,Train
Val/Sarampion/Sarampion (14).jpeg,Sarampion,Val/Sarampion/Sarampion (14).jpeg,6,Train
Test/Varicela/ChickenPox (87).jpg,Varicela,Test/Varicela/ChickenPox (87).jpg,6,Train
Train/Sarampion/2024-06-26_13-34-03_3621.png,Sarampion,Train/Sarampion/2024-06-26_13-34-03_3621.png,6,Test
Train/Sarampion/2024-06-26_17-21-31_4636.png,Sarampion,Train/Sarampion/2024-06-26_17-21-31_4636.png,6,Val
Train/Monkeypox/2024-06-27_13-57-20_2703.png,Monkeypox,Train/Monkeypox/2024-06-27_13-57-20_2703.png,6,Train
Test/Varicela/2024-06-25_23-07-03_7302.png,Varicela,Test/Varicela/2024-06-25_23-07-03_7302.png,6,Train
Test/Herpes/2024-06-26_20-41-17_6240.png,Herpes,Test/Herpes/2024-06-26_20-41-17_6240.png,6,Train
Train/Varicela/2024-06-26_23-34-23_5504.png,Varicela,Train/Varicela/2024-06-26_23-34-23_5504.png,6,Val
Train/Varicela/2024-06-27_12-02-07_7463.png,Varicela,Train/Varicela/2024-06-27_12-02-07_7463.png,6,Test
Test/Monkeypox/2024-06-27_15-22-32_9308.png,Monkeypox,Test/Monkeypox/2024-06-27_15-22-32_9308.png,6,Train
Train/Sarampion/2024-06-26_15-15-19_6482.png,Sarampion,Train/Sarampion/2024-06-26_15-15-19_6482.png,6,Val
Train/Sarampion/Sarampion (45).jpg,Sarampion,Train/Sarampion/Sarampion (45).jpg,6,Test
Train/Varicela/ChickenPox (133).jpg,Varicela,Train/Varicela/ChickenPox (133).jpg,6,Val
Test/Herpes/Herpes (38).jpg,Herpes,Test/Herpes/Herpes (38).jpg,6,Train
Train/Varicela/ChickenPox (241).jpg,Varicela,Train/Varicela/ChickenPox (241).jpg,6,Val
Train/Monkeypox/MonkeyPox (142).png,Monkeypox,Train/Monkeypox/MonkeyPox (142).png,6,Train
Train/Varicela/ChickenPox (192).jpg,Varicela,Train/Varicela/ChickenPox (192).jpg,6,Test
Train/Monkeypox/MonkeyPox (178).jpg,Monkeypox,Train/Monkeypox/MonkeyPox (178).jpg,6,Test
Train/Varicela/ChickenPox (263).jpg,Varicela,Train/Varicela/ChickenPox (263).jpg,6,Train
Train/Varicela/2024-06-25_21-34-59_8825.png,Varicela,Train/Varicela/2024-06-25_21-34-59_8825.png,6,Train
Train/Sarampion/2024-06-26_15-04-05_3977.png,Sarampion,Train/Sarampion/2024-06-26_15-04-05_3977.png,6,Train
Val/Varicela/ChickenPox (12).jpeg,Varicela,Val/Varicela/ChickenPox (12).jpeg,6,Test
Train/Herpes/Herpes.jpg,Herpes,Train/Herpes/Herpes.jpg,6,Val
Train/Varicela/2024-06-25_23-26-55_5054.png,Varicela,Train/Varicela/2024-06-25_23-26-55_5054.png,6,Train
Train/Sarampion/2024-06-26_13-58-38_3554.png,Sarampion,Train/Sarampion/2024-06-26_13-58-38_3554.png,6,Train
Train/Monkeypox/2024-06-27_13-55-01_8231.png,Monkeypox,Train/Monkeypox/2024-06-27_13-55-01_8231.png,6,Train
Test/Herpes/2024-06-26_20-34-15_6954.png,Herpes,Test/Herpes/2024-06-26_20-34-15_6954.png,6,Val
Train/Sarampion/Sarampion (102).jpg,Sarampion,Test/Sarampion/Sarampion (33).png,6,Train
Train/Sarampion/2024-06-26_15-08-43_2940.png,Sarampion,Train/Sarampion/2024-06-26_15-08-43_2940.png,6,Train
Train/Sarampion/2024-06-26_18-13-01_6573.png,Sarampion,Train/Sarampion/2024-06-26_18-13-01_6573.png,6,Train
Train/Varicela/2024-06-25_23-42-05_6670.png,Varicela,Train/Varicela/2024-06-25_23-42-05_6670.png,6,Train
Train/Monkeypox/2024-06-27_15-30-27_8136.png,Monkeypox,Train/Monkeypox/2024-06-27_15-30-27_8136.png,6,Val
Train/Varicela/2024-06-27_00-08-58_9769.png,Varicela,Train/Varicela/2024-06-27_00-08-58_9769.png,6,Train
Train/Varicela/2024-06-27_12-03-59_8548.png,Varicela,Train/Varicela/2024-06-27_12-03-59_8548.png,6,Train
Train/Varicela/2024-06-26_21-14-28_3487.png,Varicela,Train/Varicela/2024-06-26_21-14-28_3487.png,6,Train
Train/Herpes/Herpes (261).jpg,Herpes,Train/Herpes/Herpes (261).jpg,6,Train
Train/Monkeypox/2024-06-27_16-35-25_1474.png,Monkeypox,Train/Monkeypox/2024-06-27_16-35-25_1474.png,6,Val
Train/Varicela/ChickenPox (91).jpg,Varicela,Train/Varicela/ChickenPox (91).jpg,6,Train
Train/Sarampion/Sarampion (69).png,Sarampion,Train/Sarampion/Sarampion (69).png,6,Test
Val/Sarampion/Sarampion (14).png,Sarampion,Val/Sarampion/Sarampion (14).png,6,Train
Train/Varicela/2024-06-27_12-01-22_7986.png,Varicela,Train/Varicela/2024-06-27_12-01-22_7986.png,6,Train
Train/Sarampion/2024-06-26_11-59-57_7197.png,Sarampion,Train/Sarampion/2024-06-26_11-59-57_7197.png,6,Train
Train/Sarampion/Sarampion (123).jpg,Sarampion,Train/Sarampion/Sarampion (123).jpg,6,Train
Train/Herpes/2024-06-24_22-08-54_7574.png,Herpes,Train/Herpes/2024-06-24_22-08-54_7574.png,6,Val
Train/Monkeypox/2024-06-27_14-17-03_8584.png,Monkeypox,Train/Monkeypox/2024-06-27_14-17-03_8584.png,6,Train
Train/Varicela/2024-06-26_21-50-27_6383.png,Varicela,Train/Varicela/2024-06-26_21-50-27_6383.png,6,Train
Test/Herpes/Herpes (51).jpg,Herpes,Test/Herpes/Herpes (51).jpg,6,Train
Train/Sarampion/Sarampion (85).jpg,Sarampion,Train/Sarampion/Sarampion (85).jpg,6,Train
Train/Herpes/Herpes.png,Herpes,Train/Herpes/Herpes.png,6,Test
Train/Varicela/ChickenPox (255).jpg,Varicela,Train/Varicela/ChickenPox (255).jpg,6,Train
Train/Monkeypox/2024-06-27_16-32-03_5617.png,Monkeypox,Train/Monkeypox/2024-06-27_16-32-03_5617.png,6,Val
Train/Varicela/ChickenPox (221).jpg,Varicela,Train/Varicela/ChickenPox (221).jpg,6,Train
Test/Monkeypox/MonkeyPox (134).jpg,Monkeypox,Test/Monkeypox/MonkeyPox (134).jpg,6,Test
Train/Sarampion/Sarampion (73).jpg,Sarampion,Train/Sarampion/Sarampion (73).jpg,6,Train
Train/Monkeypox/2024-06-27_13-58-11_9592.png,Monkeypox,Train/Monkeypox/2024-06-27_13-58-11_9592.png,6,Train
Test/Varicela/ChickenPox (49).png,Varicela,Test/Varicela/ChickenPox (49).png,6,Train
Train/Herpes/2024-06-24_21-30-27_9522.png,Herpes,Train/Herpes/2024-06-24_21-30-27_9522.png,6,Train
Train/Varicela/ChickenPox (228).jpg,Varicela,Train/Varicela/ChickenPox (228).jpg,6,Train
Train/Sarampion/2024-06-26_16-11-54_9373.png,Sarampion,Train/Sarampion/2024-06-26_16-11-54_9373.png,6,Train
Train/Herpes/Herpes (262).jpg,Herpes,Train/Herpes/Herpes (262).jpg,6,Train
Test/Herpes/Herpes (74).jpg,Herpes,Test/Herpes/Herpes (74).jpg,6,Test
Train/Sarampion/2024-06-26_12-58-54_4368.png,Sarampion,Train/Sarampion/2024-06-26_12-58-54_4368.png,6,Val
Train/Monkeypox/2024-06-27_16-03-29_1919.png,Monkeypox,Train/Monkeypox/2024-06-27_16-03-29_1919.png,6,Train
Test/Sarampion/2024-06-26_15-06-38_7428.png,Sarampion,Test/Sarampion/2024-06-26_15-06-38_7428.png,6,Val
Train/Varicela/2024-06-26_21-42-24_5384.png,Varicela,Train/Varicela/2024-06-26_21-42-24_5384.png,6,Train
Train/Varicela/2024-06-25_22-36-19_9409.png,Varicela,Train/Varicela/2024-06-25_22-36-19_9409.png,6,Train
Test/Sarampion/2024-06-26_11-54-26_3910.png,Sarampion,Test/Sarampion/2024-06-26_11-54-26_3910.png,6,Train
Train/Monkeypox/2024-06-27_15-30-04_7633.png,Monkeypox,Train/Monkeypox/2024-06-27_15-30-04_7633.png,6,Train
Train/Herpes/2024-06-24_22-23-40_9531.png,Herpes,Train/Herpes/2024-06-24_22-23-40_9531.png,6,Train
Train/Sarampion/Sarampion (45).png,Sarampion,Train/Sarampion/Sarampion (45).png,6,Train
Val/Herpes/Herpes (28).jpg,Herpes,Val/Herpes/Herpes (28).jpg,6,Test
Train/Varicela/ChickenPox (229).jpg,Varicela,Train/Varicela/ChickenPox (229).jpg,6,Train
Train/Herpes/2024-06-24_22-37-38_3707.png,Herpes,Train/Herpes/2024-06-24_22-37-38_3707.png,6,Val
Train/Herpes/Herpes (194).jpg,Herpes,Train/Herpes/Herpes (194).jpg,6,Train
Train/Sarampion/Sarampion (67).jpg,Sarampion,Train/Sarampion/Sarampion (133).jpg,6,Train
Train/Sarampion/Sarampion (94).jpg,Sarampion,Train/Sarampion/Sarampion (94).jpg,6,Train
Train/Varicela/ChickenPox (132).jpg,Varicela,Train/Varicela/ChickenPox (132).jpg,6,Train
Train/Varicela/2024-06-25_21-32-59_3164.png,Varicela,Train/Varicela/2024-06-25_21-32-59_3164.png,6,Test
Train/Sarampion/2024-06-26_12-07-02_7219.png,Sarampion,Train/Sarampion/2024-06-26_12-07-02_7219.png,6,Test
Train/Herpes/Herpes (162).jpg,Herpes,Train/Herpes/Herpes (162).jpg,6,Train
Test/Sarampion/2024-06-26_11-56-01_5361.png,Sarampion,Test/Sarampion/2024-06-26_11-56-01_5361.png,6,Train
Train/Sarampion/2024-06-26_13-59-29_3375.png,Sarampion,Train/Sarampion/2024-06-26_13-59-29_3375.png,6,Train
Train/Varicela/2024-06-27_11-59-28_1614.png,Varicela,Train/Varicela/2024-06-27_11-59-28_1614.png,6,Val
Train/Monkeypox/2024-06-27_16-35-47_5319.png,Monkeypox,Train/Monkeypox/2024-06-27_16-35-47_5319.png,6,Train
Train/Monkeypox/2024-06-27_13-56-56_8334.png,Monkeypox,Train/Monkeypox/2024-06-27_13-56-56_8334.png,6,Train
Train/Varicela/2024-06-26_22-22-58_8722.png,Varicela,Train/Varicela/2024-06-26_22-22-58_8722.png,6,Train
Train/Varicela/ChickenPox (174).jpg,Varicela,Train/Varicela/ChickenPox (174).jpg,6,Train
Train/Varicela/2024-06-27_13-23-48_7560.png,Varicela,Train/Varicela/2024-06-27_13-23-48_7560.png,6,Train
Train/Monkeypox/2024-06-27_14-06-48_9948.png,Monkeypox,Train/Monkeypox/2024-06-27_14-06-48_9948.png,6,Train
Train/Varicela/2024-06-27_12-22-51_8259.png,Varicela,Train/Varicela/2024-06-27_12-22-51_8259.png,6,Train
Train/Varicela/ChickenPox (59).png,Varicela,Train/Varicela/ChickenPox (192).jpg,6,Test
Train/Varicela/2024-06-26_23-41-52_7860.png,Varicela,Train/Varicela/2024-06-26_23-41-52_7860.png,6,Train
Train/Monkeypox/2024-06-27_16-45-06_3027.png,Monkeypox,Train/Monkeypox/2024-06-27_16-45-06_3027.png,6,Train
Val/Varicela/ChickenPox (10).jpeg,Varicela,Val/Varicela/ChickenPox (10).jpeg,6,Train
Train/Varicela/2024-06-27_12-09-09_1375.png,Varicela,Train/Varicela/2024-06-27_12-09-09_1375.png,6,Train
Train/Monkeypox/2024-06-27_15-31-36_1699.png,Monkeypox,Train/Monkeypox/2024-06-27_15-31-36_1699.png,6,Val
Train/Monkeypox/2024-06-27_17-00-17_9938.png,Monkeypox,Train/Monkeypox/2024-06-27_17-00-17_9938.png,6,Test
Train/Varicela/2024-06-25_21-31-46_9293.png,Varicela,Train/Varicela/2024-06-25_21-31-46_9293.png,6,Train
Test/Sarampion/2024-06-26_15-05-21_1652.png,Sarampion,Test/Sarampion/2024-06-26_15-05-21_1652.png,6,Val
Train/Sarampion/2024-06-26_13-00-26_1168.png,Sarampion,Train/Sarampion/2024-06-26_13-00-26_1168.png,6,Train
Train/Monkeypox/2024-06-27_17-02-55_8647.png,Monkeypox,Train/Monkeypox/2024-06-27_17-02-55_8647.png,6,Train
Test/Varicela/2024-06-26_23-15-32_6074.png,Varicela,Test/Varicela/2024-06-26_23-15-32_6074.png,6,Train
Train/Herpes/Herpes (191).jpg,Herpes,Train/Herpes/Herpes (191).jpg,6,Train
Train/Herpes/2024-06-24_22-26-33_4237.png,Herpes,Train/Herpes/2024-06-24_22-26-33_4237.png,6,Train
Val/Sarampion/Sarampion (34).png,Sarampion,Val/Sarampion/Sarampion (34).png,6,Test
Train/Monkeypox/2024-06-27_16-41-11_5769.png,Monkeypox,Train/Monkeypox/2024-06-27_16-41-11_5769.png,6,Test
Val/Varicela/ChickenPox (11).jpeg,Varicela,Val/Varicela/ChickenPox (11).jpeg,6,Val
Test/Sarampion/2024-06-26_15-53-59_5452.png,Sarampion,Test/Sarampion/2024-06-26_15-53-59_5452.png,6,Train
Train/Monkeypox/2024-06-27_13-54-37_8772.png,Monkeypox,Train/Monkeypox/2024-06-27_13-54-37_8772.png,6,Train
Train/Monkeypox/2024-06-27_15-44-12_6606.png,Monkeypox,Train/Monkeypox/2024-06-27_15-44-12_6606.png,6,Train
Train/Herpes/Herpes (301).jpg,Herpes,Train/Herpes/Herpes (301).jpg,6,Train
Test/Sarampion/Sarampion (33).png,Sarampion,Test/Sarampion/Sarampion (33).png,6,Train
Train/Monkeypox/2024-06-27_16-46-59_8373.png,Monkeypox,Train/Monkeypox/2024-06-27_16-46-59_8373.png,6,Train
Test/Sarampion/Sarampion (44).jpg,Sarampion,Test/Sarampion/Sarampion (44).jpg,6,Train
Train/Varicela/2024-06-25_21-40-43_8904.png,Varicela,Train/Varicela/2024-06-25_21-40-43_8904.png,6,Train
Train/Sarampion/Sarampion (138).jpg,Sarampion,Train/Sarampion/Sarampion (138).jpg,6,Val
Train/Monkeypox/2024-06-27_16-57-42_6530.png,Monkeypox,Train/Monkeypox/2024-06-27_16-57-42_6530.png,6,Val
Train/Varicela/ChickenPox (179).jpg,Varicela,Train/Varicela/ChickenPox (179).jpg,6,Train
Train/Sarampion/Sarampion (133).jpg,Sarampion,Train/Sarampion/Sarampion (133).jpg,6,Train
Train/Varicela/2024-06-27_12-58-30_3916.png,Varicela,Train/Varicela/2024-06-27_12-58-30_3916.png,6,Train
Train/Monkeypox/2024-06-27_16-47-45_4595.png,Monkeypox,Train/Monkeypox/2024-06-27_16-47-45_4595.png,6,Train
Train/Varicela/2024-06-26_22-21-16_1772.png,Varicela,Train/Varicela/2024-06-26_22-21-16_1772.png,6,Train
Train/Varicela/2024-06-27_11-28-30_5799.png,Varicela,Train/Varicela/2024-06-27_11-28-30_5799.png,6,Train
Train/Monkeypox/2024-06-27_15-06-29_8544.png,Monkeypox,Train/Monkeypox/2024-06-27_15-06-29_8544.png,6,Train
Train/Herpes/Herpes (170).jpg,Herpes,Train/Herpes/Herpes (170).jpg,6,Test
Train/Varicela/2024-06-27_13-30-28_8366.png,Varicela,Train/Varicela/2024-06-27_13-30-28_8366.png,6,Train
Train/Monkeypox/MonkeyPox (155).png,Monkeypox,Train/Monkeypox/MonkeyPox (155).png,6,Train
Train/Monkeypox/2024-06-27_16-55-34_9688.png,Monkeypox,Train/Monkeypox/2024-06-27_16-55-34_9688.png,6,Train
Train/Herpes/2024-06-24_21-06-09_9645.png,Herpes,Train/Herpes/2024-06-24_21-06-09_9645.png,6,Test
Test/Sarampion/2024-06-26_15-50-55_9056.png,Sarampion,Test/Sarampion/2024-06-26_15-50-55_9056.png,6,Train
Test/Varicela/ChickenPox (38).jpg,Varicela,Test/Varicela/ChickenPox (38).jpg,6,Train
Train/Monkeypox/MonkeyPox (164).png,Monkeypox,Train/Monkeypox/MonkeyPox (164).png,6,Test
Test/Varicela/2024-06-27_11-30-42_5146.png,Varicela,Test/Varicela/2024-06-27_11-30-42_5146.png,6,Train
Train/Varicela/2024-06-25_21-31-21_6606.png,Varicela,Train/Varicela/2024-06-25_21-31-21_6606.png,6,Val
Train/Varicela/2024-06-26_21-48-53_4177.png,Varicela,Train/Varicela/2024-06-26_21-48-53_4177.png,6,Val
Train/Varicela/2024-06-27_12-26-33_2242.png,Varicela,Train/Varicela/2024-06-27_12-26-33_2242.png,6,Train
Val/Sarampion/Sarampion (42).png,Sarampion,Val/Sarampion/Sarampion (42).png,6,Train
Train/Varicela/ChickenPox (187).jpg,Varicela,Train/Varicela/ChickenPox (187).jpg,6,Train
Train/Sarampion/2024-06-26_14-13-24_4439.png,Sarampion,Train/Sarampion/2024-06-26_14-13-24_4439.png,6,Test
Train/Varicela/2024-06-25_21-33-47_7689.png,Varicela,Train/Varicela/2024-06-25_21-33-47_7689.png,6,Val
Train/Monkeypox/MonkeyPox (106).png,Monkeypox,Train/Monkeypox/MonkeyPox (106).png,6,Train
Test/Sarampion/2024-06-26_12-50-45_8660.png,Sarampion,Test/Sarampion/2024-06-26_12-50-45_8660.png,6,Train
Train/Sarampion/2024-06-26_16-37-39_3050.png,Sarampion,Train/Sarampion/2024-06-26_16-37-39_3050.png,6,Train
Train/Herpes/Herpes (196).jpg,Herpes,Train/Herpes/Herpes (196).jpg,6,Train
Test/Herpes/Herpes (126).jpg,Herpes,Test/Herpes/Herpes (126).jpg,6,Val
Train/Monkeypox/MonkeyPox (29).png,Monkeypox,Train/Monkeypox/MonkeyPox (29).png,6,Train
Train/Varicela/2024-06-27_00-01-24_1094.png,Varicela,Train/Varicela/2024-06-27_00-01-24_1094.png,6,Test
Train/Varicela/2024-06-25_23-51-14_8933.png,Varicela,Train/Varicela/2024-06-25_23-51-14_8933.png,6,Val
Train/Sarampion/Sarampion (139).jpg,Sarampion,Train/Sarampion/Sarampion (139).jpg,6,Test
Test/Sarampion/2024-06-26_13-24-18_3831.png,Sarampion,Test/Sarampion/2024-06-26_13-24-18_3831.png,6,Train
Train/Monkeypox/MonkeyPox (158).png,Monkeypox,Train/Monkeypox/MonkeyPox (158).png,6,Train
Train/Varicela/2024-06-26_23-08-14_4919.png,Varicela,Train/Varicela/2024-06-26_23-08-14_4919.png,6,Test
Test/Varicela/2024-06-27_12-07-18_3814.png,Varicela,Test/Varicela/2024-06-27_12-07-18_3814.png,6,Train
Train/Monkeypox/2024-06-27_14-20-42_3059.png,Monkeypox,Train/Monkeypox/2024-06-27_14-20-42_3059.png,6,Train
Train/Varicela/2024-06-26_23-39-33_6681.png,Varicela,Train/Varicela/2024-06-26_23-39-33_6681.png,6,Test
Val/Herpes/Herpes (35).jpg,Herpes,Val/Herpes/Herpes (35).jpg,6,Train
Train/Varicela/ChickenPox (163).jpg,Varicela,Train/Varicela/ChickenPox (163).jpg,6,Train
Train/Varicela/2024-06-25_22-33-28_7859.png,Varicela,Train/Varicela/2024-06-25_22-33-28_7859.png,6,Train
Test/Sarampion/2024-06-26_14-19-28_8644.png,Sarampion,Test/Sarampion/2024-06-26_14-19-28_8644.png,6,Train
Train/Sarampion/2024-06-26_11-59-09_9737.png,Sarampion,Train/Sarampion/2024-06-26_11-59-09_9737.png,6,Train
Train/Varicela/2024-06-26_23-39-58_7227.png,Varicela,Train/Varicela/2024-06-26_23-39-58_7227.png,6,Train
Test/Varicela/2024-06-27_13-11-42_9144.png,Varicela,Test/Varicela/2024-06-27_13-11-42_9144.png,6,Train
Train/Monkeypox/2024-06-27_14-14-32_9360.png,Monkeypox,Train/Monkeypox/2024-06-27_14-14-32_9360.png,6,Train
Train/Herpes/Herpes (115).jpg,Herpes,Train/Herpes/Herpes (115).jpg,6,Train
Train/Varicela/ChickenPox (158).jpg,Varicela,Train/Varicela/ChickenPox (158).jpg,6,Train
Train/Varicela/ChickenPox (157).jpg,Varicela,Train/Varicela/ChickenPox (157).jpg,6,Train
Train/Varicela/2024-06-25_22-20-24_8033.png,Varicela,Train/Varicela/2024-06-25_22-20-24_8033.png,6,Train
Train/Varicela/2024-06-27_13-29-45_3966.png,Varicela,Train/Varicela/2024-06-27_13-29-45_3966.png,6,Train
Train/Sarampion/2024-06-26_11-59-33_5864.png,Sarampion,Train/Sarampion/2024-06-26_11-59-33_5864.png,6,Train
Train/Varicela/2024-06-26_22-21-38_8382.png,Varicela,Train/Varicela/2024-06-26_22-21-38_8382.png,6,Train
Train/Monkeypox/2024-06-27_14-14-04_7146.png,Monkeypox,Train/Monkeypox/2024-06-27_14-14-04_7146.png,6,Val
Train/Varicela/2024-06-26_21-50-05_2915.png,Varicela,Train/Varicela/2024-06-26_21-06-29_5345.png,6,Train
Train/Sarampion/2024-06-26_15-08-18_5207.png,Sarampion,Train/Sarampion/2024-06-26_15-08-18_5207.png,6,Val
Train/Monkeypox/2024-06-27_16-00-14_4345.png,Monkeypox,Train/Monkeypox/2024-06-27_16-00-14_4345.png,6,Train
Test/Varicela/ChickenPox (61).jpg,Varicela,Test/Varicela/ChickenPox (61).jpg,6,Train
Train/Monkeypox/2024-06-27_16-50-00_1112.png,Monkeypox,Train/Monkeypox/2024-06-27_16-50-00_1112.png,6,Train
Train/Varicela/2024-06-26_21-07-13_8006.png,Varicela,Train/Varicela/2024-06-26_21-07-13_8006.png,6,Train
Train/Varicela/2024-06-25_21-32-13_9390.png,Varicela,Train/Varicela/2024-06-25_21-32-13_9390.png,6,Train
Test/Monkeypox/2024-06-27_13-56-10_7526.png,Monkeypox,Test/Monkeypox/2024-06-27_13-56-10_7526.png,6,Train
Train/Monkeypox/2024-06-27_17-53-03_4787.png,Monkeypox,Train/Monkeypox/2024-06-27_17-53-03_4787.png,6,Train
Train/Sarampion/2024-06-26_15-18-09_5961.png,Sarampion,Train/Sarampion/2024-06-26_15-18-09_5961.png,6,Train
Train/Sarampion/2024-06-26_12-04-07_3372.png,Sarampion,Train/Sarampion/2024-06-26_12-04-07_3372.png,6,Train
Train/Varicela/2024-06-26_21-10-45_6870.png,Varicela,Train/Varicela/2024-06-26_21-10-45_6870.png,6,Train
Test/Monkeypox/2024-06-27_15-22-09_5488.png,Monkeypox,Test/Monkeypox/2024-06-27_15-22-09_5488.png,6,Test
Train/Monkeypox/2024-06-27_15-20-38_3227.png,Monkeypox,Train/Monkeypox/2024-06-27_15-20-38_3227.png,6,Test
Train/Varicela/2024-06-26_23-18-02_9733.png,Varicela,Train/Varicela/2024-06-26_23-18-02_9733.png,6,Test
Train/Varicela/2024-06-25_21-37-59_4761.png,Varicela,Train/Varicela/2024-06-25_21-37-59_4761.png,6,Train
Train/Varicela/2024-06-26_22-25-48_7311.png,Varicela,Train/Varicela/2024-06-26_22-25-48_7311.png,6,Test
Train/Varicela/2024-06-26_22-14-46_9038.png,Varicela,Train/Varicela/2024-06-26_22-14-46_9038.png,6,Train
Train/Sarampion/Sarampion (107).jpg,Sarampion,Test/Sarampion/Sarampion (20).jpeg,6,Train
Train/Varicela/2024-06-27_12-04-43_6538.png,Varicela,Train/Varicela/2024-06-27_12-04-43_6538.png,6,Test
Test/Varicela/2024-06-26_21-17-12_4644.png,Varicela,Test/Varicela/2024-06-26_21-17-12_4644.png,6,Train
Train/Varicela/2024-06-27_13-14-00_6433.png,Varicela,Train/Varicela/2024-06-27_13-14-00_6433.png,6,Train
Train/Varicela/2024-06-26_23-43-05_4164.png,Varicela,Train/Varicela/2024-06-26_23-43-05_4164.png,6,Val
Test/Sarampion/2024-06-26_13-26-37_2353.png,Sarampion,Test/Sarampion/2024-06-26_13-26-37_2353.png,6,Val
Train/Varicela/2024-06-27_13-06-44_7104.png,Varicela,Train/Varicela/2024-06-27_13-06-44_7104.png,6,Train
Train/Monkeypox/2024-06-27_15-48-09_8163.png,Monkeypox,Train/Monkeypox/2024-06-27_15-48-09_8163.png,6,Test
Train/Sarampion/2024-06-26_15-15-39_8676.png,Sarampion,Train/Sarampion/2024-06-26_15-15-39_8676.png,6,Train
Train/Varicela/2024-06-25_22-14-22_1849.png,Varicela,Train/Varicela/2024-06-25_22-14-22_1849.png,6,Train
Train/Monkeypox/2024-06-27_15-52-05_8391.png,Monkeypox,Train/Monkeypox/2024-06-27_15-52-05_8391.png,6,Train
Train/Varicela/ChickenPox (127).jpg,Varicela,Train/Varicela/ChickenPox (127).jpg,6,Train
Test/Sarampion/Sarampion (43).png,Sarampion,Test/Sarampion/Sarampion (43).png,6,Train
Train/Monkeypox/2024-06-27_14-09-13_6917.png,Monkeypox,Train/Monkeypox/2024-06-27_14-09-13_6917.png,6,Train
Train/Varicela/2024-06-26_21-06-51_7094.png,Varicela,Train/Varicela/2024-06-26_21-06-51_7094.png,6,Test
Train/Varicela/2024-06-26_22-17-57_5411.png,Varicela,Train/Varicela/2024-06-26_22-17-57_5411.png,6,Val
Train/Varicela/2024-06-27_11-44-17_7281.png,Varicela,Train/Varicela/2024-06-27_11-44-17_7281.png,6,Train
Train/Varicela/2024-06-26_21-31-25_1709.png,Varicela,Train/Varicela/2024-06-26_21-31-25_1709.png,6,Val
Train/Sarampion/2024-06-26_12-57-46_4028.png,Sarampion,Train/Sarampion/2024-06-26_12-57-46_4028.png,6,Train
Train/Varicela/2024-06-26_00-15-36_6738.png,Varicela,Train/Varicela/2024-06-26_00-15-36_6738.png,6,Train
Train/Varicela/2024-06-25_23-45-27_2202.png,Varicela,Train/Varicela/2024-06-25_23-45-27_2202.png,6,Test
Train/Varicela/2024-06-25_21-36-27_3809.png,Varicela,Train/Varicela/2024-06-25_21-36-27_3809.png,6,Train
Train/Varicela/2024-06-26_21-04-36_4100.png,Varicela,Train/Varicela/2024-06-26_21-04-36_4100.png,6,Train
Test/Varicela/2024-06-26_21-16-14_9925.png,Varicela,Test/Varicela/2024-06-26_21-16-14_9925.png,6,Train
Train/Herpes/Herpes (304).jpg,Herpes,Train/Herpes/Herpes (304).jpg,6,Train
Train/Varicela/2024-06-26_23-10-49_9079.png,Varicela,Train/Varicela/2024-06-26_23-10-49_9079.png,6,Test
Train/Varicela/2024-06-27_12-19-30_5397.png,Varicela,Train/Varicela/2024-06-27_12-19-30_5397.png,6,Train
Train/Varicela/ChickenPox (170).jpg,Varicela,Train/Varicela/ChickenPox (170).jpg,6,Val
Train/Varicela/2024-06-26_21-06-29_5345.png,Varicela,Train/Varicela/2024-06-26_21-06-29_5345.png,6,Train
Test/Varicela/2024-06-26_23-43-26_2381.png,Varicela,Test/Varicela/2024-06-26_23-43-26_2381.png,6,Test
Test/Monkeypox/2024-06-27_13-55-47_1416.png,Monkeypox,Test/Monkeypox/2024-06-27_13-55-47_1416.png,6,Train
Test/Varicela/2024-06-26_23-50-12_7243.png,Varicela,Test/Varicela/2024-06-26_23-50-12_7243.png,6,Train
Train/Monkeypox/2024-06-27_13-59-47_6872.png,Monkeypox,Train/Monkeypox/2024-06-27_13-59-47_6872.png,6,Train
Test/Varicela/ChickenPox (54).png,Varicela,Test/Varicela/ChickenPox (54).png,6,Train
Test/Sarampion/2024-06-26_12-51-06_3150.png,Sarampion,Test/Sarampion/2024-06-26_12-51-06_3150.png,6,Train
Test/Varicela/ChickenPox (37).png,Varicela,Test/Varicela/ChickenPox (37).png,6,Train
Train/Sarampion/2024-06-26_12-01-49_1323.png,Sarampion,Train/Sarampion/2024-06-26_12-01-49_1323.png,6,Val
Train/Varicela/2024-06-25_22-46-30_4040.png,Varicela,Train/Varicela/2024-06-25_22-46-30_4040.png,6,Train
Train/Varicela/2024-06-27_13-27-31_1578.png,Varicela,Train/Varicela/2024-06-27_13-27-31_1578.png,6,Train
Train/Sarampion/2024-06-26_12-59-15_9519.png,Sarampion,Train/Sarampion/2024-06-26_12-59-15_9519.png,6,Val
Train/Varicela/2024-06-27_00-41-24_8907.png,Varicela,Train/Varicela/2024-06-27_00-41-24_8907.png,6,Train
Train/Varicela/2024-06-26_21-30-30_7786.png,Varicela,Train/Varicela/2024-06-26_21-30-30_7786.png,6,Train
Train/Varicela/2024-06-26_21-40-27_2949.png,Varicela,Train/Varicela/2024-06-26_21-40-27_2949.png,6,Train
Train/Monkeypox/2024-06-27_15-16-27_2045.png,Monkeypox,Train/Monkeypox/2024-06-27_15-16-27_2045.png,6,Train
Train/Monkeypox/2024-06-27_15-53-33_1566.png,Monkeypox,Train/Monkeypox/2024-06-27_15-53-33_1566.png,6,Train
Val/Varicela/ChickenPox (3).jpg,Varicela,Val/Varicela/ChickenPox (3).jpg,6,Train
Train/Herpes/Herpes (297).jpg,Herpes,Train/Herpes/Herpes (297).jpg,6,Train
Train/Monkeypox/2024-06-27_16-43-19_6594.png,Monkeypox,Train/Monkeypox/2024-06-27_16-43-19_6594.png,6,Val
Train/Monkeypox/2024-06-27_15-56-01_2331.png,Monkeypox,Train/Monkeypox/2024-06-27_15-56-01_2331.png,6,Train
Train/Sarampion/2024-06-26_13-21-10_5010.png,Sarampion,Train/Sarampion/2024-06-26_13-21-10_5010.png,6,Train
Train/Herpes/Herpes (256).jpg,Herpes,Train/Herpes/Herpes (256).jpg,6,Val
Train/Sarampion/2024-06-26_12-49-51_7739.png,Sarampion,Train/Sarampion/2024-06-26_12-49-51_7739.png,6,Train
Train/Varicela/2024-06-27_12-26-55_4277.png,Varicela,Train/Varicela/2024-06-27_12-26-55_4277.png,6,Test
Train/Sarampion/2024-06-26_14-57-58_4742.png,Sarampion,Train/Sarampion/2024-06-26_14-57-58_4742.png,6,Train
Train/Varicela/2024-06-27_13-19-41_3117.png,Varicela,Train/Varicela/2024-06-27_13-19-41_3117.png,6,Val
Train/Monkeypox/2024-06-27_16-05-23_7051.png,Monkeypox,Train/Monkeypox/2024-06-27_16-05-23_7051.png,6,Train
Train/Monkeypox/2024-06-27_13-53-49_8657.png,Monkeypox,Train/Monkeypox/2024-06-27_13-53-49_8657.png,6,Train
Test/Varicela/2024-06-25_21-37-35_5856.png,Varicela,Test/Varicela/2024-06-25_21-37-35_5856.png,6,Train
Val/Monkeypox/MonkeyPox (36).png,Monkeypox,Val/Monkeypox/MonkeyPox (36).png,6,Train
Train/Varicela/2024-06-27_12-00-14_3007.png,Varicela,Train/Varicela/2024-06-27_12-00-14_3007.png,6,Train
Train/Varicela/2024-06-26_21-28-50_5244.png,Varicela,Train/Varicela/2024-06-26_21-28-50_5244.png,6,Train
Test/Varicela/2024-06-25_21-37-13_9023.png,Varicela,Test/Varicela/2024-06-25_21-37-13_9023.png,6,Val
Train/Sarampion/2024-06-26_15-14-59_6587.png,Sarampion,Train/Sarampion/2024-06-26_15-14-59_6587.png,6,Test
Train/Monkeypox/2024-06-27_14-10-49_8828.png,Monkeypox,Train/Monkeypox/2024-06-27_14-10-49_8828.png,6,Train
Test/Sarampion/Sarampion (3).png,Sarampion,Test/Sarampion/Sarampion (3).png,6,Train
Train/Sarampion/2024-06-26_14-18-43_1449.png,Sarampion,Train/Sarampion/2024-06-26_14-18-43_1449.png,6,Train
Test/Monkeypox/MonkeyPox (9).png,Monkeypox,Test/Monkeypox/MonkeyPox (9).png,6,Train
Train/Varicela/ChickenPox (232).jpg,Varicela,Train/Varicela/ChickenPox (232).jpg,6,Train
Train/Sarampion/2024-06-26_12-48-38_4965.png,Sarampion,Train/Sarampion/2024-06-26_12-48-38_4965.png,6,Train
Test/Varicela/ChickenPox (38).png,Varicela,Test/Varicela/ChickenPox (38).png,6,Train
Train/Varicela/2024-06-27_13-00-36_6029.png,Varicela,Train/Varicela/2024-06-27_13-00-36_6029.png,6,Test
Train/Herpes/2024-06-26_19-59-06_2731.png,Herpes,Train/Herpes/2024-06-26_19-59-06_2731.png,7,Train
Train/Herpes/2024-06-24_22-25-44_4746.png,Herpes,Train/Herpes/2024-06-24_22-25-44_4746.png,7,Test
Train/Herpes/2024-06-24_21-30-57_1119.png,Herpes,Train/Herpes/2024-06-24_21-30-57_1119.png,7,Val
Train/Herpes/2024-06-26_20-16-27_2419.png,Herpes,Train/Herpes/2024-06-26_20-16-27_2419.png,7,Train
Train/Herpes/2024-06-26_20-33-21_9436.png,Herpes,Train/Herpes/2024-06-26_20-33-21_9436.png,7,Train
Train/Herpes/2024-06-26_20-28-42_1276.png,Herpes,Train/Herpes/2024-06-26_20-28-42_1276.png,7,Train
Train/Herpes/2024-06-24_22-39-53_9260.png,Herpes,Train/Herpes/2024-06-24_22-39-53_9260.png,7,Train
Train/Herpes/2024-06-26_20-00-00_2438.png,Herpes,Train/Herpes/2024-06-26_20-00-00_2438.png,7,Val
Train/Herpes/2024-06-24_22-24-05_4912.png,Herpes,Train/Herpes/2024-06-24_22-24-05_4912.png,7,Train
Train/Herpes/2024-06-26_20-32-30_7417.png,Herpes,Train/Herpes/2024-06-26_20-32-30_7417.png,7,Train
Train/Monkeypox/2024-06-27_17-18-10_5638.png,Monkeypox,Train/Monkeypox/2024-06-27_17-18-10_5638.png,7,Test
Train/Monkeypox/MonkeyPox (119).jpg,Monkeypox,Train/Monkeypox/MonkeyPox (119).jpg,7,Val
Train/Monkeypox/2024-06-27_17-04-03_5055.png,Monkeypox,Train/Monkeypox/2024-06-27_17-04-03_5055.png,7,Train
Train/Monkeypox/2024-06-27_17-15-54_6385.png,Monkeypox,Train/Monkeypox/2024-06-27_17-15-54_6385.png,7,Train
Train/Monkeypox/2024-06-27_15-15-30_1184.png,Monkeypox,Train/Monkeypox/2024-06-27_15-15-30_1184.png,7,Train
Train/Monkeypox/2024-06-27_15-21-00_4397.png,Monkeypox,Train/Monkeypox/2024-06-27_15-21-00_4397.png,7,Train
Train/Monkeypox/2024-06-27_16-55-56_6429.png,Monkeypox,Train/Monkeypox/2024-06-27_16-55-56_6429.png,7,Train
Train/Monkeypox/2024-06-27_14-57-21_4658.png,Monkeypox,Train/Monkeypox/2024-06-27_14-57-21_4658.png,7,Train
Train/Monkeypox/2024-06-27_16-09-50_4446.png,Monkeypox,Train/Monkeypox/2024-06-27_16-09-50_4446.png,7,Train
Train/Monkeypox/MonkeyPox (12).png,Monkeypox,Train/Monkeypox/MonkeyPox (12).png,7,Train
Train/Monkeypox/2024-06-27_16-40-50_5478.png,Monkeypox,Train/Monkeypox/2024-06-27_16-40-50_5478.png,7,Train
Train/Monkeypox/2024-06-27_16-11-34_7850.png,Monkeypox,Train/Monkeypox/2024-06-27_16-11-34_7850.png,7,Train
Train/Monkeypox/2024-06-27_17-42-30_9573.png,Monkeypox,Train/Monkeypox/2024-06-27_17-42-30_9573.png,7,Train
Train/Monkeypox/2024-06-27_16-02-21_3451.png,Monkeypox,Train/Monkeypox/2024-06-27_16-02-21_3451.png,7,Val
Train/Monkeypox/2024-06-27_16-41-54_5120.png,Monkeypox,Train/Monkeypox/2024-06-27_16-41-54_5120.png,7,Val
Train/Monkeypox/2024-06-27_15-50-39_9232.png,Monkeypox,Train/Monkeypox/2024-06-27_15-50-39_9232.png,7,Train
Train/Monkeypox/2024-06-27_16-01-18_1261.png,Monkeypox,Train/Monkeypox/2024-06-27_16-01-18_1261.png,7,Train
Train/Monkeypox/2024-06-27_17-01-01_1172.png,Monkeypox,Train/Monkeypox/2024-06-27_17-01-01_1172.png,7,Train
Train/Monkeypox/2024-06-27_17-45-32_7703.png,Monkeypox,Train/Monkeypox/2024-06-27_17-45-32_7703.png,7,Test
Train/Monkeypox/2024-06-27_17-42-52_5360.png,Monkeypox,Train/Monkeypox/2024-06-27_17-42-52_5360.png,7,Train
Train/Monkeypox/2024-06-27_14-02-31_3776.png,Monkeypox,Train/Monkeypox/2024-06-27_14-02-31_3776.png,7,Train
Train/Monkeypox/2024-06-27_17-50-27_3590.png,Monkeypox,Train/Monkeypox/2024-06-27_17-50-27_3590.png,7,Val
Train/Monkeypox/MonkeyPox (168).jpg,Monkeypox,Train/Monkeypox/MonkeyPox (168).jpg,7,Train
Train/Monkeypox/2024-06-27_16-46-36_6608.png,Monkeypox,Train/Monkeypox/2024-06-27_16-46-36_6608.png,7,Test
Train/Monkeypox/2024-06-27_14-00-36_6070.png,Monkeypox,Train/Monkeypox/2024-06-27_14-00-36_6070.png,7,Train
Train/Monkeypox/2024-06-27_14-18-51_3062.png,Monkeypox,Train/Monkeypox/2024-06-27_14-18-51_3062.png,7,Train
Train/Monkeypox/2024-06-27_15-49-56_8367.png,Monkeypox,Train/Monkeypox/2024-06-27_15-49-56_8367.png,7,Train
Train/Monkeypox/2024-06-27_14-52-08_5422.png,Monkeypox,Train/Monkeypox/2024-06-27_14-52-08_5422.png,7,Train
Train/Monkeypox/MonkeyPox (176).jpg,Monkeypox,Train/Monkeypox/MonkeyPox (176).jpg,7,Train
Train/Monkeypox/MonkeyPox (64).jpg,Monkeypox,Train/Monkeypox/MonkeyPox (64).jpg,7,Train
Train/Monkeypox/2024-06-27_15-34-33_4126.png,Monkeypox,Train/Monkeypox/2024-06-27_15-34-33_4126.png,7,Train
Train/Monkeypox/2024-06-27_16-56-59_4214.png,Monkeypox,Train/Monkeypox/2024-06-27_16-56-59_4214.png,7,Test
Train/Monkeypox/2024-06-27_15-16-04_2907.png,Monkeypox,Train/Monkeypox/2024-06-27_15-16-04_2907.png,7,Test
Train/Monkeypox/2024-06-27_16-06-05_8682.png,Monkeypox,Train/Monkeypox/2024-06-27_16-06-05_8682.png,7,Train
Train/Monkeypox/2024-06-27_13-57-46_4307.png,Monkeypox,Train/Monkeypox/2024-06-27_13-57-46_4307.png,7,Train
Train/Monkeypox/2024-06-27_17-20-03_5247.png,Monkeypox,Train/Monkeypox/2024-06-27_17-20-03_5247.png,7,Val
Train/Monkeypox/MonkeyPox (105).png,Monkeypox,Train/Monkeypox/MonkeyPox (105).png,7,Val
Train/Monkeypox/2024-06-27_14-52-28_5298.png,Monkeypox,Train/Monkeypox/2024-06-27_14-52-28_5298.png,7,Train
Train/Monkeypox/2024-06-27_17-43-15_7289.png,Monkeypox,Train/Monkeypox/2024-06-27_17-43-15_7289.png,7,Train
Train/Monkeypox/2024-06-27_14-54-11_8569.png,Monkeypox,Train/Monkeypox/2024-06-27_14-54-11_8569.png,7,Train
Train/Monkeypox/2024-06-27_16-32-48_7476.png,Monkeypox,Train/Monkeypox/2024-06-27_16-32-48_7476.png,7,Train
Train/Monkeypox/MonkeyPox (183).jpg,Monkeypox,Train/Monkeypox/MonkeyPox (183).jpg,7,Train
Train/Monkeypox/2024-06-27_16-59-09_9054.png,Monkeypox,Train/Monkeypox/2024-06-27_16-59-09_9054.png,7,Train
Train/Monkeypox/2024-06-27_15-49-34_9540.png,Monkeypox,Train/Monkeypox/2024-06-27_15-49-34_9540.png,7,Train
Train/Monkeypox/2024-06-27_16-38-42_9869.png,Monkeypox,Train/Monkeypox/2024-06-27_16-38-42_9869.png,7,Train
Train/Monkeypox/2024-06-27_15-08-13_7810.png,Monkeypox,Train/Monkeypox/2024-06-27_15-08-13_7810.png,7,Train
Train/Monkeypox/2024-06-27_15-30-50_6002.png,Monkeypox,Train/Monkeypox/2024-06-27_15-30-50_6002.png,7,Test
Train/Monkeypox/2024-06-27_17-53-25_7938.png,Monkeypox,Train/Monkeypox/2024-06-27_17-53-25_7938.png,7,Train
Train/Monkeypox/2024-06-27_15-42-16_6387.png,Monkeypox,Train/Monkeypox/2024-06-27_15-42-16_6387.png,7,Val
Train/Monkeypox/2024-06-27_16-32-26_5748.png,Monkeypox,Train/Monkeypox/2024-06-27_16-32-26_5748.png,7,Train
Train/Monkeypox/2024-06-27_16-39-03_5719.png,Monkeypox,Train/Monkeypox/2024-06-27_16-39-03_5719.png,7,Train
Train/Monkeypox/2024-06-27_16-42-36_8358.png,Monkeypox,Train/Monkeypox/2024-06-27_16-42-36_8358.png,7,Test
Train/Monkeypox/2024-06-27_14-03-39_2943.png,Monkeypox,Train/Monkeypox/2024-06-27_14-03-39_2943.png,7,Val
Train/Monkeypox/2024-06-27_17-14-24_5816.png,Monkeypox,Train/Monkeypox/2024-06-27_17-14-24_5816.png,7,Train
Train/Monkeypox/2024-06-27_15-02-21_1478.png,Monkeypox,Train/Monkeypox/2024-06-27_15-02-21_1478.png,7,Train
Train/Varicela/2024-06-27_11-23-22_7767.png,Varicela,Train/Varicela/2024-06-27_11-23-22_7767.png,7,Test
Train/Varicela/ChickenPox (67).jpg,Varicela,Train/Varicela/ChickenPox (67).jpg,7,Val
Train/Varicela/ChickenPox (124).jpg,Varicela,Train/Varicela/ChickenPox (124).jpg,7,Train
Train/Varicela/2024-06-27_11-27-46_2502.png,Varicela,Train/Varicela/2024-06-27_11-27-46_2502.png,7,Train
Train/Varicela/2024-06-26_23-10-04_2229.png,Varicela,Train/Varicela/2024-06-26_23-10-04_2229.png,7,Train
Train/Varicela/ChickenPox (225).jpg,Varicela,Train/Varicela/ChickenPox (225).jpg,7,Train
Train/Varicela/2024-06-27_12-25-49_8796.png,Varicela,Train/Varicela/2024-06-27_12-25-49_8796.png,7,Train
Train/Varicela/2024-06-27_12-20-37_5347.png,Varicela,Train/Varicela/2024-06-27_12-20-37_5347.png,7,Train
Train/Varicela/2024-06-27_13-23-04_4621.png,Varicela,Train/Varicela/2024-06-27_13-23-04_4621.png,7,Val
Train/Varicela/2024-06-26_21-03-51_2168.png,Varicela,Train/Varicela/2024-06-26_21-03-51_2168.png,7,Train
Train/Varicela/2024-06-27_12-17-37_9902.png,Varicela,Train/Varicela/2024-06-27_12-17-37_9902.png,7,Train
Train/Varicela/2024-06-25_21-38-42_1894.png,Varicela,Train/Varicela/2024-06-25_21-38-42_1894.png,7,Val
Train/Varicela/ChickenPox (57).png,Varicela,Test/Varicela/ChickenPox (31).png,7,Train
Train/Varicela/2024-06-27_13-05-13_9479.png,Varicela,Train/Varicela/2024-06-27_13-05-13_9479.png,7,Test
Train/Varicela/2024-06-27_13-09-47_8141.png,Varicela,Train/Varicela/2024-06-27_13-09-47_8141.png,7,Train
Train/Varicela/2024-06-26_23-15-54_5816.png,Varicela,Train/Varicela/2024-06-26_23-15-54_5816.png,7,Train
Train/Varicela/2024-06-27_11-22-38_8705.png,Varicela,Train/Varicela/2024-06-27_11-22-38_8705.png,7,Train
Train/Varicela/2024-06-26_21-25-10_8880.png,Varicela,Train/Varicela/2024-06-26_21-25-10_8880.png,7,Val
Train/Varicela/2024-06-26_00-12-13_1837.png,Varicela,Train/Varicela/2024-06-26_00-12-13_1837.png,7,Train
Train/Varicela/2024-06-27_00-41-48_7699.png,Varicela,Train/Varicela/2024-06-27_00-41-48_7699.png,7,Train
Train/Varicela/ChickenPox (222).jpg,Varicela,Train/Varicela/ChickenPox (222).jpg,7,Train
Train/Varicela/2024-06-27_13-06-21_4404.png,Varicela,Train/Varicela/2024-06-27_13-06-21_4404.png,7,Test
Train/Varicela/ChickenPox (258).jpg,Varicela,Train/Varicela/ChickenPox (258).jpg,7,Train
Train/Varicela/2024-06-26_23-29-52_3990.png,Varicela,Train/Varicela/2024-06-26_23-29-52_3990.png,7,Train
Train/Varicela/2024-06-27_12-16-30_9803.png,Varicela,Train/Varicela/2024-06-27_12-16-30_9803.png,7,Train
Train/Varicela/2024-06-27_11-45-02_2390.png,Varicela,Train/Varicela/2024-06-27_11-45-02_2390.png,7,Train
Train/Varicela/ChickenPox (51).png,Varicela,Train/Varicela/ChickenPox (51).png,7,Test
Train/Varicela/ChickenPox (265).jpg,Varicela,Train/Varicela/ChickenPox (265).jpg,7,Test
Train/Varicela/2024-06-25_22-51-36_2788.png,Varicela,Train/Varicela/2024-06-25_22-51-36_2788.png,7,Train
Train/Varicela/2024-06-27_13-33-29_2260.png,Varicela,Train/Varicela/2024-06-27_13-33-29_2260.png,7,Train
Train/Varicela/ChickenPox (218).jpg,Varicela,Train/Varicela/ChickenPox (218).jpg,7,Train
Train/Varicela/2024-06-27_12-14-38_7691.png,Varicela,Train/Varicela/2024-06-27_12-14-38_7691.png,7,Train
Train/Varicela/2024-06-27_12-03-36_5978.png,Varicela,Train/Varicela/2024-06-27_12-03-36_5978.png,7,Test
Train/Varicela/2024-06-25_21-41-36_4208.png,Varicela,Train/Varicela/2024-06-25_21-41-36_4208.png,7,Train
Train/Varicela/2024-06-27_13-14-23_4885.png,Varicela,Train/Varicela/2024-06-27_13-14-23_4885.png,7,Test
Train/Varicela/ChickenPox (188).jpg,Varicela,Train/Varicela/ChickenPox (188).jpg,7,Test
Train/Varicela/2024-06-25_22-56-41_5614.png,Varicela,Train/Varicela/2024-06-25_22-56-41_5614.png,7,Val
Train/Varicela/ChickenPox (278).jpg,Varicela,Train/Varicela/ChickenPox (278).jpg,7,Train
Train/Varicela/2024-06-26_20-58-35_8287.png,Varicela,Train/Varicela/2024-06-26_20-58-35_8287.png,7,Train
Train/Varicela/2024-06-27_12-23-13_3807.png,Varicela,Train/Varicela/2024-06-27_12-23-13_3807.png,7,Train
Train/Varicela/2024-06-26_21-43-52_2834.png,Varicela,Train/Varicela/2024-06-26_21-43-52_2834.png,7,Train
Train/Varicela/2024-06-26_22-22-35_1947.png,Varicela,Train/Varicela/2024-06-26_22-22-35_1947.png,7,Train
Train/Varicela/2024-06-25_21-30-59_7969.png,Varicela,Train/Varicela/2024-06-25_21-30-59_7969.png,7,Train
Train/Varicela/ChickenPox (279).jpg,Varicela,Train/Varicela/ChickenPox (279).jpg,7,Train
Train/Varicela/2024-06-27_13-22-20_2530.png,Varicela,Train/Varicela/2024-06-27_13-22-20_2530.png,7,Train
Train/Varicela/2024-06-26_21-47-08_5752.png,Varicela,Train/Varicela/2024-06-26_21-47-08_5752.png,7,Train
Train/Varicela/2024-06-26_21-33-31_2267.png,Varicela,Train/Varicela/2024-06-26_21-33-31_2267.png,7,Train
Train/Melanoma/Melanoma (207).jpg,Melanoma,Train/Melanoma/Melanoma (207).jpg,7,Train
Train/Melanoma/Melanoma (167).jpg,Melanoma,Train/Melanoma/Melanoma (167).jpg,7,Train
Train/Melanoma/Melanoma (421).jpg,Melanoma,Train/Melanoma/Melanoma (421).jpg,7,Train
Train/Melanoma/Melanoma (424).jpg,Melanoma,Train/Melanoma/Melanoma (424).jpg,7,Train
Train/Melanoma/Melanoma (276).jpg,Melanoma,Train/Melanoma/Melanoma (276).jpg,7,Val
Train/Melanoma/Melanoma (439).jpg,Melanoma,Train/Melanoma/Melanoma (439).jpg,7,Val
Train/Melanoma/melanoma_5669.jpg,Melanoma,Train/Melanoma/melanoma_5669.jpg,7,Train
Train/Melanoma/Melanoma (154).jpg,Melanoma,Train/Melanoma/Melanoma (154).jpg,7,Train
Train/Melanoma/Melanoma (369).jpg,Melanoma,Train/Melanoma/Melanoma (369).jpg,7,Train
Train/Melanoma/melanoma_5698.jpg,Melanoma,Train/Melanoma/melanoma_5698.jpg,7,Test
Train/Melanoma/Melanoma (206).jpg,Melanoma,Train/Melanoma/Melanoma (206).jpg,7,Train
Train/Melanoma/Melanoma (108).jpg,Melanoma,Train/Melanoma/Melanoma (108).jpg,7,Train
Train/Melanoma/Melanoma (225).jpg,Melanoma,Train/Melanoma/Melanoma (225).jpg,7,Train
Train/Sarampion/2024-06-26_17-06-48_1275.png,Sarampion,Train/Sarampion/2024-06-26_17-06-48_1275.png,7,Train
Train/Sarampion/Sarampion (34).jpg,Sarampion,Train/Sarampion/Sarampion (122).jpg,7,Train
Train/Sarampion/Sarampion (99).jpg,Sarampion,Train/Sarampion/Sarampion (99).jpg,7,Train
Train/Sarampion/2024-06-26_12-13-46_3831.png,Sarampion,Train/Sarampion/2024-06-26_12-13-46_3831.png,7,Test
Train/Sarampion/2024-06-26_18-26-56_2099.png,Sarampion,Train/Sarampion/2024-06-26_18-26-56_2099.png,7,Test
Train/Sarampion/2024-06-26_17-30-13_9287.png,Sarampion,Train/Sarampion/2024-06-26_17-30-13_9287.png,7,Train
Train/Sarampion/2024-06-26_18-53-19_4672.png,Sarampion,Train/Sarampion/2024-06-26_18-53-19_4672.png,7,Train
Train/Sarampion/2024-06-26_17-33-09_9314.png,Sarampion,Train/Sarampion/2024-06-26_17-33-09_9314.png,7,Train
Train/Sarampion/2024-06-26_12-18-48_6483.png,Sarampion,Train/Sarampion/2024-06-26_12-18-48_6483.png,7,Train
Train/Sarampion/2024-06-26_17-17-13_1972.png,Sarampion,Train/Sarampion/2024-06-26_17-17-13_1972.png,7,Test
Train/Sarampion/2024-06-26_12-09-55_7255.png,Sarampion,Train/Sarampion/2024-06-26_12-09-55_7255.png,7,Train
Train/Sarampion/2024-06-26_18-39-15_9521.png,Sarampion,Train/Sarampion/2024-06-26_18-39-15_9521.png,7,Test
Train/Sarampion/2024-06-26_12-13-23_8548.png,Sarampion,Train/Sarampion/2024-06-26_12-13-23_8548.png,7,Train
Train/Sarampion/Sarampion (63).jpg,Sarampion,Train/Sarampion/Sarampion (63).jpg,7,Val
Train/Sarampion/2024-06-26_12-14-41_4147.png,Sarampion,Train/Sarampion/2024-06-26_12-14-41_4147.png,7,Train
Train/Sarampion/2024-06-26_18-54-10_3473.png,Sarampion,Train/Sarampion/2024-06-26_18-54-10_3473.png,7,Train
Train/Sarampion/2024-06-26_18-51-17_6827.png,Sarampion,Train/Sarampion/2024-06-26_18-51-17_6827.png,7,Test
Train/Sarampion/2024-06-26_12-13-00_2392.png,Sarampion,Train/Sarampion/2024-06-26_12-13-00_2392.png,7,Train
Train/Sarampion/2024-06-26_18-38-52_1584.png,Sarampion,Train/Sarampion/2024-06-26_18-38-52_1584.png,7,Train
Train/Sarampion/2024-06-26_17-33-55_2715.png,Sarampion,Train/Sarampion/2024-06-26_17-33-55_2715.png,7,Train
Train/Sarampion/2024-06-26_18-46-07_8847.png,Sarampion,Train/Sarampion/2024-06-26_18-46-07_8847.png,7,Train
Train/Sarampion/2024-06-26_18-29-45_4418.png,Sarampion,Train/Sarampion/2024-06-26_18-29-45_4418.png,7,Test
Train/Sarampion/2024-06-26_18-49-37_3624.png,Sarampion,Train/Sarampion/2024-06-26_18-49-37_3624.png,7,Train
Train/Sarampion/2024-06-26_12-15-30_8710.png,Sarampion,Train/Sarampion/2024-06-26_12-15-30_8710.png,7,Train
Train/Sarampion/2024-06-26_17-21-07_7403.png,Sarampion,Train/Sarampion/2024-06-26_17-21-07_7403.png,7,Train
Train/Sarampion/2024-06-26_13-32-47_3652.png,Sarampion,Train/Sarampion/2024-06-26_13-32-47_3652.png,7,Test
Train/Sarampion/2024-06-26_18-34-51_1021.png,Sarampion,Train/Sarampion/2024-06-26_18-34-51_1021.png,7,Train
Train/Sarampion/Sarampion (81).png,Sarampion,Train/Sarampion/Sarampion (81).png,7,Test
Train/Sarampion/2024-06-26_18-34-27_7487.png,Sarampion,Train/Sarampion/2024-06-26_18-34-27_7487.png,7,Train
Train/Sarampion/Sarampion (60).png,Sarampion,Train/Sarampion/Sarampion (60).png,7,Train
Train/Sarampion/2024-06-26_18-52-05_8640.png,Sarampion,Train/Sarampion/2024-06-26_18-52-05_8640.png,7,Train
Train/Sarampion/2024-06-26_12-12-04_1572.png,Sarampion,Train/Sarampion/2024-06-26_12-12-04_1572.png,7,Train
Train/Sarampion/2024-06-26_15-55-42_9594.png,Sarampion,Train/Sarampion/2024-06-26_15-55-42_9594.png,7,Train
Train/Sarampion/2024-06-26_12-10-47_9594.png,Sarampion,Train/Sarampion/2024-06-26_12-10-47_9594.png,7,Train
Train/Sarampion/2024-06-26_17-13-45_5162.png,Sarampion,Train/Sarampion/2024-06-26_17-13-45_5162.png,7,Train
Train/Sarampion/2024-06-26_18-35-38_6808.png,Sarampion,Train/Sarampion/2024-06-26_18-35-38_6808.png,7,Train
Train/Sarampion/2024-06-26_17-17-34_2732.png,Sarampion,Train/Sarampion/2024-06-26_17-17-34_2732.png,7,Train
Train/Sarampion/Sarampion (46).png,Sarampion,Train/Sarampion/Sarampion (46).png,7,Train
Train/Sarampion/2024-06-26_18-20-50_1741.png,Sarampion,Train/Sarampion/2024-06-26_18-20-50_1741.png,7,Train
Train/Sarampion/2024-06-26_12-18-02_3000.png,Sarampion,Train/Sarampion/2024-06-26_12-18-02_3000.png,7,Train
Train/Sarampion/2024-06-26_18-21-15_3616.png,Sarampion,Train/Sarampion/2024-06-26_18-21-15_3616.png,7,Train
Train/Sarampion/2024-06-26_18-32-01_3999.png,Sarampion,Train/Sarampion/2024-06-26_18-32-01_3999.png,7,Train
Train/Sarampion/2024-06-26_17-19-08_7470.png,Sarampion,Train/Sarampion/2024-06-26_17-19-08_7470.png,7,Test
Train/Sarampion/2024-06-26_18-45-32_8285.png,Sarampion,Train/Sarampion/2024-06-26_18-45-32_8285.png,7,Train
Train/Sarampion/2024-06-26_17-19-55_9561.png,Sarampion,Train/Sarampion/2024-06-26_17-19-55_9561.png,7,Train
Train/Sarampion/2024-06-26_18-43-03_4744.png,Sarampion,Train/Sarampion/2024-06-26_18-43-03_4744.png,7,Train
Train/Sarampion/2024-06-26_18-30-15_8910.png,Sarampion,Train/Sarampion/2024-06-26_18-30-15_8910.png,7,Train
Train/Sarampion/Sarampion.jpeg,Sarampion,Train/Sarampion/Sarampion.jpeg,7,Train
Train/Sarampion/2024-06-26_18-50-54_6828.png,Sarampion,Train/Sarampion/2024-06-26_18-50-54_6828.png,7,Train
Train/Sarampion/2024-06-26_17-33-32_6380.png,Sarampion,Train/Sarampion/2024-06-26_17-33-32_6380.png,7,Test
Train/Sarampion/2024-06-26_12-11-40_8397.png,Sarampion,Train/Sarampion/2024-06-26_12-11-40_8397.png,7,Train
Train/Sarampion/2024-06-26_18-28-54_2223.png,Sarampion,Train/Sarampion/2024-06-26_18-28-54_2223.png,7,Val
Train/Sarampion/2024-06-26_12-21-06_4254.png,Sarampion,Train/Sarampion/2024-06-26_12-21-06_4254.png,7,Val
Train/Sarampion/2024-06-26_15-20-17_4986.png,Sarampion,Train/Sarampion/2024-06-26_15-20-17_4986.png,7,Train
Train/Sarampion/Sarampion (75).png,Sarampion,Train/Sarampion/Sarampion (75).png,7,Train
Train/Sarampion/2024-06-26_18-43-52_5069.png,Sarampion,Train/Sarampion/2024-06-26_18-43-52_5069.png,7,Train
Train/Sarampion/2024-06-26_12-19-10_2182.png,Sarampion,Train/Sarampion/2024-06-26_12-19-10_2182.png,7,Train
Train/Sarampion/Sarampion (71).jpg,Sarampion,Test/Sarampion/Sarampion (9).jpg,7,Train
Train/Sarampion/2024-06-26_18-41-33_8344.png,Sarampion,Train/Sarampion/2024-06-26_18-41-33_8344.png,7,Train
Train/Sarampion/2024-06-26_18-29-19_9529.png,Sarampion,Train/Sarampion/2024-06-26_18-29-19_9529.png,7,Test
Train/Sarampion/2024-06-26_18-41-57_2773.png,Sarampion,Train/Sarampion/2024-06-26_18-41-57_2773.png,7,Train
Train/Sarampion/2024-06-26_18-47-59_2594.png,Sarampion,Train/Sarampion/2024-06-26_18-47-59_2594.png,7,Test
Train/Sarampion/2024-06-26_18-50-23_9423.png,Sarampion,Train/Sarampion/2024-06-26_18-50-23_9423.png,7,Train
Train/Sarampion/2024-06-26_18-20-56_9388.png,Sarampion,Train/Sarampion/2024-06-26_18-20-56_9388.png,7,Train
Train/Sarampion/Sarampion (156).jpg,Sarampion,Train/Sarampion/Sarampion (156).jpg,7,Val
Train/Sarampion/2024-06-26_18-28-28_2670.png,Sarampion,Train/Sarampion/2024-06-26_18-28-28_2670.png,7,Test
Train/Sarampion/2024-06-26_18-20-42_6725.png,Sarampion,Train/Sarampion/2024-06-26_18-20-42_6725.png,7,Test
Train/Sarampion/2024-06-26_18-31-32_3669.png,Sarampion,Train/Sarampion/2024-06-26_18-31-32_3669.png,7,Test
Train/Sarampion/Sarampion (122).jpg,Sarampion,Train/Sarampion/Sarampion (122).jpg,7,Train
Train/Sarampion/2024-06-26_18-23-21_5509.png,Sarampion,Train/Sarampion/2024-06-26_18-23-21_5509.png,7,Train
Train/Sarampion/Sarampion (58).png,Sarampion,Train/Sarampion/Sarampion (122).jpg,7,Train
Train/Sarampion/2024-06-26_18-22-15_6467.png,Sarampion,Train/Sarampion/2024-06-26_18-22-15_6467.png,7,Val
Train/Sarampion/2024-06-26_18-22-40_3317.png,Sarampion,Train/Sarampion/2024-06-26_18-22-40_3317.png,7,Train
Train/Sarampion/2024-06-26_17-22-28_4993.png,Sarampion,Train/Sarampion/2024-06-26_17-22-28_4993.png,7,Train
Train/Sarampion/2024-06-26_17-18-22_5687.png,Sarampion,Train/Sarampion/2024-06-26_17-18-22_5687.png,7,Val
Train/Sarampion/2024-06-26_12-14-09_8993.png,Sarampion,Train/Sarampion/2024-06-26_12-14-09_8993.png,7,Val
Train/Sarampion/2024-06-26_12-12-27_2080.png,Sarampion,Train/Sarampion/2024-06-26_12-12-27_2080.png,7,Train
Train/Sarampion/Sarampion (68).png,Sarampion,Train/Sarampion/Sarampion (68).png,7,Train
Train/Sarampion/2024-06-26_12-18-25_3518.png,Sarampion,Train/Sarampion/2024-06-26_12-18-25_3518.png,7,Train
Train/Sarampion/2024-06-26_17-12-32_1943.png,Sarampion,Train/Sarampion/2024-06-26_17-12-32_1943.png,7,Val
Train/Sarampion/2024-06-26_12-17-39_1278.png,Sarampion,Train/Sarampion/2024-06-26_12-17-39_1278.png,7,Val
Train/Sarampion/2024-06-26_18-26-19_1707.png,Sarampion,Train/Sarampion/2024-06-26_18-26-19_1707.png,7,Val
Train/Sarampion/2024-06-26_18-40-35_9429.png,Sarampion,Train/Sarampion/2024-06-26_18-40-35_9429.png,7,Test
Train/Sarampion/2024-06-26_11-56-48_4821.png,Sarampion,Train/Sarampion/2024-06-26_11-56-48_4821.png,7,Train
Train/Sarampion/2024-06-26_18-50-00_5687.png,Sarampion,Train/Sarampion/2024-06-26_18-50-00_5687.png,7,Train
Train/Sarampion/Sarampion (83).png,Sarampion,Train/Sarampion/Sarampion (83).png,7,Train
Train/Sarampion/2024-06-26_18-41-01_7341.png,Sarampion,Train/Sarampion/2024-06-26_18-41-01_7341.png,7,Val
Train/Sarampion/2024-06-26_12-20-01_8361.png,Sarampion,Train/Sarampion/2024-06-26_12-20-01_8361.png,7,Train
Train/Sarampion/Sarampion (8).jpg,Sarampion,Train/Sarampion/Sarampion (8).jpg,7,Train
Train/Sarampion/2024-06-26_17-20-19_7898.png,Sarampion,Train/Sarampion/2024-06-26_17-20-19_7898.png,7,Test
Train/Sarampion/2024-06-26_18-48-23_2524.png,Sarampion,Train/Sarampion/2024-06-26_18-48-23_2524.png,7,Train
Train/Sarampion/2024-06-26_13-19-14_4091.png,Sarampion,Train/Sarampion/2024-06-26_13-19-14_4091.png,7,Train
Train/Sarampion/2024-06-26_16-49-12_3470.png,Sarampion,Train/Sarampion/2024-06-26_16-49-12_3470.png,7,Train
Train/Sarampion/Sarampion (37).png,Sarampion,Train/Sarampion/Sarampion (37).png,7,Train
Train/Sarampion/2024-06-26_17-21-54_5728.png,Sarampion,Train/Sarampion/2024-06-26_17-21-54_5728.png,7,Train
Train/Sarampion/2024-06-26_13-56-58_5654.png,Sarampion,Train/Sarampion/2024-06-26_13-56-58_5654.png,7,Val
Train/Sarampion/2024-06-26_18-43-28_6048.png,Sarampion,Train/Sarampion/2024-06-26_18-43-28_6048.png,7,Train
Train/Sarampion/2024-06-26_18-52-53_8287.png,Sarampion,Train/Sarampion/2024-06-26_18-52-53_8287.png,7,Train
Train/Sarampion/2024-06-26_18-52-30_1239.png,Sarampion,Train/Sarampion/2024-06-26_18-52-30_1239.png,7,Test
Train/Sarampion/Sarampion (52).jpg,Sarampion,Train/Sarampion/Sarampion (52).jpg,7,Train
Train/Sarampion/2024-06-26_12-19-31_3606.png,Sarampion,Train/Sarampion/2024-06-26_12-19-31_3606.png,7,Train
Train/Sarampion/Sarampion (59).png,Sarampion,Train/Sarampion/Sarampion (59).png,7,Train
Train/Sarampion/2024-06-26_18-48-46_1629.png,Sarampion,Train/Sarampion/2024-06-26_18-48-46_1629.png,7,Val
Train/Sarampion/2024-06-26_17-22-52_8567.png,Sarampion,Train/Sarampion/2024-06-26_17-22-52_8567.png,7,Val
Train/Sarampion/2024-06-26_15-19-25_4994.png,Sarampion,Train/Sarampion/2024-06-26_15-19-25_4994.png,7,Test
Train/Sarampion/2024-06-26_17-30-39_1313.png,Sarampion,Train/Sarampion/2024-06-26_17-30-39_1313.png,7,Test
Train/Sarampion/2024-06-26_12-10-19_6265.png,Sarampion,Train/Sarampion/2024-06-26_12-10-19_6265.png,7,Train
Train/Sarampion/2024-06-26_17-32-03_3173.png,Sarampion,Train/Sarampion/2024-06-26_17-32-03_3173.png,7,Train
Train/Sarampion/2024-06-26_18-30-41_4357.png,Sarampion,Train/Sarampion/2024-06-26_18-30-41_4357.png,7,Train
Test/Herpes/Herpes (29).jpg,Herpes,Test/Herpes/Herpes (29).jpg,7,Train
Test/Herpes/Herpes (18).jpg,Herpes,Test/Herpes/Herpes (18).jpg,7,Test
Test/Herpes/2024-06-26_20-39-30_8341.png,Herpes,Test/Herpes/2024-06-26_20-39-30_8341.png,7,Train
Test/Herpes/Herpes (44).jpg,Herpes,Test/Herpes/Herpes (44).jpg,7,Test
Test/Herpes/Herpes (13).jpg,Herpes,Test/Herpes/Herpes (13).jpg,7,Train
Test/Herpes/Herpes (5).png,Herpes,Test/Herpes/Herpes (5).png,7,Val
Test/Monkeypox/2024-06-27_15-08-34_5633.png,Monkeypox,Test/Monkeypox/2024-06-27_15-08-34_5633.png,7,Test
Test/Monkeypox/MonkeyPox (28).jpg,Monkeypox,Test/Monkeypox/MonkeyPox (28).jpg,7,Test
Test/Monkeypox/2024-06-27_15-10-20_8807.png,Monkeypox,Test/Monkeypox/2024-06-27_15-10-20_8807.png,7,Test
Test/Monkeypox/MonkeyPox (105).jpg,Monkeypox,Test/Monkeypox/MonkeyPox (105).jpg,7,Train
Test/Monkeypox/MonkeyPox (3).png,Monkeypox,Test/Monkeypox/MonkeyPox (3).png,7,Test
Test/Monkeypox/2024-06-27_14-16-08_7006.png,Monkeypox,Test/Monkeypox/2024-06-27_14-16-08_7006.png,7,Val
Test/Monkeypox/2024-06-27_14-09-37_4091.png,Monkeypox,Test/Monkeypox/2024-06-27_14-09-37_4091.png,7,Train
Test/Monkeypox/MonkeyPox (9).jpg,Monkeypox,Test/Monkeypox/MonkeyPox (9).jpg,7,Train
Test/Monkeypox/MonkeyPox (117).jpg,Monkeypox,Test/Monkeypox/MonkeyPox (117).jpg,7,Val
Test/Monkeypox/MonkeyPox (17).jpg,Monkeypox,Test/Monkeypox/MonkeyPox (17).jpg,7,Train
Test/Monkeypox/2024-06-27_15-08-58_1940.png,Monkeypox,Test/Monkeypox/2024-06-27_15-08-58_1940.png,7,Val
Test/Monkeypox/MonkeyPox (39).jpg,Monkeypox,Test/Monkeypox/MonkeyPox (39).jpg,7,Train
Test/Monkeypox/2024-06-27_14-10-01_4450.png,Monkeypox,Test/Monkeypox/2024-06-27_14-10-01_4450.png,7,Test
Test/Monkeypox/2024-06-27_13-59-23_4022.png,Monkeypox,Test/Monkeypox/2024-06-27_13-59-23_4022.png,7,Train
Test/Varicela/2024-06-27_12-05-49_1014.png,Varicela,Test/Varicela/2024-06-27_12-05-49_1014.png,7,Train
Test/Varicela/2024-06-27_11-43-31_5038.png,Varicela,Test/Varicela/2024-06-27_11-43-31_5038.png,7,Test
Test/Varicela/ChickenPox (60).jpg,Varicela,Test/Varicela/ChickenPox (60).jpg,7,Train
Test/Varicela/ChickenPox (31).png,Varicela,Test/Varicela/ChickenPox (31).png,7,Train
Test/Varicela/ChickenPox (44).png,Varicela,Test/Varicela/ChickenPox (44).png,7,Train
Test/Varicela/2024-06-25_23-32-13_6030.png,Varicela,Test/Varicela/2024-06-25_23-32-13_6030.png,7,Train
Test/Melanoma/Melanoma (2).jpg,Melanoma,Test/Melanoma/Melanoma (2).jpg,7,Test
Test/Melanoma/Melanoma (66).jpg,Melanoma,Test/Melanoma/Melanoma (66).jpg,7,Test
Test/Sarampion/2024-06-26_18-55-04_6340.png,Sarampion,Test/Sarampion/2024-06-26_18-55-04_6340.png,7,Train
Test/Sarampion/2024-06-26_12-16-35_2776.png,Sarampion,Test/Sarampion/2024-06-26_12-16-35_2776.png,7,Train
Test/Sarampion/Sarampion (48).png,Sarampion,Test/Sarampion/Sarampion (48).png,7,Test
Test/Sarampion/2024-06-26_18-25-29_9961.png,Sarampion,Test/Sarampion/2024-06-26_18-25-29_9961.png,7,Train
Test/Sarampion/Sarampion (32).png,Sarampion,Test/Sarampion/Sarampion (32).png,7,Train
Test/Sarampion/2024-06-26_14-01-28_8761.png,Sarampion,Test/Sarampion/2024-06-26_14-01-28_8761.png,7,Train
Test/Sarampion/2024-06-26_18-55-27_6748.png,Sarampion,Test/Sarampion/2024-06-26_18-55-27_6748.png,7,Train
Test/Sarampion/2024-06-26_17-15-57_5912.png,Sarampion,Test/Sarampion/2024-06-26_17-15-57_5912.png,7,Train
Test/Sarampion/2024-06-26_18-47-24_2909.png,Sarampion,Test/Sarampion/2024-06-26_18-47-24_2909.png,7,Test
Test/Sarampion/2024-06-26_17-29-44_1576.png,Sarampion,Test/Sarampion/2024-06-26_17-29-44_1576.png,7,Test
Test/Sarampion/2024-06-26_18-46-32_6310.png,Sarampion,Test/Sarampion/2024-06-26_18-46-32_6310.png,7,Val
Test/Sarampion/2024-06-26_18-54-40_4156.png,Sarampion,Test/Sarampion/2024-06-26_18-54-40_4156.png,7,Train
Test/Sarampion/2024-06-26_12-16-14_5492.png,Sarampion,Test/Sarampion/2024-06-26_12-16-14_5492.png,7,Train
Test/Sarampion/2024-06-26_17-25-28_7382.png,Sarampion,Test/Sarampion/2024-06-26_17-25-28_7382.png,7,Train
Test/Sarampion/2024-06-26_12-09-05_5942.png,Sarampion,Test/Sarampion/2024-06-26_12-09-05_5942.png,7,Train
Test/Sarampion/2024-06-26_18-25-06_6595.png,Sarampion,Test/Sarampion/2024-06-26_18-25-06_6595.png,7,Val
Test/Sarampion/2024-06-26_17-14-45_6203.png,Sarampion,Test/Sarampion/2024-06-26_17-14-45_6203.png,7,Val
Test/Sarampion/2024-06-26_17-16-45_3964.png,Sarampion,Test/Sarampion/2024-06-26_17-16-45_3964.png,7,Train
Test/Sarampion/2024-06-26_12-09-31_9870.png,Sarampion,Test/Sarampion/2024-06-26_12-09-31_9870.png,7,Train
Test/Sarampion/2024-06-26_12-17-18_7060.png,Sarampion,Test/Sarampion/2024-06-26_12-17-18_7060.png,7,Train
Test/Sarampion/Sarampion (9).jpg,Sarampion,Test/Sarampion/Sarampion (9).jpg,7,Train
Test/Sarampion/2024-06-26_17-24-12_1688.png,Sarampion,Test/Sarampion/2024-06-26_17-24-12_1688.png,7,Train
Test/Sarampion/2024-06-26_18-23-44_7036.png,Sarampion,Test/Sarampion/2024-06-26_18-23-44_7036.png,7,Train
Test/Sarampion/2024-06-26_18-25-56_9550.png,Sarampion,Test/Sarampion/2024-06-26_18-25-56_9550.png,7,Train
Test/Sarampion/2024-06-26_18-46-57_1618.png,Sarampion,Test/Sarampion/2024-06-26_18-46-57_1618.png,7,Train
Test/Sarampion/2024-06-26_14-56-41_7181.png,Sarampion,Test/Sarampion/2024-06-26_14-56-41_7181.png,7,Train
Test/Sarampion/Sarampion (17).jpg,Sarampion,Test/Sarampion/Sarampion (17).jpg,7,Train
Test/Sarampion/2024-06-26_18-36-04_7670.png,Sarampion,Test/Sarampion/2024-06-26_18-36-04_7670.png,7,Train
Test/Sarampion/2024-06-26_17-24-34_7466.png,Sarampion,Test/Sarampion/2024-06-26_17-24-34_7466.png,7,Train
Test/Sarampion/Sarampion (20).jpeg,Sarampion,Test/Sarampion/Sarampion (20).jpeg,7,Train
Val/Herpes/Herpes (59).jpg,Herpes,Val/Herpes/Herpes (59).jpg,7,Train
Val/Monkeypox/MonkeyPox (14).jpg,Monkeypox,Val/Monkeypox/MonkeyPox (14).jpg,7,Train
Val/Monkeypox/MonkeyPox (11).jpg,Monkeypox,Val/Monkeypox/MonkeyPox (11).jpg,7,Train
Val/Monkeypox/MonkeyPox (14).jpeg,Monkeypox,Val/Monkeypox/MonkeyPox (14).jpeg,7,Train
Val/Varicela/ChickenPox (24).png,Varicela,Val/Varicela/ChickenPox (24).png,7,Val
Val/Varicela/ChickenPox (5).jpg,Varicela,Train/Varicela/ChickenPox (225).jpg,7,Train
Val/Varicela/ChickenPox (9).jpg,Varicela,Val/Varicela/ChickenPox (9).jpg,7,Train
Val/Melanoma/Melanoma (128).jpg,Melanoma,Val/Melanoma/Melanoma (128).jpg,7,Train
Val/Melanoma/Melanoma (186).jpg,Melanoma,Val/Melanoma/Melanoma (186).jpg,7,Train
Val/Sarampion/Sarampion (41).png,Sarampion,Val/Sarampion/Sarampion (41).png,7,Val
Val/Sarampion/Sarampion (2).png,Sarampion,Val/Sarampion/Sarampion (2).png,7,Train
Val/Sarampion/Sarampion (18).png,Sarampion,Test/Sarampion/Sarampion (9).jpg,7,Train
Val/Sarampion/Sarampion (2).jpeg,Sarampion,Test/Sarampion/Sarampion (33).png,7,Val
Val/Sarampion/Sarampion (14).jpeg,Sarampion,Val/Sarampion/Sarampion (14).jpeg,7,Test
Test/Varicela/ChickenPox (87).jpg,Varicela,Test/Varicela/ChickenPox (87).jpg,7,Train
Train/Sarampion/2024-06-26_13-34-03_3621.png,Sarampion,Train/Sarampion/2024-06-26_13-34-03_3621.png,7,Train
Train/Sarampion/2024-06-26_17-21-31_4636.png,Sarampion,Train/Sarampion/2024-06-26_17-21-31_4636.png,7,Val
Train/Monkeypox/2024-06-27_13-57-20_2703.png,Monkeypox,Train/Monkeypox/2024-06-27_13-57-20_2703.png,7,Train
Test/Varicela/2024-06-25_23-07-03_7302.png,Varicela,Test/Varicela/2024-06-25_23-07-03_7302.png,7,Train
Test/Herpes/2024-06-26_20-41-17_6240.png,Herpes,Test/Herpes/2024-06-26_20-41-17_6240.png,7,Val
Train/Varicela/2024-06-26_23-34-23_5504.png,Varicela,Train/Varicela/2024-06-26_23-34-23_5504.png,7,Test
Train/Varicela/2024-06-27_12-02-07_7463.png,Varicela,Train/Varicela/2024-06-27_12-02-07_7463.png,7,Train
Test/Monkeypox/2024-06-27_15-22-32_9308.png,Monkeypox,Test/Monkeypox/2024-06-27_15-22-32_9308.png,7,Train
Train/Sarampion/2024-06-26_15-15-19_6482.png,Sarampion,Train/Sarampion/2024-06-26_15-15-19_6482.png,7,Train
Train/Sarampion/Sarampion (45).jpg,Sarampion,Train/Sarampion/Sarampion (45).jpg,7,Train
Train/Varicela/ChickenPox (133).jpg,Varicela,Train/Varicela/ChickenPox (133).jpg,7,Val
Test/Herpes/Herpes (38).jpg,Herpes,Test/Herpes/Herpes (38).jpg,7,Train
Train/Varicela/ChickenPox (241).jpg,Varicela,Train/Varicela/ChickenPox (241).jpg,7,Train
Train/Monkeypox/MonkeyPox (142).png,Monkeypox,Train/Monkeypox/MonkeyPox (142).png,7,Val
Train/Varicela/ChickenPox (192).jpg,Varicela,Train/Varicela/ChickenPox (192).jpg,7,Train
Train/Monkeypox/MonkeyPox (178).jpg,Monkeypox,Train/Monkeypox/MonkeyPox (178).jpg,7,Train
Train/Varicela/ChickenPox (263).jpg,Varicela,Train/Varicela/ChickenPox (263).jpg,7,Train
Train/Varicela/2024-06-25_21-34-59_8825.png,Varicela,Train/Varicela/2024-06-25_21-34-59_8825.png,7,Train
Train/Sarampion/2024-06-26_15-04-05_3977.png,Sarampion,Train/Sarampion/2024-06-26_15-04-05_3977.png,7,Train
Val/Varicela/ChickenPox (12).jpeg,Varicela,Val/Varicela/ChickenPox (12).jpeg,7,Train
Train/Herpes/Herpes.jpg,Herpes,Train/Herpes/Herpes.jpg,7,Test
Train/Varicela/2024-06-25_23-26-55_5054.png,Varicela,Train/Varicela/2024-06-25_23-26-55_5054.png,7,Train
Train/Sarampion/2024-06-26_13-58-38_3554.png,Sarampion,Train/Sarampion/2024-06-26_13-58-38_3554.png,7,Train
Train/Monkeypox/2024-06-27_13-55-01_8231.png,Monkeypox,Train/Monkeypox/2024-06-27_13-55-01_8231.png,7,Train
Test/Herpes/2024-06-26_20-34-15_6954.png,Herpes,Test/Herpes/2024-06-26_20-34-15_6954.png,7,Train
Train/Sarampion/Sarampion (102).jpg,Sarampion,Test/Sarampion/Sarampion (33).png,7,Val
Train/Sarampion/2024-06-26_15-08-43_2940.png,Sarampion,Train/Sarampion/2024-06-26_15-08-43_2940.png,7,Test
Train/Sarampion/2024-06-26_18-13-01_6573.png,Sarampion,Train/Sarampion/2024-06-26_18-13-01_6573.png,7,Train
Train/Varicela/2024-06-25_23-42-05_6670.png,Varicela,Train/Varicela/2024-06-25_23-42-05_6670.png,7,Train
Train/Monkeypox/2024-06-27_15-30-27_8136.png,Monkeypox,Train/Monkeypox/2024-06-27_15-30-27_8136.png,7,Train
Train/Varicela/2024-06-27_00-08-58_9769.png,Varicela,Train/Varicela/2024-06-27_00-08-58_9769.png,7,Train
Train/Varicela/2024-06-27_12-03-59_8548.png,Varicela,Train/Varicela/2024-06-27_12-03-59_8548.png,7,Train
Train/Varicela/2024-06-26_21-14-28_3487.png,Varicela,Train/Varicela/2024-06-26_21-14-28_3487.png,7,Train
Train/Herpes/Herpes (261).jpg,Herpes,Train/Herpes/Herpes (261).jpg,7,Train
Train/Monkeypox/2024-06-27_16-35-25_1474.png,Monkeypox,Train/Monkeypox/2024-06-27_16-35-25_1474.png,7,Val
Train/Varicela/ChickenPox (91).jpg,Varicela,Train/Varicela/ChickenPox (91).jpg,7,Val
Train/Sarampion/Sarampion (69).png,Sarampion,Train/Sarampion/Sarampion (69).png,7,Train
Val/Sarampion/Sarampion (14).png,Sarampion,Val/Sarampion/Sarampion (14).png,7,Train
Train/Varicela/2024-06-27_12-01-22_7986.png,Varicela,Train/Varicela/2024-06-27_12-01-22_7986.png,7,Train
Train/Sarampion/2024-06-26_11-59-57_7197.png,Sarampion,Train/Sarampion/2024-06-26_11-59-57_7197.png,7,Train
Train/Sarampion/Sarampion (123).jpg,Sarampion,Train/Sarampion/Sarampion (123).jpg,7,Test
Train/Herpes/2024-06-24_22-08-54_7574.png,Herpes,Train/Herpes/2024-06-24_22-08-54_7574.png,7,Val
Train/Monkeypox/2024-06-27_14-17-03_8584.png,Monkeypox,Train/Monkeypox/2024-06-27_14-17-03_8584.png,7,Test
Train/Varicela/2024-06-26_21-50-27_6383.png,Varicela,Train/Varicela/2024-06-26_21-50-27_6383.png,7,Train
Test/Herpes/Herpes (51).jpg,Herpes,Test/Herpes/Herpes (51).jpg,7,Train
Train/Sarampion/Sarampion (85).jpg,Sarampion,Train/Sarampion/Sarampion (85).jpg,7,Train
Train/Herpes/Herpes.png,Herpes,Train/Herpes/Herpes.png,7,Train
Train/Varicela/ChickenPox (255).jpg,Varicela,Train/Varicela/ChickenPox (255).jpg,7,Train
Train/Monkeypox/2024-06-27_16-32-03_5617.png,Monkeypox,Train/Monkeypox/2024-06-27_16-32-03_5617.png,7,Test
Train/Varicela/ChickenPox (221).jpg,Varicela,Train/Varicela/ChickenPox (221).jpg,7,Train
Test/Monkeypox/MonkeyPox (134).jpg,Monkeypox,Test/Monkeypox/MonkeyPox (134).jpg,7,Val
Train/Sarampion/Sarampion (73).jpg,Sarampion,Train/Sarampion/Sarampion (73).jpg,7,Train
Train/Monkeypox/2024-06-27_13-58-11_9592.png,Monkeypox,Train/Monkeypox/2024-06-27_13-58-11_9592.png,7,Train
Test/Varicela/ChickenPox (49).png,Varicela,Test/Varicela/ChickenPox (49).png,7,Train
Train/Herpes/2024-06-24_21-30-27_9522.png,Herpes,Train/Herpes/2024-06-24_21-30-27_9522.png,7,Train
Train/Varicela/ChickenPox (228).jpg,Varicela,Train/Varicela/ChickenPox (228).jpg,7,Train
Train/Sarampion/2024-06-26_16-11-54_9373.png,Sarampion,Train/Sarampion/2024-06-26_16-11-54_9373.png,7,Train
Train/Herpes/Herpes (262).jpg,Herpes,Train/Herpes/Herpes (262).jpg,7,Train
Test/Herpes/Herpes (74).jpg,Herpes,Test/Herpes/Herpes (74).jpg,7,Train
Train/Sarampion/2024-06-26_12-58-54_4368.png,Sarampion,Train/Sarampion/2024-06-26_12-58-54_4368.png,7,Val
Train/Monkeypox/2024-06-27_16-03-29_1919.png,Monkeypox,Train/Monkeypox/2024-06-27_16-03-29_1919.png,7,Train
Test/Sarampion/2024-06-26_15-06-38_7428.png,Sarampion,Test/Sarampion/2024-06-26_15-06-38_7428.png,7,Train
Train/Varicela/2024-06-26_21-42-24_5384.png,Varicela,Train/Varicela/2024-06-26_21-42-24_5384.png,7,Train
Train/Varicela/2024-06-25_22-36-19_9409.png,Varicela,Train/Varicela/2024-06-25_22-36-19_9409.png,7,Val
Test/Sarampion/2024-06-26_11-54-26_3910.png,Sarampion,Test/Sarampion/2024-06-26_11-54-26_3910.png,7,Val
Train/Monkeypox/2024-06-27_15-30-04_7633.png,Monkeypox,Train/Monkeypox/2024-06-27_15-30-04_7633.png,7,Train
Train/Herpes/2024-06-24_22-23-40_9531.png,Herpes,Train/Herpes/2024-06-24_22-23-40_9531.png,7,Val
Train/Sarampion/Sarampion (45).png,Sarampion,Train/Sarampion/Sarampion (45).png,7,Train
Val/Herpes/Herpes (28).jpg,Herpes,Val/Herpes/Herpes (28).jpg,7,Val
Train/Varicela/ChickenPox (229).jpg,Varicela,Train/Varicela/ChickenPox (229).jpg,7,Train
Train/Herpes/2024-06-24_22-37-38_3707.png,Herpes,Train/Herpes/2024-06-24_22-37-38_3707.png,7,Train
Train/Herpes/Herpes (194).jpg,Herpes,Train/Herpes/Herpes (194).jpg,7,Train
Train/Sarampion/Sarampion (67).jpg,Sarampion,Train/Sarampion/Sarampion (133).jpg,7,Train
Train/Sarampion/Sarampion (94).jpg,Sarampion,Train/Sarampion/Sarampion (94).jpg,7,Val
Train/Varicela/ChickenPox (132).jpg,Varicela,Train/Varicela/ChickenPox (132).jpg,7,Train
Train/Varicela/2024-06-25_21-32-59_3164.png,Varicela,Train/Varicela/2024-06-25_21-32-59_3164.png,7,Train
Train/Sarampion/2024-06-26_12-07-02_7219.png,Sarampion,Train/Sarampion/2024-06-26_12-07-02_7219.png,7,Train
Train/Herpes/Herpes (162).jpg,Herpes,Train/Herpes/Herpes (162).jpg,7,Train
Test/Sarampion/2024-06-26_11-56-01_5361.png,Sarampion,Test/Sarampion/2024-06-26_11-56-01_5361.png,7,Train
Train/Sarampion/2024-06-26_13-59-29_3375.png,Sarampion,Train/Sarampion/2024-06-26_13-59-29_3375.png,7,Val
Train/Varicela/2024-06-27_11-59-28_1614.png,Varicela,Train/Varicela/2024-06-27_11-59-28_1614.png,7,Val
Train/Monkeypox/2024-06-27_16-35-47_5319.png,Monkeypox,Train/Monkeypox/2024-06-27_16-35-47_5319.png,7,Train
Train/Monkeypox/2024-06-27_13-56-56_8334.png,Monkeypox,Train/Monkeypox/2024-06-27_13-56-56_8334.png,7,Train
Train/Varicela/2024-06-26_22-22-58_8722.png,Varicela,Train/Varicela/2024-06-26_22-22-58_8722.png,7,Train
Train/Varicela/ChickenPox (174).jpg,Varicela,Train/Varicela/ChickenPox (174).jpg,7,Train
Train/Varicela/2024-06-27_13-23-48_7560.png,Varicela,Train/Varicela/2024-06-27_13-23-48_7560.png,7,Train
Train/Monkeypox/2024-06-27_14-06-48_9948.png,Monkeypox,Train/Monkeypox/2024-06-27_14-06-48_9948.png,7,Train
Train/Varicela/2024-06-27_12-22-51_8259.png,Varicela,Train/Varicela/2024-06-27_12-22-51_8259.png,7,Train
Train/Varicela/ChickenPox (59).png,Varicela,Train/Varicela/ChickenPox (192).jpg,7,Train
Train/Varicela/2024-06-26_23-41-52_7860.png,Varicela,Train/Varicela/2024-06-26_23-41-52_7860.png,7,Train
Train/Monkeypox/2024-06-27_16-45-06_3027.png,Monkeypox,Train/Monkeypox/2024-06-27_16-45-06_3027.png,7,Train
Val/Varicela/ChickenPox (10).jpeg,Varicela,Val/Varicela/ChickenPox (10).jpeg,7,Val
Train/Varicela/2024-06-27_12-09-09_1375.png,Varicela,Train/Varicela/2024-06-27_12-09-09_1375.png,7,Test
Train/Monkeypox/2024-06-27_15-31-36_1699.png,Monkeypox,Train/Monkeypox/2024-06-27_15-31-36_1699.png,7,Train
Train/Monkeypox/2024-06-27_17-00-17_9938.png,Monkeypox,Train/Monkeypox/2024-06-27_17-00-17_9938.png,7,Train
Train/Varicela/2024-06-25_21-31-46_9293.png,Varicela,Train/Varicela/2024-06-25_21-31-46_9293.png,7,Train
Test/Sarampion/2024-06-26_15-05-21_1652.png,Sarampion,Test/Sarampion/2024-06-26_15-05-21_1652.png,7,Test
Train/Sarampion/2024-06-26_13-00-26_1168.png,Sarampion,Train/Sarampion/2024-06-26_13-00-26_1168.png,7,Train
Train/Monkeypox/2024-06-27_17-02-55_8647.png,Monkeypox,Train/Monkeypox/2024-06-27_17-02-55_8647.png,7,Val
Test/Varicela/2024-06-26_23-15-32_6074.png,Varicela,Test/Varicela/2024-06-26_23-15-32_6074.png,7,Train
Train/Herpes/Herpes (191).jpg,Herpes,Train/Herpes/Herpes (191).jpg,7,Train
Train/Herpes/2024-06-24_22-26-33_4237.png,Herpes,Train/Herpes/2024-06-24_22-26-33_4237.png,7,Train
Val/Sarampion/Sarampion (34).png,Sarampion,Val/Sarampion/Sarampion (34).png,7,Val
Train/Monkeypox/2024-06-27_16-41-11_5769.png,Monkeypox,Train/Monkeypox/2024-06-27_16-41-11_5769.png,7,Train
Val/Varicela/ChickenPox (11).jpeg,Varicela,Val/Varicela/ChickenPox (11).jpeg,7,Train
Test/Sarampion/2024-06-26_15-53-59_5452.png,Sarampion,Test/Sarampion/2024-06-26_15-53-59_5452.png,7,Test
Train/Monkeypox/2024-06-27_13-54-37_8772.png,Monkeypox,Train/Monkeypox/2024-06-27_13-54-37_8772.png,7,Train
Train/Monkeypox/2024-06-27_15-44-12_6606.png,Monkeypox,Train/Monkeypox/2024-06-27_15-44-12_6606.png,7,Train
Train/Herpes/Herpes (301).jpg,Herpes,Train/Herpes/Herpes (301).jpg,7,Train
Test/Sarampion/Sarampion (33).png,Sarampion,Test/Sarampion/Sarampion (33).png,7,Val
Train/Monkeypox/2024-06-27_16-46-59_8373.png,Monkeypox,Train/Monkeypox/2024-06-27_16-46-59_8373.png,7,Test
Test/Sarampion/Sarampion (44).jpg,Sarampion,Test/Sarampion/Sarampion (44).jpg,7,Train
Train/Varicela/2024-06-25_21-40-43_8904.png,Varicela,Train/Varicela/2024-06-25_21-40-43_8904.png,7,Train
Train/Sarampion/Sarampion (138).jpg,Sarampion,Train/Sarampion/Sarampion (138).jpg,7,Train
Train/Monkeypox/2024-06-27_16-57-42_6530.png,Monkeypox,Train/Monkeypox/2024-06-27_16-57-42_6530.png,7,Val
Train/Varicela/ChickenPox (179).jpg,Varicela,Train/Varicela/ChickenPox (179).jpg,7,Train
Train/Sarampion/Sarampion (133).jpg,Sarampion,Train/Sarampion/Sarampion (133).jpg,7,Train
Train/Varicela/2024-06-27_12-58-30_3916.png,Varicela,Train/Varicela/2024-06-27_12-58-30_3916.png,7,Val
Train/Monkeypox/2024-06-27_16-47-45_4595.png,Monkeypox,Train/Monkeypox/2024-06-27_16-47-45_4595.png,7,Train
Train/Varicela/2024-06-26_22-21-16_1772.png,Varicela,Train/Varicela/2024-06-26_22-21-16_1772.png,7,Train
Train/Varicela/2024-06-27_11-28-30_5799.png,Varicela,Train/Varicela/2024-06-27_11-28-30_5799.png,7,Train
Train/Monkeypox/2024-06-27_15-06-29_8544.png,Monkeypox,Train/Monkeypox/2024-06-27_15-06-29_8544.png,7,Test
Train/Herpes/Herpes (170).jpg,Herpes,Train/Herpes/Herpes (170).jpg,7,Train
Train/Varicela/2024-06-27_13-30-28_8366.png,Varicela,Train/Varicela/2024-06-27_13-30-28_8366.png,7,Train
Train/Monkeypox/MonkeyPox (155).png,Monkeypox,Train/Monkeypox/MonkeyPox (155).png,7,Train
Train/Monkeypox/2024-06-27_16-55-34_9688.png,Monkeypox,Train/Monkeypox/2024-06-27_16-55-34_9688.png,7,Val
Train/Herpes/2024-06-24_21-06-09_9645.png,Herpes,Train/Herpes/2024-06-24_21-06-09_9645.png,7,Train
Test/Sarampion/2024-06-26_15-50-55_9056.png,Sarampion,Test/Sarampion/2024-06-26_15-50-55_9056.png,7,Train
Test/Varicela/ChickenPox (38).jpg,Varicela,Test/Varicela/ChickenPox (38).jpg,7,Train
Train/Monkeypox/MonkeyPox (164).png,Monkeypox,Train/Monkeypox/MonkeyPox (164).png,7,Train
Test/Varicela/2024-06-27_11-30-42_5146.png,Varicela,Test/Varicela/2024-06-27_11-30-42_5146.png,7,Train
Train/Varicela/2024-06-25_21-31-21_6606.png,Varicela,Train/Varicela/2024-06-25_21-31-21_6606.png,7,Test
Train/Varicela/2024-06-26_21-48-53_4177.png,Varicela,Train/Varicela/2024-06-26_21-48-53_4177.png,7,Train
Train/Varicela/2024-06-27_12-26-33_2242.png,Varicela,Train/Varicela/2024-06-27_12-26-33_2242.png,7,Train
Val/Sarampion/Sarampion (42).png,Sarampion,Val/Sarampion/Sarampion (42).png,7,Train
Train/Varicela/ChickenPox (187).jpg,Varicela,Train/Varicela/ChickenPox (187).jpg,7,Train
Train/Sarampion/2024-06-26_14-13-24_4439.png,Sarampion,Train/Sarampion/2024-06-26_14-13-24_4439.png,7,Train
Train/Varicela/2024-06-25_21-33-47_7689.png,Varicela,Train/Varicela/2024-06-25_21-33-47_7689.png,7,Train
Train/Monkeypox/MonkeyPox (106).png,Monkeypox,Train/Monkeypox/MonkeyPox (106).png,7,Train
Test/Sarampion/2024-06-26_12-50-45_8660.png,Sarampion,Test/Sarampion/2024-06-26_12-50-45_8660.png,7,Train
Train/Sarampion/2024-06-26_16-37-39_3050.png,Sarampion,Train/Sarampion/2024-06-26_16-37-39_3050.png,7,Test
Train/Herpes/Herpes (196).jpg,Herpes,Train/Herpes/Herpes (196).jpg,7,Train
Test/Herpes/Herpes (126).jpg,Herpes,Test/Herpes/Herpes (126).jpg,7,Train
Train/Monkeypox/MonkeyPox (29).png,Monkeypox,Train/Monkeypox/MonkeyPox (29).png,7,Test
Train/Varicela/2024-06-27_00-01-24_1094.png,Varicela,Train/Varicela/2024-06-27_00-01-24_1094.png,7,Train
Train/Varicela/2024-06-25_23-51-14_8933.png,Varicela,Train/Varicela/2024-06-25_23-51-14_8933.png,7,Train
Train/Sarampion/Sarampion (139).jpg,Sarampion,Train/Sarampion/Sarampion (139).jpg,7,Train
Test/Sarampion/2024-06-26_13-24-18_3831.png,Sarampion,Test/Sarampion/2024-06-26_13-24-18_3831.png,7,Train
Train/Monkeypox/MonkeyPox (158).png,Monkeypox,Train/Monkeypox/MonkeyPox (158).png,7,Train
Train/Varicela/2024-06-26_23-08-14_4919.png,Varicela,Train/Varicela/2024-06-26_23-08-14_4919.png,7,Val
Test/Varicela/2024-06-27_12-07-18_3814.png,Varicela,Test/Varicela/2024-06-27_12-07-18_3814.png,7,Train
Train/Monkeypox/2024-06-27_14-20-42_3059.png,Monkeypox,Train/Monkeypox/2024-06-27_14-20-42_3059.png,7,Train
Train/Varicela/2024-06-26_23-39-33_6681.png,Varicela,Train/Varicela/2024-06-26_23-39-33_6681.png,7,Val
Val/Herpes/Herpes (35).jpg,Herpes,Val/Herpes/Herpes (35).jpg,7,Train
Train/Varicela/ChickenPox (163).jpg,Varicela,Train/Varicela/ChickenPox (163).jpg,7,Train
Train/Varicela/2024-06-25_22-33-28_7859.png,Varicela,Train/Varicela/2024-06-25_22-33-28_7859.png,7,Test
Test/Sarampion/2024-06-26_14-19-28_8644.png,Sarampion,Test/Sarampion/2024-06-26_14-19-28_8644.png,7,Train
Train/Sarampion/2024-06-26_11-59-09_9737.png,Sarampion,Train/Sarampion/2024-06-26_11-59-09_9737.png,7,Train
Train/Varicela/2024-06-26_23-39-58_7227.png,Varicela,Train/Varicela/2024-06-26_23-39-58_7227.png,7,Val
Test/Varicela/2024-06-27_13-11-42_9144.png,Varicela,Test/Varicela/2024-06-27_13-11-42_9144.png,7,Train
Train/Monkeypox/2024-06-27_14-14-32_9360.png,Monkeypox,Train/Monkeypox/2024-06-27_14-14-32_9360.png,7,Train
Train/Herpes/Herpes (115).jpg,Herpes,Train/Herpes/Herpes (115).jpg,7,Test
Train/Varicela/ChickenPox (158).jpg,Varicela,Train/Varicela/ChickenPox (158).jpg,7,Train
Train/Varicela/ChickenPox (157).jpg,Varicela,Train/Varicela/ChickenPox (157).jpg,7,Train
Train/Varicela/2024-06-25_22-20-24_8033.png,Varicela,Train/Varicela/2024-06-25_22-20-24_8033.png,7,Train
Train/Varicela/2024-06-27_13-29-45_3966.png,Varicela,Train/Varicela/2024-06-27_13-29-45_3966.png,7,Train
Train/Sarampion/2024-06-26_11-59-33_5864.png,Sarampion,Train/Sarampion/2024-06-26_11-59-33_5864.png,7,Val
Train/Varicela/2024-06-26_22-21-38_8382.png,Varicela,Train/Varicela/2024-06-26_22-21-38_8382.png,7,Test
Train/Monkeypox/2024-06-27_14-14-04_7146.png,Monkeypox,Train/Monkeypox/2024-06-27_14-14-04_7146.png,7,Train
Train/Varicela/2024-06-26_21-50-05_2915.png,Varicela,Train/Varicela/2024-06-26_21-06-29_5345.png,7,Test
Train/Sarampion/2024-06-26_15-08-18_5207.png,Sarampion,Train/Sarampion/2024-06-26_15-08-18_5207.png,7,Train
Train/Monkeypox/2024-06-27_16-00-14_4345.png,Monkeypox,Train/Monkeypox/2024-06-27_16-00-14_4345.png,7,Train
Test/Varicela/ChickenPox (61).jpg,Varicela,Test/Varicela/ChickenPox (61).jpg,7,Train
Train/Monkeypox/2024-06-27_16-50-00_1112.png,Monkeypox,Train/Monkeypox/2024-06-27_16-50-00_1112.png,7,Train
Train/Varicela/2024-06-26_21-07-13_8006.png,Varicela,Train/Varicela/2024-06-26_21-07-13_8006.png,7,Val
Train/Varicela/2024-06-25_21-32-13_9390.png,Varicela,Train/Varicela/2024-06-25_21-32-13_9390.png,7,Train
Test/Monkeypox/2024-06-27_13-56-10_7526.png,Monkeypox,Test/Monkeypox/2024-06-27_13-56-10_7526.png,7,Val
Train/Monkeypox/2024-06-27_17-53-03_4787.png,Monkeypox,Train/Monkeypox/2024-06-27_17-53-03_4787.png,7,Train
Train/Sarampion/2024-06-26_15-18-09_5961.png,Sarampion,Train/Sarampion/2024-06-26_15-18-09_5961.png,7,Train
Train/Sarampion/2024-06-26_12-04-07_3372.png,Sarampion,Train/Sarampion/2024-06-26_12-04-07_3372.png,7,Train
Train/Varicela/2024-06-26_21-10-45_6870.png,Varicela,Train/Varicela/2024-06-26_21-10-45_6870.png,7,Train
Test/Monkeypox/2024-06-27_15-22-09_5488.png,Monkeypox,Test/Monkeypox/2024-06-27_15-22-09_5488.png,7,Train
Train/Monkeypox/2024-06-27_15-20-38_3227.png,Monkeypox,Train/Monkeypox/2024-06-27_15-20-38_3227.png,7,Train
Train/Varicela/2024-06-26_23-18-02_9733.png,Varicela,Train/Varicela/2024-06-26_23-18-02_9733.png,7,Val
Train/Varicela/2024-06-25_21-37-59_4761.png,Varicela,Train/Varicela/2024-06-25_21-37-59_4761.png,7,Train
Train/Varicela/2024-06-26_22-25-48_7311.png,Varicela,Train/Varicela/2024-06-26_22-25-48_7311.png,7,Val
Train/Varicela/2024-06-26_22-14-46_9038.png,Varicela,Train/Varicela/2024-06-26_22-14-46_9038.png,7,Train
Train/Sarampion/Sarampion (107).jpg,Sarampion,Test/Sarampion/Sarampion (20).jpeg,7,Train
Train/Varicela/2024-06-27_12-04-43_6538.png,Varicela,Train/Varicela/2024-06-27_12-04-43_6538.png,7,Train
Test/Varicela/2024-06-26_21-17-12_4644.png,Varicela,Test/Varicela/2024-06-26_21-17-12_4644.png,7,Train
Train/Varicela/2024-06-27_13-14-00_6433.png,Varicela,Train/Varicela/2024-06-27_13-14-00_6433.png,7,Train
Train/Varicela/2024-06-26_23-43-05_4164.png,Varicela,Train/Varicela/2024-06-26_23-43-05_4164.png,7,Train
Test/Sarampion/2024-06-26_13-26-37_2353.png,Sarampion,Test/Sarampion/2024-06-26_13-26-37_2353.png,7,Train
Train/Varicela/2024-06-27_13-06-44_7104.png,Varicela,Train/Varicela/2024-06-27_13-06-44_7104.png,7,Train
Train/Monkeypox/2024-06-27_15-48-09_8163.png,Monkeypox,Train/Monkeypox/2024-06-27_15-48-09_8163.png,7,Train
Train/Sarampion/2024-06-26_15-15-39_8676.png,Sarampion,Train/Sarampion/2024-06-26_15-15-39_8676.png,7,Train
Train/Varicela/2024-06-25_22-14-22_1849.png,Varicela,Train/Varicela/2024-06-25_22-14-22_1849.png,7,Val
Train/Monkeypox/2024-06-27_15-52-05_8391.png,Monkeypox,Train/Monkeypox/2024-06-27_15-52-05_8391.png,7,Train
Train/Varicela/ChickenPox (127).jpg,Varicela,Train/Varicela/ChickenPox (127).jpg,7,Test
Test/Sarampion/Sarampion (43).png,Sarampion,Test/Sarampion/Sarampion (43).png,7,Train
Train/Monkeypox/2024-06-27_14-09-13_6917.png,Monkeypox,Train/Monkeypox/2024-06-27_14-09-13_6917.png,7,Train
Train/Varicela/2024-06-26_21-06-51_7094.png,Varicela,Train/Varicela/2024-06-26_21-06-51_7094.png,7,Train
Train/Varicela/2024-06-26_22-17-57_5411.png,Varicela,Train/Varicela/2024-06-26_22-17-57_5411.png,7,Train
Train/Varicela/2024-06-27_11-44-17_7281.png,Varicela,Train/Varicela/2024-06-27_11-44-17_7281.png,7,Test
Train/Varicela/2024-06-26_21-31-25_1709.png,Varicela,Train/Varicela/2024-06-26_21-31-25_1709.png,7,Val
Train/Sarampion/2024-06-26_12-57-46_4028.png,Sarampion,Train/Sarampion/2024-06-26_12-57-46_4028.png,7,Train
Train/Varicela/2024-06-26_00-15-36_6738.png,Varicela,Train/Varicela/2024-06-26_00-15-36_6738.png,7,Test
Train/Varicela/2024-06-25_23-45-27_2202.png,Varicela,Train/Varicela/2024-06-25_23-45-27_2202.png,7,Train
Train/Varicela/2024-06-25_21-36-27_3809.png,Varicela,Train/Varicela/2024-06-25_21-36-27_3809.png,7,Train
Train/Varicela/2024-06-26_21-04-36_4100.png,Varicela,Train/Varicela/2024-06-26_21-04-36_4100.png,7,Train
Test/Varicela/2024-06-26_21-16-14_9925.png,Varicela,Test/Varicela/2024-06-26_21-16-14_9925.png,7,Train
Train/Herpes/Herpes (304).jpg,Herpes,Train/Herpes/Herpes (304).jpg,7,Train
Train/Varicela/2024-06-26_23-10-49_9079.png,Varicela,Train/Varicela/2024-06-26_23-10-49_9079.png,7,Train
Train/Varicela/2024-06-27_12-19-30_5397.png,Varicela,Train/Varicela/2024-06-27_12-19-30_5397.png,7,Val
Train/Varicela/ChickenPox (170).jpg,Varicela,Train/Varicela/ChickenPox (170).jpg,7,Test
Train/Varicela/2024-06-26_21-06-29_5345.png,Varicela,Train/Varicela/2024-06-26_21-06-29_5345.png,7,Test
Test/Varicela/2024-06-26_23-43-26_2381.png,Varicela,Test/Varicela/2024-06-26_23-43-26_2381.png,7,Train
Test/Monkeypox/2024-06-27_13-55-47_1416.png,Monkeypox,Test/Monkeypox/2024-06-27_13-55-47_1416.png,7,Train
Test/Varicela/2024-06-26_23-50-12_7243.png,Varicela,Test/Varicela/2024-06-26_23-50-12_7243.png,7,Train
Train/Monkeypox/2024-06-27_13-59-47_6872.png,Monkeypox,Train/Monkeypox/2024-06-27_13-59-47_6872.png,7,Train
Test/Varicela/ChickenPox (54).png,Varicela,Test/Varicela/ChickenPox (54).png,7,Train
Test/Sarampion/2024-06-26_12-51-06_3150.png,Sarampion,Test/Sarampion/2024-06-26_12-51-06_3150.png,7,Train
Test/Varicela/ChickenPox (37).png,Varicela,Test/Varicela/ChickenPox (37).png,7,Test
Train/Sarampion/2024-06-26_12-01-49_1323.png,Sarampion,Train/Sarampion/2024-06-26_12-01-49_1323.png,7,Train
Train/Varicela/2024-06-25_22-46-30_4040.png,Varicela,Train/Varicela/2024-06-25_22-46-30_4040.png,7,Train
Train/Varicela/2024-06-27_13-27-31_1578.png,Varicela,Train/Varicela/2024-06-27_13-27-31_1578.png,7,Train
Train/Sarampion/2024-06-26_12-59-15_9519.png,Sarampion,Train/Sarampion/2024-06-26_12-59-15_9519.png,7,Train
Train/Varicela/2024-06-27_00-41-24_8907.png,Varicela,Train/Varicela/2024-06-27_00-41-24_8907.png,7,Train
Train/Varicela/2024-06-26_21-30-30_7786.png,Varicela,Train/Varicela/2024-06-26_21-30-30_7786.png,7,Val
Train/Varicela/2024-06-26_21-40-27_2949.png,Varicela,Train/Varicela/2024-06-26_21-40-27_2949.png,7,Train
Train/Monkeypox/2024-06-27_15-16-27_2045.png,Monkeypox,Train/Monkeypox/2024-06-27_15-16-27_2045.png,7,Train
Train/Monkeypox/2024-06-27_15-53-33_1566.png,Monkeypox,Train/Monkeypox/2024-06-27_15-53-33_1566.png,7,Test
Val/Varicela/ChickenPox (3).jpg,Varicela,Val/Varicela/ChickenPox (3).jpg,7,Train
Train/Herpes/Herpes (297).jpg,Herpes,Train/Herpes/Herpes (297).jpg,7,Train
Train/Monkeypox/2024-06-27_16-43-19_6594.png,Monkeypox,Train/Monkeypox/2024-06-27_16-43-19_6594.png,7,Val
Train/Monkeypox/2024-06-27_15-56-01_2331.png,Monkeypox,Train/Monkeypox/2024-06-27_15-56-01_2331.png,7,Train
Train/Sarampion/2024-06-26_13-21-10_5010.png,Sarampion,Train/Sarampion/2024-06-26_13-21-10_5010.png,7,Train
Train/Herpes/Herpes (256).jpg,Herpes,Train/Herpes/Herpes (256).jpg,7,Test
Train/Sarampion/2024-06-26_12-49-51_7739.png,Sarampion,Train/Sarampion/2024-06-26_12-49-51_7739.png,7,Train
Train/Varicela/2024-06-27_12-26-55_4277.png,Varicela,Train/Varicela/2024-06-27_12-26-55_4277.png,7,Train
Train/Sarampion/2024-06-26_14-57-58_4742.png,Sarampion,Train/Sarampion/2024-06-26_14-57-58_4742.png,7,Train
Train/Varicela/2024-06-27_13-19-41_3117.png,Varicela,Train/Varicela/2024-06-27_13-19-41_3117.png,7,Train
Train/Monkeypox/2024-06-27_16-05-23_7051.png,Monkeypox,Train/Monkeypox/2024-06-27_16-05-23_7051.png,7,Train
Train/Monkeypox/2024-06-27_13-53-49_8657.png,Monkeypox,Train/Monkeypox/2024-06-27_13-53-49_8657.png,7,Test
Test/Varicela/2024-06-25_21-37-35_5856.png,Varicela,Test/Varicela/2024-06-25_21-37-35_5856.png,7,Val
Val/Monkeypox/MonkeyPox (36).png,Monkeypox,Val/Monkeypox/MonkeyPox (36).png,7,Train
Train/Varicela/2024-06-27_12-00-14_3007.png,Varicela,Train/Varicela/2024-06-27_12-00-14_3007.png,7,Test
Train/Varicela/2024-06-26_21-28-50_5244.png,Varicela,Train/Varicela/2024-06-26_21-28-50_5244.png,7,Val
Test/Varicela/2024-06-25_21-37-13_9023.png,Varicela,Test/Varicela/2024-06-25_21-37-13_9023.png,7,Test
Train/Sarampion/2024-06-26_15-14-59_6587.png,Sarampion,Train/Sarampion/2024-06-26_15-14-59_6587.png,7,Val
Train/Monkeypox/2024-06-27_14-10-49_8828.png,Monkeypox,Train/Monkeypox/2024-06-27_14-10-49_8828.png,7,Train
Test/Sarampion/Sarampion (3).png,Sarampion,Test/Sarampion/Sarampion (3).png,7,Train
Train/Sarampion/2024-06-26_14-18-43_1449.png,Sarampion,Train/Sarampion/2024-06-26_14-18-43_1449.png,7,Train
Test/Monkeypox/MonkeyPox (9).png,Monkeypox,Test/Monkeypox/MonkeyPox (9).png,7,Train
Train/Varicela/ChickenPox (232).jpg,Varicela,Train/Varicela/ChickenPox (232).jpg,7,Test
Train/Sarampion/2024-06-26_12-48-38_4965.png,Sarampion,Train/Sarampion/2024-06-26_12-48-38_4965.png,7,Train
Test/Varicela/ChickenPox (38).png,Varicela,Test/Varicela/ChickenPox (38).png,7,Train
Train/Varicela/2024-06-27_13-00-36_6029.png,Varicela,Train/Varicela/2024-06-27_13-00-36_6029.png,7,Train
