original_filepath,filepath,split,label,age,dominant_gender,dominant_race,sample_id,age_proxy,gender_proxy,appearance_proxy,appearance_raw_normalized,gender_raw_normalized,annotation_route,source_status,body_site,composite_proxy,bytes,sha256,archive_split,archive_label,decode_ok,width,height,pixel_sha256,phash,grayscale_mean,cluster_id
Train/Herpes/2024-06-26_19-59-06_2731.png,Train/Herpes/2024-06-26_19-59-06_2731.png,Train,Herpes,27,Man,white,Train/Herpes/2024-06-26_19-59-06_2731.png,18-59,male,white,white,man,unknown,unknown,unknown,18-59|male|white,1171223,56eb44a1ad4e94c4b97bbee27a0780593abb40894aca465ad6218cdf44b751cb,Train,Herpes,True,896,1152,8fd0ffbc22806a040c5b20dd62b097b1b7f59960f01e5b4245ed13432c78c94d,9942056ef59bc9a3,137.76937333364336,Train/Herpes/2024-06-26_19-59-06_2731.png
Train/Herpes/2024-06-24_22-25-44_4746.png,Train/Herpes/2024-06-24_22-25-44_4746.png,Train,Herpes,31,Man,white,Train/Herpes/2024-06-24_22-25-44_4746.png,18-59,male,white,white,man,unknown,unknown,unknown,18-59|male|white,1556990,cf0974c779cd90628c4d0334a2c73cfb44932aaeadfb44bcedf2dc5a442a87f2,Train,Herpes,True,896,1152,e64806a528bbea3135161b413f35d1e38ee75da02a219eb7ac8bcd55014bdfbe,556d2fb255603b0d,70.69505188957093,Train/Herpes/2024-06-24_22-25-44_4746.png
Train/Herpes/2024-06-24_21-30-57_1119.png,Train/Herpes/2024-06-24_21-30-57_1119.png,Train,Herpes,33,Man,white,Train/Herpes/2024-06-24_21-30-57_1119.png,18-59,male,white,white,man,unknown,unknown,unknown,18-59|male|white,1114221,c2462e5bcb5b52dce2d8236c278130db7f478519529f9e2f742f5cb6ec53095c,Train,Herpes,True,896,1152,fd2bcd7ef02b94fe3fb74b5d47787ecae85ac370f4ecada50af54782f798878a,2a3ef8429b76c1c3,88.85071091424851,Train/Herpes/2024-06-24_21-30-57_1119.png
Train/Herpes/2024-06-26_20-16-27_2419.png,Train/Herpes/2024-06-26_20-16-27_2419.png,Train,Herpes,34,Man,black,Train/Herpes/2024-06-26_20-16-27_2419.png,18-59,male,black,black,man,unknown,unknown,unknown,18-59|male|black,1373540,e08597f2b4d9a714bb52983d5ee92609b0525e1ce4a108681ed4ae9dacf467f9,Train,Herpes,True,896,1152,f1b1ca61e1ebc846cd0011cc5e24b538085952d2fc26a17289cdb162dc59a507,0fdcb8c1079e32ab,107.70982336619544,Train/Herpes/2024-06-26_20-16-27_2419.png
Train/Herpes/2024-06-26_20-33-21_9436.png,Train/Herpes/2024-06-26_20-33-21_9436.png,Train,Herpes,29,Man,white,Train/Herpes/2024-06-26_20-33-21_9436.png,18-59,male,white,white,man,unknown,unknown,unknown,18-59|male|white,1192729,cf466a464da8bdd711eabb0346e1113b9225611fe993b8f9ed7e12c46f3ddae7,Train,Herpes,True,896,1152,a0e7a167791710b3c375db705bbe061c349c67d65888cbc2b23956e67ba2fb8e,3426b116f7528ecb,116.28924269903274,Train/Herpes/2024-06-26_20-33-21_9436.png
Train/Herpes/2024-06-26_20-28-42_1276.png,Train/Herpes/2024-06-26_20-28-42_1276.png,Train,Herpes,29,Man,white,Train/Herpes/2024-06-26_20-28-42_1276.png,18-59,male,white,white,man,unknown,unknown,unknown,18-59|male|white,1282997,06e6b223894f25e5523f91b5e311f99c4ddeb68204ab15cedcf65ff19b54a66e,Train,Herpes,True,896,1152,e9b5c66245a5229b329be5c3bc53f3ed480b8e560ba4b531b5803020cb5a5be1,847267e725385f89,114.2026822529142,Train/Herpes/2024-06-26_20-28-42_1276.png
Train/Herpes/2024-06-24_22-39-53_9260.png,Train/Herpes/2024-06-24_22-39-53_9260.png,Train,Herpes,42,Man,white,Train/Herpes/2024-06-24_22-39-53_9260.png,18-59,male,white,white,man,unknown,unknown,unknown,18-59|male|white,1095861,1eb2f129392607a6004737103ea9742079329b9e41dd11b13a10da681c92ee0f,Train,Herpes,True,896,1152,3e508175b07fa7147e4ee5a47b877a23e53e3738aea6f43dd978366b3b466802,5af9cab6d20e3c81,67.98442925347223,Train/Herpes/2024-06-24_22-39-53_9260.png
Train/Herpes/2024-06-26_20-00-00_2438.png,Train/Herpes/2024-06-26_20-00-00_2438.png,Train,Herpes,27,Man,white,Train/Herpes/2024-06-26_20-00-00_2438.png,18-59,male,white,white,man,unknown,unknown,unknown,18-59|male|white,1175196,97e3f6df909cebca37d50f88e056422b8849ca3a5b26fe3ab0704d64bd2de6b9,Train,Herpes,True,896,1152,2c7a5850f193f2d9e9f136e4c25dca48304e98865b42c0352507b15fd8287825,3d3c38bc0c1e0fe9,140.5156744094122,Train/Herpes/2024-06-26_20-00-00_2438.png
Train/Herpes/2024-06-24_22-24-05_4912.png,Train/Herpes/2024-06-24_22-24-05_4912.png,Train,Herpes,25,Man,white,Train/Herpes/2024-06-24_22-24-05_4912.png,18-59,male,white,white,man,unknown,unknown,unknown,18-59|male|white,1091836,396f4b126e23b0c456b045e56956554299ebbc421549e698b309037acfde0b47,Train,Herpes,True,896,1152,1a7df811ac03c560f2c3ed29038d77bab4ee8211b55c9d2ab157a33f25c28897,b97cc77613c60389,85.09558880518354,Train/Herpes/2024-06-24_22-24-05_4912.png
Train/Herpes/2024-06-26_20-32-30_7417.png,Train/Herpes/2024-06-26_20-32-30_7417.png,Train,Herpes,33,Man,black,Train/Herpes/2024-06-26_20-32-30_7417.png,18-59,male,black,black,man,unknown,unknown,unknown,18-59|male|black,1224191,8603668bff53084b33826aefa2caf85b851bc76b066d457c09b274c9a42d70cc,Train,Herpes,True,896,1152,0b0d5e92838438c9c9f8f86e444c879a6a5aa71bff99881fdc2e393d799600e8,af020116a97bf5e9,125.8074689592634,Train/Herpes/2024-06-26_20-32-30_7417.png
Train/Monkeypox/2024-06-27_17-18-10_5638.png,Train/Monkeypox/2024-06-27_17-18-10_5638.png,Train,Monkeypox,37,Man,white,Train/Monkeypox/2024-06-27_17-18-10_5638.png,18-59,male,white,white,man,unknown,unknown,unknown,18-59|male|white,1601579,85ed0ce63f6f8fc47fbdff9a37fd432246f0799e57c3a2692d3c47f97d0225a3,Train,Monkeypox,True,896,1152,68c86f2538886ce47e4b5db18cd624f38c0d08cbdb84b2a53b7a816cb136738d,6ae8be5a4ab8d321,92.17266264415925,Train/Monkeypox/2024-06-27_17-18-10_5638.png
Train/Monkeypox/MonkeyPox (119).jpg,Train/Monkeypox/MonkeyPox (119).jpg,Train,Monkeypox,33,Man,black,Train/Monkeypox/MonkeyPox (119).jpg,18-59,male,black,black,man,unknown,unknown,unknown,18-59|male|black,405060,59fccc53843eb9c3e2bfa06cfe5d65a7ed9e0e5549843f500f7dc72901a95725,Train,Monkeypox,True,2942,1655,b7eacb02a24742275a1737ff60437fd7390924d2d780c7376b74203eb225b06c,de29237af0c48a6b,113.39224339239394,Train/Monkeypox/MonkeyPox (119).jpg
Train/Monkeypox/2024-06-27_17-04-03_5055.png,Train/Monkeypox/2024-06-27_17-04-03_5055.png,Train,Monkeypox,26,Man,middle eastern,Train/Monkeypox/2024-06-27_17-04-03_5055.png,18-59,male,middle eastern,middle eastern,man,unknown,unknown,unknown,18-59|male|middle eastern,1545603,319fb778fbe7c9ee6cee870a21e2b13f5f9408b2b5377dcf93acf460ec90f544,Train,Monkeypox,True,896,1152,9240cc6800f99685fa1d3ead62497757ddc331be156f67891fd6d9b5a4f1ea91,c7cf3eb420607593,108.3353533063616,Train/Monkeypox/2024-06-27_17-04-03_5055.png
Train/Monkeypox/2024-06-27_17-15-54_6385.png,Train/Monkeypox/2024-06-27_17-15-54_6385.png,Train,Monkeypox,30,Man,white,Train/Monkeypox/2024-06-27_17-15-54_6385.png,18-59,male,white,white,man,unknown,unknown,unknown,18-59|male|white,1633293,d3ad4dbe4d13919b42bc021d42d1a7604441e189bec77f968b9924cee8c315b5,Train,Monkeypox,True,896,1152,0fb06075398fdcf1b37f815d537bb31c9cf67d8698c88af1caa6a71008a2ff02,4ffcfab020e0619b,92.04938131665426,Train/Monkeypox/2024-06-27_17-15-54_6385.png
Train/Monkeypox/2024-06-27_15-15-30_1184.png,Train/Monkeypox/2024-06-27_15-15-30_1184.png,Train,Monkeypox,41,Man,white,Train/Monkeypox/2024-06-27_15-15-30_1184.png,18-59,male,white,white,man,unknown,unknown,unknown,18-59|male|white,1730634,5e8d9d38745724241810ed9b9957af9ea8bfcf18de6d73a5af116420ca9507a3,Train,Monkeypox,True,896,1152,000dadcc84c98f661bfa401c34f2cf3c1a02bff3be1b89d52e0baf8b6f2a7180,03157a41fe430bdf,122.95120675223214,Train/Monkeypox/2024-06-27_15-15-30_1184.png
Train/Monkeypox/2024-06-27_15-21-00_4397.png,Train/Monkeypox/2024-06-27_15-21-00_4397.png,Train,Monkeypox,37,Man,asian,Train/Monkeypox/2024-06-27_15-21-00_4397.png,18-59,male,asian,asian,man,unknown,unknown,unknown,18-59|male|asian,1609075,55d91e8ad31bca3339b4d6c1221d43addaa34c9edde574d7a4d7b8d1db01631d,Train,Monkeypox,True,896,1152,4b48a0d4deeda9c76f2ad5c8d3e1978adf67d3db0a73cdb570e4b964ac1b2ea3,45058d8f8f9fa325,134.2344709123884,Train/Monkeypox/2024-06-27_15-21-00_4397.png
Train/Monkeypox/2024-06-27_16-55-56_6429.png,Train/Monkeypox/2024-06-27_16-55-56_6429.png,Train,Monkeypox,39,Man,white,Train/Monkeypox/2024-06-27_16-55-56_6429.png,18-59,male,white,white,man,unknown,unknown,unknown,18-59|male|white,1590230,665981c40d4969ec04c67772e01b03c34745fa74b4629d77c6b7c3addfea28a1,Train,Monkeypox,True,896,1152,b064f6e336781ab810788078d1f222bc82c13b70394f172d436de7a65a85bd8c,1515570d2efd8175,120.69044518849206,Train/Monkeypox/2024-06-27_16-55-56_6429.png
Train/Monkeypox/2024-06-27_14-57-21_4658.png,Train/Monkeypox/2024-06-27_14-57-21_4658.png,Train,Monkeypox,27,Man,asian,Train/Monkeypox/2024-06-27_14-57-21_4658.png,18-59,male,asian,asian,man,unknown,unknown,unknown,18-59|male|asian,1387177,bd89873aded314826e0608b0133717d91232a5311b07d4595fb70b2e2ab5fb96,Train,Monkeypox,True,896,1152,ace67cc79d885a18e774cd6e8f2397bb862f03c2830c754c3cb303572c285d0a,615f84a50f04f9af,116.2884017702133,Train/Monkeypox/2024-06-27_14-57-21_4658.png
Train/Monkeypox/2024-06-27_16-09-50_4446.png,Train/Monkeypox/2024-06-27_16-09-50_4446.png,Train,Monkeypox,25,Man,white,Train/Monkeypox/2024-06-27_16-09-50_4446.png,18-59,male,white,white,man,unknown,unknown,unknown,18-59|male|white,1658001,6dc6e7900d8fbee05de610d4b6c8943a60a63e748a2a07ba7fa1390455308f66,Train,Monkeypox,True,896,1152,7f2408ad2f1093a81ecdf0b5aa8033b3cb6cabcdfbe29fbdf0f424365b98e5de,8fcd71ec0c6b1495,151.6846652560764,Train/Monkeypox/2024-06-27_16-09-50_4446.png
Train/Monkeypox/MonkeyPox (12).png,Train/Monkeypox/MonkeyPox (12).png,Train,Monkeypox,31,Man,white,Train/Monkeypox/MonkeyPox (12).png,18-59,male,white,white,man,unknown,unknown,unknown,18-59|male|white,74974,8cad2d599d6d94ad21ae1001ef6514ac037c052aba446a8cc56056db999e4b0e,Train,Monkeypox,True,224,224,864459172508f89d126313e05a487079e96f13a3dc354fdaa0a37ce7899fdadb,99a1755570876b55,156.67631935586735,Train/Monkeypox/MonkeyPox (12).png
Train/Monkeypox/2024-06-27_16-40-50_5478.png,Train/Monkeypox/2024-06-27_16-40-50_5478.png,Train,Monkeypox,36,Man,middle eastern,Train/Monkeypox/2024-06-27_16-40-50_5478.png,18-59,male,middle eastern,middle eastern,man,unknown,unknown,unknown,18-59|male|middle eastern,1443849,cfcfa897306af507e139e3851252ee681e1521b157901b81d5d7ee1f175eb8ce,Train,Monkeypox,True,896,1152,1817b375d7bee4e9c4edda992200e7b16efd7312f3e5c8c06c7cfff1a1aeab96,d05a4e4e96b4a58f,107.3495124937996,Train/Monkeypox/2024-06-27_16-40-50_5478.png
Train/Monkeypox/2024-06-27_16-11-34_7850.png,Train/Monkeypox/2024-06-27_16-11-34_7850.png,Train,Monkeypox,23,Man,white,Train/Monkeypox/2024-06-27_16-11-34_7850.png,18-59,male,white,white,man,unknown,unknown,unknown,18-59|male|white,1318337,2b08bb4042d83a3432e59b352322e2f09dbda6eaa429b105becd1ed8c60fe932,Train,Monkeypox,True,896,1152,ae953400ef847b1a877685398d9e3c33cdb6e5625805da985ecaba385e0fcb25,d359e1dcd01a254f,162.0861583891369,Train/Monkeypox/2024-06-27_16-11-34_7850.png
Train/Monkeypox/2024-06-27_17-42-30_9573.png,Train/Monkeypox/2024-06-27_17-42-30_9573.png,Train,Monkeypox,34,Man,white,Train/Monkeypox/2024-06-27_17-42-30_9573.png,18-59,male,white,white,man,unknown,unknown,unknown,18-59|male|white,1535516,05c2cf4331dd97a145263f2207a38935ae28635648d6b75ce21709410b079f4b,Train,Monkeypox,True,896,1152,5be4c6ae115dc6a9423e516b9c3c7a36bb43b732c4fb94dc79e2d35e0780202c,42425ae0fd9c9db5,143.32942708333334,Train/Monkeypox/2024-06-27_17-42-30_9573.png
Train/Monkeypox/2024-06-27_16-02-21_3451.png,Train/Monkeypox/2024-06-27_16-02-21_3451.png,Train,Monkeypox,38,Man,white,Train/Monkeypox/2024-06-27_16-02-21_3451.png,18-59,male,white,white,man,unknown,unknown,unknown,18-59|male|white,1717427,7c60100a7ef4e00b1a357fb4e52ac5a8ab220852aa8139d84e06d89b1b705a27,Train,Monkeypox,True,896,1152,78420ce1787386998bbda875d635d1f2c44c9c4d8e7df21217dbd2c68af08c5d,6a6820a4f6b4d7b5,123.32268705822172,Train/Monkeypox/2024-06-27_16-02-21_3451.png
Train/Monkeypox/2024-06-27_16-41-54_5120.png,Train/Monkeypox/2024-06-27_16-41-54_5120.png,Train,Monkeypox,34,Man,middle eastern,Train/Monkeypox/2024-06-27_16-41-54_5120.png,18-59,male,middle eastern,middle eastern,man,unknown,unknown,unknown,18-59|male|middle eastern,1604743,1b2b3588513306a891eac862e5af84b31e86118ef27cce7f6f535b0816da8d01,Train,Monkeypox,True,896,1152,deaae2086e756b7edba987aaa7b9ead40cd98689866e8bb2a3a41314d49773ab,0e36263662721fcf,107.8475332108755,Train/Monkeypox/2024-06-27_16-41-54_5120.png
Train/Monkeypox/2024-06-27_15-50-39_9232.png,Train/Monkeypox/2024-06-27_15-50-39_9232.png,Train,Monkeypox,32,Man,black,Train/Monkeypox/2024-06-27_15-50-39_9232.png,18-59,male,black,black,man,unknown,unknown,unknown,18-59|male|black,1479272,451375e62c3b30d213505c13a6c0ecaa59bd63d185b637c6c1f3821b88a2100f,Train,Monkeypox,True,896,1152,8a481a816c064dfc28c90f6bd07a00f2dbd3a14266518f7c639637b626f13f9b,377a2004ce9e8f6d,134.25768074156747,Train/Monkeypox/2024-06-27_15-50-39_9232.png
Train/Monkeypox/2024-06-27_16-01-18_1261.png,Train/Monkeypox/2024-06-27_16-01-18_1261.png,Train,Monkeypox,30,Man,white,Train/Monkeypox/2024-06-27_16-01-18_1261.png,18-59,male,white,white,man,unknown,unknown,unknown,18-59|male|white,1721945,86ff1194cd523ab56cb49f2c9a8cad32a340195db3e262017864cf923122e355,Train,Monkeypox,True,896,1152,ea93520e45afc305d63d8c8331c80e6ff13ac6c672e4471915813cbf7c626178,4ec22f3524552d9f,122.08753700861855,Train/Monkeypox/2024-06-27_16-01-18_1261.png
Train/Monkeypox/2024-06-27_17-01-01_1172.png,Train/Monkeypox/2024-06-27_17-01-01_1172.png,Train,Monkeypox,29,Man,white,Train/Monkeypox/2024-06-27_17-01-01_1172.png,18-59,male,white,white,man,unknown,unknown,unknown,18-59|male|white,1637230,48bef70e1f061c19d988ec0f8d1feab4bee54e482cd4fe4ecfc35a05e9fa084c,Train,Monkeypox,True,896,1152,b27a6bf673c17921463f8fe4a4f469324a24ce0a943d62d1bfbe9708b61ca2c9,9ec21ea8fe1d0175,124.439205109127,Train/Monkeypox/2024-06-27_17-01-01_1172.png
Train/Monkeypox/2024-06-27_17-45-32_7703.png,Train/Monkeypox/2024-06-27_17-45-32_7703.png,Train,Monkeypox,35,Man,white,Train/Monkeypox/2024-06-27_17-45-32_7703.png,18-59,male,white,white,man,unknown,unknown,unknown,18-59|male|white,1487621,1f0829ebdc108be5311d8a67995c1525b0264384f02813b34902e705d59e7a38,Train,Monkeypox,True,896,1152,111ac5c405d42c28b9fed57a5127336a9d174095ab2e3eabb2c28f1aa743dfa2,221727b5a535259f,134.74174475291417,Train/Monkeypox/2024-06-27_17-45-32_7703.png
Train/Monkeypox/2024-06-27_17-42-52_5360.png,Train/Monkeypox/2024-06-27_17-42-52_5360.png,Train,Monkeypox,33,Man,asian,Train/Monkeypox/2024-06-27_17-42-52_5360.png,18-59,male,asian,asian,man,unknown,unknown,unknown,18-59|male|asian,1656570,7c19de0c57a6da25d459cad946ac25a553646b427fb74b4c02b7702626f87c53,Train,Monkeypox,True,896,1152,72082bbd33db9038fd099a2bc7794087c97486f7f3d5000128be212b235231c6,496b694524356d9f,126.58763776506696,Train/Monkeypox/2024-06-27_17-42-52_5360.png
Train/Monkeypox/2024-06-27_14-02-31_3776.png,Train/Monkeypox/2024-06-27_14-02-31_3776.png,Train,Monkeypox,27,Man,white,Train/Monkeypox/2024-06-27_14-02-31_3776.png,18-59,male,white,white,man,unknown,unknown,unknown,18-59|male|white,1328938,c735ed566613b0bd43ec9d680eeb00a4bddb4f87516a126a83db68b28baed019,Train,Monkeypox,True,896,1152,7b4e7c22092509bbc079407f6a93aa915ba6a17326fe26d3a72df656803a0689,9c9a9f1863cb3067,81.48255653986855,Train/Monkeypox/2024-06-27_14-02-31_3776.png
Train/Monkeypox/2024-06-27_17-50-27_3590.png,Train/Monkeypox/2024-06-27_17-50-27_3590.png,Train,Monkeypox,29,Man,asian,Train/Monkeypox/2024-06-27_17-50-27_3590.png,18-59,male,asian,asian,man,unknown,unknown,unknown,18-59|male|asian,1710463,1b2adfc4b835ce455648fa5d86f91bec43b4daa6fecdfecd6076cf3f8c1648b4,Train,Monkeypox,True,896,1152,afb870b559c86121c900e16a81c485f0b7b9577e7f93e30f92873b6df4c6b697,5725f4a186471d9b,119.04900929284474,Train/Monkeypox/2024-06-27_17-50-27_3590.png
Train/Monkeypox/MonkeyPox (168).jpg,Train/Monkeypox/MonkeyPox (168).jpg,Train,Monkeypox,25,Man,white,Train/Monkeypox/MonkeyPox (168).jpg,18-59,male,white,white,man,unknown,unknown,unknown,18-59|male|white,1345736,aad0f865a12d3c96fdefc09c3484387605731f94983fb91858ac27e5ffeda452,Train,Monkeypox,True,2500,1642,807b52c92c83ad53f2f145f8b405aba2735393ad0f5b39bd4c546f4153c21413,249e167c6c6ca763,89.06654518879415,Train/Monkeypox/MonkeyPox (168).jpg
Train/Monkeypox/2024-06-27_16-46-36_6608.png,Train/Monkeypox/2024-06-27_16-46-36_6608.png,Train,Monkeypox,32,Man,black,Train/Monkeypox/2024-06-27_16-46-36_6608.png,18-59,male,black,black,man,unknown,unknown,unknown,18-59|male|black,1533401,717a4b0d4852b9c0487da4e5c73a009bb3860a2e853067c784bb731b36cd29e1,Train,Monkeypox,True,896,1152,cbfd85f84b5e774ff5b7d719024753e143d237b92c19423d2d5dc6f2c475669d,0f6e2e347070759b,102.06524948846726,Train/Monkeypox/2024-06-27_16-46-36_6608.png
Train/Monkeypox/2024-06-27_14-00-36_6070.png,Train/Monkeypox/2024-06-27_14-00-36_6070.png,Train,Monkeypox,28,Man,black,Train/Monkeypox/2024-06-27_14-00-36_6070.png,18-59,male,black,black,man,unknown,unknown,unknown,18-59|male|black,1244702,fde4dbcc2c01254b7bb9f65f20e7034a6dc2cd30b5a6fe593b7e8f95cf304a52,Train,Monkeypox,True,896,1152,adf3c8d407dbb1998cb9c0b76327058800f3901ad34b6fbaf728d12bfecf826c,064607a587af3b3d,82.55964781746032,Train/Monkeypox/2024-06-27_14-00-36_6070.png
Train/Monkeypox/2024-06-27_14-18-51_3062.png,Train/Monkeypox/2024-06-27_14-18-51_3062.png,Train,Monkeypox,34,Man,middle eastern,Train/Monkeypox/2024-06-27_14-18-51_3062.png,18-59,male,middle eastern,middle eastern,man,unknown,unknown,unknown,18-59|male|middle eastern,1660360,55e6dff01a4c0055779ec7c281a46229594a32763901a9aedcb822e5ec52f178,Train,Monkeypox,True,896,1152,42a9430e860c1c2c30092003771641b09d1a6f1e0595b8c32ab0eab91348b33c,52525aeaab41e99b,69.48345269097223,Train/Monkeypox/2024-06-27_14-18-51_3062.png
Train/Monkeypox/2024-06-27_15-49-56_8367.png,Train/Monkeypox/2024-06-27_15-49-56_8367.png,Train,Monkeypox,28,Man,white,Train/Monkeypox/2024-06-27_15-49-56_8367.png,18-59,male,white,white,man,unknown,unknown,unknown,18-59|male|white,1593865,7736afc38eb08f64e7b8d36b8d2258e9f8cef58fe63949d36180b1cfbffedb9b,Train,Monkeypox,True,896,1152,73d2550e40c9d0bac7596fc3d8b272b36715c674bd8719689fce8806304a1e0b,a17e03f4560fd30d,126.56659323071676,Train/Monkeypox/2024-06-27_15-49-56_8367.png
Train/Monkeypox/2024-06-27_14-52-08_5422.png,Train/Monkeypox/2024-06-27_14-52-08_5422.png,Train,Monkeypox,27,Man,latino hispanic,Train/Monkeypox/2024-06-27_14-52-08_5422.png,18-59,male,latino hispanic,latino hispanic,man,unknown,unknown,unknown,18-59|male|latino hispanic,1268029,f0b3da13a6b3bb13c1c0437e32ce224c0a67d4de3124f8e000ceef89f4302606,Train,Monkeypox,True,896,1152,a5c9db0d19b937ece1fad1e1232c0c2e44ec37761c85b3f117f3c372ca8bda61,792b5f214d43b48d,133.8143291170635,Train/Monkeypox/2024-06-27_14-52-08_5422.png
Train/Monkeypox/MonkeyPox (176).jpg,Train/Monkeypox/MonkeyPox (176).jpg,Train,Monkeypox,25,Man,white,Train/Monkeypox/MonkeyPox (176).jpg,18-59,male,white,white,man,unknown,unknown,unknown,18-59|male|white,963522,b8b74bd382762305b839af11fabb0e4172877f77d2e6db2a38672b2cee460afa,Train,Monkeypox,True,1800,2427,e204dd3fa226464b5d140b25d05028aedf4e2d701d4c3b2e5b65ccc0d8149a9c,bf72089ddf188961,155.2362312869111,Train/Monkeypox/MonkeyPox (176).jpg
Train/Monkeypox/MonkeyPox (64).jpg,Train/Monkeypox/MonkeyPox (64).jpg,Train,Monkeypox,42,Man,middle eastern,Train/Monkeypox/MonkeyPox (64).jpg,18-59,male,middle eastern,middle eastern,man,unknown,unknown,unknown,18-59|male|middle eastern,10034,98055435e214a19abd7142c3b58790837bb1dd9f7f18cc3539b35f89b5b3f516,Train,Monkeypox,True,289,175,dab19983a17e6466a7eead21422c65235ed5f7a9a55ba5f791bc7563b79b6536,8b817c7f3a70c42d,133.91822046465646,Train/Monkeypox/MonkeyPox (64).jpg
Train/Monkeypox/2024-06-27_15-34-33_4126.png,Train/Monkeypox/2024-06-27_15-34-33_4126.png,Train,Monkeypox,39,Man,white,Train/Monkeypox/2024-06-27_15-34-33_4126.png,18-59,male,white,white,man,unknown,unknown,unknown,18-59|male|white,1593243,30c12204f4d4379d3820846e877fd1720f7977561980ea6b0742e31af583a0f7,Train,Monkeypox,True,896,1152,b7ce2ef077b6cbb49018e3f75993bd559bb6412d753657d602e9d4cbd0af7668,b3584787e3e01f0d,152.15531800285217,Train/Monkeypox/2024-06-27_15-34-33_4126.png
Train/Monkeypox/2024-06-27_16-56-59_4214.png,Train/Monkeypox/2024-06-27_16-56-59_4214.png,Train,Monkeypox,26,Man,white,Train/Monkeypox/2024-06-27_16-56-59_4214.png,18-59,male,white,white,man,unknown,unknown,unknown,18-59|male|white,1620066,cff1345da133336585c4c09a43f5f014d5a71209f4ea73bea68f30070d7caa75,Train,Monkeypox,True,896,1152,b88117eb79b243a634868a82978e0d21550c2a3f89df2c34718d121711549c2c,50f5d4d0347a45cf,109.03052532862104,Train/Monkeypox/2024-06-27_16-56-59_4214.png
Train/Monkeypox/2024-06-27_15-16-04_2907.png,Train/Monkeypox/2024-06-27_15-16-04_2907.png,Train,Monkeypox,32,Man,white,Train/Monkeypox/2024-06-27_15-16-04_2907.png,18-59,male,white,white,man,unknown,unknown,unknown,18-59|male|white,1616174,203b555a0f823d282239201ae892eb16f055150e3a61d0a1af3c121cb9263fa2,Train,Monkeypox,True,896,1152,ebf8694d889dc2cc1588842fcf53c804cf51b8b000c3c33996a3e1dda602c5cd,30ade1cdc2547657,116.04971555679565,Train/Monkeypox/2024-06-27_15-16-04_2907.png
Train/Monkeypox/2024-06-27_16-06-05_8682.png,Train/Monkeypox/2024-06-27_16-06-05_8682.png,Train,Monkeypox,30,Woman,white,Train/Monkeypox/2024-06-27_16-06-05_8682.png,18-59,female,white,white,woman,unknown,unknown,unknown,18-59|female|white,1584642,2bc0b9c458cf3f8599e39374793cfe3313b34f5d089744111817efac1efda83c,Train,Monkeypox,True,896,1152,11e887bd71cc5b7cabd08b17fd650ecf6dd31b8de7b0e4a1b258e964c2ef48ba,6d34a276a4b047d7,140.56427970765128,Train/Monkeypox/2024-06-27_16-06-05_8682.png
Train/Monkeypox/2024-06-27_13-57-46_4307.png,Train/Monkeypox/2024-06-27_13-57-46_4307.png,Train,Monkeypox,32,Man,middle eastern,Train/Monkeypox/2024-06-27_13-57-46_4307.png,18-59,male,middle eastern,middle eastern,man,unknown,unknown,unknown,18-59|male|middle eastern,1289563,616fd443a65b1b991096564e1be064138d6e7a1315416166872dae64069b396e,Train,Monkeypox,True,896,1152,3d13a597b9703e131a08d47b8a9a501c4055b8f51fcb9853f8153f575fd7383a,db1b29615709a5e5,78.82428462921627,Train/Monkeypox/2024-06-27_13-57-46_4307.png
Train/Monkeypox/2024-06-27_17-20-03_5247.png,Train/Monkeypox/2024-06-27_17-20-03_5247.png,Train,Monkeypox,39,Man,black,Train/Monkeypox/2024-06-27_17-20-03_5247.png,18-59,male,black,black,man,unknown,unknown,unknown,18-59|male|black,1651432,9033ebe34c7b944ebfd2d18151a426a03533cb567f6e9850ce88ea28e161c9d0,Train,Monkeypox,True,896,1152,f6a8cba998b41a5d7c0be317ea14c23b7700f9db80c94b0e0e66acbb6aa25e12,0e0e0e5c747455df,100.77320982917908,Train/Monkeypox/2024-06-27_17-20-03_5247.png
Train/Monkeypox/MonkeyPox (105).png,Train/Monkeypox/MonkeyPox (105).png,Train,Monkeypox,32,Man,black,Train/Monkeypox/MonkeyPox (105).png,18-59,male,black,black,man,unknown,unknown,unknown,18-59|male|black,80418,907310df64f002ea59e03e7a69ab68af52a93a42d2a692badaa139d902babc0e,Train,Monkeypox,True,224,224,3ce0330ce58856c5b6af987a0be463be1e93c43be2a613cdafb81369aacc9c4e,2d78fc402c75ae87,81.85957429846938,Train/Monkeypox/MonkeyPox (105).png
Train/Monkeypox/2024-06-27_14-52-28_5298.png,Train/Monkeypox/2024-06-27_14-52-28_5298.png,Train,Monkeypox,27,Man,white,Train/Monkeypox/2024-06-27_14-52-28_5298.png,18-59,male,white,white,man,unknown,unknown,unknown,18-59|male|white,1373720,e89f72a8374ca7ea8585c2a95092e199fca695847560597635ab766615f88fdd,Train,Monkeypox,True,896,1152,4e7edb87b33361224b991178345aeaa6c7af45a7e221a805d5d0f81f4a0df8ed,f4866f1b44ad5855,112.9671630859375,Train/Monkeypox/2024-06-27_14-52-28_5298.png
Train/Monkeypox/2024-06-27_17-43-15_7289.png,Train/Monkeypox/2024-06-27_17-43-15_7289.png,Train,Monkeypox,26,Man,middle eastern,Train/Monkeypox/2024-06-27_17-43-15_7289.png,18-59,male,middle eastern,middle eastern,man,unknown,unknown,unknown,18-59|male|middle eastern,1538404,18b4609ffc58f5981e4f7b4e685c519121bea82a65c9e0c7c69fa1c36c85b604,Train,Monkeypox,True,896,1152,a9f89e0f3575c0d8f9672ccbde5cabfb598bc0c5b7e52603f728f5d6657292e3,582a2aad38fb8375,119.08263385106646,Train/Monkeypox/2024-06-27_17-43-15_7289.png
Train/Monkeypox/2024-06-27_14-54-11_8569.png,Train/Monkeypox/2024-06-27_14-54-11_8569.png,Train,Monkeypox,25,Man,indian,Train/Monkeypox/2024-06-27_14-54-11_8569.png,18-59,male,indian,indian,man,unknown,unknown,unknown,18-59|male|indian,1363720,46c1482fc906fc264d474be412b4f70e100148d37945a2a7e1695b347857b774,Train,Monkeypox,True,896,1152,fb396fa8be0f52ff8eccf321e53a5e9ef8f3a2258a676bba40f1cbd73f92de8f,7bc98c8128e5f1a7,114.08760482545884,Train/Monkeypox/2024-06-27_14-54-11_8569.png
Train/Monkeypox/2024-06-27_16-32-48_7476.png,Train/Monkeypox/2024-06-27_16-32-48_7476.png,Train,Monkeypox,23,Man,white,Train/Monkeypox/2024-06-27_16-32-48_7476.png,18-59,male,white,white,man,unknown,unknown,unknown,18-59|male|white,1659196,c390e3742dae628f34a25a1b7ab35624759b41e6d859e081fb656699f5e4fda4,Train,Monkeypox,True,896,1152,e4306765fcc107083f2ceacf0f5f0185f77e0bf0724969694c63e3443fc8348c,802bdf6143e1e39d,131.44573005797372,Train/Monkeypox/2024-06-27_16-32-48_7476.png
Train/Monkeypox/MonkeyPox (183).jpg,Train/Monkeypox/MonkeyPox (183).jpg,Train,Monkeypox,27,Man,white,Train/Monkeypox/MonkeyPox (183).jpg,18-59,male,white,white,man,unknown,unknown,unknown,18-59|male|white,384231,a9592fffd47afc43c88c4c061fe8f8083c2ee88f4bc722701cfadd098e5f99f4,Train,Monkeypox,True,1920,1080,1d64815e82356da6d6cb169a49783d968a862a75876b009b1b7361323d18aaae,a6c99b31f3cc4b11,113.97414303626545,Train/Monkeypox/MonkeyPox (183).jpg
Train/Monkeypox/2024-06-27_16-59-09_9054.png,Train/Monkeypox/2024-06-27_16-59-09_9054.png,Train,Monkeypox,38,Man,white,Train/Monkeypox/2024-06-27_16-59-09_9054.png,18-59,male,white,white,man,unknown,unknown,unknown,18-59|male|white,1613102,ebb2329fba2448a6dd876010cb2b6d73c108fbc5b40809701a60644ac3e0efed,Train,Monkeypox,True,896,1152,fc6333b36bf174d2ae636842306d8e10a1528df3e96d279b74dc7711b50decd5,6f057e0430f74b8b,112.70889911954364,Train/Monkeypox/2024-06-27_16-59-09_9054.png
Train/Monkeypox/2024-06-27_15-49-34_9540.png,Train/Monkeypox/2024-06-27_15-49-34_9540.png,Train,Monkeypox,38,Man,white,Train/Monkeypox/2024-06-27_15-49-34_9540.png,18-59,male,white,white,man,unknown,unknown,unknown,18-59|male|white,1389270,f053ecbb573481be587a7959f1501a69ae99e714d8bae0390b6062619962b66c,Train,Monkeypox,True,896,1152,5c0a8157b11f6252935ef9a317617884af1d79bc1f0b78d638d7160837013f3b,d05c2aac69c15bbd,148.55708821614584,Train/Monkeypox/2024-06-27_15-49-34_9540.png
Train/Monkeypox/2024-06-27_16-38-42_9869.png,Train/Monkeypox/2024-06-27_16-38-42_9869.png,Train,Monkeypox,26,Man,white,Train/Monkeypox/2024-06-27_16-38-42_9869.png,18-59,male,white,white,man,unknown,unknown,unknown,18-59|male|white,1604286,e7f9516d4dbde98ad86f2fa0760e08c6e8676bfb2e5cd3cbd7ed247167a3b33b,Train,Monkeypox,True,896,1152,d8892cda7ffa484f657e81bed9d43ac59ddd125405e7568004b869b52412959f,3524f4a654552ddb,122.83568076481896,Train/Monkeypox/2024-06-27_16-38-42_9869.png
Train/Monkeypox/2024-06-27_15-08-13_7810.png,Train/Monkeypox/2024-06-27_15-08-13_7810.png,Train,Monkeypox,28,Woman,latino hispanic,Train/Monkeypox/2024-06-27_15-08-13_7810.png,18-59,female,latino hispanic,latino hispanic,woman,unknown,unknown,unknown,18-59|female|latino hispanic,1336618,e79bb3423fbda680e1bc08407417b594fb7813b20192b9465d9d6da7a4a9e590,Train,Monkeypox,True,896,1152,392657404f7e0061ffca88c55bb6b7f3bc7605256602d697aee16564a6dbf15a,7b73c085425db8cb,113.5276343936012,Train/Monkeypox/2024-06-27_15-08-13_7810.png
Train/Monkeypox/2024-06-27_15-30-50_6002.png,Train/Monkeypox/2024-06-27_15-30-50_6002.png,Train,Monkeypox,37,Man,white,Train/Monkeypox/2024-06-27_15-30-50_6002.png,18-59,male,white,white,man,unknown,unknown,unknown,18-59|male|white,1526783,4c2c41d3f98b356bb184cd4e2f6f4f1e6d7a7f6b7c53589b209edcafe1adaab3,Train,Monkeypox,True,896,1152,71f3d84a30ae72f006e64057fda4385dd5d8d79711025e99c13e125ed655d456,91d8ca69d9da2527,157.80951121496776,Train/Monkeypox/2024-06-27_15-30-50_6002.png
Train/Monkeypox/2024-06-27_17-53-25_7938.png,Train/Monkeypox/2024-06-27_17-53-25_7938.png,Train,Monkeypox,27,Man,middle eastern,Train/Monkeypox/2024-06-27_17-53-25_7938.png,18-59,male,middle eastern,middle eastern,man,unknown,unknown,unknown,18-59|male|middle eastern,1621755,c6aa2601bf99502ddedd23706c4137ae828700c7a236ea4218f076996470b5fb,Train,Monkeypox,True,896,1152,f95ba47ed2fe3bcb73e749ccd258fce9cdb1fa1364f6c8523df6967d4d045fca,0ade8a172475a59f,119.89575873480902,Train/Monkeypox/2024-06-27_17-53-25_7938.png
Train/Monkeypox/2024-06-27_15-42-16_6387.png,Train/Monkeypox/2024-06-27_15-42-16_6387.png,Train,Monkeypox,37,Man,white,Train/Monkeypox/2024-06-27_15-42-16_6387.png,18-59,male,white,white,man,unknown,unknown,unknown,18-59|male|white,1500454,96839ee6c74e9078ff5cb841a02e2ab576300bde8d84abcab46fe3800de125ef,Train,Monkeypox,True,896,1152,383ee022a76bec5b7b71724c56a0a8215925b158c1e1d661faad0661755466a6,7b89c3c3f3024d1d,160.81422642299108,Train/Monkeypox/2024-06-27_15-42-16_6387.png
Train/Monkeypox/2024-06-27_16-32-26_5748.png,Train/Monkeypox/2024-06-27_16-32-26_5748.png,Train,Monkeypox,37,Man,asian,Train/Monkeypox/2024-06-27_16-32-26_5748.png,18-59,male,asian,asian,man,unknown,unknown,unknown,18-59|male|asian,1538033,7f73c16f19cc743ddde21bc20f438d7f9f9f51cddfb3cbd3e04b6e9eff943c6b,Train,Monkeypox,True,896,1152,744f3796d4a8eef3febc474c84537fe464298fa010053209fa56c5f9dfda56ee,54cd887c90b5e937,132.93072800409226,Train/Monkeypox/2024-06-27_16-32-26_5748.png
Train/Monkeypox/2024-06-27_16-39-03_5719.png,Train/Monkeypox/2024-06-27_16-39-03_5719.png,Train,Monkeypox,34,Man,white,Train/Monkeypox/2024-06-27_16-39-03_5719.png,18-59,male,white,white,man,unknown,unknown,unknown,18-59|male|white,1636613,ab4845563a56741ad3589c18bd31a4202f0adba21ac0604d071b6ce89eaf7c1a,Train,Monkeypox,True,896,1152,b7a7e916780a12ceda02e9c0e557f40eb675a16739d37d291db0c4d8b18a2d0c,aaee072725a5258f,114.7824212937128,Train/Monkeypox/2024-06-27_16-39-03_5719.png
Train/Monkeypox/2024-06-27_16-42-36_8358.png,Train/Monkeypox/2024-06-27_16-42-36_8358.png,Train,Monkeypox,31,Man,black,Train/Monkeypox/2024-06-27_16-42-36_8358.png,18-59,male,black,black,man,unknown,unknown,unknown,18-59|male|black,1705678,522030bf3d7f666f709380627d60995680ff2838edf1499f0c61272e65a419e4,Train,Monkeypox,True,896,1152,c84353b797504be4d2bc96fd06f3034083af6986e66aed460f79f70f5cb43f8d,1d3535353475059f,108.5696275499132,Train/Monkeypox/2024-06-27_16-42-36_8358.png
Train/Monkeypox/2024-06-27_14-03-39_2943.png,Train/Monkeypox/2024-06-27_14-03-39_2943.png,Train,Monkeypox,27,Man,middle eastern,Train/Monkeypox/2024-06-27_14-03-39_2943.png,18-59,male,middle eastern,middle eastern,man,unknown,unknown,unknown,18-59|male|middle eastern,1361264,a9b37f0436bb2cbfbf0a327d3ba15c2720ec32fbbee9db6ede840b382b36b0d5,Train,Monkeypox,True,896,1152,9bc7f192e42c58f4a68a27a6f9aba89d3116d80e8fcaf78a9718b75b97b33c1b,ab8f5ab10bf4a485,82.2821287124876,Train/Monkeypox/2024-06-27_14-03-39_2943.png
Train/Monkeypox/2024-06-27_17-14-24_5816.png,Train/Monkeypox/2024-06-27_17-14-24_5816.png,Train,Monkeypox,34,Man,white,Train/Monkeypox/2024-06-27_17-14-24_5816.png,18-59,male,white,white,man,unknown,unknown,unknown,18-59|male|white,1548927,26da9930c18200155745b44bf27d79dc9277c1d92f91eb7aeea0a3d03b15e8e6,Train,Monkeypox,True,896,1152,6ff3114de8fc35967b5a442975ac5196b4c9c2ece32658d829e1763cc7a2df8d,6d6275b40f0eda31,113.04486471509176,Train/Monkeypox/2024-06-27_17-14-24_5816.png
Train/Monkeypox/2024-06-27_15-02-21_1478.png,Train/Monkeypox/2024-06-27_15-02-21_1478.png,Train,Monkeypox,28,Man,indian,Train/Monkeypox/2024-06-27_15-02-21_1478.png,18-59,male,indian,indian,man,unknown,unknown,unknown,18-59|male|indian,1305671,be787fb5a4ee350c49c9ac144c4a7caea0aaa382564ece918e023903a0adc217,Train,Monkeypox,True,896,1152,391ee0cd07529e6a3258e7b6ab525eeeb7989b00decc4a795fbb3a591ca3a36e,b9d3af6102677249,100.49115474640377,Train/Monkeypox/2024-06-27_15-02-21_1478.png
Train/Varicela/2024-06-27_11-23-22_7767.png,Train/Varicela/2024-06-27_11-23-22_7767.png,Train,Varicela,28,Woman,white,Train/Varicela/2024-06-27_11-23-22_7767.png,18-59,female,white,white,woman,unknown,unknown,unknown,18-59|female|white,1139411,75c5d9571d5701ccc123798e08c3d62bfb094b15d607576e97a9ceda55916200,Train,Varicela,True,896,1152,1551206bc21b02d8d81fb860c5ca6788d85f9242294ebda37a970b0b414f821e,ad94534c52e2cead,75.74002511160714,Train/Varicela/2024-06-27_11-23-22_7767.png
Train/Varicela/ChickenPox (67).jpg,Train/Varicela/ChickenPox (67).jpg,Train,Varicela,30,Man,white,Train/Varicela/ChickenPox (67).jpg,18-59,male,white,white,man,unknown,unknown,unknown,18-59|male|white,299166,7bcac27aef851d8d953505bd6dbb5c3b1f47df57d6c37c3c151e506094c82514,Train,Varicela,True,2164,2156,a9a063352e8175b33dea4f7c81389a4cb95e558c173fcfa3d07d65d3c7ffc322,c77e3c080df23cb1,117.92722583067844,Train/Varicela/ChickenPox (67).jpg
Train/Varicela/ChickenPox (124).jpg,Train/Varicela/ChickenPox (124).jpg,Train,Varicela,26,Man,white,Train/Varicela/ChickenPox (124).jpg,18-59,male,white,white,man,unknown,unknown,unknown,18-59|male|white,29392,96080b7141549774560315f31546a60c0e6ac41ecba0a74dce8f473b76981899,Train,Varicela,True,700,394,2e8df2f62c5d7d3343b53205b026f5f151f70cbf86767d9923590f64ba8d0b57,728e89c3e4a1f971,168.15092458303118,Train/Varicela/ChickenPox (124).jpg
Train/Varicela/2024-06-27_11-27-46_2502.png,Train/Varicela/2024-06-27_11-27-46_2502.png,Train,Varicela,31,Man,white,Train/Varicela/2024-06-27_11-27-46_2502.png,18-59,male,white,white,man,unknown,unknown,unknown,18-59|male|white,1081316,e18ec9d98c70d4949d5f66206f8f5d7d5792868a2fa1ea07fa60288a96917721,Train,Varicela,True,896,1152,a7e9068871a9cd81c335e42e97fd940c97a52873714938ada9d71477c159b6d8,c2e8f3f2e91f0603,71.31410047743056,Train/Varicela/2024-06-27_11-27-46_2502.png
Train/Varicela/2024-06-26_23-10-04_2229.png,Train/Varicela/2024-06-26_23-10-04_2229.png,Train,Varicela,40,Man,white,Train/Varicela/2024-06-26_23-10-04_2229.png,18-59,male,white,white,man,unknown,unknown,unknown,18-59|male|white,1232934,ff53d78bd3492c5b21a5c5eab8f52cbbc12632e57c95740faee995bffab5a366,Train,Varicela,True,896,1152,21592ec9119ff5f293d95693e3e7e06e0a705e58c62c89c8f0da6a209d2a0d44,94540757fa4a9b63,152.71353004092262,Train/Varicela/2024-06-26_23-10-04_2229.png
Train/Varicela/ChickenPox (225).jpg,Train/Varicela/ChickenPox (225).jpg,Train,Varicela,28,Man,white,Train/Varicela/ChickenPox (225).jpg,18-59,male,white,white,man,unknown,unknown,unknown,18-59|male|white,6468,a8f785e3dfe07dd504dfe4c508ef1daffde05c5bf3e9fa3ae4f0379ca9e28bcd,Train,Varicela,True,225,225,d1f773495a0a0c605b1fa82ad34aa9aab7a3aae8f9cf975465d666959f95b6d0,ee583a25b93521d3,123.5407012345679,Train/Varicela/ChickenPox (225).jpg
Train/Varicela/2024-06-27_12-25-49_8796.png,Train/Varicela/2024-06-27_12-25-49_8796.png,Train,Varicela,30,Woman,asian,Train/Varicela/2024-06-27_12-25-49_8796.png,18-59,female,asian,asian,woman,unknown,unknown,unknown,18-59|female|asian,1150713,6cda4fccd8bad42d790a436630b7e753b770a4e387437eed45a11012c4448484,Train,Varicela,True,896,1152,a61e7c9b7a3981cc9fd2c86f81324893d85f5987204b09cdba86d9ff6c7f782d,2546fdd00e1d7873,85.58167666480655,Train/Varicela/2024-06-27_12-25-49_8796.png
Train/Varicela/2024-06-27_12-20-37_5347.png,Train/Varicela/2024-06-27_12-20-37_5347.png,Train,Varicela,25,Man,white,Train/Varicela/2024-06-27_12-20-37_5347.png,18-59,male,white,white,man,unknown,unknown,unknown,18-59|male|white,1289706,0dee4774ac8dc4c251a5e9682c8ed16a4b6f0770c4752897c61dd280b2755d01,Train,Varicela,True,896,1152,59a51744505e003e2f20d8e2350ab0df558bb682a75d7e3a54d12226ff333161,c1ae9e9e5d20b8a5,105.3612554640997,Train/Varicela/2024-06-27_12-20-37_5347.png
Train/Varicela/2024-06-27_13-23-04_4621.png,Train/Varicela/2024-06-27_13-23-04_4621.png,Train,Varicela,29,Woman,white,Train/Varicela/2024-06-27_13-23-04_4621.png,18-59,female,white,white,woman,unknown,unknown,unknown,18-59|female|white,1204245,bae0a4d4169f55d5c03fe714e18e8c7d2b98b9abdb96edf3c345af2c43ac0502,Train,Varicela,True,896,1152,9b44a4e42c27fac94a7baa9f5d72cf95748c5c18f44920065fd9fda06ebfd79a,dfaba1516c2c9471,117.2889665876116,Train/Varicela/2024-06-27_13-23-04_4621.png
Train/Varicela/2024-06-26_21-03-51_2168.png,Train/Varicela/2024-06-26_21-03-51_2168.png,Train,Varicela,28,Woman,white,Train/Varicela/2024-06-26_21-03-51_2168.png,18-59,female,white,white,woman,unknown,unknown,unknown,18-59|female|white,1201396,43f6ffed7f7ae134fb4086542b697457cfa3707befbdb3a8e7eebd1b53a4de3d,Train,Varicela,True,896,1152,6d90fbba848671449b9b32abbdc7dc3bb3243d9e6e2185a9b21e0d681828a055,d0f4abed0b32b381,132.37887040395586,Train/Varicela/2024-06-26_21-03-51_2168.png
Train/Varicela/2024-06-27_12-17-37_9902.png,Train/Varicela/2024-06-27_12-17-37_9902.png,Train,Varicela,30,Woman,white,Train/Varicela/2024-06-27_12-17-37_9902.png,18-59,female,white,white,woman,unknown,unknown,unknown,18-59|female|white,1155492,14adc837f667c04d748c7b1402ae2656b7417eda126a8b1ef7387360626d3b7e,Train,Varicela,True,896,1152,6385372169e1f0f89701e99021893bd68ac9450544aaa29678c4c53c8d93ae49,3a068ce674bda2e9,105.0811021592882,Train/Varicela/2024-06-27_12-17-37_9902.png
Train/Varicela/2024-06-25_21-38-42_1894.png,Train/Varicela/2024-06-25_21-38-42_1894.png,Train,Varicela,31,Man,white,Train/Varicela/2024-06-25_21-38-42_1894.png,18-59,male,white,white,man,unknown,unknown,unknown,18-59|male|white,1148048,59b9d23b3a5b9749c4dceff411ffeacb74b97a63d444b7d97b367c1bc68aacfa,Train,Varicela,True,896,1152,cf31d6f9407b7eb1cebebd2296b74105ca6b73df93017daa1fdf4a8fb741c5e2,f072a2aa7276658b,142.52122763981896,Train/Varicela/2024-06-25_21-38-42_1894.png
Train/Varicela/ChickenPox (57).png,Train/Varicela/ChickenPox (57).png,Train,Varicela,27,Man,white,Train/Varicela/ChickenPox (57).png,18-59,male,white,white,man,unknown,unknown,unknown,18-59|male|white,75210,d7e746df7002a3466c2b11a058560bbf9668bcd9e68829eb0953793157c7ea0a,Train,Varicela,True,224,224,65a133db85d16b0dbe465efa992980f877f92da034da2ee8e19a656e1e06e33d,734e33b3e658a055,155.54043765943877,Test/Varicela/ChickenPox (31).png
Train/Varicela/2024-06-27_13-05-13_9479.png,Train/Varicela/2024-06-27_13-05-13_9479.png,Train,Varicela,27,Woman,asian,Train/Varicela/2024-06-27_13-05-13_9479.png,18-59,female,asian,asian,woman,unknown,unknown,unknown,18-59|female|asian,1086988,45038221cc8fadb14672553858efb7096a099110cfdb5761d1306de0212ee551,Train,Varicela,True,896,1152,5d8fe262ce6e1446e1106a30b07803b8b0d4e68bda6fc1c606365522efd5af68,f1acc9c72cc51663,112.37180873325892,Train/Varicela/2024-06-27_13-05-13_9479.png
Train/Varicela/2024-06-27_13-09-47_8141.png,Train/Varicela/2024-06-27_13-09-47_8141.png,Train,Varicela,35,Man,asian,Train/Varicela/2024-06-27_13-09-47_8141.png,18-59,male,asian,asian,man,unknown,unknown,unknown,18-59|male|asian,1085436,9447ee7a9533b508ee2ba9e43c362ecf9a32d0ab05029a364e28601439485ea7,Train,Varicela,True,896,1152,5dc18e6952472a81a3bf537411c413148d24da49a174bf199f544b3b3e41b9bf,ee6e171181c26bad,94.96678234281994,Train/Varicela/2024-06-27_13-09-47_8141.png
Train/Varicela/2024-06-26_23-15-54_5816.png,Train/Varicela/2024-06-26_23-15-54_5816.png,Train,Varicela,30,Man,white,Train/Varicela/2024-06-26_23-15-54_5816.png,18-59,male,white,white,man,unknown,unknown,unknown,18-59|male|white,1230643,9e4532af3b7a9c447339d519ba9542ce39762d52291aca4619f9997bcaefa8fb,Train,Varicela,True,896,1152,dc9f9b37099c14b3ca477b2b381df33477f88d361258dac36e3b851f9757394a,30b496cece146d4f,143.96245465959822,Train/Varicela/2024-06-26_23-15-54_5816.png
Train/Varicela/2024-06-27_11-22-38_8705.png,Train/Varicela/2024-06-27_11-22-38_8705.png,Train,Varicela,29,Woman,white,Train/Varicela/2024-06-27_11-22-38_8705.png,18-59,female,white,white,woman,unknown,unknown,unknown,18-59|female|white,1076408,e1b614ffd06f3ba732373b987f2f2f3c0ab601a39d0bb049669ea59dd49defff,Train,Varicela,True,896,1152,b599b92be835f29d33f63ecfde687142afd1aff096aae66c37de68b6142d41d0,a3809993d80b2ff7,109.94073389446925,Train/Varicela/2024-06-27_11-22-38_8705.png
Train/Varicela/2024-06-26_21-25-10_8880.png,Train/Varicela/2024-06-26_21-25-10_8880.png,Train,Varicela,27,Man,white,Train/Varicela/2024-06-26_21-25-10_8880.png,18-59,male,white,white,man,unknown,unknown,unknown,18-59|male|white,1184938,71c1a312c4d9e9af6b7bca51a87d0626e2676e23c7928c995a256adc784f374a,Train,Varicela,True,896,1152,0eb86469883ae460c6e4b08bdce33d759cf2cc69c61464b8ac7f5caa008e258a,726706ae5256659b,146.9955308702257,Train/Varicela/2024-06-26_21-25-10_8880.png
Train/Varicela/2024-06-26_00-12-13_1837.png,Train/Varicela/2024-06-26_00-12-13_1837.png,Train,Varicela,29,Man,white,Train/Varicela/2024-06-26_00-12-13_1837.png,18-59,male,white,white,man,unknown,unknown,unknown,18-59|male|white,1342792,5f5065826d9dba0015e0b51405c521ab1440bb8efa7412b4caf8dcbcf4d81165,Train,Varicela,True,896,1152,6ad0cd2c26ab566e86f1c6b51f8b8313095563e1749f8fe5f3fff9dbe17af09a,d5dfdf8ad8088831,129.84110029916914,Train/Varicela/2024-06-26_00-12-13_1837.png
Train/Varicela/2024-06-27_00-41-48_7699.png,Train/Varicela/2024-06-27_00-41-48_7699.png,Train,Varicela,25,Man,white,Train/Varicela/2024-06-27_00-41-48_7699.png,18-59,male,white,white,man,unknown,unknown,unknown,18-59|male|white,1221691,e2794c388fb225d9ea94834f4e18d60a0a41cd78aa30b9b32c227b1d09291fbc,Train,Varicela,True,896,1152,8a70ad35491a32ee52bf8fd2d3dcd76f7b4eb25b744eaad7159b76a381b63882,7ae890ba7e68a913,124.81056237599206,Train/Varicela/2024-06-27_00-41-48_7699.png
Train/Varicela/ChickenPox (222).jpg,Train/Varicela/ChickenPox (222).jpg,Train,Varicela,32,Man,white,Train/Varicela/ChickenPox (222).jpg,18-59,male,white,white,man,unknown,unknown,unknown,18-59|male|white,4046,7ec513530b88a7b762634b29c60c1c989ddf46b33a04a64c1be8ed98c81678ac,Train,Varicela,True,275,183,f018f6372b6687dfb3a2fbd2442cfc5856217bc914940041b447f21a2dded990,8c265c399336c3f3,62.901500248385496,Train/Varicela/ChickenPox (222).jpg
Train/Varicela/2024-06-27_13-06-21_4404.png,Train/Varicela/2024-06-27_13-06-21_4404.png,Train,Varicela,31,Woman,white,Train/Varicela/2024-06-27_13-06-21_4404.png,18-59,female,white,white,woman,unknown,unknown,unknown,18-59|female|white,1137737,af67a96cff08c0dc99858e274c2359cc26f946f068d535eec7dd3054887449b7,Train,Varicela,True,896,1152,0d26838b8c67900c44d9a13e9e2a3212b1da3bb6cbda1e4cb14a2bdc7861df75,e3dc93a71c0e6cc1,80.22095307849702,Train/Varicela/2024-06-27_13-06-21_4404.png
Train/Varicela/ChickenPox (258).jpg,Train/Varicela/ChickenPox (258).jpg,Train,Varicela,25,Man,white,Train/Varicela/ChickenPox (258).jpg,18-59,male,white,white,man,unknown,unknown,unknown,18-59|male|white,3821,9581aa9cfe538265ddeece04960ed086746d2f060e666a76ac2a0f6b844d4aa1,Train,Varicela,True,275,183,5b6f5636d902dbd3891e654848284b4376b0dac6fd0cddeec9a3b6955814f6e7,136270787a4adfa3,151.25462493790363,Train/Varicela/ChickenPox (258).jpg
Train/Varicela/2024-06-26_23-29-52_3990.png,Train/Varicela/2024-06-26_23-29-52_3990.png,Train,Varicela,29,Man,white,Train/Varicela/2024-06-26_23-29-52_3990.png,18-59,male,white,white,man,unknown,unknown,unknown,18-59|male|white,1242515,ac615dcf6201aed808c3ae37cc9ecd02bb50b33d2dc3bc14bb7675d8f604651e,Train,Varicela,True,896,1152,bac6cc7e7ba809d2cbb4fbb5852b4c03b69cd9f6930fd3658c24ec1ad86d73f3,f470f020f4617f8b,120.21559361049108,Train/Varicela/2024-06-26_23-29-52_3990.png
Train/Varicela/2024-06-27_12-16-30_9803.png,Train/Varicela/2024-06-27_12-16-30_9803.png,Train,Varicela,31,Woman,white,Train/Varicela/2024-06-27_12-16-30_9803.png,18-59,female,white,white,woman,unknown,unknown,unknown,18-59|female|white,1050638,fd5da24eb2b00f5a40e8ed9cde6d8e14ea500fdaa212a43cd92f3bd1c8eb9077,Train,Varicela,True,896,1152,baf3f423e3b9e1cdb9018e34748ebfbef70afec96b8dbdb33a01759032cf18b2,30666778c68f7833,70.59760393415179,Train/Varicela/2024-06-27_12-16-30_9803.png
Train/Varicela/2024-06-27_11-45-02_2390.png,Train/Varicela/2024-06-27_11-45-02_2390.png,Train,Varicela,28,Man,indian,Train/Varicela/2024-06-27_11-45-02_2390.png,18-59,male,indian,indian,man,unknown,unknown,unknown,18-59|male|indian,1063928,35b3f53011e74a056a79b97d7bd8f44fcfb89819733b9680af638b9325ee77ec,Train,Varicela,True,896,1152,1a6ea5dcbc316d11e1bf93604190be5f9c8a6294676dacbdcf6a9b67a003e028,e0c61bb0874ebc5b,85.5616687593006,Train/Varicela/2024-06-27_11-45-02_2390.png
Train/Varicela/ChickenPox (51).png,Train/Varicela/ChickenPox (51).png,Train,Varicela,28,Man,white,Train/Varicela/ChickenPox (51).png,18-59,male,white,white,man,unknown,unknown,unknown,18-59|male|white,71040,d4b4fb60d2805ad3b3fc023f05562d66ec0a59566e8259eb2835ba848365c6c9,Train,Varicela,True,224,224,f8fef4807d865c79c59ed6f8e8d3d1f0143000a4a944132c5191e238e9b11cd6,36e956a972cee901,183.4320990114796,Train/Varicela/ChickenPox (51).png
Train/Varicela/ChickenPox (265).jpg,Train/Varicela/ChickenPox (265).jpg,Train,Varicela,26,Man,white,Train/Varicela/ChickenPox (265).jpg,18-59,male,white,white,man,unknown,unknown,unknown,18-59|male|white,3442,dbfd0624af5d9fc0161fb5b01f9838311e852887bc60631a8047e8fc4e29b72f,Train,Varicela,True,310,163,aa154798ad9e35ce4c49838923ca26d64a95c72dbcb93b21ee9c2466cec756fe,1b2068d8ee4edda3,155.94628933306947,Train/Varicela/ChickenPox (265).jpg
Train/Varicela/2024-06-25_22-51-36_2788.png,Train/Varicela/2024-06-25_22-51-36_2788.png,Train,Varicela,26,Man,white,Train/Varicela/2024-06-25_22-51-36_2788.png,18-59,male,white,white,man,unknown,unknown,unknown,18-59|male|white,1362598,c85c8d1cf8de2b659b0c344e2c6fab6c656a1cb4c8cf464106d63dae0fd991a1,Train,Varicela,True,896,1152,f8b9335e4b04cba32f86be122bbf21f0d9d35dedc173f055054b8682ca15982b,de3acd529ace4341,123.55643233041914,Train/Varicela/2024-06-25_22-51-36_2788.png
Train/Varicela/2024-06-27_13-33-29_2260.png,Train/Varicela/2024-06-27_13-33-29_2260.png,Train,Varicela,29,Woman,asian,Train/Varicela/2024-06-27_13-33-29_2260.png,18-59,female,asian,asian,woman,unknown,unknown,unknown,18-59|female|asian,1113014,98c96621420bd9bfba2e3ffaed9da48afb25f352ef4f5e967537317c70fb9f25,Train,Varicela,True,896,1152,61e065e05691a0bc84826eb8bd095942d85467c264f831a8aca50683abfa7544,6864c6ed042cf5ed,108.36732119605657,Train/Varicela/2024-06-27_13-33-29_2260.png
Train/Varicela/ChickenPox (218).jpg,Train/Varicela/ChickenPox (218).jpg,Train,Varicela,31,Man,white,Train/Varicela/ChickenPox (218).jpg,18-59,male,white,white,man,unknown,unknown,unknown,18-59|male|white,5622,731ad58944f05b0b3a310dd755a47dd3caf5c5d5089b9b0c2ea06cccb4343b2f,Train,Varicela,True,188,268,fed1c1071bd1967685274be95c07a4242b6094471e5a300330723bf599423a5f,1c0e87cd88f87e71,146.18823436011434,Train/Varicela/ChickenPox (218).jpg
Train/Varicela/2024-06-27_12-14-38_7691.png,Train/Varicela/2024-06-27_12-14-38_7691.png,Train,Varicela,27,Woman,white,Train/Varicela/2024-06-27_12-14-38_7691.png,18-59,female,white,white,woman,unknown,unknown,unknown,18-59|female|white,1176285,49e09d1c18beacbe4f055a65e6d1e410bbc59ecb20afb4f0ed644435897a2594,Train,Varicela,True,896,1152,52e6728275f6937797e13fd545a331353d314f9d805e3bd153932415742d0995,879c13ca99b77609,87.74908931671627,Train/Varicela/2024-06-27_12-14-38_7691.png
Train/Varicela/2024-06-27_12-03-36_5978.png,Train/Varicela/2024-06-27_12-03-36_5978.png,Train,Varicela,28,Man,white,Train/Varicela/2024-06-27_12-03-36_5978.png,18-59,male,white,white,man,unknown,unknown,unknown,18-59|male|white,1133720,3d8ca47f7cfb88b583524b49c85632de3c054ba0dab90860dd8c27e7f5ee64fb,Train,Varicela,True,896,1152,b4269c4b0780007f9ef4347d08805c8cfe7a5f729b04ece86fceebe49caacf55,d1d2198d4ea9a657,120.42815483940971,Train/Varicela/2024-06-27_12-03-36_5978.png
Train/Varicela/2024-06-25_21-41-36_4208.png,Train/Varicela/2024-06-25_21-41-36_4208.png,Train,Varicela,26,Man,white,Train/Varicela/2024-06-25_21-41-36_4208.png,18-59,male,white,white,man,unknown,unknown,unknown,18-59|male|white,1234931,d82e884e00e879e464be6c813fe257605cd3ea20ab4e6ff9fa15cb877a3752e5,Train,Varicela,True,896,1152,1d9c688c2b6a260bd392afe3fc97a80344c6942948a90914c2cd5f5e6fa509fb,184d34e8f8de9f21,148.7615995861235,Train/Varicela/2024-06-25_21-41-36_4208.png
Train/Varicela/2024-06-27_13-14-23_4885.png,Train/Varicela/2024-06-27_13-14-23_4885.png,Train,Varicela,27,Woman,asian,Train/Varicela/2024-06-27_13-14-23_4885.png,18-59,female,asian,asian,woman,unknown,unknown,unknown,18-59|female|asian,1137822,a500b8921a47760ea5c199f7b909ebc873477706b02e32137a81b37fc4022ae0,Train,Varicela,True,896,1152,2fa9ff25b56bd2e5b8eddbf2c4b5057922a790dbc4fcc5bdd57043ddf28becb0,a5968cbd687db083,110.14101252480158,Train/Varicela/2024-06-27_13-14-23_4885.png
Train/Varicela/ChickenPox (188).jpg,Train/Varicela/ChickenPox (188).jpg,Train,Varicela,25,Man,white,Train/Varicela/ChickenPox (188).jpg,18-59,male,white,white,man,unknown,unknown,unknown,18-59|male|white,5197,d5675be2916410bc2e97ee339a8aefa9cf8014f31f64d9c958a8d339b3aba729,Train,Varicela,True,300,168,82e7a1a4893ff8bc148bf06d5ce4fc50a4c0b823e14c19deabddad6dd3b52229,d64b1e8646927ec9,163.46964285714284,Train/Varicela/ChickenPox (188).jpg
Train/Varicela/2024-06-25_22-56-41_5614.png,Train/Varicela/2024-06-25_22-56-41_5614.png,Train,Varicela,29,Man,white,Train/Varicela/2024-06-25_22-56-41_5614.png,18-59,male,white,white,man,unknown,unknown,unknown,18-59|male|white,1343134,df40acc36b57cb1defd087b0dc7f049acf9b40319ddda543b837c979a824176f,Train,Varicela,True,896,1152,c0e5a87bed4c036b7307cc59e226dc8a37656431148b171a23f2ffdcd3516eae,9825327bf88ed721,127.08714367094494,Train/Varicela/2024-06-25_22-56-41_5614.png
Train/Varicela/ChickenPox (278).jpg,Train/Varicela/ChickenPox (278).jpg,Train,Varicela,28,Man,white,Train/Varicela/ChickenPox (278).jpg,18-59,male,white,white,man,unknown,unknown,unknown,18-59|male|white,468878,6dcb92f87fc1944f2777365c53864f25a2dbc3604f17e5f87a3ee5dc0b843c4b,Train,Varicela,True,2038,1536,65bcbaae592e2491d30b3dab8ee5298c5ca68f6bad41f48ee6fbd915ac000cb2,f3d6f0b4347c4503,157.30430767245258,Train/Varicela/ChickenPox (278).jpg
Train/Varicela/2024-06-26_20-58-35_8287.png,Train/Varicela/2024-06-26_20-58-35_8287.png,Train,Varicela,30,Woman,white,Train/Varicela/2024-06-26_20-58-35_8287.png,18-59,female,white,white,woman,unknown,unknown,unknown,18-59|female|white,1269465,4bcd1318a38d07b5bc3ff7b76dfdd7de075c22f47a4a51bae8d3ccd6f6dc06ae,Train,Varicela,True,896,1152,fb46fe04afdeb6671c192d936a6e90d00309d22309b82808d2b83b3052db0f9a,eb5589a7899a312b,131.0504353841146,Train/Varicela/2024-06-26_20-58-35_8287.png
Train/Varicela/2024-06-27_12-23-13_3807.png,Train/Varicela/2024-06-27_12-23-13_3807.png,Train,Varicela,27,Woman,indian,Train/Varicela/2024-06-27_12-23-13_3807.png,18-59,female,indian,indian,woman,unknown,unknown,unknown,18-59|female|indian,1203184,f21391e1279502aa660465cfadf7fdd9c5085a8031725a6e64e1790f66df5858,Train,Varicela,True,896,1152,3c969a716a46af393a9b1e0aacc1cd259144482367e02b566b585169bf9bbced,d4f0a170f3956c69,95.21752251519098,Train/Varicela/2024-06-27_12-23-13_3807.png
Train/Varicela/2024-06-26_21-43-52_2834.png,Train/Varicela/2024-06-26_21-43-52_2834.png,Train,Varicela,23,Man,white,Train/Varicela/2024-06-26_21-43-52_2834.png,18-59,male,white,white,man,unknown,unknown,unknown,18-59|male|white,1052853,e4577b1635bd8179017a435c4db456c158c70a8530412fd641f32b98dd2669af,Train,Varicela,True,896,1152,69c94b9ce6b2713914aa4110aaeac6519367ac223910f68b53aea69f5ef3bdf1,5862c7e27c309f8d,153.04177808004712,Train/Varicela/2024-06-26_21-43-52_2834.png
Train/Varicela/2024-06-26_22-22-35_1947.png,Train/Varicela/2024-06-26_22-22-35_1947.png,Train,Varicela,26,Man,white,Train/Varicela/2024-06-26_22-22-35_1947.png,18-59,male,white,white,man,unknown,unknown,unknown,18-59|male|white,1278597,3f1f0caadda6981e88d65b681615fcf87db7c803bab2e2a4487e831e37f976f9,Train,Varicela,True,896,1152,c0c6cdd0250d551bdaa217c5176ac3315d8b20240a498ee1bc998318db36a19e,da88a92ae8dcdf21,135.8852742513021,Train/Varicela/2024-06-26_22-22-35_1947.png
Train/Varicela/2024-06-25_21-30-59_7969.png,Train/Varicela/2024-06-25_21-30-59_7969.png,Train,Varicela,27,Man,white,Train/Varicela/2024-06-25_21-30-59_7969.png,18-59,male,white,white,man,unknown,unknown,unknown,18-59|male|white,1177753,47b7310f5bb15705db227e02911cce63d1686666718e76244d1e117787b20a19,Train,Varicela,True,896,1152,cf7f500874c92711299d42c8c2351aaef48aa220ed3ee54b94ca25fca2737136,f427c79452766583,156.62494865296378,Train/Varicela/2024-06-25_21-30-59_7969.png
Train/Varicela/ChickenPox (279).jpg,Train/Varicela/ChickenPox (279).jpg,Train,Varicela,26,Man,white,Train/Varicela/ChickenPox (279).jpg,18-59,male,white,white,man,unknown,unknown,unknown,18-59|male|white,12960,ff707f118274a4aa749254cb2471430c147ce0c81d526a8325d48c05a887ade0,Train,Varicela,True,493,335,7caa1819048eec9db43e90da114b2d86a9e326df5436b99d62e6a24cdb2d3a44,1e1c1c3c78fc78a9,141.55716750930944,Train/Varicela/ChickenPox (279).jpg
Train/Varicela/2024-06-27_13-22-20_2530.png,Train/Varicela/2024-06-27_13-22-20_2530.png,Train,Varicela,30,Woman,white,Train/Varicela/2024-06-27_13-22-20_2530.png,18-59,female,white,white,woman,unknown,unknown,unknown,18-59|female|white,1121063,bece25a44a14a7ada6266c2ad17f7f2662f531072165fb018602831e70387e98,Train,Varicela,True,896,1152,7245a4094a2ebc632a2c607fe738ff7a61735c6655b40cd536cc7056bbd7d31d,90b2a4a46b6e56d7,124.59852139911956,Train/Varicela/2024-06-27_13-22-20_2530.png
Train/Varicela/2024-06-26_21-47-08_5752.png,Train/Varicela/2024-06-26_21-47-08_5752.png,Train,Varicela,27,Man,white,Train/Varicela/2024-06-26_21-47-08_5752.png,18-59,male,white,white,man,unknown,unknown,unknown,18-59|male|white,1156173,f309e774a4829c4467b9da7b7004f4790661598832d691929b8a94a3bbe5ef66,Train,Varicela,True,896,1152,617854d117e1bf4dbac2a13dd2fa29e8d4bd56fe2fd544b8110df3039cac8d97,2132db07c28ecfad,134.50453404017858,Train/Varicela/2024-06-26_21-47-08_5752.png
Train/Varicela/2024-06-26_21-33-31_2267.png,Train/Varicela/2024-06-26_21-33-31_2267.png,Train,Varicela,31,Man,white,Train/Varicela/2024-06-26_21-33-31_2267.png,18-59,male,white,white,man,unknown,unknown,unknown,18-59|male|white,1211683,fd631d110e1b5a34370b25b11599c32779172ed4282fb04238ca134116acc8cb,Train,Varicela,True,896,1152,f1ec39467f18d409fb7bfe41ab7dbeccf942d2440397369ad1092540c2862e3e,35664d1551bcce35,129.73021976531498,Train/Varicela/2024-06-26_21-33-31_2267.png
Train/Melanoma/Melanoma (207).jpg,Train/Melanoma/Melanoma (207).jpg,Train,Melanoma,28,Man,white,Train/Melanoma/Melanoma (207).jpg,18-59,male,white,white,man,unknown,unknown,unknown,18-59|male|white,384809,0a62f8f153adb9a0560d54ecec14ad43c16d8da7551acea89024a9120affe957,Train,Melanoma,True,600,450,0b1d3f3e5fe8fb1e8943b14af53ec70461c471e0f19a9a7dd65092720487f74f,9931499b2d697687,181.22934814814812,Train/Melanoma/Melanoma (207).jpg
Train/Melanoma/Melanoma (167).jpg,Train/Melanoma/Melanoma (167).jpg,Train,Melanoma,26,Man,white,Train/Melanoma/Melanoma (167).jpg,18-59,male,white,white,man,unknown,unknown,unknown,18-59|male|white,331947,eae1dec24ef13f779593ecd42526036909593dc72756ae64686535ed0144848d,Train,Melanoma,True,600,450,1753e7b97cb552b2e600b7629e833094c24febf4e095a56cf171f467812e61ba,eb2b9301b52ba837,127.41412222222222,Train/Melanoma/Melanoma (167).jpg
Train/Melanoma/Melanoma (421).jpg,Train/Melanoma/Melanoma (421).jpg,Train,Melanoma,27,Man,white,Train/Melanoma/Melanoma (421).jpg,18-59,male,white,white,man,unknown,unknown,unknown,18-59|male|white,403701,0b35d5358b43bccca10e0f351fcec8969e0df945d88aa7466fc939f0b7239cf4,Train,Melanoma,True,600,450,68509832189d9773be6a3d5a877e1d8bab16e08d6489925e65bc9a22c178e516,376cd99ac92926a5,181.0262962962963,Train/Melanoma/Melanoma (421).jpg
Train/Melanoma/Melanoma (424).jpg,Train/Melanoma/Melanoma (424).jpg,Train,Melanoma,40,Man,white,Train/Melanoma/Melanoma (424).jpg,18-59,male,white,white,man,unknown,unknown,unknown,18-59|male|white,318268,bd2824aeb7f26337d8a51dbd58c737fc98903a7fea87434b7bbdfe852aa6527d,Train,Melanoma,True,600,450,08765ae3e29df73e7b17948ffd4a439d78962d44ad044896efa2fa0fdba1dedb,4a2714d98619eddd,132.04914074074074,Train/Melanoma/Melanoma (424).jpg
Train/Melanoma/Melanoma (276).jpg,Train/Melanoma/Melanoma (276).jpg,Train,Melanoma,29,Man,white,Train/Melanoma/Melanoma (276).jpg,18-59,male,white,white,man,unknown,unknown,unknown,18-59|male|white,292584,fad2d6fadcb2bf5545fa700d95630396626e877fc0606ca968bf0b165e01287b,Train,Melanoma,True,600,450,073a18d6743d591f19dd0e9b156d26fca9e011fc5d1500e250f8b3a74face21e,e4d26393502969fd,165.9222,Train/Melanoma/Melanoma (276).jpg
Train/Melanoma/Melanoma (439).jpg,Train/Melanoma/Melanoma (439).jpg,Train,Melanoma,30,Man,white,Train/Melanoma/Melanoma (439).jpg,18-59,male,white,white,man,unknown,unknown,unknown,18-59|male|white,335208,49187244bb3d30866b052dda06de12451bf9397f1ab1fe1b51924fb2da8f4197,Train,Melanoma,True,600,450,0872ec7914df04f26e70b5b89fe1f350447d0e32be67cf034d677c92da60f8df,8d1f62e69a19606f,168.61925185185186,Train/Melanoma/Melanoma (439).jpg
Train/Melanoma/melanoma_5669.jpg,Train/Melanoma/melanoma_5669.jpg,Train,Melanoma,28,Man,middle eastern,Train/Melanoma/melanoma_5669.jpg,18-59,male,middle eastern,middle eastern,man,unknown,unknown,unknown,18-59|male|middle eastern,7013,4951dd0b1026776620eba373350aeeba9623d3ba7bddd1fe4643f047a41a6b42,Train,Melanoma,True,300,300,641a4db73fe300e58c813cc67cfbb8ab94768cadef2f94d4452e25fc95e7bc50,33c9d90c67b49c4b,77.34875555555556,Train/Melanoma/melanoma_5669.jpg
Train/Melanoma/Melanoma (154).jpg,Train/Melanoma/Melanoma (154).jpg,Train,Melanoma,34,Man,white,Train/Melanoma/Melanoma (154).jpg,18-59,male,white,white,man,unknown,unknown,unknown,18-59|male|white,315202,753bc1b644a47ba7b1b2ece1c5d75ffe23102badaf0ba267a965fdb0255ce115,Train,Melanoma,True,600,450,56b574be40a589406b181144474dd9108ce8c8512653f36d1e34807791c85480,25369691f269ac97,151.69116296296295,Train/Melanoma/Melanoma (154).jpg
Train/Melanoma/Melanoma (369).jpg,Train/Melanoma/Melanoma (369).jpg,Train,Melanoma,28,Man,white,Train/Melanoma/Melanoma (369).jpg,18-59,male,white,white,man,unknown,unknown,unknown,18-59|male|white,326779,73af98ae380c3afe69b10adfb6f4673872c0b8dfab5439317c7351da013bdac5,Train,Melanoma,True,600,450,31180a7823d0bcb91ddbdf4e4dc8e45e0169494947a47d2bfc3d5715835d86a9,f9d87d88eb222389,145.79934074074075,Train/Melanoma/Melanoma (369).jpg
Train/Melanoma/melanoma_5698.jpg,Train/Melanoma/melanoma_5698.jpg,Train,Melanoma,37,Man,latino hispanic,Train/Melanoma/melanoma_5698.jpg,18-59,male,latino hispanic,latino hispanic,man,unknown,unknown,unknown,18-59|male|latino hispanic,8670,cdae91192485f37cee4377cb44b6bd624119d319a198712a61bb2131b6a38396,Train,Melanoma,True,300,300,8acbf6cb044380ee587c79252a6dd9cb32cccc66112bcc7b0c09b17331d15bd4,733ca3f48e50cc8b,104.36402222222222,Train/Melanoma/melanoma_5698.jpg
Train/Melanoma/Melanoma (206).jpg,Train/Melanoma/Melanoma (206).jpg,Train,Melanoma,28,Man,white,Train/Melanoma/Melanoma (206).jpg,18-59,male,white,white,man,unknown,unknown,unknown,18-59|male|white,328636,e5c8a7c829e06fc46036100ed34ed3ffa10c891fb2d0164b788ed00ceff2e00b,Train,Melanoma,True,600,450,233968f99f60b07708e1fcd14cd7bc882ff1e6f183cef2f30dc3747aa736022a,2e4dc953e9a72631,136.3917148148148,Train/Melanoma/Melanoma (206).jpg
Train/Melanoma/Melanoma (108).jpg,Train/Melanoma/Melanoma (108).jpg,Train,Melanoma,37,Man,middle eastern,Train/Melanoma/Melanoma (108).jpg,18-59,male,middle eastern,middle eastern,man,unknown,unknown,unknown,18-59|male|middle eastern,366281,7d4c88f62d51707739df40703d7554c7c049ad6410a684e4124b561b69dcc552,Train,Melanoma,True,600,450,7ae96d8b3d745a1c13c924c2ad2068f60a95d0672bfdb9fe03d51d4c994a5db6,3fc0a302a70ef9ab,121.20744814814816,Train/Melanoma/Melanoma (108).jpg
Train/Melanoma/Melanoma (225).jpg,Train/Melanoma/Melanoma (225).jpg,Train,Melanoma,39,Man,white,Train/Melanoma/Melanoma (225).jpg,18-59,male,white,white,man,unknown,unknown,unknown,18-59|male|white,382307,c7ef28b6f2c827e44cd6ffe6d0048a18e73cd3e14456e29e3fdda15722376d3c,Train,Melanoma,True,600,450,bc2d25a553826530210483f955e442032a640e5b13c11f6533c8f1a5ffa968bd,7899d88f431725e5,155.06383333333332,Train/Melanoma/Melanoma (225).jpg
Train/Sarampion/2024-06-26_17-06-48_1275.png,Train/Sarampion/2024-06-26_17-06-48_1275.png,Train,Sarampion,24,Man,white,Train/Sarampion/2024-06-26_17-06-48_1275.png,18-59,male,white,white,man,unknown,unknown,unknown,18-59|male|white,1355992,56dd3ff8da62cec51dc3ea346815b5e8ddce4abe143f61f2c20203c7400a29d5,Train,Sarampion,True,896,1152,a1930fa829a439c810cf490b66c0453e1432db57ff7fd29ecfcf91ee150c56b4,2aaae3e0939cbd61,91.68371291387648,Train/Sarampion/2024-06-26_17-06-48_1275.png
Train/Sarampion/Sarampion (34).jpg,Train/Sarampion/Sarampion (34).jpg,Train,Sarampion,31,Man,white,Train/Sarampion/Sarampion (34).jpg,18-59,male,white,white,man,unknown,unknown,unknown,18-59|male|white,5337,343b0ddf4c70d6dc2c6e3ea5e01ffce57fd674bd2575f4071d1a8e19a5539382,Train,Sarampion,True,272,185,1a44d6f718895721da77eb502926e04e3570f670517837ea0cd001b23f86e6ff,757b91166e811e93,76.7326907790143,Train/Sarampion/Sarampion (122).jpg
Train/Sarampion/Sarampion (99).jpg,Train/Sarampion/Sarampion (99).jpg,Train,Sarampion,33,Man,white,Train/Sarampion/Sarampion (99).jpg,18-59,male,white,white,man,unknown,unknown,unknown,18-59|male|white,5651,c803bf8ed86dfcfeea2c3815c7afa1069a5a149718ca3ee9b54c255afefe4709,Train,Sarampion,True,275,183,7d0cc22ddd347d45abdc5bca708c9603ac6b01ab290c6e033a819dd3f452911b,dcb57abc53f02103,102.59906607054148,Train/Sarampion/Sarampion (99).jpg
Train/Sarampion/2024-06-26_12-13-46_3831.png,Train/Sarampion/2024-06-26_12-13-46_3831.png,Train,Sarampion,28,Woman,white,Train/Sarampion/2024-06-26_12-13-46_3831.png,18-59,female,white,white,woman,unknown,unknown,unknown,18-59|female|white,1266105,83f546f60889141f27a1a677509d19885a3ad044252c0fa170912806709b312e,Train,Sarampion,True,896,1152,3d4f2b9fb1edaf591d5ad7a2b058fd1fef6dfcd4a6fcca5f552d12e0885a31ad,5ab4dac1cb6ab189,134.91061546688988,Train/Sarampion/2024-06-26_12-13-46_3831.png
Train/Sarampion/2024-06-26_18-26-56_2099.png,Train/Sarampion/2024-06-26_18-26-56_2099.png,Train,Sarampion,27,Woman,latino hispanic,Train/Sarampion/2024-06-26_18-26-56_2099.png,18-59,female,latino hispanic,latino hispanic,woman,unknown,unknown,unknown,18-59|female|latino hispanic,1445255,79934e0c9e286b18a6e27cc0b5e7332280b5b3b0c5cc91c69725f57ed25c738a,Train,Sarampion,True,896,1152,e353bb28953426fed036af43062ff6addd775a038fc72dec71167aabe1ad30da,3a588feb0fb03323,112.49691336495536,Train/Sarampion/2024-06-26_18-26-56_2099.png
Train/Sarampion/2024-06-26_17-30-13_9287.png,Train/Sarampion/2024-06-26_17-30-13_9287.png,Train,Sarampion,31,Man,white,Train/Sarampion/2024-06-26_17-30-13_9287.png,18-59,male,white,white,man,unknown,unknown,unknown,18-59|male|white,1333588,cd1cc1ddd3cffc8293c3201648d0d838d657c9770849c5899bd900f0dd5c4122,Train,Sarampion,True,896,1152,6fbaae5abba2bc3bf7679c37899779a3b9e309a093e717295755997dc9859ed5,3747837b4308bcab,116.17033555772568,Train/Sarampion/2024-06-26_17-30-13_9287.png
Train/Sarampion/2024-06-26_18-53-19_4672.png,Train/Sarampion/2024-06-26_18-53-19_4672.png,Train,Sarampion,28,Man,latino hispanic,Train/Sarampion/2024-06-26_18-53-19_4672.png,18-59,male,latino hispanic,latino hispanic,man,unknown,unknown,unknown,18-59|male|latino hispanic,1370062,2077f64881a2d02a35a3c4d8aa3ffab5b8cdbed248abe9fa4b1573ab2dc19b50,Train,Sarampion,True,896,1152,fab9c2cab69a45a6fefe80bac815f1725f9f1f777b6c1227823e26751476a8bf,34343cc38fcab333,107.42547704303075,Train/Sarampion/2024-06-26_18-53-19_4672.png
Train/Sarampion/2024-06-26_17-33-09_9314.png,Train/Sarampion/2024-06-26_17-33-09_9314.png,Train,Sarampion,32,Woman,white,Train/Sarampion/2024-06-26_17-33-09_9314.png,18-59,female,white,white,woman,unknown,unknown,unknown,18-59|female|white,1318058,4b244e34ffcf00952fc75bf062b28d644ca3d2444b99999c39e80a590db44b3a,Train,Sarampion,True,896,1152,9826d732d0ebc34c10370c857f2405ed0ba3b92d4afead0ec1ba84ff9457c4c1,930b8f8b0c7270bf,136.4987986731151,Train/Sarampion/2024-06-26_17-33-09_9314.png
Train/Sarampion/2024-06-26_12-18-48_6483.png,Train/Sarampion/2024-06-26_12-18-48_6483.png,Train,Sarampion,30,Woman,white,Train/Sarampion/2024-06-26_12-18-48_6483.png,18-59,female,white,white,woman,unknown,unknown,unknown,18-59|female|white,1339984,ed94952f6acd9623f6c52874fb4b07969c196cf8088e419055f508c0a9c79431,Train,Sarampion,True,896,1152,f30ace04e2cb10cb9517e430aad61a6899562ef858489068afec5bbb95106bb2,50fad50fe15f8059,147.82583472842262,Train/Sarampion/2024-06-26_12-18-48_6483.png
Train/Sarampion/2024-06-26_17-17-13_1972.png,Train/Sarampion/2024-06-26_17-17-13_1972.png,Train,Sarampion,24,Woman,white,Train/Sarampion/2024-06-26_17-17-13_1972.png,18-59,female,white,white,woman,unknown,unknown,unknown,18-59|female|white,1281795,f53fa578097818f51adf74907859ac9670ff23d9d4e2ed238aab197329f6b675,Train,Sarampion,True,896,1152,d5417b868f36cecc3847b81d7574a2092c9b01718eb06f9218e3760bfae318b9,4cc96d8b8fb27309,129.59947664775547,Train/Sarampion/2024-06-26_17-17-13_1972.png
Train/Sarampion/2024-06-26_12-09-55_7255.png,Train/Sarampion/2024-06-26_12-09-55_7255.png,Train,Sarampion,30,Woman,white,Train/Sarampion/2024-06-26_12-09-55_7255.png,18-59,female,white,white,woman,unknown,unknown,unknown,18-59|female|white,1340072,8164f1afbc20b59adead14e909aa74e1510e5c447cf1b04d2fedeca07e4e54fe,Train,Sarampion,True,896,1152,7618d60ba991982f290c5d1bf15f00db7c5457343e3eda98b504f5547a5818c4,7a5e7921e5f81381,114.82178896949404,Train/Sarampion/2024-06-26_12-09-55_7255.png
Train/Sarampion/2024-06-26_18-39-15_9521.png,Train/Sarampion/2024-06-26_18-39-15_9521.png,Train,Sarampion,28,Woman,asian,Train/Sarampion/2024-06-26_18-39-15_9521.png,18-59,female,asian,asian,woman,unknown,unknown,unknown,18-59|female|asian,1342149,e5ab3ae12fc8729ae32d860085d083182a1dcff0764c9320d5d37c9007444464,Train,Sarampion,True,896,1152,1fffca7d934d49841acab10c0adfe4598a8737887edf19cae17d30364e366c58,ac5e3a43a58abd23,121.34491644965276,Train/Sarampion/2024-06-26_18-39-15_9521.png
Train/Sarampion/2024-06-26_12-13-23_8548.png,Train/Sarampion/2024-06-26_12-13-23_8548.png,Train,Sarampion,30,Woman,white,Train/Sarampion/2024-06-26_12-13-23_8548.png,18-59,female,white,white,woman,unknown,unknown,unknown,18-59|female|white,1250161,6bfa8b27b008c7518b6ccbd90af30fbcdb6ee81706ed7a1ad5ff294bcb13e202,Train,Sarampion,True,896,1152,b5a76f31ff990172734593ba9b48b615a05d48183b7ee3968a75af8125df04dd,db5dabdf088a44a1,133.4937501937624,Train/Sarampion/2024-06-26_12-13-23_8548.png
Train/Sarampion/Sarampion (63).jpg,Train/Sarampion/Sarampion (63).jpg,Train,Sarampion,27,Man,white,Train/Sarampion/Sarampion (63).jpg,18-59,male,white,white,man,unknown,unknown,unknown,18-59|male|white,5920,4b08fed6c07ffeb29cb941776ca74a858308f29859474012dccd86c16aba7340,Train,Sarampion,True,259,194,b7299d58fc1344a044508552970cceb1675b8e0d0df068d126e420774076ea10,2b363256b7d2b151,127.6435338136369,Train/Sarampion/Sarampion (63).jpg
Train/Sarampion/2024-06-26_12-14-41_4147.png,Train/Sarampion/2024-06-26_12-14-41_4147.png,Train,Sarampion,29,Woman,white,Train/Sarampion/2024-06-26_12-14-41_4147.png,18-59,female,white,white,woman,unknown,unknown,unknown,18-59|female|white,1235958,bb8072ed5fbf3b7d710e8f2f06809730d1faed5ee380ecf4fc07a3687faef716,Train,Sarampion,True,896,1152,b62ed0b3efc318dc0e27349aae28ab0b4b474697f3b886b5db1d7b9dc35cbe5d,f8147b03e34a372b,116.91714622860864,Train/Sarampion/2024-06-26_12-14-41_4147.png
Train/Sarampion/2024-06-26_18-54-10_3473.png,Train/Sarampion/2024-06-26_18-54-10_3473.png,Train,Sarampion,27,Man,indian,Train/Sarampion/2024-06-26_18-54-10_3473.png,18-59,male,indian,indian,man,unknown,unknown,unknown,18-59|male|indian,1426922,5e3a66e66a3fdb540da2004b46347b48bb2cc9f4d2b08c30d539b465788b63a3,Train,Sarampion,True,896,1152,a31ab93dbeae46dd507b4094f50fdabe378e8864d5ef358601b0ecb09d67459b,f236b6a949c622ad,108.21012757316468,Train/Sarampion/2024-06-26_18-54-10_3473.png
Train/Sarampion/2024-06-26_18-51-17_6827.png,Train/Sarampion/2024-06-26_18-51-17_6827.png,Train,Sarampion,24,Man,latino hispanic,Train/Sarampion/2024-06-26_18-51-17_6827.png,18-59,male,latino hispanic,latino hispanic,man,unknown,unknown,unknown,18-59|male|latino hispanic,1405917,97dfc435e0e6e29788c16d3b6d265dab1930ff973ad343aa3ac83e2d3ab5ac04,Train,Sarampion,True,896,1152,a3eb765f499bbc92453c13817c7d42cfe225973263fd179cde77748d33f695bb,e0fc3ce3e3c48217,109.55636742001488,Train/Sarampion/2024-06-26_18-51-17_6827.png
Train/Sarampion/2024-06-26_12-13-00_2392.png,Train/Sarampion/2024-06-26_12-13-00_2392.png,Train,Sarampion,31,Woman,white,Train/Sarampion/2024-06-26_12-13-00_2392.png,18-59,female,white,white,woman,unknown,unknown,unknown,18-59|female|white,1304939,28785b4e80baec3be7bcab112e1a8367053d6aef42a2caa241fb842bbdcaf82d,Train,Sarampion,True,896,1152,1edb60a693d15a5a784fce33ef968fd85a4bd43d24238746c860a11cbc67d619,0f52d6524f6ab389,123.94142465742809,Train/Sarampion/2024-06-26_12-13-00_2392.png
Train/Sarampion/2024-06-26_18-38-52_1584.png,Train/Sarampion/2024-06-26_18-38-52_1584.png,Train,Sarampion,30,Woman,asian,Train/Sarampion/2024-06-26_18-38-52_1584.png,18-59,female,asian,asian,woman,unknown,unknown,unknown,18-59|female|asian,1395040,072fcc9a404290fdc50f623d494ebd05ad5c7ffb670d5528b3d06c536b77fa9c,Train,Sarampion,True,896,1152,595aead7cb4c9b575fe59fd44620da38552e2f292a1f2ec48d6e07a50b7afcb9,bc727c23878ad923,129.23372008308533,Train/Sarampion/2024-06-26_18-38-52_1584.png
Train/Sarampion/2024-06-26_17-33-55_2715.png,Train/Sarampion/2024-06-26_17-33-55_2715.png,Train,Sarampion,28,Woman,asian,Train/Sarampion/2024-06-26_17-33-55_2715.png,18-59,female,asian,asian,woman,unknown,unknown,unknown,18-59|female|asian,1288269,3b1bf9e08d1ae0961b7a060a654f95ac1d4af7e42a9277f2bb7b083be5fe16d9,Train,Sarampion,True,896,1152,fd1f32534bf7785b417e15f848f92ad1a2f94b8194fadc2f4ddfcd0e0151e765,92fc8b096b6aa0bd,128.0379890562996,Train/Sarampion/2024-06-26_17-33-55_2715.png
Train/Sarampion/2024-06-26_18-46-07_8847.png,Train/Sarampion/2024-06-26_18-46-07_8847.png,Train,Sarampion,30,Man,latino hispanic,Train/Sarampion/2024-06-26_18-46-07_8847.png,18-59,male,latino hispanic,latino hispanic,man,unknown,unknown,unknown,18-59|male|latino hispanic,1445128,b4a1a4bd4ab1c058fefcd3a62f3e02bd5f15b21b68203b002c20b3063559e4ae,Train,Sarampion,True,896,1152,79916482d635ba09cdfc37ba86327b1c187d1ca4111aa81d12ef2fca732ca1f3,daa743692b06b0bd,109.40145534939236,Train/Sarampion/2024-06-26_18-46-07_8847.png
Train/Sarampion/2024-06-26_18-29-45_4418.png,Train/Sarampion/2024-06-26_18-29-45_4418.png,Train,Sarampion,30,Woman,white,Train/Sarampion/2024-06-26_18-29-45_4418.png,18-59,female,white,white,woman,unknown,unknown,unknown,18-59|female|white,1257887,5d3a64bb8623cab81da6f9a1dd317359db6c75271d164c3374a3d5b5a7387dae,Train,Sarampion,True,896,1152,b4c86f28f9a91c6484a52cfce6e80228669e30350d31456631a385a3f0520dad,fa1410eb8b82ff23,118.03986370752727,Train/Sarampion/2024-06-26_18-29-45_4418.png
Train/Sarampion/2024-06-26_18-49-37_3624.png,Train/Sarampion/2024-06-26_18-49-37_3624.png,Train,Sarampion,29,Man,indian,Train/Sarampion/2024-06-26_18-49-37_3624.png,18-59,male,indian,indian,man,unknown,unknown,unknown,18-59|male|indian,1444483,a9f9c3cd5e1f6e51debcf54f21305cce22ff094c6b8c616f92228cfffcb94f88,Train,Sarampion,True,896,1152,4e307cc5c6e8bd1d124bd1612681d69c6830ccb81db15f935c0cd412651dee51,5636b24d4bc2b32b,96.20785086495536,Train/Sarampion/2024-06-26_18-49-37_3624.png
Train/Sarampion/2024-06-26_12-15-30_8710.png,Train/Sarampion/2024-06-26_12-15-30_8710.png,Train,Sarampion,29,Woman,white,Train/Sarampion/2024-06-26_12-15-30_8710.png,18-59,female,white,white,woman,unknown,unknown,unknown,18-59|female|white,1340955,f5575978b12373f007e805646a6f2ffe7db94c47dadff4e0814e3b602e991f0f,Train,Sarampion,True,896,1152,9fd3aa96fbf9a335e5d5d569f17a50b32cef0177182c1138abde6a59b44d69d5,beda8529652a50bd,134.9031759595114,Train/Sarampion/2024-06-26_12-15-30_8710.png
Train/Sarampion/2024-06-26_17-21-07_7403.png,Train/Sarampion/2024-06-26_17-21-07_7403.png,Train,Sarampion,29,Woman,white,Train/Sarampion/2024-06-26_17-21-07_7403.png,18-59,female,white,white,woman,unknown,unknown,unknown,18-59|female|white,1174054,1dec8d8bcff78a2700bec38bb357e429a16c2c203d6a4588fd793785885f1b93,Train,Sarampion,True,896,1152,c15570ccb307ce8fc9a872645c52bebdc56a257d436f7ec6569849259951b84c,dae50b4d2b325789,131.5727345300099,Train/Sarampion/2024-06-26_17-21-07_7403.png
Train/Sarampion/2024-06-26_13-32-47_3652.png,Train/Sarampion/2024-06-26_13-32-47_3652.png,Train,Sarampion,34,Man,white,Train/Sarampion/2024-06-26_13-32-47_3652.png,18-59,male,white,white,man,unknown,unknown,unknown,18-59|male|white,1263027,9fc2a1570e3db944cef7527554a0b08547af92f0e6e4a43570c9422596470bd1,Train,Sarampion,True,896,1152,cc795cb9edd4ff2a5e3c5ad490e8da70e5a1ce765be75e231e14c7aa6053dbde,1edc1a327a92f50b,148.59171840122767,Train/Sarampion/2024-06-26_13-32-47_3652.png
Train/Sarampion/2024-06-26_18-34-51_1021.png,Train/Sarampion/2024-06-26_18-34-51_1021.png,Train,Sarampion,30,Woman,white,Train/Sarampion/2024-06-26_18-34-51_1021.png,18-59,female,white,white,woman,unknown,unknown,unknown,18-59|female|white,1319675,738bfae9e6ce1427321cb5a4a333109b448e485f1e805478770ae09422897c86,Train,Sarampion,True,896,1152,86e2b2ad575e453b4c6e903799016c53f77ba48fe862367de108470e4c9042e4,97907811e7c5d933,115.88584197513642,Train/Sarampion/2024-06-26_18-34-51_1021.png
Train/Sarampion/Sarampion (81).png,Train/Sarampion/Sarampion (81).png,Train,Sarampion,29,Man,white,Train/Sarampion/Sarampion (81).png,18-59,male,white,white,man,unknown,unknown,unknown,18-59|male|white,78610,836e019168f69a8162a82af8642b8467e25e43514859404bde5c777092dad5c7,Train,Sarampion,True,224,224,25a16bf541949a3fa13926779c772d18e75cfec70e850afdd4fc629d471c00bf,b59ce564b730f00b,113.08354591836736,Train/Sarampion/Sarampion (81).png
Train/Sarampion/2024-06-26_18-34-27_7487.png,Train/Sarampion/2024-06-26_18-34-27_7487.png,Train,Sarampion,27,Woman,white,Train/Sarampion/2024-06-26_18-34-27_7487.png,18-59,female,white,white,woman,unknown,unknown,unknown,18-59|female|white,1374536,92e53ed7268befdc3a8befc57755617240107f6b6298d22e0966ea26c849c908,Train,Sarampion,True,896,1152,64dcfd056e86df96563b0f9964300c211568f63545131acee72f92ee5f8808c4,90f4b9094b3ea2dd,121.7174333844866,Train/Sarampion/2024-06-26_18-34-27_7487.png
Train/Sarampion/Sarampion (60).png,Train/Sarampion/Sarampion (60).png,Train,Sarampion,37,Man,white,Train/Sarampion/Sarampion (60).png,18-59,male,white,white,man,unknown,unknown,unknown,18-59|male|white,100323,5a866e57a1a5e4aca53fe511391e4941db355bfbdeb901915593b5d54bf897b9,Train,Sarampion,True,224,224,919bed05a2f938e928aa6b57f30e655e62b9b58712c587c8351c8a5f619e2ad6,6b51660a96795f85,105.73784279336736,Train/Sarampion/Sarampion (60).png
Train/Sarampion/2024-06-26_18-52-05_8640.png,Train/Sarampion/2024-06-26_18-52-05_8640.png,Train,Sarampion,28,Man,indian,Train/Sarampion/2024-06-26_18-52-05_8640.png,18-59,male,indian,indian,man,unknown,unknown,unknown,18-59|male|indian,1313336,6b8e214337a86bfe05fa2517373b9c7a9e72efaf031be5c9dacd3896e786e69e,Train,Sarampion,True,896,1152,2b89e6f2ded2cfca14abbb852f76fe9b337482c1b6ff0bc4bff3e1d74f4e6a0f,fc1c39ebe3c0a903,88.67822653149801,Train/Sarampion/2024-06-26_18-52-05_8640.png
Train/Sarampion/2024-06-26_12-12-04_1572.png,Train/Sarampion/2024-06-26_12-12-04_1572.png,Train,Sarampion,30,Woman,white,Train/Sarampion/2024-06-26_12-12-04_1572.png,18-59,female,white,white,woman,unknown,unknown,unknown,18-59|female|white,1206786,3ac133ad44c4c7b62fcd03dc206c2faa332371dd4b31a584e60d59abec6c9a1b,Train,Sarampion,True,896,1152,c42a99daa8b5f8937bb2e4c1d08bf10679943f2ee4e61e29936f58fed1670d51,5efa7b81e901815d,126.88983251178075,Train/Sarampion/2024-06-26_12-12-04_1572.png
Train/Sarampion/2024-06-26_15-55-42_9594.png,Train/Sarampion/2024-06-26_15-55-42_9594.png,Train,Sarampion,51,Man,asian,Train/Sarampion/2024-06-26_15-55-42_9594.png,18-59,male,asian,asian,man,unknown,unknown,unknown,18-59|male|asian,1272414,3f16efbd3dcd494edff0a49731de40ac0adeaaa58e2a8bab82e1c0846cd4d0a3,Train,Sarampion,True,896,1152,4a5e62e933bc5636807b71a49b0b800743efff85b843014e1d228c9a8c386342,6416e7b6a9309ec9,76.98832484654018,Train/Sarampion/2024-06-26_15-55-42_9594.png
Train/Sarampion/2024-06-26_12-10-47_9594.png,Train/Sarampion/2024-06-26_12-10-47_9594.png,Train,Sarampion,31,Woman,white,Train/Sarampion/2024-06-26_12-10-47_9594.png,18-59,female,white,white,woman,unknown,unknown,unknown,18-59|female|white,1330447,e270671cb38fbca6672173527749d2b0f53f7a88c29e945ded2eb8dfcec38ab8,Train,Sarampion,True,896,1152,2d44039f648dd17b3e83505e86292dddc4e6873ad362e7ab78aa7ac2b0d7ccd8,aff01ef8afa81501,136.82760959201389,Train/Sarampion/2024-06-26_12-10-47_9594.png
Train/Sarampion/2024-06-26_17-13-45_5162.png,Train/Sarampion/2024-06-26_17-13-45_5162.png,Train,Sarampion,26,Woman,white,Train/Sarampion/2024-06-26_17-13-45_5162.png,18-59,female,white,white,woman,unknown,unknown,unknown,18-59|female|white,1183705,adb62da7bb0ae733f11a2c8be67a97af80865c90d35993d2ea9cb7ec6fb47e8e,Train,Sarampion,True,896,1152,7f37e2a09abc296e511df68a06a5264c4e4a49c9f90f85cc2f68044965a7d291,d2b491e90b42bfa9,126.14250062003968,Train/Sarampion/2024-06-26_17-13-45_5162.png
Train/Sarampion/2024-06-26_18-35-38_6808.png,Train/Sarampion/2024-06-26_18-35-38_6808.png,Train,Sarampion,30,Woman,latino hispanic,Train/Sarampion/2024-06-26_18-35-38_6808.png,18-59,female,latino hispanic,latino hispanic,woman,unknown,unknown,unknown,18-59|female|latino hispanic,1291817,0dc39946cb8e72f0450533e59dafe3579e9374c77dfc7dbb22d6ac5b313cec06,Train,Sarampion,True,896,1152,7492019cda81da0d854f9251e01f7abc60b3b1267ed098782858a73aa87b5c97,d21696565bc23a3d,117.02488781156994,Train/Sarampion/2024-06-26_18-35-38_6808.png
Train/Sarampion/2024-06-26_17-17-34_2732.png,Train/Sarampion/2024-06-26_17-17-34_2732.png,Train,Sarampion,27,Woman,white,Train/Sarampion/2024-06-26_17-17-34_2732.png,18-59,female,white,white,woman,unknown,unknown,unknown,18-59|female|white,1298704,7ed77fb93f03043edcadd1fbf9f9030ed02cd0bd3793c97b86eb656428e95bc2,Train,Sarampion,True,896,1152,551391817264e3b579efed8654e1e90207114172e7feea5c55d03f0ba543bd5f,7e4eebf9b1200d03,124.05411783854169,Train/Sarampion/2024-06-26_17-17-34_2732.png
Train/Sarampion/Sarampion (46).png,Train/Sarampion/Sarampion (46).png,Train,Sarampion,25,Man,latino hispanic,Train/Sarampion/Sarampion (46).png,18-59,male,latino hispanic,latino hispanic,man,unknown,unknown,unknown,18-59|male|latino hispanic,88643,4701778f7a50bd1052347d3ca035bd62277cd9a5d07d7a9f357514af81f13aa4,Train,Sarampion,True,224,224,60875bb268ce6f67eae599284f15a30ea36843a0a47aa406e2734a73e8a32834,4cac36c5ca36a9e9,105.90965800382654,Train/Sarampion/Sarampion (46).png
Train/Sarampion/2024-06-26_18-20-50_1741.png,Train/Sarampion/2024-06-26_18-20-50_1741.png,Train,Sarampion,30,Woman,white,Train/Sarampion/2024-06-26_18-20-50_1741.png,18-59,female,white,white,woman,unknown,unknown,unknown,18-59|female|white,1336626,edfa6d3d6bb563e8a500c1811e78119d7add855ca1498dd37a32177e9827f741,Train,Sarampion,True,896,1152,eb39930f89c717d93c14a037efac0ebe78b8bfe64f81afb12e3797bbf02ea10b,7847e1e3c3983d23,115.78377859933036,Train/Sarampion/2024-06-26_18-20-50_1741.png
Train/Sarampion/2024-06-26_12-18-02_3000.png,Train/Sarampion/2024-06-26_12-18-02_3000.png,Train,Sarampion,32,Woman,white,Train/Sarampion/2024-06-26_12-18-02_3000.png,18-59,female,white,white,woman,unknown,unknown,unknown,18-59|female|white,1229388,8f78d117f07bca70668884340ade7b728daa5b9349159dceb41735fb840dcee1,Train,Sarampion,True,896,1152,d35b3839fac30e85790a16bb9524d44cddb02f6b5b0d14c4c3a5edbbead29cb3,3c407329cf8abba9,130.97237238808285,Train/Sarampion/2024-06-26_12-18-02_3000.png
Train/Sarampion/2024-06-26_18-21-15_3616.png,Train/Sarampion/2024-06-26_18-21-15_3616.png,Train,Sarampion,30,Woman,white,Train/Sarampion/2024-06-26_18-21-15_3616.png,18-59,female,white,white,woman,unknown,unknown,unknown,18-59|female|white,1335324,e0588d0cbb723ca1ea497c190b644fbdd6cce6908aaa64b43fefcfe17679174f,Train,Sarampion,True,896,1152,0d8124cfa519f005f222cbaf0fe42ff09f32de388143f0b328c341ab75f68027,52d10b8b0fb277a3,126.09136575365824,Train/Sarampion/2024-06-26_18-21-15_3616.png
Train/Sarampion/2024-06-26_18-32-01_3999.png,Train/Sarampion/2024-06-26_18-32-01_3999.png,Train,Sarampion,32,Woman,latino hispanic,Train/Sarampion/2024-06-26_18-32-01_3999.png,18-59,female,latino hispanic,latino hispanic,woman,unknown,unknown,unknown,18-59|female|latino hispanic,1370301,495bb963d6b2fd49acd8da8843a6d11206bf35296aad8002df8b7afe88c6e1fd,Train,Sarampion,True,896,1152,00889053895fd53a7bf92f0062de983e711dbd5f5265f97d293ec099630dd2f7,8fb83c28e78ad923,123.9915509905134,Train/Sarampion/2024-06-26_18-32-01_3999.png
Train/Sarampion/2024-06-26_17-19-08_7470.png,Train/Sarampion/2024-06-26_17-19-08_7470.png,Train,Sarampion,31,Woman,white,Train/Sarampion/2024-06-26_17-19-08_7470.png,18-59,female,white,white,woman,unknown,unknown,unknown,18-59|female|white,1275323,1007705bf108ba3caa5e7284c091e479d9f47775b946317f5b0417e08af01784,Train,Sarampion,True,896,1152,4909ac6c60c2cae2b1ca2d4f3f754ffa474b197f5beaeab81f1476a37944bda3,aef815e905e81fa1,119.30552746000744,Train/Sarampion/2024-06-26_17-19-08_7470.png
Train/Sarampion/2024-06-26_18-45-32_8285.png,Train/Sarampion/2024-06-26_18-45-32_8285.png,Train,Sarampion,30,Man,indian,Train/Sarampion/2024-06-26_18-45-32_8285.png,18-59,male,indian,indian,man,unknown,unknown,unknown,18-59|male|indian,1491545,a95eeb448d12dc7023fa6379415f20db0f3a065af90d4c1d0555a27771f10034,Train,Sarampion,True,896,1152,3da133abe45a889d747ff37d6018939f33c5be92bbd8c5e7f6d3d09812aef3a4,4b7474754bc2b323,78.7245589967758,Train/Sarampion/2024-06-26_18-45-32_8285.png
Train/Sarampion/2024-06-26_17-19-55_9561.png,Train/Sarampion/2024-06-26_17-19-55_9561.png,Train,Sarampion,26,Woman,white,Train/Sarampion/2024-06-26_17-19-55_9561.png,18-59,female,white,white,woman,unknown,unknown,unknown,18-59|female|white,1396227,a33d21755f8eb7ee67b7bcac9f576bfe6cc460b803a619ca9a54eebd86286445,Train,Sarampion,True,896,1152,04a336578d46e965151dea308f9f6d8b4c331eb1df66a7c32a803039821e7186,7a45e9a50bb21da3,125.58487568204364,Train/Sarampion/2024-06-26_17-19-55_9561.png
Train/Sarampion/2024-06-26_18-43-03_4744.png,Train/Sarampion/2024-06-26_18-43-03_4744.png,Train,Sarampion,26,Man,latino hispanic,Train/Sarampion/2024-06-26_18-43-03_4744.png,18-59,male,latino hispanic,latino hispanic,man,unknown,unknown,unknown,18-59|male|latino hispanic,1358140,d1092a473fe3ea9bef136b6e6b3bfae0dbc697117ec920cb351856f493711efc,Train,Sarampion,True,896,1152,4d42fe7350ad6c09548b15c7ca91d42051f4489688008628b47738d7842243b4,d47cb543c7ca0237,107.161377921937,Train/Sarampion/2024-06-26_18-43-03_4744.png
Train/Sarampion/2024-06-26_18-30-15_8910.png,Train/Sarampion/2024-06-26_18-30-15_8910.png,Train,Sarampion,29,Woman,latino hispanic,Train/Sarampion/2024-06-26_18-30-15_8910.png,18-59,female,latino hispanic,latino hispanic,woman,unknown,unknown,unknown,18-59|female|latino hispanic,1281327,c0c824e784a0b558f0e6911dc9fabb78f2e852ae49c7b3d808f34d308afd090c,Train,Sarampion,True,896,1152,838f81d39fef41d23c737c4164cf9ece2d24f7809d7d0a327ca258f792f469af,50f4186ba92af7a9,120.05106511191715,Train/Sarampion/2024-06-26_18-30-15_8910.png
Train/Sarampion/Sarampion.jpeg,Train/Sarampion/Sarampion.jpeg,Train,Sarampion,33,Man,asian,Train/Sarampion/Sarampion.jpeg,18-59,male,asian,asian,man,unknown,unknown,unknown,18-59|male|asian,64151,68b03c66fc97e862d366be521957cc3184ad6ed32e06f780fe429224707222a6,Train,Sarampion,True,800,785,04c62770ec5e11d77a894ead8799ac203d07c2bc658fc2c79c66c1ff0f454897,6dae96456a3ea819,91.71674203821657,Train/Sarampion/Sarampion.jpeg
Train/Sarampion/2024-06-26_18-50-54_6828.png,Train/Sarampion/2024-06-26_18-50-54_6828.png,Train,Sarampion,27,Man,indian,Train/Sarampion/2024-06-26_18-50-54_6828.png,18-59,male,indian,indian,man,unknown,unknown,unknown,18-59|male|indian,1408849,ed8dadbbce0670ea44b1162f10cf53b4f6f300134ae75bc5881ccc51a4d9a216,Train,Sarampion,True,896,1152,bcf4c6d6b30e992dbfaebc0f4efbd499e5a3ba366d0cd19465a929c61a2baa5a,47163e84dffc5049,103.18734595889136,Train/Sarampion/2024-06-26_18-50-54_6828.png
Train/Sarampion/2024-06-26_17-33-32_6380.png,Train/Sarampion/2024-06-26_17-33-32_6380.png,Train,Sarampion,28,Woman,latino hispanic,Train/Sarampion/2024-06-26_17-33-32_6380.png,18-59,female,latino hispanic,latino hispanic,woman,unknown,unknown,unknown,18-59|female|latino hispanic,1306495,fe6e0e33010947a2d7e5de399585d44ca23a9897ac0c06098876b3230b5ebbb8,Train,Sarampion,True,896,1152,7b046cf39e50090f15aa808879f558285067639430ea15254bd97b45c0e2a3a0,fa54a34f81fa902b,115.68458096943203,Train/Sarampion/2024-06-26_17-33-32_6380.png
Train/Sarampion/2024-06-26_12-11-40_8397.png,Train/Sarampion/2024-06-26_12-11-40_8397.png,Train,Sarampion,28,Woman,white,Train/Sarampion/2024-06-26_12-11-40_8397.png,18-59,female,white,white,woman,unknown,unknown,unknown,18-59|female|white,1282969,6656bc4cf672827ebc6f5043298ed218b64fa6c6734c8a40d0daded8327f040a,Train,Sarampion,True,896,1152,4fca8bcec26281e6b3130e7bc16e3ee1824404c21eae27db44ead4a84f8dfb6e,de1e1da1f16bc083,139.86371140252976,Train/Sarampion/2024-06-26_12-11-40_8397.png
Train/Sarampion/2024-06-26_18-28-54_2223.png,Train/Sarampion/2024-06-26_18-28-54_2223.png,Train,Sarampion,30,Woman,white,Train/Sarampion/2024-06-26_18-28-54_2223.png,18-59,female,white,white,woman,unknown,unknown,unknown,18-59|female|white,1274147,20f3c0e45e8ad8302aa94e03268b2253b225d2d4ab5a07a1a963b034f04dc1dc,Train,Sarampion,True,896,1152,6281e4b6f6087a9195e1c099fab7456acb275c8221c13272882f92031a9ad6f5,b60ee2f9d168e581,100.96592106894842,Train/Sarampion/2024-06-26_18-28-54_2223.png
Train/Sarampion/2024-06-26_12-21-06_4254.png,Train/Sarampion/2024-06-26_12-21-06_4254.png,Train,Sarampion,31,Woman,white,Train/Sarampion/2024-06-26_12-21-06_4254.png,18-59,female,white,white,woman,unknown,unknown,unknown,18-59|female|white,1267726,fb67fb00eaef3114d86fcf2adf45b559a9f995ec44146849edb5e72bf8a9df8b,Train,Sarampion,True,896,1152,3d66174875d3cc4490feebe56b4e2eea1b9e496ca7af97d3d73b10882d5fffac,505a5ef8e9ea00dd,135.3158162434896,Train/Sarampion/2024-06-26_12-21-06_4254.png
Train/Sarampion/2024-06-26_15-20-17_4986.png,Train/Sarampion/2024-06-26_15-20-17_4986.png,Train,Sarampion,34,Man,black,Train/Sarampion/2024-06-26_15-20-17_4986.png,18-59,male,black,black,man,unknown,unknown,unknown,18-59|male|black,1271289,c1dfdc7b507afb2143e673a0cf7634630cb4c292138ee895025eae6972392dbe,Train,Sarampion,True,896,1152,adc46fdcd85a1a3c24778d954b3aa12d8f8590b0177168eb5dcb2928692c1a1a,e66c91e66c20de8b,73.8057144407242,Train/Sarampion/2024-06-26_15-20-17_4986.png
Train/Sarampion/Sarampion (75).png,Train/Sarampion/Sarampion (75).png,Train,Sarampion,28,Man,latino hispanic,Train/Sarampion/Sarampion (75).png,18-59,male,latino hispanic,latino hispanic,man,unknown,unknown,unknown,18-59|male|latino hispanic,66838,e2ff55ed121fe256ac71ee92460b0a8b9d0251571c53641a3f567d413b1e9dbe,Train,Sarampion,True,224,224,0948246f37b5622c600f2f86cf6c45ca0b87001bd2a57429a9b163eb5236a40d,699625e596863c3d,159.65900031887756,Train/Sarampion/Sarampion (75).png
Train/Sarampion/2024-06-26_18-43-52_5069.png,Train/Sarampion/2024-06-26_18-43-52_5069.png,Train,Sarampion,29,Man,indian,Train/Sarampion/2024-06-26_18-43-52_5069.png,18-59,male,indian,indian,man,unknown,unknown,unknown,18-59|male|indian,1384419,95caa660a42903313ed2c2638d9cefec1b1c5db517fa1b055a41240745a87f27,Train,Sarampion,True,896,1152,eaa319ee4c65c0dea132401f42dc8baf8620d608868c4aa4b555fc53395b50f5,ca978bcd8bc0712b,90.16771007719494,Train/Sarampion/2024-06-26_18-43-52_5069.png
Train/Sarampion/2024-06-26_12-19-10_2182.png,Train/Sarampion/2024-06-26_12-19-10_2182.png,Train,Sarampion,30,Woman,white,Train/Sarampion/2024-06-26_12-19-10_2182.png,18-59,female,white,white,woman,unknown,unknown,unknown,18-59|female|white,1223922,5e865d5822f4fb6a83417409b2f60016eb6d8263cc7f8dacea1599321d2be933,Train,Sarampion,True,896,1152,b167b58e0a533d78230e377cff9f626a14441470492c708c0782642f47fbb8f3,16d0750b4baaabb9,138.3459705171131,Train/Sarampion/2024-06-26_12-19-10_2182.png
Train/Sarampion/Sarampion (71).jpg,Train/Sarampion/Sarampion (71).jpg,Train,Sarampion,33,Man,white,Train/Sarampion/Sarampion (71).jpg,18-59,male,white,white,man,unknown,unknown,unknown,18-59|male|white,4947,6b38a2432fbc1e7b9ef3a07ef84e7d0e7b6d0a2b86ec1b4477ce2eb193ea9ee1,Train,Sarampion,True,259,195,03bccb141aef3239396cf76c2f0860c6f3789a4549fcc7fe8788fa32d36ae2d4,48c9966cb6e6961b,96.66975546975549,Test/Sarampion/Sarampion (9).jpg
Train/Sarampion/2024-06-26_18-41-33_8344.png,Train/Sarampion/2024-06-26_18-41-33_8344.png,Train,Sarampion,30,Woman,white,Train/Sarampion/2024-06-26_18-41-33_8344.png,18-59,female,white,white,woman,unknown,unknown,unknown,18-59|female|white,1326066,7e7a5ad4012d426bc72aa8eba03b6cb6180c929c8c8340099e9c2a1485ce2c26,Train,Sarampion,True,896,1152,f6a307ec386797cc31818c84018ca473ed1a7d71ee32e654fbe28524b6048db2,7947a167a91abd03,123.47752549913194,Train/Sarampion/2024-06-26_18-41-33_8344.png
Train/Sarampion/2024-06-26_18-29-19_9529.png,Train/Sarampion/2024-06-26_18-29-19_9529.png,Train,Sarampion,28,Man,latino hispanic,Train/Sarampion/2024-06-26_18-29-19_9529.png,18-59,male,latino hispanic,latino hispanic,man,unknown,unknown,unknown,18-59|male|latino hispanic,1303769,3969a841bd486875ebd71675274d8ba7bd440e558a737c95d3a5c2f8c7b2930d,Train,Sarampion,True,896,1152,ce231ae9621f02ffe9504ced3d81bf5a105af127e69a0413d565d53b3bd587c3,da18fa61e3558077,123.8190675765749,Train/Sarampion/2024-06-26_18-29-19_9529.png
Train/Sarampion/2024-06-26_18-41-57_2773.png,Train/Sarampion/2024-06-26_18-41-57_2773.png,Train,Sarampion,31,Woman,white,Train/Sarampion/2024-06-26_18-41-57_2773.png,18-59,female,white,white,woman,unknown,unknown,unknown,18-59|female|white,1254758,48379745a630caa75cc823ccd368d41eb8b2c149c5afa778ef61053acaf0f8b1,Train,Sarampion,True,896,1152,aab53495f4f61fcab2f3b6d78114c9568bc7ce3d531ef93721df2b4d5bb781c7,7d38dacb0d217389,120.78166368272568,Train/Sarampion/2024-06-26_18-41-57_2773.png
Train/Sarampion/2024-06-26_18-47-59_2594.png,Train/Sarampion/2024-06-26_18-47-59_2594.png,Train,Sarampion,25,Man,latino hispanic,Train/Sarampion/2024-06-26_18-47-59_2594.png,18-59,male,latino hispanic,latino hispanic,man,unknown,unknown,unknown,18-59|male|latino hispanic,1314747,14a2614011e5086f021c9cf5d78039fc6f6981ce7ce6e0090d024c4a0d2bf5ed,Train,Sarampion,True,896,1152,5f35fba1426cc37a0a83ce63acf2e109b8ff2819edb98324ae52f5c196f830c0,d0343b4b4b8abb27,100.38829113188244,Train/Sarampion/2024-06-26_18-47-59_2594.png
Train/Sarampion/2024-06-26_18-50-23_9423.png,Train/Sarampion/2024-06-26_18-50-23_9423.png,Train,Sarampion,27,Man,latino hispanic,Train/Sarampion/2024-06-26_18-50-23_9423.png,18-59,male,latino hispanic,latino hispanic,man,unknown,unknown,unknown,18-59|male|latino hispanic,1295534,a910702b71f0c51c997b490497da1c2c40f3d12e628d413dbb2da1febdd5aa37,Train,Sarampion,True,896,1152,c8a971b6a795df14199eb8da00622b23a8894ef6375a2297e337d2f28ace847b,d0f61b09cbe223b9,99.19026208302331,Train/Sarampion/2024-06-26_18-50-23_9423.png
Train/Sarampion/2024-06-26_18-20-56_9388.png,Train/Sarampion/2024-06-26_18-20-56_9388.png,Train,Sarampion,31,Woman,white,Train/Sarampion/2024-06-26_18-20-56_9388.png,18-59,female,white,white,woman,unknown,unknown,unknown,18-59|female|white,1356264,98ecf8dcef242561c6cc0066caf9af1661452a20164babb6789c164f92390d1d,Train,Sarampion,True,896,1152,381c5525696c23d477013cfb3af6945f7a7b5fd4ef86fe35994e376d55e59b68,3e0e4abfb1a8e921,112.6295175703745,Train/Sarampion/2024-06-26_18-20-56_9388.png
Train/Sarampion/Sarampion (156).jpg,Train/Sarampion/Sarampion (156).jpg,Train,Sarampion,28,Man,white,Train/Sarampion/Sarampion (156).jpg,18-59,male,white,white,man,unknown,unknown,unknown,18-59|male|white,32734,80cb482d7e258a6b9f0a94843d63985855b6c5727b1fa99003c2bf0a8f6e50a4,Train,Sarampion,True,650,442,ef497d02ff81a9d8c979cdb14cb45cf0ab8f7da1c2ba1cbedebbf2f63ccba74c,413c84e1fc94afab,141.95917855899756,Train/Sarampion/Sarampion (156).jpg
Train/Sarampion/2024-06-26_18-28-28_2670.png,Train/Sarampion/2024-06-26_18-28-28_2670.png,Train,Sarampion,27,Woman,latino hispanic,Train/Sarampion/2024-06-26_18-28-28_2670.png,18-59,female,latino hispanic,latino hispanic,woman,unknown,unknown,unknown,18-59|female|latino hispanic,1344632,3c8e125b6df43d33c183465077e9c0d99cead48652d20cfffa225d942face71a,Train,Sarampion,True,896,1152,d1dec0726d47c3d4e4bd6ba1e2bc5d83056b49cfc3a742030edb53f672aa259a,70b4d9cb0b82b3ab,112.6973886641245,Train/Sarampion/2024-06-26_18-28-28_2670.png
Train/Sarampion/2024-06-26_18-20-42_6725.png,Train/Sarampion/2024-06-26_18-20-42_6725.png,Train,Sarampion,30,Woman,white,Train/Sarampion/2024-06-26_18-20-42_6725.png,18-59,female,white,white,woman,unknown,unknown,unknown,18-59|female|white,1243334,49a24e1c618772e23e495912c27dd07b296a8e35a58e129c3475e8a7ce69dad0,Train,Sarampion,True,896,1152,d9c05f72e20f023e328f43edb9f6c3b62fb3c5a5452d41e9ddf0afdf531d56b2,70f58be3c3922933,118.30253479972718,Train/Sarampion/2024-06-26_18-20-42_6725.png
Train/Sarampion/2024-06-26_18-31-32_3669.png,Train/Sarampion/2024-06-26_18-31-32_3669.png,Train,Sarampion,28,Woman,white,Train/Sarampion/2024-06-26_18-31-32_3669.png,18-59,female,white,white,woman,unknown,unknown,unknown,18-59|female|white,1276948,14f0c7f363dca63a56bad87ae4aa280d653ad647d71550129a68a91851afa54a,Train,Sarampion,True,896,1152,44f4785bb2dd80e0e1e88f41227b2149e2a7c5ed4e9be6f5d5c504b95628ac54,dada9de9252a1589,112.53128972129215,Train/Sarampion/2024-06-26_18-31-32_3669.png
Train/Sarampion/Sarampion (122).jpg,Train/Sarampion/Sarampion (122).jpg,Train,Sarampion,33,Man,asian,Train/Sarampion/Sarampion (122).jpg,18-59,male,asian,asian,man,unknown,unknown,unknown,18-59|male|asian,12731,685e68ceabd400c659626fb029e0dcd4d5ee252796e0ddf44b9f3ae07ba50263,Train,Sarampion,True,256,256,0fa717da873f15d7c073f9abf04d3f4d5c95071419a7ddcd5816381f57551db1,737999166c891e33,74.84263610839844,Train/Sarampion/Sarampion (122).jpg
Train/Sarampion/2024-06-26_18-23-21_5509.png,Train/Sarampion/2024-06-26_18-23-21_5509.png,Train,Sarampion,29,Woman,latino hispanic,Train/Sarampion/2024-06-26_18-23-21_5509.png,18-59,female,latino hispanic,latino hispanic,woman,unknown,unknown,unknown,18-59|female|latino hispanic,1262165,ce347ca40b435ce9c638b55fae00aef2773988deaeaec32ab633a2a7149446b8,Train,Sarampion,True,896,1152,c1d014ab424a2b17be5bea3b06bc03b966bf8eabd173cbd29bbc67addda59907,5174692f253ad789,104.99601333860367,Train/Sarampion/2024-06-26_18-23-21_5509.png
Train/Sarampion/Sarampion (58).png,Train/Sarampion/Sarampion (58).png,Train,Sarampion,32,Man,asian,Train/Sarampion/Sarampion (58).png,18-59,male,asian,asian,man,unknown,unknown,unknown,18-59|male|asian,72167,16830b0ec9113f74dba649578e269ae3ba72b7fc7c02e0f773d2b51da5e83d3f,Train,Sarampion,True,224,224,2f898497579086b9af79c81cec0bb102306b2c0ca3291d3fd796e83b8dcd34af,737999166c891e93,75.60961415816327,Train/Sarampion/Sarampion (122).jpg
Train/Sarampion/2024-06-26_18-22-15_6467.png,Train/Sarampion/2024-06-26_18-22-15_6467.png,Train,Sarampion,30,Woman,latino hispanic,Train/Sarampion/2024-06-26_18-22-15_6467.png,18-59,female,latino hispanic,latino hispanic,woman,unknown,unknown,unknown,18-59|female|latino hispanic,1342363,80909533bbeb24ee47023fbbd9fdb3489bec00b9a3d5bad9e836f0e7cc84b627,Train,Sarampion,True,896,1152,405a86f0d85ac72691e4ca319e581a33fa82d3c80b95511b3096e34e40666c8f,f83c23e387c81f23,103.59463743179565,Train/Sarampion/2024-06-26_18-22-15_6467.png
Train/Sarampion/2024-06-26_18-22-40_3317.png,Train/Sarampion/2024-06-26_18-22-40_3317.png,Train,Sarampion,32,Man,asian,Train/Sarampion/2024-06-26_18-22-40_3317.png,18-59,male,asian,asian,man,unknown,unknown,unknown,18-59|male|asian,1247993,d09cc5773f333525fd1ef48bb49338d8a677659ddc5ae7208c88746248d4889a,Train,Sarampion,True,896,1152,5d04a7b5735b4d348cb9243272a0c7ee1d132bb1d73702d4cd928b07acd19830,c053293b7bba07a9,111.76725454179068,Train/Sarampion/2024-06-26_18-22-40_3317.png
Train/Sarampion/2024-06-26_17-22-28_4993.png,Train/Sarampion/2024-06-26_17-22-28_4993.png,Train,Sarampion,28,Woman,white,Train/Sarampion/2024-06-26_17-22-28_4993.png,18-59,female,white,white,woman,unknown,unknown,unknown,18-59|female|white,1292644,a347021d2b82e99b17d85ebb55f06960055d501fc28958a597d9ff86b0e9523b,Train,Sarampion,True,896,1152,3d752f1f5d4bcebc46123fe417ad20f8f5ac5e04f43ae3c01d928fb258d39f7e,1ed0f9a94f721389,135.89934624565973,Train/Sarampion/2024-06-26_17-22-28_4993.png
Train/Sarampion/2024-06-26_17-18-22_5687.png,Train/Sarampion/2024-06-26_17-18-22_5687.png,Train,Sarampion,26,Woman,white,Train/Sarampion/2024-06-26_17-18-22_5687.png,18-59,female,white,white,woman,unknown,unknown,unknown,18-59|female|white,1309149,cd5be0cc29dfe59a75612ee3f119dd5f8d41ddd9199db1346593d6b3be2b455e,Train,Sarampion,True,896,1152,6f48bdbc08fce98fb345909ce25217bd556ce7c6d13ab4ae41720081eb2af18e,3cd1cd8f8bd2b301,143.1165306454613,Train/Sarampion/2024-06-26_17-18-22_5687.png
Train/Sarampion/2024-06-26_12-14-09_8993.png,Train/Sarampion/2024-06-26_12-14-09_8993.png,Train,Sarampion,31,Woman,white,Train/Sarampion/2024-06-26_12-14-09_8993.png,18-59,female,white,white,woman,unknown,unknown,unknown,18-59|female|white,1298511,c6fa75fc8c699ac298d7ac5ee924e7de98a3f6eaf2f3c131b758b11e4580ceec,Train,Sarampion,True,896,1152,292d2836ac901c9fc688c2195c0ff85bd27bb73f1c573b01a71b0893eeff162f,f0b4f6d34d503709,119.5927230592758,Train/Sarampion/2024-06-26_12-14-09_8993.png
Train/Sarampion/2024-06-26_12-12-27_2080.png,Train/Sarampion/2024-06-26_12-12-27_2080.png,Train,Sarampion,31,Woman,white,Train/Sarampion/2024-06-26_12-12-27_2080.png,18-59,female,white,white,woman,unknown,unknown,unknown,18-59|female|white,1240538,6735ee6b717c65bc39f1b09a799dac7ed4479e085232a02f43a260cd25ac77fe,Train,Sarampion,True,896,1152,ee0d5853e4282a242d37fcc00d5d0e3ceec4555f0634184a8596fe04c9e1fffc,d888ed2b6f22b389,133.84225221664187,Train/Sarampion/2024-06-26_12-12-27_2080.png
Train/Sarampion/Sarampion (68).png,Train/Sarampion/Sarampion (68).png,Train,Sarampion,26,Man,asian,Train/Sarampion/Sarampion (68).png,18-59,male,asian,asian,man,unknown,unknown,unknown,18-59|male|asian,75552,99c61e07009aa18049ac1a4d3dac2ec6e29b7cf48a64e49f4da31a415ebae746,Train,Sarampion,True,224,224,bbbe1f75e40ddf364aeba344b9372f87aca1f2c92d11e86a2f32058b3966ae49,9369c6ac66a63c17,169.0872727997449,Train/Sarampion/Sarampion (68).png
Train/Sarampion/2024-06-26_12-18-25_3518.png,Train/Sarampion/2024-06-26_12-18-25_3518.png,Train,Sarampion,29,Woman,white,Train/Sarampion/2024-06-26_12-18-25_3518.png,18-59,female,white,white,woman,unknown,unknown,unknown,18-59|female|white,1372967,d8d5713f6b185fdd77a855bec38aed04d5d52cdd636dba61d97dbe6d0f2b8f6f,Train,Sarampion,True,896,1152,b159d91f5fc959111b56145e3b7df9048dc73b0170d7e8bfe48bb0a00145d613,7ab456c7c17a1389,138.73252747550842,Train/Sarampion/2024-06-26_12-18-25_3518.png
Train/Sarampion/2024-06-26_17-12-32_1943.png,Train/Sarampion/2024-06-26_17-12-32_1943.png,Train,Sarampion,34,Man,white,Train/Sarampion/2024-06-26_17-12-32_1943.png,18-59,male,white,white,man,unknown,unknown,unknown,18-59|male|white,1364193,d31d3137fcc8f4064797b23258b914e94689105e560ee9d7d0d2a786a028c9af,Train,Sarampion,True,896,1152,4367aa82b290c08173a3bfe051c4480693f70c5ed7b6b25398985da1c6107523,795ee1a5a11ad523,125.43036469959075,Train/Sarampion/2024-06-26_17-12-32_1943.png
Train/Sarampion/2024-06-26_12-17-39_1278.png,Train/Sarampion/2024-06-26_12-17-39_1278.png,Train,Sarampion,29,Woman,white,Train/Sarampion/2024-06-26_12-17-39_1278.png,18-59,female,white,white,woman,unknown,unknown,unknown,18-59|female|white,1259090,8a43936e1e952677fe0f3a35c18959860faf62a8c8d1a848be50857dfc6ca743,Train,Sarampion,True,896,1152,07f8398d380425bd8ea346f6dca62fcbf2d36cc799bb31ebb1438efb204e7d68,bc16d45d48df2a0d,133.60195777529762,Train/Sarampion/2024-06-26_12-17-39_1278.png
Train/Sarampion/2024-06-26_18-26-19_1707.png,Train/Sarampion/2024-06-26_18-26-19_1707.png,Train,Sarampion,30,Woman,white,Train/Sarampion/2024-06-26_18-26-19_1707.png,18-59,female,white,white,woman,unknown,unknown,unknown,18-59|female|white,1264790,b81ffd4e1a99d0a06dc70fbb45c77a54bb35e7849340ebd52f41ffa2631a3910,Train,Sarampion,True,896,1152,f6189b2fa2cc3f4d39c9d7926eaa3af1c01cd105c5619ffcf71bf1eab0928a74,62b70367255ad98b,110.0899173797123,Train/Sarampion/2024-06-26_18-26-19_1707.png
Train/Sarampion/2024-06-26_18-40-35_9429.png,Train/Sarampion/2024-06-26_18-40-35_9429.png,Train,Sarampion,29,Woman,white,Train/Sarampion/2024-06-26_18-40-35_9429.png,18-59,female,white,white,woman,unknown,unknown,unknown,18-59|female|white,1289042,ee81164a767e0c97226ec04ce8c9d4d7033a8f00e4bd3b0499a6009a54e5bcb2,Train,Sarampion,True,896,1152,e4422daad8316e60c8e7cafaa81fa394500ffe58ea3fbae8c5c12f80602b1b45,14d055cbaf72b389,130.35466657366072,Train/Sarampion/2024-06-26_18-40-35_9429.png
Train/Sarampion/2024-06-26_11-56-48_4821.png,Train/Sarampion/2024-06-26_11-56-48_4821.png,Train,Sarampion,32,Man,asian,Train/Sarampion/2024-06-26_11-56-48_4821.png,18-59,male,asian,asian,man,unknown,unknown,unknown,18-59|male|asian,1324865,867a408c1455294f12abe95fcfec4ee9d981d6ab97567c66e4658b45bcfb17dd,Train,Sarampion,True,896,1152,ec018664f2b8952dc448e83b2a6c8a131ad6e7fd05412cc26d4ec63676ce7bb3,043414965a7edbf5,118.630123077877,Train/Sarampion/2024-06-26_11-56-48_4821.png
Train/Sarampion/2024-06-26_18-50-00_5687.png,Train/Sarampion/2024-06-26_18-50-00_5687.png,Train,Sarampion,29,Man,latino hispanic,Train/Sarampion/2024-06-26_18-50-00_5687.png,18-59,male,latino hispanic,latino hispanic,man,unknown,unknown,unknown,18-59|male|latino hispanic,1418027,974549685b3b5323eb8660167375c49df654ee7488d0335954a32cbd0b5e5ab2,Train,Sarampion,True,896,1152,518204af2bea49f48e3a8d5294639f90f265ba0652384f99c1741e06493db864,4cfc5ba1e15a01bb,92.40393357049852,Train/Sarampion/2024-06-26_18-50-00_5687.png
Train/Sarampion/Sarampion (83).png,Train/Sarampion/Sarampion (83).png,Train,Sarampion,41,Man,white,Train/Sarampion/Sarampion (83).png,18-59,male,white,white,man,unknown,unknown,unknown,18-59|male|white,75328,4bb4e1a78efdc2680ffd3e1d9ffcf2347dece9e40d18cc1ae58bc1a032012ab3,Train,Sarampion,True,224,224,754038a044a8357772b29a92f96e461381e559db9ddc5a25e8eeb380bfaef1d3,f94109477f7230ab,94.57852359693878,Train/Sarampion/Sarampion (83).png
Train/Sarampion/2024-06-26_18-41-01_7341.png,Train/Sarampion/2024-06-26_18-41-01_7341.png,Train,Sarampion,31,Woman,white,Train/Sarampion/2024-06-26_18-41-01_7341.png,18-59,female,white,white,woman,unknown,unknown,unknown,18-59|female|white,1231564,78214f982f0181f4197b5d417cf53da8a12f6526343faf5269bce97ca5a054a7,Train,Sarampion,True,896,1152,e97b536caa573b257da7e0f1cd7587d6a1687708414124d9951abe67dafe0001,96c8dda965627389,123.02719939701142,Train/Sarampion/2024-06-26_18-41-01_7341.png
Train/Sarampion/2024-06-26_12-20-01_8361.png,Train/Sarampion/2024-06-26_12-20-01_8361.png,Train,Sarampion,30,Woman,white,Train/Sarampion/2024-06-26_12-20-01_8361.png,18-59,female,white,white,woman,unknown,unknown,unknown,18-59|female|white,1301023,4c73d5286e82f39dd8e37fa508efc1b222f953c3bc2528f048dffdf81f195452,Train,Sarampion,True,896,1152,6c8ba4807b892a04dad22cdf586650a4b52e704fbb04f119d21f7ed718467a0c,fa7e89a3e3078017,145.51795886811755,Train/Sarampion/2024-06-26_12-20-01_8361.png
Train/Sarampion/Sarampion (8).jpg,Train/Sarampion/Sarampion (8).jpg,Train,Sarampion,28,Man,white,Train/Sarampion/Sarampion (8).jpg,18-59,male,white,white,man,unknown,unknown,unknown,18-59|male|white,14501,93901b5d95c370b0f470aab21db28a930c7ac7db00a5d2d87ba5a04f4823d3e8,Train,Sarampion,True,316,380,1537193977597a68b70e0a1c2b1b61a00628338116714cea3b3c2ad308e2fb75,a4d2daeb25f2d109,129.45333944037307,Train/Sarampion/Sarampion (8).jpg
Train/Sarampion/2024-06-26_17-20-19_7898.png,Train/Sarampion/2024-06-26_17-20-19_7898.png,Train,Sarampion,27,Woman,white,Train/Sarampion/2024-06-26_17-20-19_7898.png,18-59,female,white,white,woman,unknown,unknown,unknown,18-59|female|white,1342556,a2ac82c06a26a3de52de39f4d24e5e199ae3c846fcc48e3b70c8afae4932c7a0,Train,Sarampion,True,896,1152,60415c4c74f68bf4a4d447b9bf82a3d3dc09825d6a4b927334d4ca301d563993,505ee1cf83ba312b,128.5960703047495,Train/Sarampion/2024-06-26_17-20-19_7898.png
Train/Sarampion/2024-06-26_18-48-23_2524.png,Train/Sarampion/2024-06-26_18-48-23_2524.png,Train,Sarampion,26,Man,latino hispanic,Train/Sarampion/2024-06-26_18-48-23_2524.png,18-59,male,latino hispanic,latino hispanic,man,unknown,unknown,unknown,18-59|male|latino hispanic,1370581,c92e03710024a6632724d7949982c32b518d6e9ae0cbe86f10b75a50e5d35a0b,Train,Sarampion,True,896,1152,389ec991c9a897a75f29d575b699456003a5fa277acc323cee59144ff767910e,7af7016169789999,103.17240494016616,Train/Sarampion/2024-06-26_18-48-23_2524.png
Train/Sarampion/2024-06-26_13-19-14_4091.png,Train/Sarampion/2024-06-26_13-19-14_4091.png,Train,Sarampion,26,Man,asian,Train/Sarampion/2024-06-26_13-19-14_4091.png,18-59,male,asian,asian,man,unknown,unknown,unknown,18-59|male|asian,1265619,fd49d66817597c8103cbaf7d6ca16ecd57c87661e761fff5d52547dd760f949e,Train,Sarampion,True,896,1152,758a2e734a81439273319f772bd1422e85f35abcc27f779a4ce6c07ccc7c57f7,730f078343f0dcad,147.53173149956598,Train/Sarampion/2024-06-26_13-19-14_4091.png
Train/Sarampion/2024-06-26_16-49-12_3470.png,Train/Sarampion/2024-06-26_16-49-12_3470.png,Train,Sarampion,39,Man,black,Train/Sarampion/2024-06-26_16-49-12_3470.png,18-59,male,black,black,man,unknown,unknown,unknown,18-59|male|black,1141217,fe051f0684f69cb81dd5136cdd0ce8c20db83513a13a8f6ab198ddf296ae6d5c,Train,Sarampion,True,896,1152,a853f00fc00216e7abd4b5174eaf20bc5362c65700ea5440d29d2dea789b0ac2,e62646f6b4246d8b,102.90195525638642,Train/Sarampion/2024-06-26_16-49-12_3470.png
Train/Sarampion/Sarampion (37).png,Train/Sarampion/Sarampion (37).png,Train,Sarampion,40,Man,white,Train/Sarampion/Sarampion (37).png,18-59,male,white,white,man,unknown,unknown,unknown,18-59|male|white,86936,f468c0cd0f49fc6801f751b402c04a0a295c220814b74969fe9876cb42bedc2e,Train,Sarampion,True,224,224,51259694ed7c1126254d1e8f92c5706c0a8b1dd01b45eeb5eb69acfeb5c2b229,42f0d8978e2370fd,210.29663584183675,Train/Sarampion/Sarampion (37).png
Train/Sarampion/2024-06-26_17-21-54_5728.png,Train/Sarampion/2024-06-26_17-21-54_5728.png,Train,Sarampion,30,Woman,white,Train/Sarampion/2024-06-26_17-21-54_5728.png,18-59,female,white,white,woman,unknown,unknown,unknown,18-59|female|white,1334344,1fcbaf12897b11b7847521f00adf6aa66506f01a1b6b6a8ec6c7d14b9a7f52c3,Train,Sarampion,True,896,1152,4b2ccf7f82f78fdb1630ad76372efd8f81c7cf47561a7a953321ea1d90403144,cbd83c3a03c19b37,133.32783532521083,Train/Sarampion/2024-06-26_17-21-54_5728.png
Train/Sarampion/2024-06-26_13-56-58_5654.png,Train/Sarampion/2024-06-26_13-56-58_5654.png,Train,Sarampion,34,Man,middle eastern,Train/Sarampion/2024-06-26_13-56-58_5654.png,18-59,male,middle eastern,middle eastern,man,unknown,unknown,unknown,18-59|male|middle eastern,1276794,20e1f304e207f42aab7d8a9c0f59521ea4dc3493a0c6836c19bb1de7ff86f541,Train,Sarampion,True,896,1152,6ea723bbe6afc85a0490ccce67ef488a17996108bd92b26cd84aaa53586c12c9,8d3def1e3232038b,95.69707961309524,Train/Sarampion/2024-06-26_13-56-58_5654.png
Train/Sarampion/2024-06-26_18-43-28_6048.png,Train/Sarampion/2024-06-26_18-43-28_6048.png,Train,Sarampion,26,Man,latino hispanic,Train/Sarampion/2024-06-26_18-43-28_6048.png,18-59,male,latino hispanic,latino hispanic,man,unknown,unknown,unknown,18-59|male|latino hispanic,1380388,00ba76b04bb8848ce9a349726be31abfae28aed6b01ec3c9e93b628452313153,Train,Sarampion,True,896,1152,4555f8d6f43d6aa0207bd5d4c83385f3bd6afae57dcb3c79d0ed2e8be2424b80,743875a383d82a77,96.92759680369544,Train/Sarampion/2024-06-26_18-43-28_6048.png
Train/Sarampion/2024-06-26_18-52-53_8287.png,Train/Sarampion/2024-06-26_18-52-53_8287.png,Train,Sarampion,27,Man,latino hispanic,Train/Sarampion/2024-06-26_18-52-53_8287.png,18-59,male,latino hispanic,latino hispanic,man,unknown,unknown,unknown,18-59|male|latino hispanic,1408650,d566535a02ec12980c448494e03a7cc949e33065822751d5a92fc8aa9fc8dc5a,Train,Sarampion,True,896,1152,23ac57c75b39c1928a59208b74230eeb7ab77470fc6d891ba8202d4028f28d16,5cbe7905e37a1189,91.2800796750992,Train/Sarampion/2024-06-26_18-52-53_8287.png
Train/Sarampion/2024-06-26_18-52-30_1239.png,Train/Sarampion/2024-06-26_18-52-30_1239.png,Train,Sarampion,29,Man,latino hispanic,Train/Sarampion/2024-06-26_18-52-30_1239.png,18-59,male,latino hispanic,latino hispanic,man,unknown,unknown,unknown,18-59|male|latino hispanic,1388083,8c0094fdbc7800185b5ee077415f9f0638c33010c745f3119b92c0eb44371f41,Train,Sarampion,True,896,1152,cabf83a5d44f125082e3726db1b8bf69a805ce1f93bb10c5722738ac145fd57b,48dd8b8f8bd0b923,97.45201958550348,Train/Sarampion/2024-06-26_18-52-30_1239.png
Train/Sarampion/Sarampion (52).jpg,Train/Sarampion/Sarampion (52).jpg,Train,Sarampion,34,Man,white,Train/Sarampion/Sarampion (52).jpg,18-59,male,white,white,man,unknown,unknown,unknown,18-59|male|white,5790,0a9f8bfa2f1eb5883af762d17121bc172200799e60a6a07c8610f254b53eea4f,Train,Sarampion,True,258,195,b2d038023f4cc0a459ed823b99481865d95aea416f0cab27779ff8270f7a077a,e2e2d2d43c3caf09,172.12027429934406,Train/Sarampion/Sarampion (52).jpg
Train/Sarampion/2024-06-26_12-19-31_3606.png,Train/Sarampion/2024-06-26_12-19-31_3606.png,Train,Sarampion,30,Woman,white,Train/Sarampion/2024-06-26_12-19-31_3606.png,18-59,female,white,white,woman,unknown,unknown,unknown,18-59|female|white,1264068,6dcf45eda6fabb3521bfb0db6a4bbb1bb251e06e5024a57a8a52d769bc2a239a,Train,Sarampion,True,896,1152,5e88f0899f3e78ad7dbf11a025c2735a31509803d03396f29ca3321893d5ae0b,783cf1e5e1c03d23,129.50103372240824,Train/Sarampion/2024-06-26_12-19-31_3606.png
Train/Sarampion/Sarampion (59).png,Train/Sarampion/Sarampion (59).png,Train,Sarampion,35,Man,white,Train/Sarampion/Sarampion (59).png,18-59,male,white,white,man,unknown,unknown,unknown,18-59|male|white,55712,a7447950237f24ebfcbfa531442c349635058341de165e57d4711a27c00f9d11,Train,Sarampion,True,224,224,b17277ea2c6c8d09f0e4803c906e8ac5a84749eb0121b9d0fdf481198458750c,69e68c5c698636b9,63.5065768494898,Train/Sarampion/Sarampion (59).png
Train/Sarampion/2024-06-26_18-48-46_1629.png,Train/Sarampion/2024-06-26_18-48-46_1629.png,Train,Sarampion,28,Man,indian,Train/Sarampion/2024-06-26_18-48-46_1629.png,18-59,male,indian,indian,man,unknown,unknown,unknown,18-59|male|indian,1518288,e0e3fda4905a3e88ca5d59055c80bd0be73678a550565ee2b2485e68036ba7b8,Train,Sarampion,True,896,1152,24795104d78a04cf90cc9f17db0f3b423bfcab0c552eae3bb4d2d3bafbc4b6b8,a47e28a387c8fb13,94.14635067894343,Train/Sarampion/2024-06-26_18-48-46_1629.png
Train/Sarampion/2024-06-26_17-22-52_8567.png,Train/Sarampion/2024-06-26_17-22-52_8567.png,Train,Sarampion,27,Woman,white,Train/Sarampion/2024-06-26_17-22-52_8567.png,18-59,female,white,white,woman,unknown,unknown,unknown,18-59|female|white,1303226,8fd28e48f48e219fcbbf57a11c7f5f90b9613cf101ba4bf4399226de97a2a220,Train,Sarampion,True,896,1152,cbca573c43441640828062b5567761da9a5616986064de276a33359e3324f26e,50f055ab8f72b709,134.98153928726438,Train/Sarampion/2024-06-26_17-22-52_8567.png
Train/Sarampion/2024-06-26_15-19-25_4994.png,Train/Sarampion/2024-06-26_15-19-25_4994.png,Train,Sarampion,27,Man,black,Train/Sarampion/2024-06-26_15-19-25_4994.png,18-59,male,black,black,man,unknown,unknown,unknown,18-59|male|black,1144489,93285b5fee9647c24537abb97b0f7a92ec35533ffca2f86f9146329846da6d55,Train,Sarampion,True,896,1152,2ad9cd59860739bc7f0568d30e69fed36857f876a843be233c5edc919273200e,ab58f9074c705f0d,77.96859014601935,Train/Sarampion/2024-06-26_15-19-25_4994.png
Train/Sarampion/2024-06-26_17-30-39_1313.png,Train/Sarampion/2024-06-26_17-30-39_1313.png,Train,Sarampion,31,Woman,white,Train/Sarampion/2024-06-26_17-30-39_1313.png,18-59,female,white,white,woman,unknown,unknown,unknown,18-59|female|white,1363386,f4430d18c1c27b9aaebd4af8fb0d28ca04802850d1f7d3d9642df0bd63d97548,Train,Sarampion,True,896,1152,79cbb8fdd508b152b2d9c630298b5ea812c00526a1dedfa50261683d20ca94ca,f66c734b1b8a03e1,117.53113083612352,Train/Sarampion/2024-06-26_17-30-39_1313.png
Train/Sarampion/2024-06-26_12-10-19_6265.png,Train/Sarampion/2024-06-26_12-10-19_6265.png,Train,Sarampion,27,Woman,white,Train/Sarampion/2024-06-26_12-10-19_6265.png,18-59,female,white,white,woman,unknown,unknown,unknown,18-59|female|white,1254814,d3f4256009bdd97f26cbe07e5e70b285c91f0055b4a68ed60328eaa7bc5fa9d3,Train,Sarampion,True,896,1152,eadbfb717d03f3603be4db7ed92e3eecce4903a42529969d3e8ac842777dc4c1,09141614ef3e1ff9,120.92163860987104,Train/Sarampion/2024-06-26_12-10-19_6265.png
Train/Sarampion/2024-06-26_17-32-03_3173.png,Train/Sarampion/2024-06-26_17-32-03_3173.png,Train,Sarampion,27,Woman,white,Train/Sarampion/2024-06-26_17-32-03_3173.png,18-59,female,white,white,woman,unknown,unknown,unknown,18-59|female|white,1247047,9766f3ce9c6225a40b022d6e871dfe2f45165e180d8f5226273cf86725b05517,Train,Sarampion,True,896,1152,32dec5e688ff324b28d3926a3ceeb9bbbc79d7e2778cf3d4d9ffab830bd6b88f,6e5e5ef9e1b00845,130.4341575985863,Train/Sarampion/2024-06-26_17-32-03_3173.png
Train/Sarampion/2024-06-26_18-30-41_4357.png,Train/Sarampion/2024-06-26_18-30-41_4357.png,Train,Sarampion,30,Woman,white,Train/Sarampion/2024-06-26_18-30-41_4357.png,18-59,female,white,white,woman,unknown,unknown,unknown,18-59|female|white,1341298,57503c29412a44a28106d0b3bb593263efe5e373e51ff72e55425dc57e123686,Train,Sarampion,True,896,1152,df7025b172a594b57041680255204a00f501a8e43524a72c7284812237c6e84d,2e7219e18f82bf23,103.07433500744048,Train/Sarampion/2024-06-26_18-30-41_4357.png
Test/Herpes/Herpes (29).jpg,Test/Herpes/Herpes (29).jpg,Test,Herpes,38,Man,white,Test/Herpes/Herpes (29).jpg,18-59,male,white,white,man,unknown,unknown,unknown,18-59|male|white,38364,72265f9485f2a2e213854e38dffa7245bac97fec2ba4af90e5d3693b8d152d93,Test,Herpes,True,649,512,39d704e6d8b6660c66ea8b0f4843781d07a18d21ee9ad21ab2cdfab848a4e136,43a343a72eedd451,118.2495034427966,Test/Herpes/Herpes (29).jpg
Test/Herpes/Herpes (18).jpg,Test/Herpes/Herpes (18).jpg,Test,Herpes,47,Man,white,Test/Herpes/Herpes (18).jpg,18-59,male,white,white,man,unknown,unknown,unknown,18-59|male|white,20753,c52541a28718be3f5c409d86acf462590d89974b8e290efad221352656c9f1b4,Test,Herpes,True,233,350,93485e6821f37078334d1f2a51bd7ee990dea47e413586dee232a67aa322691b,f3c750fc48f6e201,150.4845125689761,Test/Herpes/Herpes (18).jpg
Test/Herpes/2024-06-26_20-39-30_8341.png,Test/Herpes/2024-06-26_20-39-30_8341.png,Test,Herpes,33,Man,black,Test/Herpes/2024-06-26_20-39-30_8341.png,18-59,male,black,black,man,unknown,unknown,unknown,18-59|male|black,1190416,bbabcb2068070e3cedb8ee3bbb61097ecf40e0c4af5f20d5c013815563da0ef8,Test,Herpes,True,896,1152,3f22ebc96412809fca6db35d141e0a3218011153fd0381e15c7bfe12d90478f6,c46c0e66b3e1e31d,142.44432624937997,Test/Herpes/2024-06-26_20-39-30_8341.png
Test/Herpes/Herpes (44).jpg,Test/Herpes/Herpes (44).jpg,Test,Herpes,35,Man,white,Test/Herpes/Herpes (44).jpg,18-59,male,white,white,man,unknown,unknown,unknown,18-59|male|white,260955,9e370983f8507dd14026d5657e1f7e371be6dedeaea0724180c00ca5fd4e76c4,Test,Herpes,True,952,1089,cc8f004d528cb5478537c98ba334fca0425af2bb1aaeea273b98b728bf6d69a1,f10b63b6cd0ad12b,99.37610443626488,Test/Herpes/Herpes (44).jpg
Test/Herpes/Herpes (13).jpg,Test/Herpes/Herpes (13).jpg,Test,Herpes,39,Man,white,Test/Herpes/Herpes (13).jpg,18-59,male,white,white,man,unknown,unknown,unknown,18-59|male|white,36245,09467c5d70b1849e9acd16726763a896d74bb5beecf0c50016ee7149aab518c7,Test,Herpes,True,640,480,8ed7ccf00c95b4c8c2f6ae7cfc618c4a873382c0a270c7f1e3f9b660dfb6a30e,29a52386d39ad7c9,110.92632161458332,Test/Herpes/Herpes (13).jpg
Test/Herpes/Herpes (5).png,Test/Herpes/Herpes (5).png,Test,Herpes,37,Man,white,Test/Herpes/Herpes (5).png,18-59,male,white,white,man,unknown,unknown,unknown,18-59|male|white,134373,8a89915ebf955639abf08a07f054b16a484c4c8fa0aec331e787949ffc8a66fb,Test,Herpes,True,658,911,36dd4c4cc27fcbf7b3149b0d3807f96f0d32a0a0e9694bd056ef81282eb6b92d,a9aaa6ae4cb452d5,94.5064326919548,Test/Herpes/Herpes (5).png
Test/Monkeypox/2024-06-27_15-08-34_5633.png,Test/Monkeypox/2024-06-27_15-08-34_5633.png,Test,Monkeypox,29,Woman,latino hispanic,Test/Monkeypox/2024-06-27_15-08-34_5633.png,18-59,female,latino hispanic,latino hispanic,woman,unknown,unknown,unknown,18-59|female|latino hispanic,1317687,579a52c318712a2801ffc3fac226e457b102601c95699b144789054ad68fc354,Test,Monkeypox,True,896,1152,354b8ebeb553a23933995d054ad431dbec567b521a76f1f33be46180c75184bc,c6d61e19307df0c3,117.84710693359376,Test/Monkeypox/2024-06-27_15-08-34_5633.png
Test/Monkeypox/MonkeyPox (28).jpg,Test/Monkeypox/MonkeyPox (28).jpg,Test,Monkeypox,46,Man,white,Test/Monkeypox/MonkeyPox (28).jpg,18-59,male,white,white,man,unknown,unknown,unknown,18-59|male|white,4161,8da6cd05311f5a151270e2fe52fb4f86a16fa1f3ef29296d7ffa42ce71457540,Test,Monkeypox,True,275,183,4bd4113558c8932163cf0c323bcdc9a9765190f1a64653095b2d495271595d43,552a0ad5940b6feb,112.4619175360159,Test/Monkeypox/MonkeyPox (28).jpg
Test/Monkeypox/2024-06-27_15-10-20_8807.png,Test/Monkeypox/2024-06-27_15-10-20_8807.png,Test,Monkeypox,26,Man,white,Test/Monkeypox/2024-06-27_15-10-20_8807.png,18-59,male,white,white,man,unknown,unknown,unknown,18-59|male|white,1561391,620d4a82d6df256f37fe0ad019208a43b20090eff4b75e1f95c844d09e81909e,Test,Monkeypox,True,896,1152,065cdada1af02f93cbfd97e8e57503298612e7f8257551d580fbb73a2c2f4da1,f1c303b683461e7d,126.2502199203249,Test/Monkeypox/2024-06-27_15-10-20_8807.png
Test/Monkeypox/MonkeyPox (105).jpg,Test/Monkeypox/MonkeyPox (105).jpg,Test,Monkeypox,27,Man,middle eastern,Test/Monkeypox/MonkeyPox (105).jpg,18-59,male,middle eastern,middle eastern,man,unknown,unknown,unknown,18-59|male|middle eastern,6973,8d89bfa3b102bf149bb6ab0202f5da1b7aa6c3ea36e71a8dd8dcf2011563837c,Test,Monkeypox,True,259,194,2455476849b1d341edf74aa21f906d2a97b817225108b3447b207f7153f34c0d,f888c69755a8d857,140.29968554710825,Test/Monkeypox/MonkeyPox (105).jpg
Test/Monkeypox/MonkeyPox (3).png,Test/Monkeypox/MonkeyPox (3).png,Test,Monkeypox,30,Man,white,Test/Monkeypox/MonkeyPox (3).png,18-59,male,white,white,man,unknown,unknown,unknown,18-59|male|white,845030,72765a442c1e8f21650c878809b1a00eeb2438c00754ae79989dd7b75ced98c2,Test,Monkeypox,True,1024,683,d482c35b9d781eb14a5bf0faa83e0a6ff6ffba7f22961a4d94f007a0da868c65,c87231b219cf256f,125.67870664806004,Test/Monkeypox/MonkeyPox (3).png
Test/Monkeypox/2024-06-27_14-16-08_7006.png,Test/Monkeypox/2024-06-27_14-16-08_7006.png,Test,Monkeypox,32,Man,asian,Test/Monkeypox/2024-06-27_14-16-08_7006.png,18-59,male,asian,asian,man,unknown,unknown,unknown,18-59|male|asian,1225776,f83948f38aac31d1f7eb016062f8d1e1bd8b47a1f119489fe9ed96610d73b347,Test,Monkeypox,True,896,1152,19f194d8a576c50f71ddab7e357d1747e51745aaeb4a64d98bf585dab2a7c5a9,a99513308fdeb14d,81.69581531343006,Test/Monkeypox/2024-06-27_14-16-08_7006.png
Test/Monkeypox/2024-06-27_14-09-37_4091.png,Test/Monkeypox/2024-06-27_14-09-37_4091.png,Test,Monkeypox,37,Man,white,Test/Monkeypox/2024-06-27_14-09-37_4091.png,18-59,male,white,white,man,unknown,unknown,unknown,18-59|male|white,1702718,dcb55ef48240886d28fff3ed791c34fb464499ad70c6c038ccd93ba4d89aed60,Test,Monkeypox,True,896,1152,a2b012dbb1571c163edad258ab1843a9c827b7bff1f911ef10a06513d01bdc6f,35da6996ca211ee5,67.84531172495039,Test/Monkeypox/2024-06-27_14-09-37_4091.png
Test/Monkeypox/MonkeyPox (9).jpg,Test/Monkeypox/MonkeyPox (9).jpg,Test,Monkeypox,33,Man,asian,Test/Monkeypox/MonkeyPox (9).jpg,18-59,male,asian,asian,man,unknown,unknown,unknown,18-59|male|asian,50406,8b40004cbfa392119fd6f1a95b620f78d86556d92059b8f3aba64af9d88c14fd,Test,Monkeypox,True,672,672,209cb5a8e71207832e970759919d4c55520d91f5a975c66292155fba4321e2e5,66a44b90f713e725,177.15718227395124,Test/Monkeypox/MonkeyPox (9).jpg
Test/Monkeypox/MonkeyPox (117).jpg,Test/Monkeypox/MonkeyPox (117).jpg,Test,Monkeypox,28,Man,white,Test/Monkeypox/MonkeyPox (117).jpg,18-59,male,white,white,man,unknown,unknown,unknown,18-59|male|white,753244,0942d51427f8b7a51f48b303d2c3c796b63fe14c4d096159b26de91efe5ad6f1,Test,Monkeypox,True,2048,2356,afcb692b07d105c1e6863182c22ca29f77cdecf637438770331047ca76f9f52a,92265b9643f49cab,124.40629145002124,Test/Monkeypox/MonkeyPox (117).jpg
Test/Monkeypox/MonkeyPox (17).jpg,Test/Monkeypox/MonkeyPox (17).jpg,Test,Monkeypox,23,Man,white,Test/Monkeypox/MonkeyPox (17).jpg,18-59,male,white,white,man,unknown,unknown,unknown,18-59|male|white,100043,3b948c853566ae46111cb873673392d07b696caa0139e3c918d1541c5a0e7ddf,Test,Monkeypox,True,1196,673,c0c2e7923da0940a092ac88e863507d46dafbf1a323027a09b2bca27b7e6cbdf,13448c4c3b6ed55f,128.13504276265112,Test/Monkeypox/MonkeyPox (17).jpg
Test/Monkeypox/2024-06-27_15-08-58_1940.png,Test/Monkeypox/2024-06-27_15-08-58_1940.png,Test,Monkeypox,30,Woman,latino hispanic,Test/Monkeypox/2024-06-27_15-08-58_1940.png,18-59,female,latino hispanic,latino hispanic,woman,unknown,unknown,unknown,18-59|female|latino hispanic,1259503,48eb3fb4947abda162cd6123212db1154f8c383687cacf16f82b261e8ee67e18,Test,Monkeypox,True,896,1152,99a69a40f26c702f038618e87e7cfb27ce0e8085cfe9228789704b91176e4512,6fd5a6a5542f18c1,122.83778405567956,Test/Monkeypox/2024-06-27_15-08-58_1940.png
Test/Monkeypox/MonkeyPox (39).jpg,Test/Monkeypox/MonkeyPox (39).jpg,Test,Monkeypox,33,Man,black,Test/Monkeypox/MonkeyPox (39).jpg,18-59,male,black,black,man,unknown,unknown,unknown,18-59|male|black,5430,ff3096b08b43f091c4da4b71188a821ff385782910dba9952fbcdba2ddb3e6da,Test,Monkeypox,True,285,177,c83d2d7045569e657cffa5ead7e97b7d85d698718470890f78958d6f1435efb0,f686b0b34096d95b,98.51701853503816,Test/Monkeypox/MonkeyPox (39).jpg
Test/Monkeypox/2024-06-27_14-10-01_4450.png,Test/Monkeypox/2024-06-27_14-10-01_4450.png,Test,Monkeypox,33,Man,white,Test/Monkeypox/2024-06-27_14-10-01_4450.png,18-59,male,white,white,man,unknown,unknown,unknown,18-59|male|white,1370822,3955670d36caa4e0f6d5c40f64d5de5356b2b9da269539bce4203d026f02a513,Test,Monkeypox,True,896,1152,b80787aad32857c91af732920572ead071ce4305b1ef0d5128f8baf6b2f3fb44,65a6d9a75869a683,81.256592765687,Test/Monkeypox/2024-06-27_14-10-01_4450.png
Test/Monkeypox/2024-06-27_13-59-23_4022.png,Test/Monkeypox/2024-06-27_13-59-23_4022.png,Test,Monkeypox,27,Man,black,Test/Monkeypox/2024-06-27_13-59-23_4022.png,18-59,male,black,black,man,unknown,unknown,unknown,18-59|male|black,1172773,1429124e1ec7d94ff578e9dbef2399ce584431905e7d059accc6eb625f123143,Test,Monkeypox,True,896,1152,a6a1f682744b11595413f148c2a2bf778ea9b679bb1eda6a3febad349980e719,138a521789786f6f,68.0736103360615,Test/Monkeypox/2024-06-27_13-59-23_4022.png
Test/Varicela/2024-06-27_12-05-49_1014.png,Test/Varicela/2024-06-27_12-05-49_1014.png,Test,Varicela,32,Woman,white,Test/Varicela/2024-06-27_12-05-49_1014.png,18-59,female,white,white,woman,unknown,unknown,unknown,18-59|female|white,1184683,fc01d22bf156e476c63aa36025ba1874682cb8aa8db12f3b00103b2ca00a1ec5,Test,Varicela,True,896,1152,5e0e902307212e41c347bc8598aeb4277df7cf259ce11c5c40c34bb806b5350a,3a6c66dcdb30a943,103.28648255363343,Test/Varicela/2024-06-27_12-05-49_1014.png
Test/Varicela/2024-06-27_11-43-31_5038.png,Test/Varicela/2024-06-27_11-43-31_5038.png,Test,Varicela,29,Woman,white,Test/Varicela/2024-06-27_11-43-31_5038.png,18-59,female,white,white,woman,unknown,unknown,unknown,18-59|female|white,1175871,ded5cdb866f44152ce00e02bd53cfe7c190528e3890354dd152a71defbcb735b,Test,Varicela,True,896,1152,28ba1153bb4ca6133eb7181e3a872be62031c28dd84d1cc41e5ce132078452cf,a6e64e86bdd85055,123.29424758184524,Test/Varicela/2024-06-27_11-43-31_5038.png
Test/Varicela/ChickenPox (60).jpg,Test/Varicela/ChickenPox (60).jpg,Test,Varicela,34,Man,asian,Test/Varicela/ChickenPox (60).jpg,18-59,male,asian,asian,man,unknown,unknown,unknown,18-59|male|asian,47982,f2dbc8db0789ba5144f48da8c7538e55f78bc6978ba9c64ff963969007b51ed2,Test,Varicela,True,719,759,0b3edb8808b4aada693afb29778c8a11518d083f01eb7c761f0f6f7f79a2a029,0627fda0833e1e75,143.09540772665886,Test/Varicela/ChickenPox (60).jpg
Test/Varicela/ChickenPox (31).png,Test/Varicela/ChickenPox (31).png,Test,Varicela,31,Man,white,Test/Varicela/ChickenPox (31).png,18-59,male,white,white,man,unknown,unknown,unknown,18-59|male|white,61435,cef5c5c58e201d141dd6ac827cb4c0a146debe47e93ef27f5a3db1600108ebd3,Test,Varicela,True,224,224,70283caa01158528b3c1e5fe5b30cea8d14fa8f8939deb8476c2906d3025e3fb,f30e33b3e658a055,155.5543885522959,Test/Varicela/ChickenPox (31).png
Test/Varicela/ChickenPox (44).png,Test/Varicela/ChickenPox (44).png,Test,Varicela,33,Woman,asian,Test/Varicela/ChickenPox (44).png,18-59,female,asian,asian,woman,unknown,unknown,unknown,18-59|female|asian,93665,d73009d317cdf9f583326c2ff092b615bbfdf65815d2a10fd3a171b619f27845,Test,Varicela,True,224,224,8ffc0369510efa4de4b6a48d9ff960731f13dd742c4e0646f9fa03f554fe1e81,8d58c29d636ea987,168.79715401785714,Test/Varicela/ChickenPox (44).png
Test/Varicela/2024-06-25_23-32-13_6030.png,Test/Varicela/2024-06-25_23-32-13_6030.png,Test,Varicela,30,Man,middle eastern,Test/Varicela/2024-06-25_23-32-13_6030.png,18-59,male,middle eastern,middle eastern,man,unknown,unknown,unknown,18-59|male|middle eastern,1298058,78243c9a93c3842bff39a90e903c9ed3a279efc2104f137f71c7061fbe81491d,Test,Varicela,True,896,1152,e1f130b6cf334c69498e9c56bf0388b2db3b567bb495fa2af0c95686035b37cd,e28f4f8f1e52228b,101.52572777157738,Test/Varicela/2024-06-25_23-32-13_6030.png
Test/Melanoma/Melanoma (2).jpg,Test/Melanoma/Melanoma (2).jpg,Test,Melanoma,26,Man,white,Test/Melanoma/Melanoma (2).jpg,18-59,male,white,white,man,unknown,unknown,unknown,18-59|male|white,342746,6e0e16d97fc52ce285881d88d4f81c700825d3da27872681f175ed10476e134a,Test,Melanoma,True,600,450,fa50c236c6d97ff6b64b097241155afe56efc062f87cda7cd55c2bf1555b3fe5,089325e3f9e1933d,147.6474851851852,Test/Melanoma/Melanoma (2).jpg
Test/Melanoma/Melanoma (66).jpg,Test/Melanoma/Melanoma (66).jpg,Test,Melanoma,39,Man,white,Test/Melanoma/Melanoma (66).jpg,18-59,male,white,white,man,unknown,unknown,unknown,18-59|male|white,325907,fcd61481f1a4104c443f250b2fab271b5d6f2b83f722a0624f7423173a4ba4e7,Test,Melanoma,True,600,450,7799f86d813dd80a3b1629e02cc17445eb973916829ab81467561abd3d72120e,339ccd6926e1d907,157.33708148148148,Test/Melanoma/Melanoma (66).jpg
Test/Sarampion/2024-06-26_18-55-04_6340.png,Test/Sarampion/2024-06-26_18-55-04_6340.png,Test,Sarampion,25,Man,black,Test/Sarampion/2024-06-26_18-55-04_6340.png,18-59,male,black,black,man,unknown,unknown,unknown,18-59|male|black,1329616,a2b4b36a196aab2df2f636f3af26fa2c60da57faa13d827f395a162dfdb924f6,Test,Sarampion,True,896,1152,df3b515c1cbfe0acae6ce8a9d83b616855eb8917bb1ab3978dc01d39ce66f3a0,32b989b1d3d82b65,92.25138346354169,Test/Sarampion/2024-06-26_18-55-04_6340.png
Test/Sarampion/2024-06-26_12-16-35_2776.png,Test/Sarampion/2024-06-26_12-16-35_2776.png,Test,Sarampion,31,Woman,white,Test/Sarampion/2024-06-26_12-16-35_2776.png,18-59,female,white,white,woman,unknown,unknown,unknown,18-59|female|white,1302687,93d7dd50ed375e106cf154cf1cc55cddb5c78d7fde7890dbdbab94b8707269ac,Test,Sarampion,True,896,1152,00a00d1da74c9cf3b885b8b9ec4e47444ce9ba5f26a803433b8193d941abaa39,53bc3c55fbc28207,146.0890086340526,Test/Sarampion/2024-06-26_12-16-35_2776.png
Test/Sarampion/Sarampion (48).png,Test/Sarampion/Sarampion (48).png,Test,Sarampion,27,Man,asian,Test/Sarampion/Sarampion (48).png,18-59,male,asian,asian,man,unknown,unknown,unknown,18-59|male|asian,109260,e869ae7f8d00ca205a6626838f4c039bfc365c0ca5685465d4fd1e204e2b84a2,Test,Sarampion,True,224,224,2baf6c3d24deb52dd7277319b8819dc020d1471123307661a56790ae76b92f5d,59e55e162550f0eb,146.39453125,Test/Sarampion/Sarampion (48).png
Test/Sarampion/2024-06-26_18-25-29_9961.png,Test/Sarampion/2024-06-26_18-25-29_9961.png,Test,Sarampion,29,Woman,latino hispanic,Test/Sarampion/2024-06-26_18-25-29_9961.png,18-59,female,latino hispanic,latino hispanic,woman,unknown,unknown,unknown,18-59|female|latino hispanic,1377177,390159a57f3f34e3460418edfc27be72f1560e50e847e5aa90fba24f28d7eba8,Test,Sarampion,True,896,1152,e5ade0aa21fd43454e38a9a4b00ac0be20f38f0f9009df22934499d3106e3628,38fc40c7abd2b923,101.20988246372768,Test/Sarampion/2024-06-26_18-25-29_9961.png
Test/Sarampion/Sarampion (32).png,Test/Sarampion/Sarampion (32).png,Test,Sarampion,35,Man,white,Test/Sarampion/Sarampion (32).png,18-59,male,white,white,man,unknown,unknown,unknown,18-59|male|white,66629,cd30c06ab88cd2eb39000aa9a6b1508834660a90f40e6d39e1b357f2b845d41d,Test,Sarampion,True,224,224,065faf72579d7cb750763618e5156184edd57af4844d79b97fbeae0ab86b539c,9314719176ed9e13,55.70940290178572,Test/Sarampion/Sarampion (32).png
Test/Sarampion/2024-06-26_14-01-28_8761.png,Test/Sarampion/2024-06-26_14-01-28_8761.png,Test,Sarampion,30,Man,middle eastern,Test/Sarampion/2024-06-26_14-01-28_8761.png,18-59,male,middle eastern,middle eastern,man,unknown,unknown,unknown,18-59|male|middle eastern,1328277,d6d0944be39ebe851b3f256afa29926e7b0ce26834516ea8fe4e3a93abca4e51,Test,Sarampion,True,896,1152,348490f5bb213eaf9dcc10cc3f597b25592f9566713628c2468d6939ff6d454a,fbfef2c0fc108023,101.27273026723712,Test/Sarampion/2024-06-26_14-01-28_8761.png
Test/Sarampion/2024-06-26_18-55-27_6748.png,Test/Sarampion/2024-06-26_18-55-27_6748.png,Test,Sarampion,28,Man,indian,Test/Sarampion/2024-06-26_18-55-27_6748.png,18-59,male,indian,indian,man,unknown,unknown,unknown,18-59|male|indian,1428528,a9f2d4388eac9da03cff79cea736792f3573d7d5ab180fbaf3ec0bda9f896faa,Test,Sarampion,True,896,1152,02f25c57e5de530a86b0cae8f846c5fb9b1cb312d22a2bce2ed89ef05da5a454,b6b61345696a33a9,81.70384192088294,Test/Sarampion/2024-06-26_18-55-27_6748.png
Test/Sarampion/2024-06-26_17-15-57_5912.png,Test/Sarampion/2024-06-26_17-15-57_5912.png,Test,Sarampion,27,Woman,white,Test/Sarampion/2024-06-26_17-15-57_5912.png,18-59,female,white,white,woman,unknown,unknown,unknown,18-59|female|white,1296108,098c785b546fbdb52eff05779edf744a3151e6aa3eafa084892dde1a310eaa33,Test,Sarampion,True,896,1152,5691e61ed7c038b3f27c8a9460c688b22f23fa9019d75f90336e7f47d1ecc8f5,f01c63cf83cab703,119.49193076481896,Test/Sarampion/2024-06-26_17-15-57_5912.png
Test/Sarampion/2024-06-26_18-47-24_2909.png,Test/Sarampion/2024-06-26_18-47-24_2909.png,Test,Sarampion,32,Man,asian,Test/Sarampion/2024-06-26_18-47-24_2909.png,18-59,male,asian,asian,man,unknown,unknown,unknown,18-59|male|asian,1433042,60c7da3912929b695b9c61566b5da58f823ce894f6c464c2c767c7617899b375,Test,Sarampion,True,896,1152,9feea2f9974b644f09df1cc6a35d042660217cdc9a0e3d561935dcc067ea8adf,3ca4e403591ea9ef,106.97418309771824,Test/Sarampion/2024-06-26_18-47-24_2909.png
Test/Sarampion/2024-06-26_17-29-44_1576.png,Test/Sarampion/2024-06-26_17-29-44_1576.png,Test,Sarampion,28,Woman,white,Test/Sarampion/2024-06-26_17-29-44_1576.png,18-59,female,white,white,woman,unknown,unknown,unknown,18-59|female|white,1276506,17b34d81b49a7741263a05a5ba7b4bdc69d6639ec0011c9e73193ed745affec0,Test,Sarampion,True,896,1152,f80fdf1ce35484b9bfd12ca3ad56d6bfcd6737bc0b41b2d2fa30778005406b98,903ef05dca7d22a9,113.69117276630703,Test/Sarampion/2024-06-26_17-29-44_1576.png
Test/Sarampion/2024-06-26_18-46-32_6310.png,Test/Sarampion/2024-06-26_18-46-32_6310.png,Test,Sarampion,29,Man,latino hispanic,Test/Sarampion/2024-06-26_18-46-32_6310.png,18-59,male,latino hispanic,latino hispanic,man,unknown,unknown,unknown,18-59|male|latino hispanic,1474218,58e40f84b73be5f366c2bc94a6e01eefa0d9436f22a0595e773b041698812b37,Test,Sarampion,True,896,1152,65cb7206b7ce7b0af1bb74a8f74642810cb8d568fbc10f064a0bc59698ab10e9,7e1e7867e3d81103,84.72183179098462,Test/Sarampion/2024-06-26_18-46-32_6310.png
Test/Sarampion/2024-06-26_18-54-40_4156.png,Test/Sarampion/2024-06-26_18-54-40_4156.png,Test,Sarampion,29,Man,indian,Test/Sarampion/2024-06-26_18-54-40_4156.png,18-59,male,indian,indian,man,unknown,unknown,unknown,18-59|male|indian,1471493,ad933c28157612d8d7d932646f50411578a3ee505b8492a2b958ee22f77b20ec,Test,Sarampion,True,896,1152,41d05ee108efd66ad4a64a43199b7e7ad7443dd1ba39199d46f84a8d7701c493,d782fc38afc08a33,103.5774662078373,Test/Sarampion/2024-06-26_18-54-40_4156.png
Test/Sarampion/2024-06-26_12-16-14_5492.png,Test/Sarampion/2024-06-26_12-16-14_5492.png,Test,Sarampion,30,Woman,white,Test/Sarampion/2024-06-26_12-16-14_5492.png,18-59,female,white,white,woman,unknown,unknown,unknown,18-59|female|white,1291560,e467ef5d786cc9a28be6139363639fb1d8b091b3ab497389287ac3db00a693ab,Test,Sarampion,True,896,1152,e66d36074b317e1696033e91b200057b1fb0cdb27c87c035d35fa1fd1b00e944,9ad8ede965225589,128.1445535326761,Test/Sarampion/2024-06-26_12-16-14_5492.png
Test/Sarampion/2024-06-26_17-25-28_7382.png,Test/Sarampion/2024-06-26_17-25-28_7382.png,Test,Sarampion,28,Woman,white,Test/Sarampion/2024-06-26_17-25-28_7382.png,18-59,female,white,white,woman,unknown,unknown,unknown,18-59|female|white,1287980,0b2338c702ce2606c6afe60e19f54394556d858788a7b64bc21c9472d9156ff0,Test,Sarampion,True,896,1152,8c56323be4d2f29fe09df27371efc98f8c358c67dcb6827ab85e16e43cbe6c6b,52347ea90bea1fa1,129.45236448257688,Test/Sarampion/2024-06-26_17-25-28_7382.png
Test/Sarampion/2024-06-26_12-09-05_5942.png,Test/Sarampion/2024-06-26_12-09-05_5942.png,Test,Sarampion,31,Woman,white,Test/Sarampion/2024-06-26_12-09-05_5942.png,18-59,female,white,white,woman,unknown,unknown,unknown,18-59|female|white,1204593,a2867634868861daf723b37f9869138cdf84722eddd30ddbfe3a98988468e0db,Test,Sarampion,True,896,1152,245bd32093a51a1c9c906c1b14b9281b58638d498db37c3805d451b0f1c2bbbd,cad3a969ad22b589,121.82975938585068,Test/Sarampion/2024-06-26_12-09-05_5942.png
Test/Sarampion/2024-06-26_18-25-06_6595.png,Test/Sarampion/2024-06-26_18-25-06_6595.png,Test,Sarampion,28,Woman,white,Test/Sarampion/2024-06-26_18-25-06_6595.png,18-59,female,white,white,woman,unknown,unknown,unknown,18-59|female|white,1363510,c47745172983b67296cb1356509edd4aa6d488dfa764e89b6a79c661a828ad14,Test,Sarampion,True,896,1152,cce029c461d7c4eb95de0b08d45a4ede947b6800f1227e7d082a5e979bfc6922,7af03ae10f883f23,115.5610865032862,Test/Sarampion/2024-06-26_18-25-06_6595.png
Test/Sarampion/2024-06-26_17-14-45_6203.png,Test/Sarampion/2024-06-26_17-14-45_6203.png,Test,Sarampion,29,Woman,white,Test/Sarampion/2024-06-26_17-14-45_6203.png,18-59,female,white,white,woman,unknown,unknown,unknown,18-59|female|white,1313008,b70a17b08af2096d03131f96c59101297e6be3927283931e63d57c05d16a78cb,Test,Sarampion,True,896,1152,fe23ebffefd0908244444c41117d152d31b226d792bc63560e4baeefa0f30565,38783ca1e3c52a77,137.60889253162202,Test/Sarampion/2024-06-26_17-14-45_6203.png
Test/Sarampion/2024-06-26_17-16-45_3964.png,Test/Sarampion/2024-06-26_17-16-45_3964.png,Test,Sarampion,30,Woman,white,Test/Sarampion/2024-06-26_17-16-45_3964.png,18-59,female,white,white,woman,unknown,unknown,unknown,18-59|female|white,1306854,2e21660af28571d552e0a2b30c941a34118012218db440c3b9befeb437cf9840,Test,Sarampion,True,896,1152,f82bb44b686ab61cf91034a41231d23372ac5180a4cba0b0acd8d98b800eec86,fa1c59e58b823d23,125.87012978205604,Test/Sarampion/2024-06-26_17-16-45_3964.png
Test/Sarampion/2024-06-26_12-09-31_9870.png,Test/Sarampion/2024-06-26_12-09-31_9870.png,Test,Sarampion,30,Woman,white,Test/Sarampion/2024-06-26_12-09-31_9870.png,18-59,female,white,white,woman,unknown,unknown,unknown,18-59|female|white,1293915,408352ba1a133ff8b8f9fafa4a1ea6632ac91c973c0193948cae44228820b35b,Test,Sarampion,True,896,1152,0e75689567ec6505d76d72f0e7fd6bbf5ffb6a1da8a3d9f4b4adb407a7fcac55,ba9f21a1a16ccb1b,136.33882649739584,Test/Sarampion/2024-06-26_12-09-31_9870.png
Test/Sarampion/2024-06-26_12-17-18_7060.png,Test/Sarampion/2024-06-26_12-17-18_7060.png,Test,Sarampion,32,Woman,white,Test/Sarampion/2024-06-26_12-17-18_7060.png,18-59,female,white,white,woman,unknown,unknown,unknown,18-59|female|white,1239564,8bb36a3356fdebf314ca0f35e2bf0957dd0409f561af596bd894ef902427f616,Test,Sarampion,True,896,1152,99b97b39082287fc89c02bf34dad72cb273ad44229c744b8fc44e1f19e1544ee,7590dabb65615389,120.61976550874256,Test/Sarampion/2024-06-26_12-17-18_7060.png
Test/Sarampion/Sarampion (9).jpg,Test/Sarampion/Sarampion (9).jpg,Test,Sarampion,34,Man,white,Test/Sarampion/Sarampion (9).jpg,18-59,male,white,white,man,unknown,unknown,unknown,18-59|male|white,9836,963c631b9c17e1a81b6d180f8bca84ec1d848b8e0cfde93d5c9c7e7843ad1e9d,Test,Sarampion,True,380,286,5705faa0687c0bc0e6be5014f4ebd3f998fd840a3ea4325bf89bb0dbb2ec5d44,48c9966cb6e6961b,96.65756348914243,Test/Sarampion/Sarampion (9).jpg
Test/Sarampion/2024-06-26_17-24-12_1688.png,Test/Sarampion/2024-06-26_17-24-12_1688.png,Test,Sarampion,27,Woman,white,Test/Sarampion/2024-06-26_17-24-12_1688.png,18-59,female,white,white,woman,unknown,unknown,unknown,18-59|female|white,1309953,510914b6389add6b07e3b1811f38b03f97f51f032f474995504e1b58e3f8af7e,Test,Sarampion,True,896,1152,d4f419fc90aa7da6e25d2409b08569251fc50936d613efaaf257483cb74228ff,5a45e907a51afd0b,128.674802749876,Test/Sarampion/2024-06-26_17-24-12_1688.png
Test/Sarampion/2024-06-26_18-23-44_7036.png,Test/Sarampion/2024-06-26_18-23-44_7036.png,Test,Sarampion,28,Man,white,Test/Sarampion/2024-06-26_18-23-44_7036.png,18-59,male,white,white,man,unknown,unknown,unknown,18-59|male|white,1408251,a89dc6fbffa5482adf73dad123fa4171cd93b164f84e0dd45bc286794f757b38,Test,Sarampion,True,896,1152,c0eae8678365ae53e089216b2508c03d3a86dafd453176172f6b0c2139700b93,685a4dc38f92f923,104.3665509905134,Test/Sarampion/2024-06-26_18-23-44_7036.png
Test/Sarampion/2024-06-26_18-25-56_9550.png,Test/Sarampion/2024-06-26_18-25-56_9550.png,Test,Sarampion,29,Woman,white,Test/Sarampion/2024-06-26_18-25-56_9550.png,18-59,female,white,white,woman,unknown,unknown,unknown,18-59|female|white,1297527,22cf58d8b4156392a8e425c1aaf025965b5dc6a3555854193fb511b1d3ac6a5b,Test,Sarampion,True,896,1152,8583d9bf30d7c58f703f9027c655735fbe5d1ba63ceaabc79725458470aa55c4,78be41e3a308ff03,119.88544379340276,Test/Sarampion/2024-06-26_18-25-56_9550.png
Test/Sarampion/2024-06-26_18-46-57_1618.png,Test/Sarampion/2024-06-26_18-46-57_1618.png,Test,Sarampion,24,Man,latino hispanic,Test/Sarampion/2024-06-26_18-46-57_1618.png,18-59,male,latino hispanic,latino hispanic,man,unknown,unknown,unknown,18-59|male|latino hispanic,1362369,7b32bd67dccb030413d14aa29b2f795091cc12216eb3dfd596b7357d1803bb4b,Test,Sarampion,True,896,1152,065dd4001f14209b59ddb0de084ed8e71cdbb1fc05661f49fc90fc755c211a89,b746563743c68257,103.94361707899306,Test/Sarampion/2024-06-26_18-46-57_1618.png
Test/Sarampion/2024-06-26_14-56-41_7181.png,Test/Sarampion/2024-06-26_14-56-41_7181.png,Test,Sarampion,29,Man,middle eastern,Test/Sarampion/2024-06-26_14-56-41_7181.png,18-59,male,middle eastern,middle eastern,man,unknown,unknown,unknown,18-59|male|middle eastern,1326122,5340fc7d1247461905a358c4b580aca1622e8d756f7fcf413420b0ba9d477085,Test,Sarampion,True,896,1152,04b35207d09d16d32f1f330ddc563dfadc06eac5bc3ef3e093c1c410ca429209,3aa8795d590ce1e9,88.12990315755208,Test/Sarampion/2024-06-26_14-56-41_7181.png
Test/Sarampion/Sarampion (17).jpg,Test/Sarampion/Sarampion (17).jpg,Test,Sarampion,27,Man,white,Test/Sarampion/Sarampion (17).jpg,18-59,male,white,white,man,unknown,unknown,unknown,18-59|male|white,85050,09e1a3947c5cafb1bb636eb9d8b68ce5933d9eb6b3be459a7e6413eb46713d18,Test,Sarampion,True,1300,838,be2c3c12e0f2011c2603a5f75be9273f3bcd126fce9d21798271660feb3e684d,65d6b99af15e0921,145.93560950982192,Test/Sarampion/Sarampion (17).jpg
Test/Sarampion/2024-06-26_18-36-04_7670.png,Test/Sarampion/2024-06-26_18-36-04_7670.png,Test,Sarampion,30,Woman,white,Test/Sarampion/2024-06-26_18-36-04_7670.png,18-59,female,white,white,woman,unknown,unknown,unknown,18-59|female|white,1361158,dfd280e764630994077247a0dfc2ced06a3071caa1aa88612153361600fdc317,Test,Sarampion,True,896,1152,4ebc0c6581df6f002494a1ded32dae59194e75d49e05a438db8abd591ea8f99f,26da9ce94d6a5589,97.24729507688492,Test/Sarampion/2024-06-26_18-36-04_7670.png
Test/Sarampion/2024-06-26_17-24-34_7466.png,Test/Sarampion/2024-06-26_17-24-34_7466.png,Test,Sarampion,27,Woman,white,Test/Sarampion/2024-06-26_17-24-34_7466.png,18-59,female,white,white,woman,unknown,unknown,unknown,18-59|female|white,1246213,36833296710a49d5f64c9ad7a0420b56884f1cf5f80543773d5f7c5535a31333,Test,Sarampion,True,896,1152,7160f27a89c9ded159e71eb1961356172e4c1c2fe045a233888b48063a1dcc9c,1ece52fdb185e103,133.1202402266245,Test/Sarampion/2024-06-26_17-24-34_7466.png
Test/Sarampion/Sarampion (20).jpeg,Test/Sarampion/Sarampion (20).jpeg,Test,Sarampion,41,Man,white,Test/Sarampion/Sarampion (20).jpeg,18-59,male,white,white,man,unknown,unknown,unknown,18-59|male|white,6027,14956fae5a48a41bdab1e197cf8e9be0c6a6170e5589d991e0f987d8cb58fa21,Test,Sarampion,True,204,247,79e331e4ed4d2964502ed7881c05ba1ad2964072d49cbf786432befa12a9d0cc,19915e2c967c56ab,114.0123839009288,Test/Sarampion/Sarampion (20).jpeg
Val/Herpes/Herpes (59).jpg,Val/Herpes/Herpes (59).jpg,Val,Herpes,29,Man,white,Val/Herpes/Herpes (59).jpg,18-59,male,white,white,man,unknown,unknown,unknown,18-59|male|white,81372,de6de5fcec6919d3040fc2f46e385d591a47ea69eb59699376be4d50e5d4cd8f,Val,Herpes,True,400,263,4f9eec12e699abda04c4a97f498ce447a50fdb7da7fc2092cf2000995fc50779,db76262c09143e7b,80.17667300380228,Val/Herpes/Herpes (59).jpg
Val/Monkeypox/MonkeyPox (14).jpg,Val/Monkeypox/MonkeyPox (14).jpg,Val,Monkeypox,23,Man,white,Val/Monkeypox/MonkeyPox (14).jpg,18-59,male,white,white,man,unknown,unknown,unknown,18-59|male|white,236838,c5cf4bc017fe2fe2b09c6347eae9edafdc3ccf5a646e74c2f3a2d57621bd09a6,Val,Monkeypox,True,1900,1069,e42eed93020e4205b5c68dd891839e5cd62e3b11b7efdc6ea3cf5616f8b1b99b,498534f69c6d83b9,131.92314509379153,Val/Monkeypox/MonkeyPox (14).jpg
Val/Monkeypox/MonkeyPox (11).jpg,Val/Monkeypox/MonkeyPox (11).jpg,Val,Monkeypox,31,Man,asian,Val/Monkeypox/MonkeyPox (11).jpg,18-59,male,asian,asian,man,unknown,unknown,unknown,18-59|male|asian,469650,f5fb90a051d7046202cdb40b36c30a75fc327ba06dc516bcd1fd324048c0365c,Val,Monkeypox,True,1920,1080,64b7a7de61fb505a36779ff47a612d7ea2493da8d75fe2e768ae340b8f591872,b1bcf4a824725a2f,148.8785300925926,Val/Monkeypox/MonkeyPox (11).jpg
Val/Monkeypox/MonkeyPox (14).jpeg,Val/Monkeypox/MonkeyPox (14).jpeg,Val,Monkeypox,26,Man,white,Val/Monkeypox/MonkeyPox (14).jpeg,18-59,male,white,white,man,unknown,unknown,unknown,18-59|male|white,41848,6ec5a1aa5bc90bf8ff0d5c6aadd7b15c0b40504c32da9e85c87c47b8f48869d6,Val,Monkeypox,True,1200,900,1b31e3d0b7804a88ce288d2a249cb885256027a04f724263a9de90f778b4258d,5acd8dce9908d879,160.50783981481482,Val/Monkeypox/MonkeyPox (14).jpeg
Val/Varicela/ChickenPox (24).png,Val/Varicela/ChickenPox (24).png,Val,Varicela,44,Man,white,Val/Varicela/ChickenPox (24).png,18-59,male,white,white,man,unknown,unknown,unknown,18-59|male|white,87616,08ebff7fbe9b73159420b2b234ffe92cb4042c9d74ba741f1601f4b46e4560aa,Val,Varicela,True,224,224,041150fc1eb8ce91f69fa2817ae76f350b59277216a478f482a86b88f4c738b9,90de4fbe697a8501,168.91212930484693,Val/Varicela/ChickenPox (24).png
Val/Varicela/ChickenPox (5).jpg,Val/Varicela/ChickenPox (5).jpg,Val,Varicela,34,Man,asian,Val/Varicela/ChickenPox (5).jpg,18-59,male,asian,asian,man,unknown,unknown,unknown,18-59|male|asian,135081,9c0c14e371d1a41d8cc7ff6f150212b0cd5ecf404709351f960aea5c8aaa3790,Val,Varicela,True,1024,1024,43b95739f510ef5c3bd36ebcb1c83a3c7d242d4d341205df7e13fe18847cb569,ee583a25b93521d3,123.57368087768556,Train/Varicela/ChickenPox (225).jpg
Val/Varicela/ChickenPox (9).jpg,Val/Varicela/ChickenPox (9).jpg,Val,Varicela,27,Man,white,Val/Varicela/ChickenPox (9).jpg,18-59,male,white,white,man,unknown,unknown,unknown,18-59|male|white,31114,c42fb337f0604fbfd0ae4a8f0287a37ca16f23f3ab009e6d89b32d8519a3756e,Val,Varicela,True,600,596,94df46a25e476d3277139599d73244ccde7c934f9c1dceb28222ae21b016edc0,fba03336faf2c081,131.54099552572706,Val/Varicela/ChickenPox (9).jpg
Val/Melanoma/Melanoma (128).jpg,Val/Melanoma/Melanoma (128).jpg,Val,Melanoma,34,Man,white,Val/Melanoma/Melanoma (128).jpg,18-59,male,white,white,man,unknown,unknown,unknown,18-59|male|white,240959,328606c1a57e1d9cd230e74aef38c62d2428d89fc7718d16643af2ae59fd8786,Val,Melanoma,True,600,450,3c30b3890042052da219a3f2088e1329a0e56400a69245f88d4b68a4b567ec22,4179499b9c7b23a5,125.23367037037038,Val/Melanoma/Melanoma (128).jpg
Val/Melanoma/Melanoma (186).jpg,Val/Melanoma/Melanoma (186).jpg,Val,Melanoma,37,Man,white,Val/Melanoma/Melanoma (186).jpg,18-59,male,white,white,man,unknown,unknown,unknown,18-59|male|white,290223,96eea13d74e696d2114066ddc1572d7fc3da07a922e6d645ec0282a2798a1eee,Val,Melanoma,True,600,450,7f98cf8720391fa4b4dd24916a4189836e397224a35dd1766530bd790f8f0d1f,e626ced298c97323,139.23377037037037,Val/Melanoma/Melanoma (186).jpg
Val/Sarampion/Sarampion (41).png,Val/Sarampion/Sarampion (41).png,Val,Sarampion,26,Man,white,Val/Sarampion/Sarampion (41).png,18-59,male,white,white,man,unknown,unknown,unknown,18-59|male|white,79542,82253040641dd5ca8f25d8c09b78506811b7290e3a5d3feeb2dd469f6d04e002,Val,Sarampion,True,224,224,468686aa2994de60f1faf7f1be7b2cc9708cd7ab3ab0018044e2e7082bc62db3,c3b39b07991ae41d,134.00534119897958,Val/Sarampion/Sarampion (41).png
Val/Sarampion/Sarampion (2).png,Val/Sarampion/Sarampion (2).png,Val,Sarampion,23,Man,middle eastern,Val/Sarampion/Sarampion (2).png,18-59,male,middle eastern,middle eastern,man,unknown,unknown,unknown,18-59|male|middle eastern,2102670,ffb1664d29e9f354b693bb80da28190d64d0391af16f41d566966d97f04acc8f,Val,Sarampion,True,1418,1417,3f65755bbc32425056d2ec245057a9d569fa2d692638cd4f227544edfdb23780,53728494adac9b9b,136.29665665657694,Val/Sarampion/Sarampion (2).png
Val/Sarampion/Sarampion (18).png,Val/Sarampion/Sarampion (18).png,Val,Sarampion,34,Man,white,Val/Sarampion/Sarampion (18).png,18-59,male,white,white,man,unknown,unknown,unknown,18-59|male|white,67791,f0273c9c6cb675f60b0b881c03d2b8cfd6866ece172fbcf3e77d4040d892d63c,Val,Sarampion,True,224,224,a92437b34a8d5b21c90d315b85810df1433567a6ea61dd9657ba03357bf814ec,48c9966cb6e6961b,96.5758131377551,Test/Sarampion/Sarampion (9).jpg
Val/Sarampion/Sarampion (2).jpeg,Val/Sarampion/Sarampion (2).jpeg,Val,Sarampion,36,Man,asian,Val/Sarampion/Sarampion (2).jpeg,18-59,male,asian,asian,man,unknown,unknown,unknown,18-59|male|asian,108524,18a1cadee1ec262a4ac807402e7fdae6eab5b072b5880af71f63684c225320f4,Val,Sarampion,True,800,1222,15e63519deca56604fbbea50c00a059bf82d5de80bc359dea8b4093b9725fbda,40d6502f855ebef1,112.51528846153846,Test/Sarampion/Sarampion (33).png
Val/Sarampion/Sarampion (14).jpeg,Val/Sarampion/Sarampion (14).jpeg,Val,Sarampion,36,Man,white,Val/Sarampion/Sarampion (14).jpeg,18-59,male,white,white,man,unknown,unknown,unknown,18-59|male|white,4976,b2af60db29e32059ed29083a00f76b5e50d64a7fe04a22d73aa49b0845cee21c,Val,Sarampion,True,268,188,1172a39cc33d6bc49f7a21be366d93dc2af7c1f10f1402cc4e2cbcdf0d22bd50,f857a057905f23a9,146.40758971101937,Val/Sarampion/Sarampion (14).jpeg
Test/Varicela/ChickenPox (87).jpg,Test/Varicela/ChickenPox (87).jpg,Test,Varicela,11,Woman,white,Test/Varicela/ChickenPox (87).jpg,0-17,female,white,white,woman,unknown,unknown,unknown,0-17|female|white,44517,43184acc638ae26bb54250fe5f4699d3719f4fc1c55cf48aaa85129d1e388608,Test,Varicela,True,750,500,4b98ddb8f7f64e794e93f698cd6f8110235aa667cf552884e3afff441271fa71,30f6a61e3c44c7ad,129.41498933333332,Test/Varicela/ChickenPox (87).jpg
Train/Sarampion/2024-06-26_13-34-03_3621.png,Train/Sarampion/2024-06-26_13-34-03_3621.png,Train,Sarampion,30,Woman,white,Train/Sarampion/2024-06-26_13-34-03_3621.png,18-59,female,white,white,woman,unknown,unknown,unknown,18-59|female|white,1250584,2619e86bf3b9e487bdaef504ac5cce6074ded1ccd996f9c5070cd8c923dbc45b,Train,Sarampion,True,896,1152,41250aa760519a4d6c5e71271121952278ec8586c46a9ba677aacd697573d1c0,7bb931cf8e14a407,136.05571928478423,Train/Sarampion/2024-06-26_13-34-03_3621.png
Train/Sarampion/2024-06-26_17-21-31_4636.png,Train/Sarampion/2024-06-26_17-21-31_4636.png,Train,Sarampion,27,Woman,white,Train/Sarampion/2024-06-26_17-21-31_4636.png,18-59,female,white,white,woman,unknown,unknown,unknown,18-59|female|white,1242771,8a3763fa8a63302b8d9310e0b1710818ca34922a868654bd2e1d9466bfb68536,Train,Sarampion,True,896,1152,c6dd77f78a37739df41d4dd3cd64b046f8f17b9329b1043711956cc40b3b2455,1f3427415312afeb,120.73765927269343,Train/Sarampion/2024-06-26_17-21-31_4636.png
Train/Monkeypox/2024-06-27_13-57-20_2703.png,Train/Monkeypox/2024-06-27_13-57-20_2703.png,Train,Monkeypox,25,Man,black,Train/Monkeypox/2024-06-27_13-57-20_2703.png,18-59,male,black,black,man,unknown,unknown,unknown,18-59|male|black,1271330,a0496734f639ef8aed76c20f475498363ce3fe34af988da0f058bab10961bd4e,Train,Monkeypox,True,896,1152,db5e8fc8066765223b0f55307d9cbc8ec202776b244174b749dd83f791ea3342,6a566acb866d5135,83.93020193917411,Train/Monkeypox/2024-06-27_13-57-20_2703.png
Test/Varicela/2024-06-25_23-07-03_7302.png,Test/Varicela/2024-06-25_23-07-03_7302.png,Test,Varicela,25,Man,white,Test/Varicela/2024-06-25_23-07-03_7302.png,18-59,male,white,white,man,unknown,unknown,unknown,18-59|male|white,1227992,34858540ece1dbb5260bef0a4b13ad2ecb2049c5feba734dc42b7106e9b3f7a4,Test,Varicela,True,896,1152,1b42400ee4962022ad3ea8ddbf93ba747ba1693288457353022bfe6f1ca11f28,d61b46f158465bd1,145.91219656808036,Test/Varicela/2024-06-25_23-07-03_7302.png
Test/Herpes/2024-06-26_20-41-17_6240.png,Test/Herpes/2024-06-26_20-41-17_6240.png,Test,Herpes,27,Man,white,Test/Herpes/2024-06-26_20-41-17_6240.png,18-59,male,white,white,man,unknown,unknown,unknown,18-59|male|white,1099147,0f616dd3d29a3b57070bfeb90e9de813129bba8f64103fc28068100f96566542,Test,Herpes,True,896,1152,ca7c42b62036aef28f60abc0dd4ec55988a85d35ff5e716e30af876e0a31ad01,460bb38ca5963da7,135.9459499782986,Test/Herpes/2024-06-26_20-41-17_6240.png
Train/Varicela/2024-06-26_23-34-23_5504.png,Train/Varicela/2024-06-26_23-34-23_5504.png,Train,Varicela,23,Woman,white,Train/Varicela/2024-06-26_23-34-23_5504.png,18-59,female,white,white,woman,unknown,unknown,unknown,18-59|female|white,1112194,f9905284a0bf21392634ddbdfbf43ac3b6d0e0bac458965dcfb0dacce4fa4694,Train,Varicela,True,896,1152,49f35e80a2a3908c4dcf08aa8ff252ae9405f207a99f0943efb236d9806a5c36,43070f0ebc6cfc1b,145.02922033885167,Train/Varicela/2024-06-26_23-34-23_5504.png
Train/Varicela/2024-06-27_12-02-07_7463.png,Train/Varicela/2024-06-27_12-02-07_7463.png,Train,Varicela,21,Woman,white,Train/Varicela/2024-06-27_12-02-07_7463.png,18-59,female,white,white,woman,unknown,unknown,unknown,18-59|female|white,1253750,00e36c7926729c518f46a914e007e6668f56af6ee40a218383223476eda5c278,Train,Varicela,True,896,1152,c23dda4fdb02118435faade3a466b5884a9d807664f3298ff32ec9a130ea83e6,78494d1cb7e70e0d,112.99787055121529,Train/Varicela/2024-06-27_12-02-07_7463.png
Test/Monkeypox/2024-06-27_15-22-32_9308.png,Test/Monkeypox/2024-06-27_15-22-32_9308.png,Test,Monkeypox,31,Woman,latino hispanic,Test/Monkeypox/2024-06-27_15-22-32_9308.png,18-59,female,latino hispanic,latino hispanic,woman,unknown,unknown,unknown,18-59|female|latino hispanic,1604611,d259cf188946cc9bfc2f70d24ba3864e8fafc583ec4e456f3ba24a34896277b4,Test,Monkeypox,True,896,1152,03c9c8ce90d1c331522fe48bc070779332ed43aebef48eaeac8ca721dc0d6585,9490de1e2cf5254f,132.72209918309773,Test/Monkeypox/2024-06-27_15-22-32_9308.png
Train/Sarampion/2024-06-26_15-15-19_6482.png,Train/Sarampion/2024-06-26_15-15-19_6482.png,Train,Sarampion,42,Man,asian,Train/Sarampion/2024-06-26_15-15-19_6482.png,18-59,male,asian,asian,man,unknown,unknown,unknown,18-59|male|asian,1307672,5c1f9311f24842c92fd46dd93863bfa6ad6dcec6fad04a44ac0fccd087e3ab41,Train,Sarampion,True,896,1152,ea57c073269797e8a838b713de6825f9ae824c7be25c5e4433f617def9e6d4f1,8e88e0f8535ade2d,111.85826377263145,Train/Sarampion/2024-06-26_15-15-19_6482.png
Train/Sarampion/Sarampion (45).jpg,Train/Sarampion/Sarampion (45).jpg,Train,Sarampion,12,Man,white,Train/Sarampion/Sarampion (45).jpg,0-17,male,white,white,man,unknown,unknown,unknown,0-17|male|white,3840,42dbe9f112c6779a2040e2e25fd9e3ba3ee6737d6b292dfff5d1f7822702d858,Train,Sarampion,True,276,183,4a49f8efb186f9bbd2b0aff5626ea824556c06f9f2e48c8e069ccafd1e0fe81d,68292dad0f4e9d4d,182.87908846123383,Train/Sarampion/Sarampion (45).jpg
Train/Varicela/ChickenPox (133).jpg,Train/Varicela/ChickenPox (133).jpg,Train,Varicela,8,Man,white,Train/Varicela/ChickenPox (133).jpg,0-17,male,white,white,man,unknown,unknown,unknown,0-17|male|white,4280,80baad06680dacefbff880b1e0b5178e78dc65a9da013428376a9260712eeee9,Train,Varicela,True,275,183,a0b8a023ee79d16eaf56752e701e012953f3302c279f7b2697f2dbef097c2c01,f42030763e7e4d8d,177.4030601092896,Train/Varicela/ChickenPox (133).jpg
Test/Herpes/Herpes (38).jpg,Test/Herpes/Herpes (38).jpg,Test,Herpes,44,Man,asian,Test/Herpes/Herpes (38).jpg,18-59,male,asian,asian,man,unknown,unknown,unknown,18-59|male|asian,435813,8bb4a9b703e510ff2f6f5d89076fa6718c5aa1c0c579cad686fa792362897055,Test,Herpes,True,935,937,67043696c31b4e4669185bf7f06a6184de2fc978cb6906f50d6e278ea6f42b45,54ff3688625457a9,137.50889458334998,Test/Herpes/Herpes (38).jpg
Train/Varicela/ChickenPox (241).jpg,Train/Varicela/ChickenPox (241).jpg,Train,Varicela,8,Woman,white,Train/Varicela/ChickenPox (241).jpg,0-17,female,white,white,woman,unknown,unknown,unknown,0-17|female|white,7498,fa6b30a8f183e5cfc5389b8324bb736de26c027ad366096852f15267f4cbe7d6,Train,Varicela,True,168,299,24475b2a03d65cf7fd8b7ee5f9891d8cdb46cacbc907464d70a368a7711f2059,8f055566ce46c7a9,118.5642618251314,Train/Varicela/ChickenPox (241).jpg
Train/Monkeypox/MonkeyPox (142).png,Train/Monkeypox/MonkeyPox (142).png,Train,Monkeypox,51,Man,black,Train/Monkeypox/MonkeyPox (142).png,18-59,male,black,black,man,unknown,unknown,unknown,18-59|male|black,115429,fcd67c1aafd47c565c132f70c2923e59902f0f3ed4b823b1d32ed6d34b628f22,Train,Monkeypox,True,224,224,9f53a28168eaa184ed0506ee6b5894734f1c2e4267363b25fbde32314f8b8058,e9928582e46a7ce7,117.19636878188776,Train/Monkeypox/MonkeyPox (142).png
Train/Varicela/ChickenPox (192).jpg,Train/Varicela/ChickenPox (192).jpg,Train,Varicela,7,Man,white,Train/Varicela/ChickenPox (192).jpg,0-17,male,white,white,man,unknown,unknown,unknown,0-17|male|white,4175,4460c729ec8cd5d82a515d2caeb668c57e4517aa53b83d6aad9fb23526d29f83,Train,Varicela,True,275,183,76efeccda0c0e30aa9eb7199831796d6638a85bb03e927921d339b311369dfaf,29a5e1a7a58605f7,200.25291604570293,Train/Varicela/ChickenPox (192).jpg
Train/Monkeypox/MonkeyPox (178).jpg,Train/Monkeypox/MonkeyPox (178).jpg,Train,Monkeypox,7,Woman,white,Train/Monkeypox/MonkeyPox (178).jpg,0-17,female,white,white,woman,unknown,unknown,unknown,0-17|female|white,43371,1fedcfe320246a45c1357048f4f1d4bddfbe2277b8b504d151bbc8f8b32fc4c0,Train,Monkeypox,True,1248,770,218b9f3b90d2b5ebc36dbaa6ddb97c9d60c850591e72a60f093774d380f53b16,da8a98acacb4b4b5,161.64880328005327,Train/Monkeypox/MonkeyPox (178).jpg
Train/Varicela/ChickenPox (263).jpg,Train/Varicela/ChickenPox (263).jpg,Train,Varicela,11,Man,white,Train/Varicela/ChickenPox (263).jpg,0-17,male,white,white,man,unknown,unknown,unknown,0-17|male|white,4669,b727c0558cb17de042f0efa36400f9cceb2a7a16790b4251457eb2fd4e1ae788,Train,Varicela,True,259,194,ab323b02f0ad0fa1fea7f9b1d5aaecda5af99abffc9dc7b5a742d10698c82f45,4cccf4b4f4044bf3,123.46186761135216,Train/Varicela/ChickenPox (263).jpg
Train/Varicela/2024-06-25_21-34-59_8825.png,Train/Varicela/2024-06-25_21-34-59_8825.png,Train,Varicela,33,Man,white,Train/Varicela/2024-06-25_21-34-59_8825.png,18-59,male,white,white,man,unknown,unknown,unknown,18-59|male|white,1252795,68c24ae27889168bc008b6e394f7a72e31c5a3c563cffcacb6b4e434785dbecf,Train,Varicela,True,896,1152,dfbf248f8372cf37616c2a99c5eaf4dc65fa5f0839980e10fda08670d0edb1fc,ac9a4d20f8fccf21,140.81503247457837,Train/Varicela/2024-06-25_21-34-59_8825.png
Train/Sarampion/2024-06-26_15-04-05_3977.png,Train/Sarampion/2024-06-26_15-04-05_3977.png,Train,Sarampion,26,Man,asian,Train/Sarampion/2024-06-26_15-04-05_3977.png,18-59,male,asian,asian,man,unknown,unknown,unknown,18-59|male|asian,1374714,084e0d653cb5177938db5b4e91fb68ea9f2e4a51184e951ea00309641ab52a11,Train,Sarampion,True,896,1152,cb103c043a7ad9e41f15df4c2cd5c27b608e59d97f19d7be76635ad93b23a88e,b1da6692a9bc14e9,82.10920933314732,Train/Sarampion/2024-06-26_15-04-05_3977.png
Val/Varicela/ChickenPox (12).jpeg,Val/Varicela/ChickenPox (12).jpeg,Val,Varicela,13,Man,asian,Val/Varicela/ChickenPox (12).jpeg,0-17,male,asian,asian,man,unknown,unknown,unknown,0-17|male|asian,4786,6d03ca52c8b6ce6c4bdc4853cb72c01cad53c927463cd520f75204229c4a1bfc,Val,Varicela,True,210,240,d8894f21ec9f3b866d4dd84cdfd4d6b6883298eb46646d027a237af92a5cc450,83368b362c0eddf1,116.51664682539682,Val/Varicela/ChickenPox (12).jpeg
Train/Herpes/Herpes.jpg,Train/Herpes/Herpes.jpg,Train,Herpes,60,Man,asian,Train/Herpes/Herpes.jpg,60+,male,asian,asian,man,unknown,unknown,unknown,60+|male|asian,29611,fc3c31af9b4695c68bbee942dee644f5548808c2e7ef68c6dfeb3e42539c80ec,Train,Herpes,True,300,330,eba055e9a1d0bb6f7a7854c2ccff5fba4a901fefc787edcf6f5244496f53348a,4be378a18985bb55,145.4170808080808,Train/Herpes/Herpes.jpg
Train/Varicela/2024-06-25_23-26-55_5054.png,Train/Varicela/2024-06-25_23-26-55_5054.png,Train,Varicela,21,Woman,white,Train/Varicela/2024-06-25_23-26-55_5054.png,18-59,female,white,white,woman,unknown,unknown,unknown,18-59|female|white,1237337,3efa42306420dac9e2f31b6708ba5888c0793ba1d4a8c939cfb63a950ee387e4,Train,Varicela,True,896,1152,4aa55ae464ad2adfc0a7e23e5c327c20fab9550e29fc6a604b361a121ddf285f,727272e2e2e27389,137.79578896174354,Train/Varicela/2024-06-25_23-26-55_5054.png
Train/Sarampion/2024-06-26_13-58-38_3554.png,Train/Sarampion/2024-06-26_13-58-38_3554.png,Train,Sarampion,37,Man,middle eastern,Train/Sarampion/2024-06-26_13-58-38_3554.png,18-59,male,middle eastern,middle eastern,man,unknown,unknown,unknown,18-59|male|middle eastern,1286265,acab0b7f41c3bc6065e70eccc1416bfae6aa7e6ca4372278e129ca7401221e2c,Train,Sarampion,True,896,1152,4b4561c949a45d0c321a234e57ce019a9be81c932a1f34271874999721060364,70e467673e90b0cb,88.28907121930804,Train/Sarampion/2024-06-26_13-58-38_3554.png
Train/Monkeypox/2024-06-27_13-55-01_8231.png,Train/Monkeypox/2024-06-27_13-55-01_8231.png,Train,Monkeypox,34,Man,black,Train/Monkeypox/2024-06-27_13-55-01_8231.png,18-59,male,black,black,man,unknown,unknown,unknown,18-59|male|black,1214173,c330c0ce3b5028ce34fde6a4fe3353d6e38e7b0a57b590a779941ba6141a1030,Train,Monkeypox,True,896,1152,f8d52dc4dce26a8d90f12593492d4e9889bb5d38037966c4f64fcea88a4ee1fc,8b293031bd4ce7a7,60.983267647879465,Train/Monkeypox/2024-06-27_13-55-01_8231.png
Test/Herpes/2024-06-26_20-34-15_6954.png,Test/Herpes/2024-06-26_20-34-15_6954.png,Test,Herpes,34,Man,white,Test/Herpes/2024-06-26_20-34-15_6954.png,18-59,male,white,white,man,unknown,unknown,unknown,18-59|male|white,1169031,1b1d140a3a6657bbf1d6fd839ebfcf537a7a1ba65627c3aa1c2865a3843da0dc,Test,Herpes,True,896,1152,47f379c419f90766f0a4fde7baec0a5d619895b2cffd70de20def943526485a1,26206eeaf8b8e32d,124.76368543836806,Test/Herpes/2024-06-26_20-34-15_6954.png
Train/Sarampion/Sarampion (102).jpg,Train/Sarampion/Sarampion (102).jpg,Train,Sarampion,11,Man,white,Train/Sarampion/Sarampion (102).jpg,0-17,male,white,white,man,unknown,unknown,unknown,0-17|male|white,8310,67d433c18880b426cad305788c551509c4aa785ae33ef66e96562411af8d2e0a,Train,Sarampion,True,179,282,041cba9c7ac78df6c7c9865d71b6f6a92e079ae4db301c59a87f834141b1ebcd,50d5102fc45ebef1,116.64955029914022,Test/Sarampion/Sarampion (33).png
Train/Sarampion/2024-06-26_15-08-43_2940.png,Train/Sarampion/2024-06-26_15-08-43_2940.png,Train,Sarampion,28,Man,latino hispanic,Train/Sarampion/2024-06-26_15-08-43_2940.png,18-59,male,latino hispanic,latino hispanic,man,unknown,unknown,unknown,18-59|male|latino hispanic,1304853,6661c34b5b1ab14c88f1c78440da5508d7c879945b2c7614a1859dd9b2e662b8,Train,Sarampion,True,896,1152,95ac6ae7ad91d417fb7240b6b5601d6020356c7aee05916654cd7458726a9a3c,fede1e327052218b,103.91113959418402,Train/Sarampion/2024-06-26_15-08-43_2940.png
Train/Sarampion/2024-06-26_18-13-01_6573.png,Train/Sarampion/2024-06-26_18-13-01_6573.png,Train,Sarampion,28,Woman,middle eastern,Train/Sarampion/2024-06-26_18-13-01_6573.png,18-59,female,middle eastern,middle eastern,woman,unknown,unknown,unknown,18-59|female|middle eastern,1270702,03af3507a69fcb3ddac5cb79af3e153f23a08c897eabd6b08278e7859cf958f5,Train,Sarampion,True,896,1152,af490686f4bb5648f435107ebc992757fbe3c426c95093e36d2dd83785a7d19b,54d44e5e6626651f,125.08477105034724,Train/Sarampion/2024-06-26_18-13-01_6573.png
Train/Varicela/2024-06-25_23-42-05_6670.png,Train/Varicela/2024-06-25_23-42-05_6670.png,Train,Varicela,25,Woman,white,Train/Varicela/2024-06-25_23-42-05_6670.png,18-59,female,white,white,woman,unknown,unknown,unknown,18-59|female|white,1215121,87f8fe2928c900b5689c7483ee017a4db6c5f7129f9cc12373b2a3331599e5ed,Train,Varicela,True,896,1152,68c91e31720791da6eae74360131b68e081645d36125bf90ddd24b996077cb8c,4f88b8b3d7564a0b,139.70734320746527,Train/Varicela/2024-06-25_23-42-05_6670.png
Train/Monkeypox/2024-06-27_15-30-27_8136.png,Train/Monkeypox/2024-06-27_15-30-27_8136.png,Train,Monkeypox,59,Man,indian,Train/Monkeypox/2024-06-27_15-30-27_8136.png,18-59,male,indian,indian,man,unknown,unknown,unknown,18-59|male|indian,1536075,ff703f3b95bf2bfdbfbcabfc0ffe05461238626e067b4fbf4a8f7154b954a6c0,Train,Monkeypox,True,896,1152,2d391874917a5e62dec39259684cde87f1f8e6d738f00f84b8cd9f632513aa90,89295a2c25cbf4b7,149.4072488451761,Train/Monkeypox/2024-06-27_15-30-27_8136.png
Train/Varicela/2024-06-27_00-08-58_9769.png,Train/Varicela/2024-06-27_00-08-58_9769.png,Train,Varicela,33,Woman,white,Train/Varicela/2024-06-27_00-08-58_9769.png,18-59,female,white,white,woman,unknown,unknown,unknown,18-59|female|white,1244384,699907f71d45bd2cafec32c223d284284444b1832e72974aca16fb71e2a18bbf,Train,Varicela,True,896,1152,332b7133a3ab62d1fe954aed21b6e7043cc956aa5b8bcb124dd9ba7d72ddffed,cec4d4b0a8b839d7,127.13643101283482,Train/Varicela/2024-06-27_00-08-58_9769.png
Train/Varicela/2024-06-27_12-03-59_8548.png,Train/Varicela/2024-06-27_12-03-59_8548.png,Train,Varicela,25,Woman,white,Train/Varicela/2024-06-27_12-03-59_8548.png,18-59,female,white,white,woman,unknown,unknown,unknown,18-59|female|white,1166639,71fefa499bd0ed2f0e466164a587749548cd23bdf3a6302fc6f913c311ea52c7,Train,Varicela,True,896,1152,9399022ca58cafd1b09b422d8e41daa66b47b0d9058ab7aa3cb8627b203838d8,1a37771a5b0fa283,103.90932404048858,Train/Varicela/2024-06-27_12-03-59_8548.png
Train/Varicela/2024-06-26_21-14-28_3487.png,Train/Varicela/2024-06-26_21-14-28_3487.png,Train,Varicela,25,Man,white,Train/Varicela/2024-06-26_21-14-28_3487.png,18-59,male,white,white,man,unknown,unknown,unknown,18-59|male|white,1171223,36f05107350322baffe42a1d5b37426c392cf50b3af7e71de8619675c3570db2,Train,Varicela,True,896,1152,c89a57745a7f49d45d88f099937e0c766d963a09a932df219b1eca64fc5aad7a,d6b3b0b12934253f,148.5895027281746,Train/Varicela/2024-06-26_21-14-28_3487.png
Train/Herpes/Herpes (261).jpg,Train/Herpes/Herpes (261).jpg,Train,Herpes,29,Woman,asian,Train/Herpes/Herpes (261).jpg,18-59,female,asian,asian,woman,unknown,unknown,unknown,18-59|female|asian,6505,5e6e7839eec9b00f425fb4adb990e07e02661a03518af61ad29c519e713162c6,Train,Herpes,True,214,235,b939ee9d4487f588afe2d4af288a1caa576e8dcab04cc5508e1c8f83b3eb12d0,ccfc2cf00c6cf613,101.4739908530523,Train/Herpes/Herpes (261).jpg
Train/Monkeypox/2024-06-27_16-35-25_1474.png,Train/Monkeypox/2024-06-27_16-35-25_1474.png,Train,Monkeypox,34,Woman,latino hispanic,Train/Monkeypox/2024-06-27_16-35-25_1474.png,18-59,female,latino hispanic,latino hispanic,woman,unknown,unknown,unknown,18-59|female|latino hispanic,1368215,6a93f953bfa6d9fbdbd66dea99fad0d42ca69b093d57f4d256d99a236b0ac87a,Train,Monkeypox,True,896,1152,4f092fb5b32f0ad37bd64882ca9a04a750ba5805ca1a18b286b50caa4c9286e7,a81b3624ebf89395,108.08815220424108,Train/Monkeypox/2024-06-27_16-35-25_1474.png
Train/Varicela/ChickenPox (91).jpg,Train/Varicela/ChickenPox (91).jpg,Train,Varicela,8,Woman,white,Train/Varicela/ChickenPox (91).jpg,0-17,female,white,white,woman,unknown,unknown,unknown,0-17|female|white,123628,ab6a3ebf5574f4e7417aa8630762a3a904ee3fc31ea89548481ad9444bd8efb6,Train,Varicela,True,1280,720,0a577a9f8e7103de3efd4d8b1b0328aeb1b1dc8c0d17d7d0968b0a7da7862054,291c33a15d6aa5d7,168.34131293402777,Train/Varicela/ChickenPox (91).jpg
Train/Sarampion/Sarampion (69).png,Train/Sarampion/Sarampion (69).png,Train,Sarampion,8,Man,white,Train/Sarampion/Sarampion (69).png,0-17,male,white,white,man,unknown,unknown,unknown,0-17|male|white,81803,64395622b4a5678ccdcd0d375cefd390873635bbcc823f4347ec952d5904bf0f,Train,Sarampion,True,224,224,6f32277445c77ef3cffe0cc3d8ce69c764bc26b2632b4009109557108178f329,e30dd885f6833c63,99.3744818239796,Train/Sarampion/Sarampion (69).png
Val/Sarampion/Sarampion (14).png,Val/Sarampion/Sarampion (14).png,Val,Sarampion,5,Man,white,Val/Sarampion/Sarampion (14).png,0-17,male,white,white,man,unknown,unknown,unknown,0-17|male|white,90931,9b94d963ff719379d244bba5d6705107b40fc0f187cdc90a30ab1051931ab633,Val,Sarampion,True,224,224,f3edb0efef7a98d2c6a48eefbebdd46534f6a4236260d1a0ac6670039fbbadb0,19c8f3bec62198b5,145.8907844387755,Val/Sarampion/Sarampion (14).png
Train/Varicela/2024-06-27_12-01-22_7986.png,Train/Varicela/2024-06-27_12-01-22_7986.png,Train,Varicela,22,Woman,white,Train/Varicela/2024-06-27_12-01-22_7986.png,18-59,female,white,white,woman,unknown,unknown,unknown,18-59|female|white,1213330,276541f776bdacab55c57eaa780eb1c6bdf59e97d4736f3909bf30efe77278da,Train,Varicela,True,896,1152,0953782b23798c333e499dce4ce9dfb48190d19b4d63c0bc6f50240d47f3bc68,971d3d38a8ca86e3,101.62661597842262,Train/Varicela/2024-06-27_12-01-22_7986.png
Train/Sarampion/2024-06-26_11-59-57_7197.png,Train/Sarampion/2024-06-26_11-59-57_7197.png,Train,Sarampion,26,Woman,white,Train/Sarampion/2024-06-26_11-59-57_7197.png,18-59,female,white,white,woman,unknown,unknown,unknown,18-59|female|white,1386130,e57436f159fbaa46854be5901ae0c2474e8566b0ede0f561cf6d7f24f7bbbcd4,Train,Sarampion,True,896,1152,ff5d18b01420b880e28f08862cbc1253e3607420b1a1fe05d9d5712c3eb935f4,bc860ece2c54d46f,130.487064422123,Train/Sarampion/2024-06-26_11-59-57_7197.png
Train/Sarampion/Sarampion (123).jpg,Train/Sarampion/Sarampion (123).jpg,Train,Sarampion,9,Woman,white,Train/Sarampion/Sarampion (123).jpg,0-17,female,white,white,woman,unknown,unknown,unknown,0-17|female|white,15276,d2a92dbd375eddaa59a5a74a7cb074f51a7e621d581bdfc93bbec018fe182d91,Train,Sarampion,True,256,256,2f969cd10855bde6101521ce9afb56847ff61a9f928a6e4f3c1a70c0a4cfaa01,87743c0cb4c636d7,191.39830017089844,Train/Sarampion/Sarampion (123).jpg
Train/Herpes/2024-06-24_22-08-54_7574.png,Train/Herpes/2024-06-24_22-08-54_7574.png,Train,Herpes,32,Man,white,Train/Herpes/2024-06-24_22-08-54_7574.png,18-59,male,white,white,man,unknown,unknown,unknown,18-59|male|white,961559,47afe9783637dcc33979c72cc52730b117232104d5289c1546999cfd40f3a239,Train,Herpes,True,896,1152,be9e46709d5316d800908ba76b7a43086516e3fe206380a2d26b72eac642ddb6,a60db9232776616d,57.82550436352927,Train/Herpes/2024-06-24_22-08-54_7574.png
Train/Monkeypox/2024-06-27_14-17-03_8584.png,Train/Monkeypox/2024-06-27_14-17-03_8584.png,Train,Monkeypox,35,Man,asian,Train/Monkeypox/2024-06-27_14-17-03_8584.png,18-59,male,asian,asian,man,unknown,unknown,unknown,18-59|male|asian,1423903,636a5e3ad5f1e0f63ae7110f5deabed9dae3da5063a4c8980a9f2066472ef0e8,Train,Monkeypox,True,896,1152,6c5691586a11aa91498e28753101594961b91d47b0425b547c8b5d4d931f93fc,f8a37454121afea9,67.46436418805804,Train/Monkeypox/2024-06-27_14-17-03_8584.png
Train/Varicela/2024-06-26_21-50-27_6383.png,Train/Varicela/2024-06-26_21-50-27_6383.png,Train,Varicela,38,Man,white,Train/Varicela/2024-06-26_21-50-27_6383.png,18-59,male,white,white,man,unknown,unknown,unknown,18-59|male|white,1121892,33ed45a7e14e160b79754caccd6a68ce01b36e253ed80f3fe6b92e5b6a7be632,Train,Varicela,True,896,1152,673596e3ef48a92116cafa082b2644e36aa1c291ccf99a309198dc5d8ff56659,fa03183dad64278f,153.93981255425348,Train/Varicela/2024-06-26_21-50-27_6383.png
Test/Herpes/Herpes (51).jpg,Test/Herpes/Herpes (51).jpg,Test,Herpes,31,Woman,white,Test/Herpes/Herpes (51).jpg,18-59,female,white,white,woman,unknown,unknown,unknown,18-59|female|white,62295,6bca57b6e6349a9c458ccc5be39c090873a60a88e863a984460572d632556ce4,Test,Herpes,True,1100,734,cf46f6a8873ae67eb5c1ce0080d6f6fed3904771f5e3de774100049b6edbe84c,83c80f7c9ffb0407,158.9651374783255,Test/Herpes/Herpes (51).jpg
Train/Sarampion/Sarampion (85).jpg,Train/Sarampion/Sarampion (85).jpg,Train,Sarampion,4,Woman,white,Train/Sarampion/Sarampion (85).jpg,0-17,female,white,white,woman,unknown,unknown,unknown,0-17|female|white,4798,8f6af1dc718912d67f615699f96f86227adac2ff0f4b25fc7f357ab55e751dee,Train,Sarampion,True,259,194,046629b9e01fb2faf830307107f95be636e587aba49160c4214a0cef76a8f1b2,47f97c0d01e1e0ed,116.3192890976396,Train/Sarampion/Sarampion (85).jpg
Train/Herpes/Herpes.png,Train/Herpes/Herpes.png,Train,Herpes,59,Woman,white,Train/Herpes/Herpes.png,18-59,female,white,white,woman,unknown,unknown,unknown,18-59|female|white,677903,3e2082d2f9cd78fc5ff4c84f46edf87dc2db6c88ca5f79de758f0c1f303923db,Train,Herpes,True,780,439,8ac52d4d96a3c16a38a67c7b4664b6856e7fdf90e7165b96dc23fed58fa04895,19988b169d6f4733,141.31065942409907,Train/Herpes/Herpes.png
Train/Varicela/ChickenPox (255).jpg,Train/Varicela/ChickenPox (255).jpg,Train,Varicela,13,Man,white,Train/Varicela/ChickenPox (255).jpg,0-17,male,white,white,man,unknown,unknown,unknown,0-17|male|white,2749,0a69d19f5d59c1abf3efe12aa659862ce622a5144742d77e62ea76e48e6a210e,Train,Varicela,True,275,183,459a0a67da2cb9275b2fa2de35e9b8a53edaf0f9b1f4a39b00cfb3fa2e86dcb3,ded8080c3f76f0c3,121.33897665176352,Train/Varicela/ChickenPox (255).jpg
Train/Monkeypox/2024-06-27_16-32-03_5617.png,Train/Monkeypox/2024-06-27_16-32-03_5617.png,Train,Monkeypox,45,Man,latino hispanic,Train/Monkeypox/2024-06-27_16-32-03_5617.png,18-59,male,latino hispanic,latino hispanic,man,unknown,unknown,unknown,18-59|male|latino hispanic,1621708,fe21f49855c1faafac412d3228d6f2cb06191a8a39becec065b887a431668770,Train,Monkeypox,True,896,1152,572e43b916c4325a1ccec6382cb0c8e13414f4e4c19891704fda5d29d4e35cf5,21921c86790f71ff,127.28249879867312,Train/Monkeypox/2024-06-27_16-32-03_5617.png
Train/Varicela/ChickenPox (221).jpg,Train/Varicela/ChickenPox (221).jpg,Train,Varicela,7,Woman,white,Train/Varicela/ChickenPox (221).jpg,0-17,female,white,white,woman,unknown,unknown,unknown,0-17|female|white,3176,a775238d714f8bf621fe67cb77fc6aaab4036663f8c32941ecaae9a20eca65a4,Train,Varicela,True,265,190,8e74ba74942d0e6ee9d28558c6a1705cacc38165f6d2dfe9e8d470db831c7ed3,51e3a54b6315b52b,110.0777159880834,Train/Varicela/ChickenPox (221).jpg
Test/Monkeypox/MonkeyPox (134).jpg,Test/Monkeypox/MonkeyPox (134).jpg,Test,Monkeypox,34,Woman,indian,Test/Monkeypox/MonkeyPox (134).jpg,18-59,female,indian,indian,woman,unknown,unknown,unknown,18-59|female|indian,7593,7e09fdc439566a228271b9e1f0529010793551821f6a2ff6e48b72b21d7190c7,Test,Monkeypox,True,294,222,b9acc65037d8f1b1dabe32c876f6c91b5e9197f047c5c409d61d4e47065efe57,30625b9449bad7d5,118.81542256542257,Test/Monkeypox/MonkeyPox (134).jpg
Train/Sarampion/Sarampion (73).jpg,Train/Sarampion/Sarampion (73).jpg,Train,Sarampion,4,Man,asian,Train/Sarampion/Sarampion (73).jpg,0-17,male,asian,asian,man,unknown,unknown,unknown,0-17|male|asian,5803,5c0c348b39db00bf4d3131c7e137ebccaabba2102fe47dfdb5e204a73a48101c,Train,Sarampion,True,240,210,813b80458c644497730077122246bb82ceeef69ceb23fcd9b1f444b82591e53b,073e1674e152e17b,136.7621626984127,Train/Sarampion/Sarampion (73).jpg
Train/Monkeypox/2024-06-27_13-58-11_9592.png,Train/Monkeypox/2024-06-27_13-58-11_9592.png,Train,Monkeypox,31,Man,black,Train/Monkeypox/2024-06-27_13-58-11_9592.png,18-59,male,black,black,man,unknown,unknown,unknown,18-59|male|black,1226958,ebd4595e58ef2e8184862e0d1182bca2b2ca037f01f73c2def0e8923952ef84c,Train,Monkeypox,True,896,1152,0cbaa07baf3267bdfad31f4a19aa7a63a27c026d7c9c85571d0afb6a3f5a49fe,1939a9da69298f2d,76.74955628410218,Train/Monkeypox/2024-06-27_13-58-11_9592.png
Test/Varicela/ChickenPox (49).png,Test/Varicela/ChickenPox (49).png,Test,Varicela,6,Man,white,Test/Varicela/ChickenPox (49).png,0-17,male,white,white,man,unknown,unknown,unknown,0-17|male|white,61843,c1baf12f001ebc1496a5d732310dcdfbcf65ef51e093c04a32a08ac8401a9e65,Test,Varicela,True,224,224,35ed964038304e9884f3f29f4833dd34d24b774f65b6821b1ea57a61c341fb70,e19af8d688e3f109,165.76821588010205,Test/Varicela/ChickenPox (49).png
Train/Herpes/2024-06-24_21-30-27_9522.png,Train/Herpes/2024-06-24_21-30-27_9522.png,Train,Herpes,35,Man,white,Train/Herpes/2024-06-24_21-30-27_9522.png,18-59,male,white,white,man,unknown,unknown,unknown,18-59|male|white,1162273,73b8d4c084ebbd0fcc1a12a06f4bf80e5c5a8402a7a009c3764e07a61d50b4b6,Train,Herpes,True,896,1152,7599237949527572fd317cfac112a9be40eeb15fd47b2b61811765727e456efd,efce0b67f0a08989,86.83443099733383,Train/Herpes/2024-06-24_21-30-27_9522.png
Train/Varicela/ChickenPox (228).jpg,Train/Varicela/ChickenPox (228).jpg,Train,Varicela,8,Woman,white,Train/Varicela/ChickenPox (228).jpg,0-17,female,white,white,woman,unknown,unknown,unknown,0-17|female|white,6030,9cdcb13a1735e0a8415b94d690cd1943031581d0478f44cce0ccf2394369c7a0,Train,Varicela,True,256,171,e552584431d51476e5e487c52534f948a3aa5b6ea0e10f4a1686f718d9ae1751,38397a34f95865e1,123.6764437134503,Train/Varicela/ChickenPox (228).jpg
Train/Sarampion/2024-06-26_16-11-54_9373.png,Train/Sarampion/2024-06-26_16-11-54_9373.png,Train,Sarampion,29,Man,white,Train/Sarampion/2024-06-26_16-11-54_9373.png,18-59,male,white,white,man,unknown,unknown,unknown,18-59|male|white,1114100,51ec58d76736cc8f4ad96f847f3c7f8caddeba0ffa69996a0373ec55a6211315,Train,Sarampion,True,896,1152,06834fc697a5673ed2f3aad9e5fc046db53db3053b2c31ac3030cf37b5775317,ecf91456584a4be9,102.56741962735614,Train/Sarampion/2024-06-26_16-11-54_9373.png
Train/Herpes/Herpes (262).jpg,Train/Herpes/Herpes (262).jpg,Train,Herpes,11,Woman,asian,Train/Herpes/Herpes (262).jpg,0-17,female,asian,asian,woman,unknown,unknown,unknown,0-17|female|asian,6899,f48756dceb61c3644501564ac3c38af55e65b2b390c719a49c8a6cc5bb0cbe41,Train,Herpes,True,262,192,3b3a7bfaad399f44b5801b9feee08f09eaea3ed0d492297f9ab47447cb7a8b63,219e615eb1c68db9,94.05049300254451,Train/Herpes/Herpes (262).jpg
Test/Herpes/Herpes (74).jpg,Test/Herpes/Herpes (74).jpg,Test,Herpes,30,Woman,asian,Test/Herpes/Herpes (74).jpg,18-59,female,asian,asian,woman,unknown,unknown,unknown,18-59|female|asian,22626,41c66cf42de937aa98fa0673be40c6e332d19135955b1daf3dd94dade6e84f9d,Test,Herpes,True,474,355,2fcdc481978afa35e49bc1a03df75af3185fe6ead1b911f12570f33d2118f758,284d99a19307efd3,168.0745112022345,Test/Herpes/Herpes (74).jpg
Train/Sarampion/2024-06-26_12-58-54_4368.png,Train/Sarampion/2024-06-26_12-58-54_4368.png,Train,Sarampion,30,Woman,latino hispanic,Train/Sarampion/2024-06-26_12-58-54_4368.png,18-59,female,latino hispanic,latino hispanic,woman,unknown,unknown,unknown,18-59|female|latino hispanic,1398716,6a01909f038996206473487cfd7bcb50109e164202acf6c2136ca9927b6149bd,Train,Sarampion,True,896,1152,2470de8f260dcaacb915dc5c11c1da23cfc77351a8d3f330e83ae5a26a6d5632,a26060e4f45cddf5,100.53918069506447,Train/Sarampion/2024-06-26_12-58-54_4368.png
Train/Monkeypox/2024-06-27_16-03-29_1919.png,Train/Monkeypox/2024-06-27_16-03-29_1919.png,Train,Monkeypox,33,Woman,asian,Train/Monkeypox/2024-06-27_16-03-29_1919.png,18-59,female,asian,asian,woman,unknown,unknown,unknown,18-59|female|asian,1698281,606e84d78bf8e0b1df735b5d82b873ae74d8801150ac6d38b1c92a80e178da71,Train,Monkeypox,True,896,1152,3f1c83b1035713f302b4ed801fd3c3e66ef6c21788113dda0caaedc90f5a1512,46e8e4869e1fa535,128.408688499814,Train/Monkeypox/2024-06-27_16-03-29_1919.png
Test/Sarampion/2024-06-26_15-06-38_7428.png,Test/Sarampion/2024-06-26_15-06-38_7428.png,Test,Sarampion,35,Man,indian,Test/Sarampion/2024-06-26_15-06-38_7428.png,18-59,male,indian,indian,man,unknown,unknown,unknown,18-59|male|indian,1312603,1bb8fabc36ba28332bfa42de0e59bfc79329553ce031f7e9e17802f0a93d289f,Test,Sarampion,True,896,1152,015dfbf1ddb071def1966608ab0a05f961726d31ec8890b8c11efec031371cb4,a6a6d64596d8a8e5,86.52148921906002,Test/Sarampion/2024-06-26_15-06-38_7428.png
Train/Varicela/2024-06-26_21-42-24_5384.png,Train/Varicela/2024-06-26_21-42-24_5384.png,Train,Varicela,36,Man,white,Train/Varicela/2024-06-26_21-42-24_5384.png,18-59,male,white,white,man,unknown,unknown,unknown,18-59|male|white,1079455,ee0867dd10ac35117e04e0ef5eaa9497c064c09aa37f9ee58be8d357cfaebff4,Train,Varicela,True,896,1152,fb0c1415e559d2af30633ecaf7c49967543e197297a226b852d1e8d9d25013db,f474d2da528ada29,131.40067642454116,Train/Varicela/2024-06-26_21-42-24_5384.png
Train/Varicela/2024-06-25_22-36-19_9409.png,Train/Varicela/2024-06-25_22-36-19_9409.png,Train,Varicela,40,Man,asian,Train/Varicela/2024-06-25_22-36-19_9409.png,18-59,male,asian,asian,man,unknown,unknown,unknown,18-59|male|asian,1096840,ecb9f9207a72d3bce35913402a1eae5768094d3252743b904cb9fc712bb8a9b1,Train,Varicela,True,896,1152,14ce4d70ea618d00f0bd5f1c7680047af682debc7446030587bceb0fb2a4d78c,13e6c9d05678fc43,140.11626131572422,Train/Varicela/2024-06-25_22-36-19_9409.png
Test/Sarampion/2024-06-26_11-54-26_3910.png,Test/Sarampion/2024-06-26_11-54-26_3910.png,Test,Sarampion,40,Woman,white,Test/Sarampion/2024-06-26_11-54-26_3910.png,18-59,female,white,white,woman,unknown,unknown,unknown,18-59|female|white,1281695,30fd4966f173c23097faa662866c9f2382cb9b40d16383256c2991061ee741da,Test,Sarampion,True,896,1152,99200b8e71940d75e27f0dc92a5a8fdc9f85cd09fbeb63d1de1ebfb30a005947,343456a61e5e8f65,132.84605867900547,Test/Sarampion/2024-06-26_11-54-26_3910.png
Train/Monkeypox/2024-06-27_15-30-04_7633.png,Train/Monkeypox/2024-06-27_15-30-04_7633.png,Train,Monkeypox,61,Man,white,Train/Monkeypox/2024-06-27_15-30-04_7633.png,60+,male,white,white,man,unknown,unknown,unknown,60+|male|white,1792598,b1db51dc27046d6608dda26c83fbdfe0d4fd5e1ce038acd4c6860aaadf3c4dfa,Train,Monkeypox,True,896,1152,d68c4815578dbc6b2c085de24fe4d45cf4ed66d8062f1e01d2ae7c028a6d5fee,a50af5aa50d14e77,140.4371076311384,Train/Monkeypox/2024-06-27_15-30-04_7633.png
Train/Herpes/2024-06-24_22-23-40_9531.png,Train/Herpes/2024-06-24_22-23-40_9531.png,Train,Herpes,40,Man,white,Train/Herpes/2024-06-24_22-23-40_9531.png,18-59,male,white,white,man,unknown,unknown,unknown,18-59|male|white,1110121,3b04b0f1183bc65397c198fee39e6b0e01cbe590f58ffa3fc4279ad8af57df98,Train,Herpes,True,896,1152,4739a4ef3d70b1281839dba79d41d3d068d255b59ac58c0f15b9b4668a30419a,d96c0db4467c32cb,100.9455072312128,Train/Herpes/2024-06-24_22-23-40_9531.png
Train/Sarampion/Sarampion (45).png,Train/Sarampion/Sarampion (45).png,Train,Sarampion,5,Man,black,Train/Sarampion/Sarampion (45).png,0-17,male,black,black,man,unknown,unknown,unknown,0-17|male|black,95195,5d8963e24a3bc2d2a0230e648b65a19ee21274f30ccba19df9aaa6e76d1572cc,Train,Sarampion,True,224,224,dced8d0450773e673b025ea84f5298d3f7441808bf2af6ba1ca9a9d7e7d59969,a182bd93c3b8ba17,106.42191485969389,Train/Sarampion/Sarampion (45).png
Val/Herpes/Herpes (28).jpg,Val/Herpes/Herpes (28).jpg,Val,Herpes,43,Woman,indian,Val/Herpes/Herpes (28).jpg,18-59,female,indian,indian,woman,unknown,unknown,unknown,18-59|female|indian,31443,e6f45ba249e16ec9b35c336e307c8aba51f13d7cc0bff02323a6fbf37e0bd96d,Val,Herpes,True,651,512,f2e4640ad47392dbf4dfaa22f9e91b89e1ce9c8a84a5ea69d65a454327d46ae4,daf6d6b998686103,127.79141765072964,Val/Herpes/Herpes (28).jpg
Train/Varicela/ChickenPox (229).jpg,Train/Varicela/ChickenPox (229).jpg,Train,Varicela,11,Man,white,Train/Varicela/ChickenPox (229).jpg,0-17,male,white,white,man,unknown,unknown,unknown,0-17|male|white,5210,b4fdf3d3b4d4961e63514c20a4eaca2521f8023207458011a613a180cd13d04e,Train,Varicela,True,225,225,94070a53dfe8c87b88f943e8f937ea2e6d4ccd16cbcfcd7cf8dc4ed67360d138,f4b7d64e80296c65,178.90330864197531,Train/Varicela/ChickenPox (229).jpg
Train/Herpes/2024-06-24_22-37-38_3707.png,Train/Herpes/2024-06-24_22-37-38_3707.png,Train,Herpes,34,Man,white,Train/Herpes/2024-06-24_22-37-38_3707.png,18-59,male,white,white,man,unknown,unknown,unknown,18-59|male|white,1030493,879c7773de9934f58cbb7d6efa9caa77a8f321c6f0a49beb7ebffc78f93c9a49,Train,Herpes,True,896,1152,c9e337dd333c1753968e7f53084f4484b91a192559261a82e92553b399eac0bc,6fc88b1af28668d5,59.07143729073661,Train/Herpes/2024-06-24_22-37-38_3707.png
Train/Herpes/Herpes (194).jpg,Train/Herpes/Herpes (194).jpg,Train,Herpes,52,Man,white,Train/Herpes/Herpes (194).jpg,18-59,male,white,white,man,unknown,unknown,unknown,18-59|male|white,6068,a4d04ef926e3e0b5e95db50a6cd5a85b94ba1effe4f2f72682e5b2231e51151b,Train,Herpes,True,283,178,2343dd84db21aa2349b5e4a9691052886bfb3a6e259d4634748ec334e5a2f3eb,93169b471e16c3f1,141.3367411760035,Train/Herpes/Herpes (194).jpg
Train/Sarampion/Sarampion (67).jpg,Train/Sarampion/Sarampion (67).jpg,Train,Sarampion,12,Man,white,Train/Sarampion/Sarampion (67).jpg,0-17,male,white,white,man,unknown,unknown,unknown,0-17|male|white,4985,297acee49e30176aa60a7b8f0301c0a59c6c0c0692e139b902571f4a72763466,Train,Sarampion,True,183,275,23d6e77d703fc492652368d851bcb09907592cd1f81522a21dd25ff928c115cf,5f5252d272a0a6f3,144.5436661698957,Train/Sarampion/Sarampion (133).jpg
Train/Sarampion/Sarampion (94).jpg,Train/Sarampion/Sarampion (94).jpg,Train,Sarampion,8,Woman,indian,Train/Sarampion/Sarampion (94).jpg,0-17,female,indian,indian,woman,unknown,unknown,unknown,0-17|female|indian,5565,c95e6a4df77d6bc6a87198ca330755bc5457089db9fe5da4a0faf4e72db2ce6d,Train,Sarampion,True,272,186,058950c6cdeefb77a01df73aba6c802edd544f2f8b69d0ae72e2ba8d1d9208f1,9659dec55a56a123,107.40302814674256,Train/Sarampion/Sarampion (94).jpg
Train/Varicela/ChickenPox (132).jpg,Train/Varicela/ChickenPox (132).jpg,Train,Varicela,11,Man,white,Train/Varicela/ChickenPox (132).jpg,0-17,male,white,white,man,unknown,unknown,unknown,0-17|male|white,3861,26f3ec44b0fd172db2bec98ac421abf3015f051d6b2e521c6c491f041f001ae0,Train,Varicela,True,275,183,11a9181f9d8200f535cbc93c5a4c69d6581d3dab689a3381276e0a033e42dd80,b326662c4dcc8b37,184.9160258320914,Train/Varicela/ChickenPox (132).jpg
Train/Varicela/2024-06-25_21-32-59_3164.png,Train/Varicela/2024-06-25_21-32-59_3164.png,Train,Varicela,35,Man,white,Train/Varicela/2024-06-25_21-32-59_3164.png,18-59,male,white,white,man,unknown,unknown,unknown,18-59|male|white,1172917,aff625df265b9acce7a1bb3e7ee378e19d59a048d6198ee570d6413c7d8db90c,Train,Varicela,True,896,1152,e9333b76891871f4e237feb35a58139aa6bf0cc1d4e1d576b3c5fe54d0c3a819,7ad2e24a52a2ed63,142.53163074311755,Train/Varicela/2024-06-25_21-32-59_3164.png
Train/Sarampion/2024-06-26_12-07-02_7219.png,Train/Sarampion/2024-06-26_12-07-02_7219.png,Train,Sarampion,29,Woman,white,Train/Sarampion/2024-06-26_12-07-02_7219.png,18-59,female,white,white,woman,unknown,unknown,unknown,18-59|female|white,1264272,991b3049bdadf55295946a499242ee139c9cfe859645fae631233b1339224024,Train,Sarampion,True,896,1152,9ff2d7534b40b0f8072ab8e4d712426694e97807bb9ee8f692da90841f161fb4,979fb050f04c4cf5,112.03795224144343,Train/Sarampion/2024-06-26_12-07-02_7219.png
Train/Herpes/Herpes (162).jpg,Train/Herpes/Herpes (162).jpg,Train,Herpes,58,Man,white,Train/Herpes/Herpes (162).jpg,18-59,male,white,white,man,unknown,unknown,unknown,18-59|male|white,6029,dcefac8d12e567c67a61a81b25469e65de8f811f9e23cc4c8282683b96f341c4,Train,Herpes,True,284,178,841bb9bb3bdc0e1385c96ee30e6da397b43108cd700312f9eed5c392f7dd2b33,5ce0ab12cd2ddd29,188.8977686342776,Train/Herpes/Herpes (162).jpg
Test/Sarampion/2024-06-26_11-56-01_5361.png,Test/Sarampion/2024-06-26_11-56-01_5361.png,Test,Sarampion,25,Woman,white,Test/Sarampion/2024-06-26_11-56-01_5361.png,18-59,female,white,white,woman,unknown,unknown,unknown,18-59|female|white,1292657,0dc014c3f518cb0f38e598352e6b7a0841eabd8062c618c455eda7021d827354,Test,Sarampion,True,896,1152,7ef2df0df4b8f6615360161e49d3295c23b5cc793895ab1de89145d3ad4ddbdd,0716a2e2e5e4f8b9,140.2347218346974,Test/Sarampion/2024-06-26_11-56-01_5361.png
Train/Sarampion/2024-06-26_13-59-29_3375.png,Train/Sarampion/2024-06-26_13-59-29_3375.png,Train,Sarampion,38,Man,indian,Train/Sarampion/2024-06-26_13-59-29_3375.png,18-59,male,indian,indian,man,unknown,unknown,unknown,18-59|male|indian,1253898,8cdc772117d1b8e95dee23466f06560e8ecc94750463e3af6008ef811a0f9c51,Train,Sarampion,True,896,1152,52fe37e8927072879a529d6bfa3fcbcd1ea052e9f5d45ba34fa2170dd32e8e47,f8f8f828a868b791,100.07374887617809,Train/Sarampion/2024-06-26_13-59-29_3375.png
Train/Varicela/2024-06-27_11-59-28_1614.png,Train/Varicela/2024-06-27_11-59-28_1614.png,Train,Varicela,28,Woman,white,Train/Varicela/2024-06-27_11-59-28_1614.png,18-59,female,white,white,woman,unknown,unknown,unknown,18-59|female|white,1124077,bebdbd71a6af537a6f17be742b57295da469eb2af62308ae17a73b4d16c32d71,Train,Varicela,True,896,1152,d9154ba1fb82ea605b782f746b398e3e0febefee3abd9fddfaa1391539ccb1da,ded2b5a1e13aa213,126.82643151661706,Train/Varicela/2024-06-27_11-59-28_1614.png
Train/Monkeypox/2024-06-27_16-35-47_5319.png,Train/Monkeypox/2024-06-27_16-35-47_5319.png,Train,Monkeypox,44,Man,indian,Train/Monkeypox/2024-06-27_16-35-47_5319.png,18-59,male,indian,indian,man,unknown,unknown,unknown,18-59|male|indian,1411422,9be3153ea3c66c20a09a2e6ed2cfbda494dd56c9c4e6150881a2affeff99ec66,Train,Monkeypox,True,896,1152,0bc0e397f5fda3f4f81bda64116c705e0de11d2cbe244ab1a91cc6c4a5759254,a5256c49f2c32f63,118.99481685577877,Train/Monkeypox/2024-06-27_16-35-47_5319.png
Train/Monkeypox/2024-06-27_13-56-56_8334.png,Train/Monkeypox/2024-06-27_13-56-56_8334.png,Train,Monkeypox,32,Man,black,Train/Monkeypox/2024-06-27_13-56-56_8334.png,18-59,male,black,black,man,unknown,unknown,unknown,18-59|male|black,1246878,81a3d4ca3a70c74bba00d373382c347360f0e4947db8db0fce82d72d80d14aea,Train,Monkeypox,True,896,1152,f43425d2c34795eec641490276d3deb9467898efb14237c4c27aeb1b5f980f85,6d8a564afdb40175,67.92496551029267,Train/Monkeypox/2024-06-27_13-56-56_8334.png
Train/Varicela/2024-06-26_22-22-58_8722.png,Train/Varicela/2024-06-26_22-22-58_8722.png,Train,Varicela,32,Man,white,Train/Varicela/2024-06-26_22-22-58_8722.png,18-59,male,white,white,man,unknown,unknown,unknown,18-59|male|white,1073095,68e15703d7b049a8a81908b85603ab15761fff926ec844cfc65a25fef09b5d41,Train,Varicela,True,896,1152,608e416c486fab44680f0b4b0b3003526cdd2ed72330c9b942a5fe301c3c1d94,65769692929ada69,113.1896478562128,Train/Varicela/2024-06-26_22-22-58_8722.png
Train/Varicela/ChickenPox (174).jpg,Train/Varicela/ChickenPox (174).jpg,Train,Varicela,11,Man,white,Train/Varicela/ChickenPox (174).jpg,0-17,male,white,white,man,unknown,unknown,unknown,0-17|male|white,4404,42acb8e4e4c4b5a94f32b481b5fcb3a0b7d14c3d650d8ffdd1788bbe806bafc6,Train,Varicela,True,300,168,171df43d10babfa7543dedc0b37c18461c97a37b252f6e2e37ffc74937079a10,edd22d9e96240f25,194.3648611111111,Train/Varicela/ChickenPox (174).jpg
Train/Varicela/2024-06-27_13-23-48_7560.png,Train/Varicela/2024-06-27_13-23-48_7560.png,Train,Varicela,24,Woman,asian,Train/Varicela/2024-06-27_13-23-48_7560.png,18-59,female,asian,asian,woman,unknown,unknown,unknown,18-59|female|asian,1381426,ef2575615bc862c844e95f3117351be28a9f652bfdb4a03198ceb37af1b59768,Train,Varicela,True,896,1152,e60b25557e5b361404ac704d1b445782a29e991f28d247dde49dcca5b741da99,3c77c8b30a38d68b,80.2756115141369,Train/Varicela/2024-06-27_13-23-48_7560.png
Train/Monkeypox/2024-06-27_14-06-48_9948.png,Train/Monkeypox/2024-06-27_14-06-48_9948.png,Train,Monkeypox,38,Woman,latino hispanic,Train/Monkeypox/2024-06-27_14-06-48_9948.png,18-59,female,latino hispanic,latino hispanic,woman,unknown,unknown,unknown,18-59|female|latino hispanic,1291573,173fa6192ec7b75502ed58d8e0bc2e79d6f295414772c856202017772d3e4bec,Train,Monkeypox,True,896,1152,e69c2deddcb23df00c2d88359c302091b04ee7c09393f68b588a37014de79139,78048f7071dfb0cb,64.66459728422619,Train/Monkeypox/2024-06-27_14-06-48_9948.png
Train/Varicela/2024-06-27_12-22-51_8259.png,Train/Varicela/2024-06-27_12-22-51_8259.png,Train,Varicela,32,Woman,asian,Train/Varicela/2024-06-27_12-22-51_8259.png,18-59,female,asian,asian,woman,unknown,unknown,unknown,18-59|female|asian,1182266,e71e4a7f19791da9f8e9e41d2718cc00a15eb59fd52568a315ac4fd8f2b6ac67,Train,Varicela,True,896,1152,7fb4cec79fd769a848292f333823847caae4261f2883170f2950e40708e4ee49,f0aa0dac8370acfd,93.68029300750248,Train/Varicela/2024-06-27_12-22-51_8259.png
Train/Varicela/ChickenPox (59).png,Train/Varicela/ChickenPox (59).png,Train,Varicela,11,Man,white,Train/Varicela/ChickenPox (59).png,0-17,male,white,white,man,unknown,unknown,unknown,0-17|male|white,63505,f3ac73b84f0431837095fb0c120a9c59682d81c0acd9f0f9f4acc5b70cfcd531,Train,Varicela,True,224,224,12ed1d4944bddb652e34507f5112d10605f022b19398a02ba8d855d4b7d2e671,29a5e1a7a58605f7,200.2687539859694,Train/Varicela/ChickenPox (192).jpg
Train/Varicela/2024-06-26_23-41-52_7860.png,Train/Varicela/2024-06-26_23-41-52_7860.png,Train,Varicela,22,Woman,white,Train/Varicela/2024-06-26_23-41-52_7860.png,18-59,female,white,white,woman,unknown,unknown,unknown,18-59|female|white,1108690,d5f0612067d4c0b5ac6f487b0a004c0fc2884b2bdc180d716adabc5187d0667c,Train,Varicela,True,896,1152,71450b96181cfb98224df7ed1af497bbc7ad9ce5ef732d931161e2526ceb06ce,a6c68fcdcd2838a9,140.17910911923363,Train/Varicela/2024-06-26_23-41-52_7860.png
Train/Monkeypox/2024-06-27_16-45-06_3027.png,Train/Monkeypox/2024-06-27_16-45-06_3027.png,Train,Monkeypox,42,Man,indian,Train/Monkeypox/2024-06-27_16-45-06_3027.png,18-59,male,indian,indian,man,unknown,unknown,unknown,18-59|male|indian,1553523,d05c0ebe803fd9de01c087fa5c5c0ce4acbc2d03dc54bed31d57be50bc103505,Train,Monkeypox,True,896,1152,23f95163ca5edd66fe1ef5ba3e1dbb96e1e1ee130950b719c49b6c6ab14b317c,24a44ecece5f0375,120.199947296627,Train/Monkeypox/2024-06-27_16-45-06_3027.png
Val/Varicela/ChickenPox (10).jpeg,Val/Varicela/ChickenPox (10).jpeg,Val,Varicela,10,Man,white,Val/Varicela/ChickenPox (10).jpeg,0-17,male,white,white,man,unknown,unknown,unknown,0-17|male|white,4543,5b1d48129b33af719edb1bea66e44b5d989f24e7088700eecdcbeababfb29112,Val,Varicela,True,296,170,e1fbd7e6b5cafde8a853b42e3c0aec12a960c7180fd11428c91cf9a017f963f5,ecc545be063278d3,146.36492448330682,Val/Varicela/ChickenPox (10).jpeg
Train/Varicela/2024-06-27_12-09-09_1375.png,Train/Varicela/2024-06-27_12-09-09_1375.png,Train,Varicela,27,Woman,white,Train/Varicela/2024-06-27_12-09-09_1375.png,18-59,female,white,white,woman,unknown,unknown,unknown,18-59|female|white,1020610,bd66960ae1539497b0f1a567d798bd19fd7092e86afb892af0edf014253490e6,Train,Varicela,True,896,1152,2b5431960a7d899d25962317a1087b4c30e9c0424a05cb6599682937ebda2697,ef0c4d703a6a32cb,114.98341975136408,Train/Varicela/2024-06-27_12-09-09_1375.png
Train/Monkeypox/2024-06-27_15-31-36_1699.png,Train/Monkeypox/2024-06-27_15-31-36_1699.png,Train,Monkeypox,65,Woman,asian,Train/Monkeypox/2024-06-27_15-31-36_1699.png,60+,female,asian,asian,woman,unknown,unknown,unknown,60+|female|asian,1455498,e02fb70d3c11194abb1a02a5872a70d9f88be6ad2b368649fa626fe012383d86,Train,Monkeypox,True,896,1152,5990500066779e7bae8232db163cd0d1d5bc1dd10543d97edbeec4bda9b09a1e,c1cd4b0b1929e5b7,148.15890163845486,Train/Monkeypox/2024-06-27_15-31-36_1699.png
Train/Monkeypox/2024-06-27_17-00-17_9938.png,Train/Monkeypox/2024-06-27_17-00-17_9938.png,Train,Monkeypox,50,Woman,indian,Train/Monkeypox/2024-06-27_17-00-17_9938.png,18-59,female,indian,indian,woman,unknown,unknown,unknown,18-59|female|indian,1534731,ad0fb8da7f5bd0c68b9f1b82f4a00ede7da405876fbd8484109e5889778b7d46,Train,Monkeypox,True,896,1152,6b5b4dec8ed9a8de631aa02b6c99c6fc0405e3429082e622bca86a57258ded1f,2c2ead054ebd5725,126.93257746620785,Train/Monkeypox/2024-06-27_17-00-17_9938.png
Train/Varicela/2024-06-25_21-31-46_9293.png,Train/Varicela/2024-06-25_21-31-46_9293.png,Train,Varicela,32,Man,white,Train/Varicela/2024-06-25_21-31-46_9293.png,18-59,male,white,white,man,unknown,unknown,unknown,18-59|male|white,1154687,8016b46bfdc7b4324f09040492e944fe2f5020e6fa2f54be6965112750d5246f,Train,Varicela,True,896,1152,082c62e3dec4120209fd43a36f3bdaf3e5335391439145bba4460d51f77e3940,88aa6aea7a9e5529,127.74820963541669,Train/Varicela/2024-06-25_21-31-46_9293.png
Test/Sarampion/2024-06-26_15-05-21_1652.png,Test/Sarampion/2024-06-26_15-05-21_1652.png,Test,Sarampion,27,Man,indian,Test/Sarampion/2024-06-26_15-05-21_1652.png,18-59,male,indian,indian,man,unknown,unknown,unknown,18-59|male|indian,1344467,998cac1ae9cda599f849305198032276077a5985e8d4bdb3bda7dcc8c98ec4e2,Test,Sarampion,True,896,1152,7747c596f8db5fee81307ca295b5dd0e5e6dc6c4bb5814bc94ae78c9516c2870,7a57e357d1a04c29,95.93425157335068,Test/Sarampion/2024-06-26_15-05-21_1652.png
Train/Sarampion/2024-06-26_13-00-26_1168.png,Train/Sarampion/2024-06-26_13-00-26_1168.png,Train,Sarampion,23,Woman,latino hispanic,Train/Sarampion/2024-06-26_13-00-26_1168.png,18-59,female,latino hispanic,latino hispanic,woman,unknown,unknown,unknown,18-59|female|latino hispanic,1325491,edee09ca3bffb3aa568c866a4f5631f49f8a09cc54a451641489f7f9ce31bf8f,Train,Sarampion,True,896,1152,df5d48b814b1e3403f2461a02801e33b5327afc28faf4bc88a8b38a6801ae195,39038783f9da2c67,98.15143597315227,Train/Sarampion/2024-06-26_13-00-26_1168.png
Train/Monkeypox/2024-06-27_17-02-55_8647.png,Train/Monkeypox/2024-06-27_17-02-55_8647.png,Train,Monkeypox,51,Woman,indian,Train/Monkeypox/2024-06-27_17-02-55_8647.png,18-59,female,indian,indian,woman,unknown,unknown,unknown,18-59|female|indian,1687829,905aedc447ecd443fcc92b3b3593bb459b33c384ed18fed02796e16c107b1941,Train,Monkeypox,True,896,1152,31f51ac101d2a9e162370d2b80fa758d38efad8b1d9f0a67a99593c6482df8a8,62064e4e5e5e4f35,110.82909574962798,Train/Monkeypox/2024-06-27_17-02-55_8647.png
Test/Varicela/2024-06-26_23-15-32_6074.png,Test/Varicela/2024-06-26_23-15-32_6074.png,Test,Varicela,24,Woman,white,Test/Varicela/2024-06-26_23-15-32_6074.png,18-59,female,white,white,woman,unknown,unknown,unknown,18-59|female|white,1103033,c8b846c3f740ffc086eabe62d6d1020d2d4ef7e2a72133e2b02ddabe6554db7e,Test,Varicela,True,896,1152,acb9a60ac473f05482027a998e7c9eb1717970e4d36dd498f66913804647496a,4c2ca4e4c6ae97cd,149.47238207620288,Test/Varicela/2024-06-26_23-15-32_6074.png
Train/Herpes/Herpes (191).jpg,Train/Herpes/Herpes (191).jpg,Train,Herpes,62,Woman,white,Train/Herpes/Herpes (191).jpg,60+,female,white,white,woman,unknown,unknown,unknown,60+|female|white,6576,a077a7c0355159336a6adbe646175ebfc2cafa91478d69e89ab9c02ed0487485,Train,Herpes,True,233,216,0fd47eb981be19ae2e614de6c96ec95733e0c1e9965e3b7db709d5f6ca2c9585,be70965c745a42cb,117.51959147989191,Train/Herpes/Herpes (191).jpg
Train/Herpes/2024-06-24_22-26-33_4237.png,Train/Herpes/2024-06-24_22-26-33_4237.png,Train,Herpes,33,Woman,white,Train/Herpes/2024-06-24_22-26-33_4237.png,18-59,female,white,white,woman,unknown,unknown,unknown,18-59|female|white,1039916,501bbd9d8bce2d1faf2224787d591cae8fab8e9ed406dfd9af787608ce70b6ec,Train,Herpes,True,896,1152,b6c2b96b6aaa41a66932eb10ac4cc2e6e90490f481e74deb3cad853cf32014e6,7f39cae6b2388921,91.76555040147568,Train/Herpes/2024-06-24_22-26-33_4237.png
Val/Sarampion/Sarampion (34).png,Val/Sarampion/Sarampion (34).png,Val,Sarampion,13,Man,white,Val/Sarampion/Sarampion (34).png,0-17,male,white,white,man,unknown,unknown,unknown,0-17|male|white,87895,f786bf2bacf48d9d8e36d5bf1687e807227d90c21dbf85081517a0a35f6bccab,Val,Sarampion,True,224,224,41df59862be468eedda0c2fecf2f44d25c86346b03c8376a18691ad12b6b2943,cfd6e9b054d40a4b,162.7276387117347,Val/Sarampion/Sarampion (34).png
Train/Monkeypox/2024-06-27_16-41-11_5769.png,Train/Monkeypox/2024-06-27_16-41-11_5769.png,Train,Monkeypox,44,Man,indian,Train/Monkeypox/2024-06-27_16-41-11_5769.png,18-59,male,indian,indian,man,unknown,unknown,unknown,18-59|male|indian,1464728,01e6d8211c023092700c003e220213ca758bd89a32f1d34366954aab0cf26f20,Train,Monkeypox,True,896,1152,3f60e74b850f50e1f07b64090f0cf166b1c70d3a46e3be3e71adb65ab99a0516,e04a25ed0d9f8f25,123.9413607158358,Train/Monkeypox/2024-06-27_16-41-11_5769.png
Val/Varicela/ChickenPox (11).jpeg,Val/Varicela/ChickenPox (11).jpeg,Val,Varicela,12,Man,white,Val/Varicela/ChickenPox (11).jpeg,0-17,male,white,white,man,unknown,unknown,unknown,0-17|male|white,5783,9b6b73a1ff91009056bdb5dd26caf071d9df38ee8edec81ce8e4150cc5e5129f,Val,Varicela,True,225,225,705a31934959118a85a906f7d5cbbdcf047b5b529cc1c7cd9316f9342386cac4,7695d989806e5477,171.79296790123456,Val/Varicela/ChickenPox (11).jpeg
Test/Sarampion/2024-06-26_15-53-59_5452.png,Test/Sarampion/2024-06-26_15-53-59_5452.png,Test,Sarampion,62,Man,indian,Test/Sarampion/2024-06-26_15-53-59_5452.png,60+,male,indian,indian,man,unknown,unknown,unknown,60+|male|indian,1229341,e6442de6067a5a92d4b6aa70aba9f933ad6f50abcd35d52819713cb57e6beb6d,Test,Sarampion,True,896,1152,d1e6d62aa9be8b28e9a66a026376cbc1338d7748d6f8256f208a7a3c8a15c684,8dbd334352f2ac43,102.69437275235614,Test/Sarampion/2024-06-26_15-53-59_5452.png
Train/Monkeypox/2024-06-27_13-54-37_8772.png,Train/Monkeypox/2024-06-27_13-54-37_8772.png,Train,Monkeypox,29,Man,black,Train/Monkeypox/2024-06-27_13-54-37_8772.png,18-59,male,black,black,man,unknown,unknown,unknown,18-59|male|black,1341120,9d0ac3ed9ee8f7c0484b52526f8c08e3344750d35d498d310e6a553d88095c01,Train,Monkeypox,True,896,1152,503dc296be77d3750ebb125c758c36334f3700e8fb5ba57a85659fedad20f875,abb5362aadaca681,59.8702130998884,Train/Monkeypox/2024-06-27_13-54-37_8772.png
Train/Monkeypox/2024-06-27_15-44-12_6606.png,Train/Monkeypox/2024-06-27_15-44-12_6606.png,Train,Monkeypox,33,Man,asian,Train/Monkeypox/2024-06-27_15-44-12_6606.png,18-59,male,asian,asian,man,unknown,unknown,unknown,18-59|male|asian,1310516,901882f8875d083e5cfb47ee20ac29c3f3f799af7339029422efb06b3559b16f,Train,Monkeypox,True,896,1152,38c8f402920d5ecdad464d6628a439e2476c7c60124f1e6ca5847d0bee60ce6c,936bf324c2ecc90d,154.28019399491566,Train/Monkeypox/2024-06-27_15-44-12_6606.png
Train/Herpes/Herpes (301).jpg,Train/Herpes/Herpes (301).jpg,Train,Herpes,6,Man,white,Train/Herpes/Herpes (301).jpg,0-17,male,white,white,man,unknown,unknown,unknown,0-17|male|white,6016,2ae89b9e1fa4cabe26f9b9da3d4944a8dec2f6b052c84080f5c40d3907ea5fee,Train,Herpes,True,195,258,4609891d3419edc341c365d89206e1ad9de4d82513fcda2d95f3c9c04da3f3c6,e34584f8ba1ac739,161.1943351222421,Train/Herpes/Herpes (301).jpg
Test/Sarampion/Sarampion (33).png,Test/Sarampion/Sarampion (33).png,Test,Sarampion,6,Man,white,Test/Sarampion/Sarampion (33).png,0-17,male,white,white,man,unknown,unknown,unknown,0-17|male|white,103094,33868a785511ab3d6d0138c41b6e3864897972986f7a8470560733b365834717,Test,Sarampion,True,224,224,966fb14613ab7412118231cacc25df3fc4f42895fb854142f23b9351f3dd27f2,40d41027a55efef9,115.818359375,Test/Sarampion/Sarampion (33).png
Train/Monkeypox/2024-06-27_16-46-59_8373.png,Train/Monkeypox/2024-06-27_16-46-59_8373.png,Train,Monkeypox,45,Man,indian,Train/Monkeypox/2024-06-27_16-46-59_8373.png,18-59,male,indian,indian,man,unknown,unknown,unknown,18-59|male|indian,1676195,b2bc79fb5368a0829e2aff50ccbb445e9c244652e060979cd93a6c69e9465770,Train,Monkeypox,True,896,1152,d8da44b6a55351892c78e24740e871c2a04b0ad141af368c7a5858c416b3c191,0f8ffd0f44a2609b,71.81324501643105,Train/Monkeypox/2024-06-27_16-46-59_8373.png
Test/Sarampion/Sarampion (44).jpg,Test/Sarampion/Sarampion (44).jpg,Test,Sarampion,7,Man,indian,Test/Sarampion/Sarampion (44).jpg,0-17,male,indian,indian,man,unknown,unknown,unknown,0-17|male|indian,4550,5132585cf2b44bb382e5d4afe509eab702fd3a76ae44c88dcf5732234a5edc01,Test,Sarampion,True,234,215,82112ec5a642d990a4560f949a86ef4723406b395431aa13be3b02af8728feed,c545a6564dba6a1d,100.967084078712,Test/Sarampion/Sarampion (44).jpg
Train/Varicela/2024-06-25_21-40-43_8904.png,Train/Varicela/2024-06-25_21-40-43_8904.png,Train,Varicela,37,Man,white,Train/Varicela/2024-06-25_21-40-43_8904.png,18-59,male,white,white,man,unknown,unknown,unknown,18-59|male|white,1203066,3efd5484584e6517da8e76890a6d4000280e10ef33c0f7b338940b19a8841c4f,Train,Varicela,True,896,1152,f95736f79b69161e78c7799fba28be68ee1270f994faf1fe70fee89864b03cd0,2f20e28eea54e5ab,152.2733163984995,Train/Varicela/2024-06-25_21-40-43_8904.png
Train/Sarampion/Sarampion (138).jpg,Train/Sarampion/Sarampion (138).jpg,Train,Sarampion,12,Man,indian,Train/Sarampion/Sarampion (138).jpg,0-17,male,indian,indian,man,unknown,unknown,unknown,0-17|male|indian,19641,781e9ef8a64d692910219cf9cae32e48d7fafa84dddf159e56b4b521cb0ed228,Train,Sarampion,True,294,222,b9fa76e8037c35097e935a45ccf7a0393dee7bd8585262dbff55a830de9de0e3,3c50d0e7e764c23d,131.74911135625422,Train/Sarampion/Sarampion (138).jpg
Train/Monkeypox/2024-06-27_16-57-42_6530.png,Train/Monkeypox/2024-06-27_16-57-42_6530.png,Train,Monkeypox,38,Man,indian,Train/Monkeypox/2024-06-27_16-57-42_6530.png,18-59,male,indian,indian,man,unknown,unknown,unknown,18-59|male|indian,1627885,af72d5cdcd4991c171fe641e7160a070bb834ed457be81db5ae9c90599b56287,Train,Monkeypox,True,896,1152,449d91530667e8665a2e22c40d7dc04da5c2eec4e0e0b9763f3c3c62b9748bf6,9f8f5a4b20f50175,100.9266367109995,Train/Monkeypox/2024-06-27_16-57-42_6530.png
Train/Varicela/ChickenPox (179).jpg,Train/Varicela/ChickenPox (179).jpg,Train,Varicela,8,Man,white,Train/Varicela/ChickenPox (179).jpg,0-17,male,white,white,man,unknown,unknown,unknown,0-17|male|white,4757,796ecef448fb64c811135340e458d0b85adba1d971a88ace6d6e563f8ff81b00,Train,Varicela,True,276,183,a2281265e91368726ec2b6532437cc237b5d387c481d394b8bf873ba90f0019c,aca55378ca7ca487,179.33313534489585,Train/Varicela/ChickenPox (179).jpg
Train/Sarampion/Sarampion (133).jpg,Train/Sarampion/Sarampion (133).jpg,Train,Sarampion,11,Man,white,Train/Sarampion/Sarampion (133).jpg,0-17,male,white,white,man,unknown,unknown,unknown,0-17|male|white,27830,5c85f34a4daef9ca638e378b5b147b8a4c89f2b888e65d88830531ccd0335da2,Train,Sarampion,True,359,540,9fbfc14a3147ee12158cab8c9b08d04edadd5c734913e6f902c763fa30a16f65,5f5252d272a0a6f3,144.56714639430515,Train/Sarampion/Sarampion (133).jpg
Train/Varicela/2024-06-27_12-58-30_3916.png,Train/Varicela/2024-06-27_12-58-30_3916.png,Train,Varicela,25,Woman,asian,Train/Varicela/2024-06-27_12-58-30_3916.png,18-59,female,asian,asian,woman,unknown,unknown,unknown,18-59|female|asian,1182664,1f0667e6843529a4d29d4b77b84de37865249b904ace4501ae07b40830b76dfb,Train,Varicela,True,896,1152,80f363ccdb2225e790c2a5d6749f3776faba1157fd69784e5cc9466370511836,92d1537729a8e077,96.85465301029268,Train/Varicela/2024-06-27_12-58-30_3916.png
Train/Monkeypox/2024-06-27_16-47-45_4595.png,Train/Monkeypox/2024-06-27_16-47-45_4595.png,Train,Monkeypox,34,Woman,asian,Train/Monkeypox/2024-06-27_16-47-45_4595.png,18-59,female,asian,asian,woman,unknown,unknown,unknown,18-59|female|asian,1474695,1f574b86a34bfe54da086bbad3aa60d85716ad8b08c427a529ca9b998433a340,Train,Monkeypox,True,896,1152,426f09881cc03afe56c7b2a7b91b093e580fd5341548e1e6cac500a59936bacc,b7d7823220e42df5,126.58953469897074,Train/Monkeypox/2024-06-27_16-47-45_4595.png
Train/Varicela/2024-06-26_22-21-16_1772.png,Train/Varicela/2024-06-26_22-21-16_1772.png,Train,Varicela,34,Man,asian,Train/Varicela/2024-06-26_22-21-16_1772.png,18-59,male,asian,asian,man,unknown,unknown,unknown,18-59|male|asian,1165608,d366f7b3dc3376895a5960635d46509ec8d7e1fcc35c251dee32011fb8de2ead,Train,Varicela,True,896,1152,14c3e82035ef9303137789bf497c758c1acb621df18c1a17d4b69f892f31bf9f,db5832f81784cf0d,144.5127205016121,Train/Varicela/2024-06-26_22-21-16_1772.png
Train/Varicela/2024-06-27_11-28-30_5799.png,Train/Varicela/2024-06-27_11-28-30_5799.png,Train,Varicela,31,Woman,white,Train/Varicela/2024-06-27_11-28-30_5799.png,18-59,female,white,white,woman,unknown,unknown,unknown,18-59|female|white,1034453,2b927eaf157148892164505deb7500b6fadc285bac672813ffef4c4aff8e799d,Train,Varicela,True,896,1152,ce92a61e49229b76b3736f51933b65797d69c00e16a6a890b6f5e9182e70b0d2,171e72627af0e433,131.40485491071428,Train/Varicela/2024-06-27_11-28-30_5799.png
Train/Monkeypox/2024-06-27_15-06-29_8544.png,Train/Monkeypox/2024-06-27_15-06-29_8544.png,Train,Monkeypox,25,Woman,indian,Train/Monkeypox/2024-06-27_15-06-29_8544.png,18-59,female,indian,indian,woman,unknown,unknown,unknown,18-59|female|indian,1323220,2bf96ea32c9f1e6f138761395da64db2acf8b1d85888526d13c89b5592864900,Train,Monkeypox,True,896,1152,70abf713893d555eea6c7fd9cf51835e8f97f46e0ec657ec2f6f5c3ba8f7bb36,43ef533101d724cf,116.50142318483384,Train/Monkeypox/2024-06-27_15-06-29_8544.png
Train/Herpes/Herpes (170).jpg,Train/Herpes/Herpes (170).jpg,Train,Herpes,66,Woman,latino hispanic,Train/Herpes/Herpes (170).jpg,60+,female,latino hispanic,latino hispanic,woman,unknown,unknown,unknown,60+|female|latino hispanic,7539,e5f806c410fdf588285ce4a172a42a07469f4e5f2814fa36149d747755a30114,Train,Herpes,True,214,235,6b46f50b39a93d33797e36f883978acea702bf77b0f3e9ffca8d32d071a24a6b,61fd85f5e061c117,101.29182740107376,Train/Herpes/Herpes (170).jpg
Train/Varicela/2024-06-27_13-30-28_8366.png,Train/Varicela/2024-06-27_13-30-28_8366.png,Train,Varicela,29,Woman,asian,Train/Varicela/2024-06-27_13-30-28_8366.png,18-59,female,asian,asian,woman,unknown,unknown,unknown,18-59|female|asian,1188141,13ed0f3391a5e87f80a48537fa128176b98a246fba7de7c515ba7ec56d0963ce,Train,Varicela,True,896,1152,3cef674ffb647b9d059c7c029959c0f62d6f981f651f7f952fb7785ee61d1c06,704959c6c5527c5f,128.18461487785217,Train/Varicela/2024-06-27_13-30-28_8366.png
Train/Monkeypox/MonkeyPox (155).png,Train/Monkeypox/MonkeyPox (155).png,Train,Monkeypox,11,Man,black,Train/Monkeypox/MonkeyPox (155).png,0-17,male,black,black,man,unknown,unknown,unknown,0-17|male|black,108456,8b12ad8cfb853bdc411dadd46e9528ea83cc40c71da7a14a13234ee48c768133,Train,Monkeypox,True,224,224,fad7c067360b01a41d1a644e6735645c361ece1b1457111799d116f1a79b04e1,189bd26ddd9e2831,162.22925302933675,Train/Monkeypox/MonkeyPox (155).png
Train/Monkeypox/2024-06-27_16-55-34_9688.png,Train/Monkeypox/2024-06-27_16-55-34_9688.png,Train,Monkeypox,34,Man,indian,Train/Monkeypox/2024-06-27_16-55-34_9688.png,18-59,male,indian,indian,man,unknown,unknown,unknown,18-59|male|indian,1675650,99a74d4edf506fc28fdeac7611d689124428a0f084d8ac93dac3462798f40f20,Train,Monkeypox,True,896,1152,fd6a5f315263b93a3c2043db699b464eb07f122210418012d6d90f5cc5020710,b5d4dc9a5a4a9b21,91.21687437996032,Train/Monkeypox/2024-06-27_16-55-34_9688.png
Train/Herpes/2024-06-24_21-06-09_9645.png,Train/Herpes/2024-06-24_21-06-09_9645.png,Train,Herpes,34,Man,asian,Train/Herpes/2024-06-24_21-06-09_9645.png,18-59,male,asian,asian,man,unknown,unknown,unknown,18-59|male|asian,985337,d9fac40ab0ee5867bbceaa6f868b51c12e4ddfddaec24505176dce3a0e9a96a0,Train,Herpes,True,896,1152,1b9f9a7c91fac3c5a419fbf98a96f8e5b785c8fb9d78d02d5a0452fc9bbd75d7,24c78f178ff0f083,72.62217881944444,Train/Herpes/2024-06-24_21-06-09_9645.png
Test/Sarampion/2024-06-26_15-50-55_9056.png,Test/Sarampion/2024-06-26_15-50-55_9056.png,Test,Sarampion,61,Man,asian,Test/Sarampion/2024-06-26_15-50-55_9056.png,60+,male,asian,asian,man,unknown,unknown,unknown,60+|male|asian,1234685,a6e1f0fe80965c65607e9494c0b6f10c0d9fe6f2cc730f5b7d64c3ea464f831e,Test,Sarampion,True,896,1152,cf05e8c8f02059945a7cffcf6a1ed3cfdfffdb31b42cf95e602e0fbfea0a3fad,07f246887ededc03,108.94843013702877,Test/Sarampion/2024-06-26_15-50-55_9056.png
Test/Varicela/ChickenPox (38).jpg,Test/Varicela/ChickenPox (38).jpg,Test,Varicela,10,Man,asian,Test/Varicela/ChickenPox (38).jpg,0-17,male,asian,asian,man,unknown,unknown,unknown,0-17|male|asian,47856,569a5b6b7f57546978d1bcfdf9eca7cae6ab0394128843b47979b9508b13b4f5,Test,Varicela,True,860,900,46a6a9a4a6ca2cea8f12955a087283183a70cdd85d5f52dc36b2b3253f7cb518,0f64911fe4e09fc3,102.10519638242894,Test/Varicela/ChickenPox (38).jpg
Train/Monkeypox/MonkeyPox (164).png,Train/Monkeypox/MonkeyPox (164).png,Train,Monkeypox,12,Man,black,Train/Monkeypox/MonkeyPox (164).png,0-17,male,black,black,man,unknown,unknown,unknown,0-17|male|black,96337,4bacdf09a4d66161f0c951d88ff1d1d09180694a51afa0c3f6465e58cfcf494e,Train,Monkeypox,True,224,224,0fc4f0ac5c1066ea7310954a42d65f3d6e1e526ba37b82cd2419cf3727bb0f42,756062c3e3ab0f27,70.22909359056122,Train/Monkeypox/MonkeyPox (164).png
Test/Varicela/2024-06-27_11-30-42_5146.png,Test/Varicela/2024-06-27_11-30-42_5146.png,Test,Varicela,22,Woman,white,Test/Varicela/2024-06-27_11-30-42_5146.png,18-59,female,white,white,woman,unknown,unknown,unknown,18-59|female|white,1302960,a13c8eddfa45a37935b7c07cbf67ef9898481b4be1c2ababd93ea1251a7feeab,Test,Varicela,True,896,1152,5dc80a1d2f4da08c5d051b2629e0adc9432150aec7bd3e66e764a240715a6501,d10fceb0b9dd6403,108.07513137090774,Test/Varicela/2024-06-27_11-30-42_5146.png
Train/Varicela/2024-06-25_21-31-21_6606.png,Train/Varicela/2024-06-25_21-31-21_6606.png,Train,Varicela,25,Man,white,Train/Varicela/2024-06-25_21-31-21_6606.png,18-59,male,white,white,man,unknown,unknown,unknown,18-59|male|white,1202187,0427ad5ed63571691bef01faaa6acaedf1a07161eb7d63ed24be2c0470cdb4fb,Train,Varicela,True,896,1152,7f1c813f77eb1485c094009517255126593dfc8e61da55d8f8dec59402d804a1,2876e78c5216778b,135.86116536458334,Train/Varicela/2024-06-25_21-31-21_6606.png
Train/Varicela/2024-06-26_21-48-53_4177.png,Train/Varicela/2024-06-26_21-48-53_4177.png,Train,Varicela,35,Man,white,Train/Varicela/2024-06-26_21-48-53_4177.png,18-59,male,white,white,man,unknown,unknown,unknown,18-59|male|white,1180328,d1cd0d8d10af6cd8fbc95aacf0243cd529d724cfbbe71c9671e5c8e337e54b36,Train,Varicela,True,896,1152,6cb169e00ccbbd41823d256d5848eb6b45029b468bf58bc3080e8dbed4f32cde,faca8a00fa0ecfb1,131.78128100198413,Train/Varicela/2024-06-26_21-48-53_4177.png
Train/Varicela/2024-06-27_12-26-33_2242.png,Train/Varicela/2024-06-27_12-26-33_2242.png,Train,Varicela,24,Woman,white,Train/Varicela/2024-06-27_12-26-33_2242.png,18-59,female,white,white,woman,unknown,unknown,unknown,18-59|female|white,1251078,9e476aae9243ef2a881e39a335528f6510d122c6c0d628a0beee3be0d4f53f18,Train,Varicela,True,896,1152,f081b4ca99a2dd52f0d7505ba71e891a3e4485552deda01592022a6a564bbb31,714bcb61633b8437,99.07779366629464,Train/Varicela/2024-06-27_12-26-33_2242.png
Val/Sarampion/Sarampion (42).png,Val/Sarampion/Sarampion (42).png,Val,Sarampion,9,Man,latino hispanic,Val/Sarampion/Sarampion (42).png,0-17,male,latino hispanic,latino hispanic,man,unknown,unknown,unknown,0-17|male|latino hispanic,80922,46799e2361766925b9ccd21fb591774e64ee35e9dbe578bf306109a0686a1f35,Val,Sarampion,True,224,224,5921946696ed54e5e2dd98a0b116f136bfc1836bc9ca0385d5331712f2fccab0,dc468c1cef76106b,103.7894212372449,Val/Sarampion/Sarampion (42).png
Train/Varicela/ChickenPox (187).jpg,Train/Varicela/ChickenPox (187).jpg,Train,Varicela,4,Man,white,Train/Varicela/ChickenPox (187).jpg,0-17,male,white,white,man,unknown,unknown,unknown,0-17|male|white,4078,47fd6f385769959d13c161384b2e5e259d7ab5fb108d670151009b9d887f6c82,Train,Varicela,True,275,183,769cc93eb2dda86498ebd90e86cf28aeaffb9b9391edf10e5eb647bf6f88dcf2,b99a922e695a7453,163.31988077496274,Train/Varicela/ChickenPox (187).jpg
Train/Sarampion/2024-06-26_14-13-24_4439.png,Train/Sarampion/2024-06-26_14-13-24_4439.png,Train,Sarampion,37,Man,indian,Train/Sarampion/2024-06-26_14-13-24_4439.png,18-59,male,indian,indian,man,unknown,unknown,unknown,18-59|male|indian,1305555,8e23cc24056f47506891377e7f76b56b0c5d29acb96102c4165a1747f1bcd43c,Train,Sarampion,True,896,1152,7de1e267a184869ecbf74deeff50c628be32ea2daacccfdcecd9ae51a15f674f,5414147cffe8e961,104.87537202380952,Train/Sarampion/2024-06-26_14-13-24_4439.png
Train/Varicela/2024-06-25_21-33-47_7689.png,Train/Varicela/2024-06-25_21-33-47_7689.png,Train,Varicela,41,Man,asian,Train/Varicela/2024-06-25_21-33-47_7689.png,18-59,male,asian,asian,man,unknown,unknown,unknown,18-59|male|asian,1203561,575f8a824df42ba413a44b8afe625fc8d6d33b4e4844dcb8c505cadf3c18059e,Train,Varicela,True,896,1152,b084127685bf97d8bf7a33212c30ef7db2d811de377a3736bac3839d977cc33c,12163656a5ed6b93,157.64513288225447,Train/Varicela/2024-06-25_21-33-47_7689.png
Train/Monkeypox/MonkeyPox (106).png,Train/Monkeypox/MonkeyPox (106).png,Train,Monkeypox,16,Man,black,Train/Monkeypox/MonkeyPox (106).png,0-17,male,black,black,man,unknown,unknown,unknown,0-17|male|black,110920,dbd32595e42b3ed683105b0bb326c0189b51f902fb10caa699fa5110123f454c,Train,Monkeypox,True,224,224,ab1a10a821eed368c0cbdd028fadc1283f753b957080a58d896968c4e77935da,de426b1dbd3080dd,73.29747289540816,Train/Monkeypox/MonkeyPox (106).png
Test/Sarampion/2024-06-26_12-50-45_8660.png,Test/Sarampion/2024-06-26_12-50-45_8660.png,Test,Sarampion,24,Woman,latino hispanic,Test/Sarampion/2024-06-26_12-50-45_8660.png,18-59,female,latino hispanic,latino hispanic,woman,unknown,unknown,unknown,18-59|female|latino hispanic,1421502,d149ad72d9b16018e5d7b8d6f449ce63c8f8e2a3070f4b25f7e30c92ad7ee997,Test,Sarampion,True,896,1152,546401f12210bf26380acfbaefd86b5f4f8a91cb3af1d35596c2802aa5e79ad7,667632188d44eddd,103.49811566065227,Test/Sarampion/2024-06-26_12-50-45_8660.png
Train/Sarampion/2024-06-26_16-37-39_3050.png,Train/Sarampion/2024-06-26_16-37-39_3050.png,Train,Sarampion,33,Woman,asian,Train/Sarampion/2024-06-26_16-37-39_3050.png,18-59,female,asian,asian,woman,unknown,unknown,unknown,18-59|female|asian,1016719,ef3aef71eba0b27b728c08730126f5c2c4b4d3ea77b1bbd53dedc685d8490c0d,Train,Sarampion,True,896,1152,2163d356ae1bf229d14ad9a8ae2a89ee2c5aba6e3041329fbd54ee340e36ac4f,bcfef8a0e8a80a69,123.84583875868056,Train/Sarampion/2024-06-26_16-37-39_3050.png
Train/Herpes/Herpes (196).jpg,Train/Herpes/Herpes (196).jpg,Train,Herpes,57,Man,asian,Train/Herpes/Herpes (196).jpg,18-59,male,asian,asian,man,unknown,unknown,unknown,18-59|male|asian,5362,8711a39859deff782929b3565841ea80f43ae38fd3ff7d2ecc847608f7229dd0,Train,Herpes,True,252,200,6a3642f2b2e451bbfcc8f8323495102c8fb3a57cc9176e0e5f42e45979341853,61b92653e6667591,125.85454365079364,Train/Herpes/Herpes (196).jpg
Test/Herpes/Herpes (126).jpg,Test/Herpes/Herpes (126).jpg,Test,Herpes,6,Man,white,Test/Herpes/Herpes (126).jpg,0-17,male,white,white,man,unknown,unknown,unknown,0-17|male|white,4693,b0522eb51da90905bf9b97c3a44c72ff21bc856fd0ed9fbedcc7493523e89e2e,Test,Herpes,True,272,185,9612c6f228cc9b174a708e4b5dd92057c370e57328afc386ee98fd4c693a48be,c6dcd932525545e9,111.6883545310016,Test/Herpes/Herpes (126).jpg
Train/Monkeypox/MonkeyPox (29).png,Train/Monkeypox/MonkeyPox (29).png,Train,Monkeypox,6,Man,black,Train/Monkeypox/MonkeyPox (29).png,0-17,male,black,black,man,unknown,unknown,unknown,0-17|male|black,104770,22df81c7615805d33a79933253c28fde9dddd3f100399c4762f78d3b2965393a,Train,Monkeypox,True,224,224,d14c6f4a5eb5ad7295401803274fc4b801e2e3c71b31487f216877098bd6fc13,e50b00b3b27e2db5,141.83252949617346,Train/Monkeypox/MonkeyPox (29).png
Train/Varicela/2024-06-27_00-01-24_1094.png,Train/Varicela/2024-06-27_00-01-24_1094.png,Train,Varicela,27,Man,white,Train/Varicela/2024-06-27_00-01-24_1094.png,18-59,male,white,white,man,unknown,unknown,unknown,18-59|male|white,1274396,91dd3f80b7089ffc5f5021298aef6f7ef2d988b4aff47f2baa691a855bdba898,Train,Varicela,True,896,1152,ac0efa91172e08b3a09b70dcc1b3aa3d02dcf587bb0b4f55dce3e6098c3d086c,7260601e5edcd4f3,129.95122225322422,Train/Varicela/2024-06-27_00-01-24_1094.png
Train/Varicela/2024-06-25_23-51-14_8933.png,Train/Varicela/2024-06-25_23-51-14_8933.png,Train,Varicela,24,Woman,white,Train/Varicela/2024-06-25_23-51-14_8933.png,18-59,female,white,white,woman,unknown,unknown,unknown,18-59|female|white,1263482,74c050756efc67abe0184c375ffdcd8ad3117cd42ee74cb10c4e69508ae1af60,Train,Varicela,True,896,1152,662c6be7197bb8f201696c7632b51d69561783ec23650ad4759f9951f3acacca,5e666c64268e1fa5,149.56734018477184,Train/Varicela/2024-06-25_23-51-14_8933.png
Train/Sarampion/Sarampion (139).jpg,Train/Sarampion/Sarampion (139).jpg,Train,Sarampion,7,Man,black,Train/Sarampion/Sarampion (139).jpg,0-17,male,black,black,man,unknown,unknown,unknown,0-17|male|black,12056,33acfcc31c2654e0234f1b701ae4dbdeb591cdeed64437131ab52d0cc9c485fa,Train,Sarampion,True,240,210,52306d12238b7b5ad644c8e1f1492af786336aac1ecea7585ebb091b47039c9b,13079b03fc2c5a7d,145.01079365079366,Train/Sarampion/Sarampion (139).jpg
Test/Sarampion/2024-06-26_13-24-18_3831.png,Test/Sarampion/2024-06-26_13-24-18_3831.png,Test,Sarampion,27,Woman,white,Test/Sarampion/2024-06-26_13-24-18_3831.png,18-59,female,white,white,woman,unknown,unknown,unknown,18-59|female|white,1254996,d7113faba1e0d52246665dfbc2a2762c89c82e62f40ba89e44e29f2cf1a057a6,Test,Sarampion,True,896,1152,59fa78f31bac5da0cd40bc233f7711de760ccbe0b2cafd5e2740f69539f477c9,948a5e2ee5b5211f,129.7264171781994,Test/Sarampion/2024-06-26_13-24-18_3831.png
Train/Monkeypox/MonkeyPox (158).png,Train/Monkeypox/MonkeyPox (158).png,Train,Monkeypox,9,Man,black,Train/Monkeypox/MonkeyPox (158).png,0-17,male,black,black,man,unknown,unknown,unknown,0-17|male|black,97230,3cb1a056f531d7c2b3e5a5b3d359c2ef74010392754cee5986b5130c28eebe21,Train,Monkeypox,True,224,224,6d3f481ec53ef619031cd3fa3e347a19c0b9ce8cad48fbe5961b23bff80708a5,d0eb6a49c9a7950d,78.73487324617346,Train/Monkeypox/MonkeyPox (158).png
Train/Varicela/2024-06-26_23-08-14_4919.png,Train/Varicela/2024-06-26_23-08-14_4919.png,Train,Varicela,24,Woman,white,Train/Varicela/2024-06-26_23-08-14_4919.png,18-59,female,white,white,woman,unknown,unknown,unknown,18-59|female|white,1174947,31b974fc328dae73ac65c051eb36f34a7150c81f12751bba157e526aaa3eeadb,Train,Varicela,True,896,1152,19f92e23313983ffd65aed334753098d7129e652d90d78e2487f416a34aefde8,0f07052cbcb8f9e5,140.45253014942958,Train/Varicela/2024-06-26_23-08-14_4919.png
Test/Varicela/2024-06-27_12-07-18_3814.png,Test/Varicela/2024-06-27_12-07-18_3814.png,Test,Varicela,27,Woman,white,Test/Varicela/2024-06-27_12-07-18_3814.png,18-59,female,white,white,woman,unknown,unknown,unknown,18-59|female|white,1043150,279822dd9dea5424a7994c337d07abb5619fd0674e0bf63225afcc1f51ba6f0b,Test,Varicela,True,896,1152,d3ea3b348dce147cddfe7a31138a3e23d9aea54971b53a608ef02abb570e1f63,0f9f9d30a970728b,111.12079244946676,Test/Varicela/2024-06-27_12-07-18_3814.png
Train/Monkeypox/2024-06-27_14-20-42_3059.png,Train/Monkeypox/2024-06-27_14-20-42_3059.png,Train,Monkeypox,34,Man,indian,Train/Monkeypox/2024-06-27_14-20-42_3059.png,18-59,male,indian,indian,man,unknown,unknown,unknown,18-59|male|indian,1347407,d5955e730c4a1154299e3a965f32e0dfde707361bc598ce06cb764abfd02c191,Train,Monkeypox,True,896,1152,4ab7a7b386fa71ffd60ba54e56e36e88a037106ef838eff50730c6182d966cd9,0596d0e3375e1e0f,67.41499837239583,Train/Monkeypox/2024-06-27_14-20-42_3059.png
Train/Varicela/2024-06-26_23-39-33_6681.png,Train/Varicela/2024-06-26_23-39-33_6681.png,Train,Varicela,24,Woman,white,Train/Varicela/2024-06-26_23-39-33_6681.png,18-59,female,white,white,woman,unknown,unknown,unknown,18-59|female|white,1114718,245eae4837713a2c654d7e59159fb48313559008d11a1b4fe310d56e887f6a97,Train,Varicela,True,896,1152,1a406da50bcf493be88f62ee41f9db8af4e1dac4e8230a13d555e22bd7f93899,8dcd0d0c5eaabd19,134.932860359313,Train/Varicela/2024-06-26_23-39-33_6681.png
Val/Herpes/Herpes (35).jpg,Val/Herpes/Herpes (35).jpg,Val,Herpes,61,Man,indian,Val/Herpes/Herpes (35).jpg,60+,male,indian,indian,man,unknown,unknown,unknown,60+|male|indian,161009,3999b6390b7feb47dd2fb555ccda45569b90794476e1fdd03038173c7b5d7fa2,Val,Herpes,True,1125,1280,5e48a3717760608e5e2a9ec0dc0f55784b1ea2afe60c0971abf978266e4bdbf6,1ce2fe0746dc4ab1,109.37581597222224,Val/Herpes/Herpes (35).jpg
Train/Varicela/ChickenPox (163).jpg,Train/Varicela/ChickenPox (163).jpg,Train,Varicela,8,Man,white,Train/Varicela/ChickenPox (163).jpg,0-17,male,white,white,man,unknown,unknown,unknown,0-17|male|white,3702,34e58e3681cde3ebde6ebc7a35b65e54719cf22cd1b91c5649ee44edcbddb646,Train,Varicela,True,225,225,7d65bb29e265d061523885b481f38b856df2a9f44b50209282bba0f7cfb8ddb6,d1f0f3c3420a1e3f,166.86457283950617,Train/Varicela/ChickenPox (163).jpg
Train/Varicela/2024-06-25_22-33-28_7859.png,Train/Varicela/2024-06-25_22-33-28_7859.png,Train,Varicela,31,Woman,white,Train/Varicela/2024-06-25_22-33-28_7859.png,18-59,female,white,white,woman,unknown,unknown,unknown,18-59|female|white,1149539,fc7bf9cb17f05009f3b67ae094a14b35fe200d5b41f932df4251e7184fa6ef54,Train,Varicela,True,896,1152,6395ea98e21b3010ccbc86845acaffd3d42c1f6b4d45035295efd579e9235a9a,72f67a565250748b,141.219724624876,Train/Varicela/2024-06-25_22-33-28_7859.png
Test/Sarampion/2024-06-26_14-19-28_8644.png,Test/Sarampion/2024-06-26_14-19-28_8644.png,Test,Sarampion,37,Man,indian,Test/Sarampion/2024-06-26_14-19-28_8644.png,18-59,male,indian,indian,man,unknown,unknown,unknown,18-59|male|indian,1401792,86dd0acf419186f7bebee61dbd7413585827f68214b0e2cfb8061b935fc5dcc9,Test,Sarampion,True,896,1152,f8bc31fb17d129e508a5fdbd52fb39b58e5381d3db42fdd48267b5decb8c54f6,775736260e0e8f31,101.51310899522568,Test/Sarampion/2024-06-26_14-19-28_8644.png
Train/Sarampion/2024-06-26_11-59-09_9737.png,Train/Sarampion/2024-06-26_11-59-09_9737.png,Train,Sarampion,37,Woman,white,Train/Sarampion/2024-06-26_11-59-09_9737.png,18-59,female,white,white,woman,unknown,unknown,unknown,18-59|female|white,1323693,7608669e9dbc95347c1ae8833a1da9f086b9947cf3a09db9adce28073d26017c,Train,Sarampion,True,896,1152,36dc6321666262525a51e35e83e116acf865f2b78d298e3fc0eaf067745e0535,ee1e7e141652314f,133.31941247364833,Train/Sarampion/2024-06-26_11-59-09_9737.png
Train/Varicela/2024-06-26_23-39-58_7227.png,Train/Varicela/2024-06-26_23-39-58_7227.png,Train,Varicela,30,Woman,white,Train/Varicela/2024-06-26_23-39-58_7227.png,18-59,female,white,white,woman,unknown,unknown,unknown,18-59|female|white,1132077,c0b10c12022d2564242b2b09c3bde1ab997041028119111448eb7354f74ac54e,Train,Varicela,True,896,1152,ed3d00d86d5c3b3ac44c2c3d7fed5ded49ac6b45c4c92aa96821a5df33be484b,78a8e68aee6e85a1,130.31412663535465,Train/Varicela/2024-06-26_23-39-58_7227.png
Test/Varicela/2024-06-27_13-11-42_9144.png,Test/Varicela/2024-06-27_13-11-42_9144.png,Test,Varicela,23,Woman,asian,Test/Varicela/2024-06-27_13-11-42_9144.png,18-59,female,asian,asian,woman,unknown,unknown,unknown,18-59|female|asian,1248422,f9310e921240978625dfb1d0af213c34e3cd187929120ebfab60b7c56a75d34f,Test,Varicela,True,896,1152,680dacb8b98f5a2112ee7074b3bd97240cd268f654866b08185694ad5e6ec15e,cbbc737a4c3486c1,81.62144445994544,Test/Varicela/2024-06-27_13-11-42_9144.png
Train/Monkeypox/2024-06-27_14-14-32_9360.png,Train/Monkeypox/2024-06-27_14-14-32_9360.png,Train,Monkeypox,34,Man,latino hispanic,Train/Monkeypox/2024-06-27_14-14-32_9360.png,18-59,male,latino hispanic,latino hispanic,man,unknown,unknown,unknown,18-59|male|latino hispanic,1325980,b115a4cb928311108115ae4960ac3ff89b83466c6ebb31a0771f0b3e0fb75f43,Train,Monkeypox,True,896,1152,071e207a88c6ae26d7c2aa946600bc5b45b4d7f9767ea8583526f29fb06e40ed,2c5d63afd12b482d,68.42729162791419,Train/Monkeypox/2024-06-27_14-14-32_9360.png
Train/Herpes/Herpes (115).jpg,Train/Herpes/Herpes (115).jpg,Train,Herpes,59,Man,asian,Train/Herpes/Herpes (115).jpg,18-59,male,asian,asian,man,unknown,unknown,unknown,18-59|male|asian,6901,bd71a09e3423f0427f6de4522dfb76ef2c69be310fc9b00cdbb7105abbb5aa0a,Train,Herpes,True,232,217,8e0c4e87fdb0aa7eb844eb84fceb20f36b3d6b325ad9e07209f8104dd4b033a5,a4951514167e5ef9,139.1183060543461,Train/Herpes/Herpes (115).jpg
Train/Varicela/ChickenPox (158).jpg,Train/Varicela/ChickenPox (158).jpg,Train,Varicela,8,Man,white,Train/Varicela/ChickenPox (158).jpg,0-17,male,white,white,man,unknown,unknown,unknown,0-17|male|white,4362,0367d3086e881ea3d69d6beda8c2c62fa68b276fcedd325f4dcdfe51949c3899,Train,Varicela,True,224,224,80b095d1e19cb43078bba73d8f56f4239338d90ebf174c6cf1bd7ece649e42b5,e44445ee0e683df9,147.27541055484693,Train/Varicela/ChickenPox (158).jpg
Train/Varicela/ChickenPox (157).jpg,Train/Varicela/ChickenPox (157).jpg,Train,Varicela,11,Man,white,Train/Varicela/ChickenPox (157).jpg,0-17,male,white,white,man,unknown,unknown,unknown,0-17|male|white,5576,402bb1453ee2b18fbda3c859a0656c17ca407d95283192fbbfc10ea2dd2206c6,Train,Varicela,True,275,183,f773b8062e87274f6a6fcc5afb67b54eac90cee0b7ef2a3f55d65874a8fc9a3f,0f2f1e5636223a57,173.34853452558372,Train/Varicela/ChickenPox (157).jpg
Train/Varicela/2024-06-25_22-20-24_8033.png,Train/Varicela/2024-06-25_22-20-24_8033.png,Train,Varicela,34,Man,black,Train/Varicela/2024-06-25_22-20-24_8033.png,18-59,male,black,black,man,unknown,unknown,unknown,18-59|male|black,1272060,540c9a50e25ad41f16cfb328187fe2647bb995861c66e3d2d9d7d830fad06ef1,Train,Varicela,True,896,1152,b6035761b7288ec31c5095274134abf9d40debda3a4182a1cd73ad6dc0e73048,c983983f06fe8707,86.57735866970486,Train/Varicela/2024-06-25_22-20-24_8033.png
Train/Varicela/2024-06-27_13-29-45_3966.png,Train/Varicela/2024-06-27_13-29-45_3966.png,Train,Varicela,27,Woman,asian,Train/Varicela/2024-06-27_13-29-45_3966.png,18-59,female,asian,asian,woman,unknown,unknown,unknown,18-59|female|asian,1192271,88c70f677b45c01f1646c598a99378fadb65ecfa80de665e6a5c88d457fee006,Train,Varicela,True,896,1152,80798aeec27f9643bc1e3d8701e78867249cf8a33d5f85bf3c71895ec5868145,93c7a4581b3ed417,102.71278696211556,Train/Varicela/2024-06-27_13-29-45_3966.png
Train/Sarampion/2024-06-26_11-59-33_5864.png,Train/Sarampion/2024-06-26_11-59-33_5864.png,Train,Sarampion,31,Woman,white,Train/Sarampion/2024-06-26_11-59-33_5864.png,18-59,female,white,white,woman,unknown,unknown,unknown,18-59|female|white,1192284,7b60fd5fb2815bcb4db1c15faa1961ecbfde8ee9caf5cccb106b07ab8608a830,Train,Sarampion,True,896,1152,53669288f25713cca78e5411c5b8e5c761c785b7bae5d5ccc2cb84a8bea84c36,531209e997965af3,141.61412992931548,Train/Sarampion/2024-06-26_11-59-33_5864.png
Train/Varicela/2024-06-26_22-21-38_8382.png,Train/Varicela/2024-06-26_22-21-38_8382.png,Train,Varicela,31,Man,white,Train/Varicela/2024-06-26_22-21-38_8382.png,18-59,male,white,white,man,unknown,unknown,unknown,18-59|male|white,1194685,f711e5beeda8ccf45081918e59ed8b69f4e19714bce37891f27d1b73db8f9c8e,Train,Varicela,True,896,1152,44e49bb98eb529e0d1caeff0d545245c512e7fec2ff8dbe6071c5ad5d96e1c5d,3766c60f06eccf21,151.99251302083334,Train/Varicela/2024-06-26_22-21-38_8382.png
Train/Monkeypox/2024-06-27_14-14-04_7146.png,Train/Monkeypox/2024-06-27_14-14-04_7146.png,Train,Monkeypox,34,Man,latino hispanic,Train/Monkeypox/2024-06-27_14-14-04_7146.png,18-59,male,latino hispanic,latino hispanic,man,unknown,unknown,unknown,18-59|male|latino hispanic,1498503,780208875894d487ef86c302f0d3aee2b4ba8f14ef991bb3683b4f1d340af440,Train,Monkeypox,True,896,1152,4c4775f373901beb62736f45d87bc7b73e19470c030873886de9f7ab5815979f,f3d3d05143cc0f17,90.50526258680556,Train/Monkeypox/2024-06-27_14-14-04_7146.png
Train/Varicela/2024-06-26_21-50-05_2915.png,Train/Varicela/2024-06-26_21-50-05_2915.png,Train,Varicela,34,Man,white,Train/Varicela/2024-06-26_21-50-05_2915.png,18-59,male,white,white,man,unknown,unknown,unknown,18-59|male|white,1139778,b0df11ddff129c37f8424dc6186305ae03fdb1025bf25fd6f62ff5c17d7ae963,Train,Varicela,True,896,1152,850699c2d5320bc0623b534f0f4cf7af754079ac4b1fba0c5f1d3eb02489dae9,2173970780dadfa9,150.41270616319446,Train/Varicela/2024-06-26_21-06-29_5345.png
Train/Sarampion/2024-06-26_15-08-18_5207.png,Train/Sarampion/2024-06-26_15-08-18_5207.png,Train,Sarampion,31,Man,indian,Train/Sarampion/2024-06-26_15-08-18_5207.png,18-59,male,indian,indian,man,unknown,unknown,unknown,18-59|male|indian,1237103,2f4b8d1878de97f96100e847ff7eeab4a9e9a465973aad8dbba661a389a3c6ba,Train,Sarampion,True,896,1152,ec1723d71d8ffaf8766c4996f1d7e8127b76e5bda997549d47d2bb0c5f7ed963,2823b79797d602b9,124.29876030815971,Train/Sarampion/2024-06-26_15-08-18_5207.png
Train/Monkeypox/2024-06-27_16-00-14_4345.png,Train/Monkeypox/2024-06-27_16-00-14_4345.png,Train,Monkeypox,31,Woman,indian,Train/Monkeypox/2024-06-27_16-00-14_4345.png,18-59,female,indian,indian,woman,unknown,unknown,unknown,18-59|female|indian,1557004,b568012028e345418e2a9ff08708aa941762d28989a18b391cf57521bc3f9e85,Train,Monkeypox,True,896,1152,1349593be534e6448b163d63cb85bcae8351a135b5110aa097c5b4d1c96869a0,490d0f9fcb089cdb,122.09147135416669,Train/Monkeypox/2024-06-27_16-00-14_4345.png
Test/Varicela/ChickenPox (61).jpg,Test/Varicela/ChickenPox (61).jpg,Test,Varicela,5,Man,white,Test/Varicela/ChickenPox (61).jpg,0-17,male,white,white,man,unknown,unknown,unknown,0-17|male|white,19110,dea7f25bbdb83389af88dc858e88bbe3455be4cf83ab2e776743480d635eea52,Test,Varicela,True,443,437,be639458f1c5af058a2148c4a4891c893d995a0d4101586dee2d26ac958c4983,07133c3b0381fcfd,186.1916256437541,Test/Varicela/ChickenPox (61).jpg
Train/Monkeypox/2024-06-27_16-50-00_1112.png,Train/Monkeypox/2024-06-27_16-50-00_1112.png,Train,Monkeypox,36,Woman,indian,Train/Monkeypox/2024-06-27_16-50-00_1112.png,18-59,female,indian,indian,woman,unknown,unknown,unknown,18-59|female|indian,1491030,6af7f14bed670d449a4b42acfe32fce80efbf43e673a7ba4c5971eaec8d64647,Train,Monkeypox,True,896,1152,186c63738ed0b23b462f5cc622bce9190144a862d93cc71d42f7151926104c5d,3e60e1cbb9b08f85,136.89331732855902,Train/Monkeypox/2024-06-27_16-50-00_1112.png
Train/Varicela/2024-06-26_21-07-13_8006.png,Train/Varicela/2024-06-26_21-07-13_8006.png,Train,Varicela,36,Man,white,Train/Varicela/2024-06-26_21-07-13_8006.png,18-59,male,white,white,man,unknown,unknown,unknown,18-59|male|white,1245713,24b1c247cb703165a05fd9b1bc0dc09959bf2c4954d4ccf09572c5130193b9fe,Train,Varicela,True,896,1152,5c576f3bbc6dcc1ecbbb76e576a623a2708ce38b1e6184fd3d39b90346705312,a8988d8e88fccfa9,147.73800029451886,Train/Varicela/2024-06-26_21-07-13_8006.png
Train/Varicela/2024-06-25_21-32-13_9390.png,Train/Varicela/2024-06-25_21-32-13_9390.png,Train,Varicela,38,Man,white,Train/Varicela/2024-06-25_21-32-13_9390.png,18-59,male,white,white,man,unknown,unknown,unknown,18-59|male|white,1145968,08b7765e377a426d4128285428deceac01d0abad981fa8c2a4496c6e5d7b5e9b,Train,Varicela,True,896,1152,3a6e861aae6ad508ca71d66daaab8a6b007dba8ca8973e31cd5cf4f312282554,0b96ad1f9e14dd09,155.47371806795636,Train/Varicela/2024-06-25_21-32-13_9390.png
Test/Monkeypox/2024-06-27_13-56-10_7526.png,Test/Monkeypox/2024-06-27_13-56-10_7526.png,Test,Monkeypox,31,Man,black,Test/Monkeypox/2024-06-27_13-56-10_7526.png,18-59,male,black,black,man,unknown,unknown,unknown,18-59|male|black,1358912,f3994e077990e0f65cbdae7812cf4622dea2a4c3e818dc5f8097feca49d0da78,Test,Monkeypox,True,896,1152,8c0e41a71e01d99f8e6c6d6f4015001ef2f644dbea28809d6510be45222254bd,1742e8355fcaa687,68.46293519035218,Test/Monkeypox/2024-06-27_13-56-10_7526.png
Train/Monkeypox/2024-06-27_17-53-03_4787.png,Train/Monkeypox/2024-06-27_17-53-03_4787.png,Train,Monkeypox,40,Man,asian,Train/Monkeypox/2024-06-27_17-53-03_4787.png,18-59,male,asian,asian,man,unknown,unknown,unknown,18-59|male|asian,1504726,9dfc5b0bebb49dbe6d61b3d19d783aefc226af0eefb67ffaec6144070c1909b7,Train,Monkeypox,True,896,1152,8894278795c78413bd4c979278233e78334b8a773c1bc546fa0ce2d598d6177b,8fa4e00f95825e7d,138.32856871589783,Train/Monkeypox/2024-06-27_17-53-03_4787.png
Train/Sarampion/2024-06-26_15-18-09_5961.png,Train/Sarampion/2024-06-26_15-18-09_5961.png,Train,Sarampion,36,Man,black,Train/Sarampion/2024-06-26_15-18-09_5961.png,18-59,male,black,black,man,unknown,unknown,unknown,18-59|male|black,1305103,f984946667508107cee08c0562e1f82c64c564606675a9c8bb884adb81ee07c8,Train,Sarampion,True,896,1152,f819dd29344029a2f42cfd8832c97c601b90be772a2ad4fc2fed795dd957caf3,6fcacc34b0c8cf31,73.226316421751,Train/Sarampion/2024-06-26_15-18-09_5961.png
Train/Sarampion/2024-06-26_12-04-07_3372.png,Train/Sarampion/2024-06-26_12-04-07_3372.png,Train,Sarampion,36,Woman,white,Train/Sarampion/2024-06-26_12-04-07_3372.png,18-59,female,white,white,woman,unknown,unknown,unknown,18-59|female|white,1191410,febff065d6d24a3ce4b65da0c252a9ddec11a31cf14c5e340b4dd0b1567ffb2d,Train,Sarampion,True,896,1152,dbdb236e4c7098583d983c76c7cde953bdd41c52cf30217fa679542daa06fd1b,4becad7513d2d281,131.7090308779762,Train/Sarampion/2024-06-26_12-04-07_3372.png
Train/Varicela/2024-06-26_21-10-45_6870.png,Train/Varicela/2024-06-26_21-10-45_6870.png,Train,Varicela,32,Man,white,Train/Varicela/2024-06-26_21-10-45_6870.png,18-59,male,white,white,man,unknown,unknown,unknown,18-59|male|white,1116424,07479e378ddf6f69bc2f9538c352e80c27ad47ce872181ccae6a3af894a7aac9,Train,Varicela,True,896,1152,66b47c1008235dcebb50e3accd1c381435e72fce9a61ef26f913060273bef616,838f5daf68707423,133.65508839440724,Train/Varicela/2024-06-26_21-10-45_6870.png
Test/Monkeypox/2024-06-27_15-22-09_5488.png,Test/Monkeypox/2024-06-27_15-22-09_5488.png,Test,Monkeypox,52,Man,indian,Test/Monkeypox/2024-06-27_15-22-09_5488.png,18-59,male,indian,indian,man,unknown,unknown,unknown,18-59|male|indian,1619197,f7b8490920e017fb97f6f20eb5c02084cbac10fb6a52edfbe640aec63b926a76,Test,Monkeypox,True,896,1152,c9601179a4c491887871c8fb15855f155aea539f6fbbd4a3a77cd7908c08d1af,3915d8de8ad4a587,135.27484130859375,Test/Monkeypox/2024-06-27_15-22-09_5488.png
Train/Monkeypox/2024-06-27_15-20-38_3227.png,Train/Monkeypox/2024-06-27_15-20-38_3227.png,Train,Monkeypox,29,Woman,latino hispanic,Train/Monkeypox/2024-06-27_15-20-38_3227.png,18-59,female,latino hispanic,latino hispanic,woman,unknown,unknown,unknown,18-59|female|latino hispanic,1711192,13398b8aabdae84124d905fea808dd8755765b25970ff5ef97ac6ac64835d6bd,Train,Monkeypox,True,896,1152,143c09cba1aab2829deb0f8c54500116f57daf8b55be7d5679f59d1629cce9bb,befc383430fd01b1,114.98970734126983,Train/Monkeypox/2024-06-27_15-20-38_3227.png
Train/Varicela/2024-06-26_23-18-02_9733.png,Train/Varicela/2024-06-26_23-18-02_9733.png,Train,Varicela,21,Woman,white,Train/Varicela/2024-06-26_23-18-02_9733.png,18-59,female,white,white,woman,unknown,unknown,unknown,18-59|female|white,1174185,0dbe8145afd348c28e9ac75566f4101272308071fcd5d8a7e39ad4863c175892,Train,Varicela,True,896,1152,2c9176b7f7056573cd27e6b1c113bc41cb6aa74fec6c1b62de81e0c3157e06b2,878757de7a700133,115.9909164186508,Train/Varicela/2024-06-26_23-18-02_9733.png
Train/Varicela/2024-06-25_21-37-59_4761.png,Train/Varicela/2024-06-25_21-37-59_4761.png,Train,Varicela,37,Man,white,Train/Varicela/2024-06-25_21-37-59_4761.png,18-59,male,white,white,man,unknown,unknown,unknown,18-59|male|white,1107292,3031c18951ec61ddead8a7d23d4b9fd8132c74b0d2b356974f1f7a46cae3e970,Train,Varicela,True,896,1152,4b4da7a84bd6229765c0ec54b93573b720e162973f3ca18c78ccf92cae48a765,204c53b664f1fb53,154.22673979259673,Train/Varicela/2024-06-25_21-37-59_4761.png
Train/Varicela/2024-06-26_22-25-48_7311.png,Train/Varicela/2024-06-26_22-25-48_7311.png,Train,Varicela,37,Man,white,Train/Varicela/2024-06-26_22-25-48_7311.png,18-59,male,white,white,man,unknown,unknown,unknown,18-59|male|white,1164166,df53a71798930b774b820f6be0ed12d108118f1502a5d628d17350a07aa084d8,Train,Varicela,True,896,1152,fab3dac819e56574c5252723e6d13f7c3102ed279ee59de7031ca1c0af2f9c02,4a486d7d4752de89,125.18446664961556,Train/Varicela/2024-06-26_22-25-48_7311.png
Train/Varicela/2024-06-26_22-14-46_9038.png,Train/Varicela/2024-06-26_22-14-46_9038.png,Train,Varicela,33,Man,white,Train/Varicela/2024-06-26_22-14-46_9038.png,18-59,male,white,white,man,unknown,unknown,unknown,18-59|male|white,1182008,0b6639db9b97f94e5ab3069ce1fe243050e2e4070e1082ab3742d19c1d14dece,Train,Varicela,True,896,1152,bddbd1429dcff3f83c976360401aa907165f2e56ec2c9c9b464728e11ed0092f,952557df4258de09,131.5999533032614,Train/Varicela/2024-06-26_22-14-46_9038.png
Train/Sarampion/Sarampion (107).jpg,Train/Sarampion/Sarampion (107).jpg,Train,Sarampion,9,Man,white,Train/Sarampion/Sarampion (107).jpg,0-17,male,white,white,man,unknown,unknown,unknown,0-17|male|white,49238,993bc7bebdafecb9b91eb6faf5c006ca0c4e9bea98a29b40349efb7ae0d95a4d,Train,Sarampion,True,437,528,5c4f9249fc891e566687731f97630dbb75bf781beda1a57ad05dffdeca731085,19915e2c967cd6a3,113.94866427432216,Test/Sarampion/Sarampion (20).jpeg
Train/Varicela/2024-06-27_12-04-43_6538.png,Train/Varicela/2024-06-27_12-04-43_6538.png,Train,Varicela,20,Woman,white,Train/Varicela/2024-06-27_12-04-43_6538.png,18-59,female,white,white,woman,unknown,unknown,unknown,18-59|female|white,1097222,194b8b1530736c5da558a455f485c12c92e7a284a03e4018fb34e2f5e59c6f66,Train,Varicela,True,896,1152,da9d4ff21dd4cbb4fb226e87efe6ef2058a5e0360e5bb9199d6af31a7a32ea01,30b272c585eeaea9,106.58560035342262,Train/Varicela/2024-06-27_12-04-43_6538.png
Test/Varicela/2024-06-26_21-17-12_4644.png,Test/Varicela/2024-06-26_21-17-12_4644.png,Test,Varicela,38,Man,white,Test/Varicela/2024-06-26_21-17-12_4644.png,18-59,male,white,white,man,unknown,unknown,unknown,18-59|male|white,1156535,47b9e6d990208e9bca221b8da7d70d9cffc178b9e63db3096d1416cfcecc8efb,Test,Varicela,True,896,1152,6145f35375f71806170fb582198816e46ccfecf7e09288c505c5ce4ca84bb707,78414937ada6368f,151.83502197265625,Test/Varicela/2024-06-26_21-17-12_4644.png
Train/Varicela/2024-06-27_13-14-00_6433.png,Train/Varicela/2024-06-27_13-14-00_6433.png,Train,Varicela,24,Woman,asian,Train/Varicela/2024-06-27_13-14-00_6433.png,18-59,female,asian,asian,woman,unknown,unknown,unknown,18-59|female|asian,1233816,911659b12ea0a43f9426e9565f56e041eece6850b66d30ae462f06fa790ffb1d,Train,Varicela,True,896,1152,f8841d5f931196b352361674441fcbb8b0223ca92b36b56ff98fde795e672192,9984d5122ef8566f,108.76653180803572,Train/Varicela/2024-06-27_13-14-00_6433.png
Train/Varicela/2024-06-26_23-43-05_4164.png,Train/Varicela/2024-06-26_23-43-05_4164.png,Train,Varicela,32,Woman,white,Train/Varicela/2024-06-26_23-43-05_4164.png,18-59,female,white,white,woman,unknown,unknown,unknown,18-59|female|white,1218838,24a6dd95993969026b71b4ee014d89ac37b1d0c6ac569925373ae7f5ad6007a1,Train,Varicela,True,896,1152,911df5637aa1a715826031fa28533db785f80ff9d87c9fa766f7ac7ee7025d37,7043e78e4cd2b28f,126.91109502883184,Train/Varicela/2024-06-26_23-43-05_4164.png
Test/Sarampion/2024-06-26_13-26-37_2353.png,Test/Sarampion/2024-06-26_13-26-37_2353.png,Test,Sarampion,27,Woman,asian,Test/Sarampion/2024-06-26_13-26-37_2353.png,18-59,female,asian,asian,woman,unknown,unknown,unknown,18-59|female|asian,1330781,d23a5174cf44fda716a27c571ec09cb9e33426d5cd39d662ce93d7bb33cf6e28,Test,Sarampion,True,896,1152,94e4b04eb0b9889ce5ff7a8852fd57abf6ee38b7d2d17f95f99a62869494f683,a184dcce0ed6b50f,128.0348103841146,Test/Sarampion/2024-06-26_13-26-37_2353.png
Train/Varicela/2024-06-27_13-06-44_7104.png,Train/Varicela/2024-06-27_13-06-44_7104.png,Train,Varicela,24,Woman,asian,Train/Varicela/2024-06-27_13-06-44_7104.png,18-59,female,asian,asian,woman,unknown,unknown,unknown,18-59|female|asian,1136320,cc0f405c884a473694401c3143dc7c4e7f51fc97351adf69646ba691746b8ba8,Train,Varicela,True,896,1152,4d06383214a2bfb5260e4cde88db158c5976bbad6a874b2a6889055393876d29,61e7cb709b9e6403,91.09802536737352,Train/Varicela/2024-06-27_13-06-44_7104.png
Train/Monkeypox/2024-06-27_15-48-09_8163.png,Train/Monkeypox/2024-06-27_15-48-09_8163.png,Train,Monkeypox,45,Man,indian,Train/Monkeypox/2024-06-27_15-48-09_8163.png,18-59,male,indian,indian,man,unknown,unknown,unknown,18-59|male|indian,1396409,1c321ad512770f8787b78877980b18ddd9b7e99fc8f1a279e34476a890f32356,Train,Monkeypox,True,896,1152,2945181cedbc7919d227c3cd28ee0c124175b052e00b58bb88eeea84c6882852,9586dac624676d87,136.14324176122273,Train/Monkeypox/2024-06-27_15-48-09_8163.png
Train/Sarampion/2024-06-26_15-15-39_8676.png,Train/Sarampion/2024-06-26_15-15-39_8676.png,Train,Sarampion,46,Man,indian,Train/Sarampion/2024-06-26_15-15-39_8676.png,18-59,male,indian,indian,man,unknown,unknown,unknown,18-59|male|indian,1251786,a1fddfcf8400833aa4df0827604e6b7c31206f9f54076cfa8fd99e9dd545f9f3,Train,Sarampion,True,896,1152,7d8414e79b40f9ea955a693691477ced35c6c4d12dfbf226b2298c2f9fbd6679,e61647dba9b8b083,106.25377352275544,Train/Sarampion/2024-06-26_15-15-39_8676.png
Train/Varicela/2024-06-25_22-14-22_1849.png,Train/Varicela/2024-06-25_22-14-22_1849.png,Train,Varicela,35,Woman,indian,Train/Varicela/2024-06-25_22-14-22_1849.png,18-59,female,indian,indian,woman,unknown,unknown,unknown,18-59|female|indian,1278208,faf35902687d9fbd98d9589479b21c3ddb5f1dcc6625a2e4bd6dbfab278fe0b6,Train,Varicela,True,896,1152,f774eec61ff50c61d34d8ef0f1c51ed4079e51f3e01daec602c139e82c97ed30,d2d821b6fe4e03b1,120.87242005363343,Train/Varicela/2024-06-25_22-14-22_1849.png
Train/Monkeypox/2024-06-27_15-52-05_8391.png,Train/Monkeypox/2024-06-27_15-52-05_8391.png,Train,Monkeypox,35,Man,asian,Train/Monkeypox/2024-06-27_15-52-05_8391.png,18-59,male,asian,asian,man,unknown,unknown,unknown,18-59|male|asian,1577594,0f8402a26bcaf996bbfd52f323b6812f561265a087babd6eb9066f50b5eef998,Train,Monkeypox,True,896,1152,01c501a1abe54f33d86a03950325d08cc9aa3575e18421e0d7d5f3a34de5624c,37787404861f8dbd,131.34467327783975,Train/Monkeypox/2024-06-27_15-52-05_8391.png
Train/Varicela/ChickenPox (127).jpg,Train/Varicela/ChickenPox (127).jpg,Train,Varicela,12,Woman,white,Train/Varicela/ChickenPox (127).jpg,0-17,female,white,white,woman,unknown,unknown,unknown,0-17|female|white,7511,01b25c4cbe03193a9e21aaaee003e3a3fb5adbac739a01f6e455c16cb2d51067,Train,Varicela,True,183,275,ce2c432c58c481ab8a6d9194bba1e0e90b7cbf75f800a9ec33e92601f6981038,03320307dfcf9d39,126.31111773472428,Train/Varicela/ChickenPox (127).jpg
Test/Sarampion/Sarampion (43).png,Test/Sarampion/Sarampion (43).png,Test,Sarampion,12,Man,white,Test/Sarampion/Sarampion (43).png,0-17,male,white,white,man,unknown,unknown,unknown,0-17|male|white,72173,60624d0d2d23281730c3a7da0d41d98ee47bc0f3c12b1657e6ec738663a4689f,Test,Sarampion,True,224,224,0a1aa79a62e985b256d958076850e8bc7bc2f6b75c34837cc32ca52894d4e34b,e61672e08766f2a3,140.02016900510205,Test/Sarampion/Sarampion (43).png
Train/Monkeypox/2024-06-27_14-09-13_6917.png,Train/Monkeypox/2024-06-27_14-09-13_6917.png,Train,Monkeypox,37,Man,black,Train/Monkeypox/2024-06-27_14-09-13_6917.png,18-59,male,black,black,man,unknown,unknown,unknown,18-59|male|black,1447535,b3f077329cea9ccca115b8289941f7f99d068822cf0b3cf6106dcc94c0e0862f,Train,Monkeypox,True,896,1152,d218d4d79909f084791a08b7ffd58434eb2150be304e67d9cb9e0e2f0752dd8b,5d220fd877c9308f,64.12783377511161,Train/Monkeypox/2024-06-27_14-09-13_6917.png
Train/Varicela/2024-06-26_21-06-51_7094.png,Train/Varicela/2024-06-26_21-06-51_7094.png,Train,Varicela,36,Man,white,Train/Varicela/2024-06-26_21-06-51_7094.png,18-59,male,white,white,man,unknown,unknown,unknown,18-59|male|white,1129297,048157c6b54e44bb9101f80f2f1dd0d132e6444d0f84ab01e9909fc7c9d2d396,Train,Varicela,True,896,1152,350d843eb84395e304e0c663cc5fca44e408543f632591ede5ccb1f27fef8df6,cecd21b9435ace0d,128.5834001813616,Train/Varicela/2024-06-26_21-06-51_7094.png
Train/Varicela/2024-06-26_22-17-57_5411.png,Train/Varicela/2024-06-26_22-17-57_5411.png,Train,Varicela,33,Man,white,Train/Varicela/2024-06-26_22-17-57_5411.png,18-59,male,white,white,man,unknown,unknown,unknown,18-59|male|white,1152537,207a09e8d229bc84c28d2e5d58edf1636d856c50c1e1c5cfcdea848aefcdb035,Train,Varicela,True,896,1152,3669d1c91f46b1a4e9e8e9044c1ba03915093d45af7015b1fe0453572f8119eb,cd3c65ac2876258f,153.9828152126736,Train/Varicela/2024-06-26_22-17-57_5411.png
Train/Varicela/2024-06-27_11-44-17_7281.png,Train/Varicela/2024-06-27_11-44-17_7281.png,Train,Varicela,29,Woman,white,Train/Varicela/2024-06-27_11-44-17_7281.png,18-59,female,white,white,woman,unknown,unknown,unknown,18-59|female|white,1067868,2c9eb590542120cfd21203b1dcdb7a788644273e74a70e9a7128b0030f558f72,Train,Varicela,True,896,1152,1503cfc441638669d88e897eb1f1cab71e8f04837bf8e9f24cbaf2a7461dab51,d1c7e7027ef61803,108.85560535249256,Train/Varicela/2024-06-27_11-44-17_7281.png
Train/Varicela/2024-06-26_21-31-25_1709.png,Train/Varicela/2024-06-26_21-31-25_1709.png,Train,Varicela,25,Man,white,Train/Varicela/2024-06-26_21-31-25_1709.png,18-59,male,white,white,man,unknown,unknown,unknown,18-59|male|white,1137349,81645914081f51729091f510827c1839af0feeff564661749dfcfd7982bd5de1,Train,Varicela,True,896,1152,6cd22de63d64fbfc6bf01aa0b5303e1f8e880fffb5e9e3315e448f44b9ece9a8,4e2db0c9e246ef25,143.23163229321676,Train/Varicela/2024-06-26_21-31-25_1709.png
Train/Sarampion/2024-06-26_12-57-46_4028.png,Train/Sarampion/2024-06-26_12-57-46_4028.png,Train,Sarampion,25,Woman,latino hispanic,Train/Sarampion/2024-06-26_12-57-46_4028.png,18-59,female,latino hispanic,latino hispanic,woman,unknown,unknown,unknown,18-59|female|latino hispanic,1457062,942c1e3d520b9e99ce91820c50ada4a333bcced42186d30bf59c09289f100313,Train,Sarampion,True,896,1152,319d08c685b77b3b610d112d676a111b9e79031b7020a2678d51d33704273a91,5d1492d29e94f50f,96.4811023530506,Train/Sarampion/2024-06-26_12-57-46_4028.png
Train/Varicela/2024-06-26_00-15-36_6738.png,Train/Varicela/2024-06-26_00-15-36_6738.png,Train,Varicela,25,Woman,white,Train/Varicela/2024-06-26_00-15-36_6738.png,18-59,female,white,white,woman,unknown,unknown,unknown,18-59|female|white,1261222,e392411e95ec9ff4ee2a4615ba0ddeb32bd0a0ad38ecd3e95d75202631faa20f,Train,Varicela,True,896,1152,dd7b86ed90c83406d81708cb394e2ee436a678d8167f7d3209e0b92e75706de9,1a6f4464a47cdda5,130.23298863002233,Train/Varicela/2024-06-26_00-15-36_6738.png
Train/Varicela/2024-06-25_23-45-27_2202.png,Train/Varicela/2024-06-25_23-45-27_2202.png,Train,Varicela,19,Woman,white,Train/Varicela/2024-06-25_23-45-27_2202.png,18-59,female,white,white,woman,unknown,unknown,unknown,18-59|female|white,1266728,937ee1e1922e89c7e87113a9b4c182da093542e1edb5d8fc3a11e79cb53b108f,Train,Varicela,True,896,1152,a3eff8a45ef6606f7e8090b71c1980f1dc4ced55722bd527c1f902f97bb9646d,f6f4949c8c2c24af,144.83962867373512,Train/Varicela/2024-06-25_23-45-27_2202.png
Train/Varicela/2024-06-25_21-36-27_3809.png,Train/Varicela/2024-06-25_21-36-27_3809.png,Train,Varicela,26,Man,white,Train/Varicela/2024-06-25_21-36-27_3809.png,18-59,male,white,white,man,unknown,unknown,unknown,18-59|male|white,1202820,57fafbbf524c598c9a2c1b55c2463636cfc2ea478c704f3aa93a0cbe8d810f09,Train,Varicela,True,896,1152,e0d6fbea9f397cf890da4584367343e85cdb79bd2a1e30c5aed9272ba6fe3a75,a29c2526e8ecff21,153.28776138547866,Train/Varicela/2024-06-25_21-36-27_3809.png
Train/Varicela/2024-06-26_21-04-36_4100.png,Train/Varicela/2024-06-26_21-04-36_4100.png,Train,Varicela,26,Man,white,Train/Varicela/2024-06-26_21-04-36_4100.png,18-59,male,white,white,man,unknown,unknown,unknown,18-59|male|white,1238502,409aeb0fc55997f01277f39171724ca310b012ba86b0ba8b31f964fbc9cbb413,Train,Varicela,True,896,1152,849fc7469c730d244f79efeadfe5d15ef07a408bf86fcabdbe51f15d40a2913b,7c3607a6725625cb,154.527586921813,Train/Varicela/2024-06-26_21-04-36_4100.png
Test/Varicela/2024-06-26_21-16-14_9925.png,Test/Varicela/2024-06-26_21-16-14_9925.png,Test,Varicela,29,Man,white,Test/Varicela/2024-06-26_21-16-14_9925.png,18-59,male,white,white,man,unknown,unknown,unknown,18-59|male|white,1300637,af7987532e24ceaa6904916245c1e121be2849875c40e437eada22cc72872780,Test,Varicela,True,896,1152,9e629109779e2b05c0b7bd909277196ce170b9e6be4debd9f0842dc64a084f22,a7b8a9ac88d4ad8b,138.2022966657366,Test/Varicela/2024-06-26_21-16-14_9925.png
Train/Herpes/Herpes (304).jpg,Train/Herpes/Herpes (304).jpg,Train,Herpes,60,Woman,white,Train/Herpes/Herpes (304).jpg,60+,female,white,white,woman,unknown,unknown,unknown,60+|female|white,136058,ffe96010d42c7e13f7509f6bf2446561b923dc59d6ca2fb55d11530be3e18905,Train,Herpes,True,1300,957,9d42d4d108ff4a1122b02cbc108b2dfca95e1dbeb89d9bf990e869473b1690df,3f0283960bc2e37f,148.9202226509123,Train/Herpes/Herpes (304).jpg
Train/Varicela/2024-06-26_23-10-49_9079.png,Train/Varicela/2024-06-26_23-10-49_9079.png,Train,Varicela,24,Woman,white,Train/Varicela/2024-06-26_23-10-49_9079.png,18-59,female,white,white,woman,unknown,unknown,unknown,18-59|female|white,1190489,c211daa102bb17d79dcb38f32e8fb2c5e0bd6745526033477d75eb1b1c6bf253,Train,Varicela,True,896,1152,d2029a706e4094084aaaf3636045020097ac9a37114d83979436792e43c11499,0e9e0e3474e4e51f,137.5315125480531,Train/Varicela/2024-06-26_23-10-49_9079.png
Train/Varicela/2024-06-27_12-19-30_5397.png,Train/Varicela/2024-06-27_12-19-30_5397.png,Train,Varicela,24,Woman,indian,Train/Varicela/2024-06-27_12-19-30_5397.png,18-59,female,indian,indian,woman,unknown,unknown,unknown,18-59|female|indian,1277192,fd5bc79ab305e52e376ad6d4d65fc17ac8c3a48ea027edff9513af9df34a5872,Train,Varicela,True,896,1152,0885d71b3b4ed64a31b7773abc5f9c3fd3847f5e68a8f4a00c6c9ac3be075878,3ac1cbb239cd24c7,92.96634540860614,Train/Varicela/2024-06-27_12-19-30_5397.png
Train/Varicela/ChickenPox (170).jpg,Train/Varicela/ChickenPox (170).jpg,Train,Varicela,10,Woman,white,Train/Varicela/ChickenPox (170).jpg,0-17,female,white,white,woman,unknown,unknown,unknown,0-17|female|white,6174,3a557df7f4c73a4ed47b3642494c817cf4d6c5e07b4bffb03891790abe42238c,Train,Varicela,True,284,177,f30332f168143999a5a3ed9db0fb1beaf54f1e682a0e668aed24330a07e4f1ea,73b10f31e01f1c6b,108.5749582239198,Train/Varicela/ChickenPox (170).jpg
Train/Varicela/2024-06-26_21-06-29_5345.png,Train/Varicela/2024-06-26_21-06-29_5345.png,Train,Varicela,34,Man,white,Train/Varicela/2024-06-26_21-06-29_5345.png,18-59,male,white,white,man,unknown,unknown,unknown,18-59|male|white,1170591,101108612a991e8fddedabcfa55afd22fb1f97469e44b66d4d0be387b4244768,Train,Varicela,True,896,1152,f43504af05304e6027c83bc302fed3306c62aa0e6b6c97e45b2ce26c9339e055,2173df07829a9f29,139.85004340277777,Train/Varicela/2024-06-26_21-06-29_5345.png
Test/Varicela/2024-06-26_23-43-26_2381.png,Test/Varicela/2024-06-26_23-43-26_2381.png,Test,Varicela,28,Woman,white,Test/Varicela/2024-06-26_23-43-26_2381.png,18-59,female,white,white,woman,unknown,unknown,unknown,18-59|female|white,1165385,c3914e3446cdbdf3bdacb9465472c9ef56973f59499c73124337316d5c873ebd,Test,Varicela,True,896,1152,80a48dc8a4b510b6dbecdd6a92e1c04eda349b9fb6ce32993ba96f8b9137bb2f,26b6a4e48ede1f81,140.4916246202257,Test/Varicela/2024-06-26_23-43-26_2381.png
Test/Monkeypox/2024-06-27_13-55-47_1416.png,Test/Monkeypox/2024-06-27_13-55-47_1416.png,Test,Monkeypox,30,Man,black,Test/Monkeypox/2024-06-27_13-55-47_1416.png,18-59,male,black,black,man,unknown,unknown,unknown,18-59|male|black,1355739,61ad830fe97eb71ee0727966cb278114fe96c7b77eda23f92b054b765b89c4dd,Test,Monkeypox,True,896,1152,36c203e6eb32b32dfc031a3eb9f39739afb71385d9460630f3bbd042fa84f798,d0a1cfbf21448f2d,87.973387703063,Test/Monkeypox/2024-06-27_13-55-47_1416.png
Test/Varicela/2024-06-26_23-50-12_7243.png,Test/Varicela/2024-06-26_23-50-12_7243.png,Test,Varicela,23,Woman,white,Test/Varicela/2024-06-26_23-50-12_7243.png,18-59,female,white,white,woman,unknown,unknown,unknown,18-59|female|white,1177899,9f7c39a43b0aa6b75781bbd091db887d392d5c4ac3a21374a7bf1fe9f9340bfd,Test,Varicela,True,896,1152,32cb921ad5aac3e8e003d5845bc969dbcdf01a0244145b9462f709b73b29ce4d,8b86db5a96b819c9,115.34996977306548,Test/Varicela/2024-06-26_23-50-12_7243.png
Train/Monkeypox/2024-06-27_13-59-47_6872.png,Train/Monkeypox/2024-06-27_13-59-47_6872.png,Train,Monkeypox,31,Man,black,Train/Monkeypox/2024-06-27_13-59-47_6872.png,18-59,male,black,black,man,unknown,unknown,unknown,18-59|male|black,1371365,f0a21bc10e580c4c18f5b51b6684edbce4e61244afc8cc51af8a9c78cddab7fe,Train,Monkeypox,True,896,1152,28184fee44306f37474eb5d400e9e85bcb6a75dcad9142c01934a649149aa2ae,b24b03b7c2ba1d4d,74.71158079117063,Train/Monkeypox/2024-06-27_13-59-47_6872.png
Test/Varicela/ChickenPox (54).png,Test/Varicela/ChickenPox (54).png,Test,Varicela,12,Woman,white,Test/Varicela/ChickenPox (54).png,0-17,female,white,white,woman,unknown,unknown,unknown,0-17|female|white,85012,0d7adc14700304a70847703b3121841218e91d01aba3c672fc1e81f37db6872b,Test,Varicela,True,224,224,ef8c5890ced450e9293abdc9e01eaaf42423d7377bb8fd6052505ce9f8797c19,4ab54a2573bf2529,134.70613440688774,Test/Varicela/ChickenPox (54).png
Test/Sarampion/2024-06-26_12-51-06_3150.png,Test/Sarampion/2024-06-26_12-51-06_3150.png,Test,Sarampion,27,Woman,latino hispanic,Test/Sarampion/2024-06-26_12-51-06_3150.png,18-59,female,latino hispanic,latino hispanic,woman,unknown,unknown,unknown,18-59|female|latino hispanic,1600757,e02a68d593c4c65847c57b3c0c5e595a6967a63d06d0a1c000d3b3501796c395,Test,Sarampion,True,896,1152,874c26a0d00203cc9ce27ec313de7b00704423f4787c3eb36b7b6e4cd2b1db55,ea2d2565e65ad861,92.54066394624256,Test/Sarampion/2024-06-26_12-51-06_3150.png
Test/Varicela/ChickenPox (37).png,Test/Varicela/ChickenPox (37).png,Test,Varicela,7,Woman,white,Test/Varicela/ChickenPox (37).png,0-17,female,white,white,woman,unknown,unknown,unknown,0-17|female|white,89342,710f0062c28fea85fcb44ca9cbdaa7b19d9cba87e824911e2fca84e82aba8785,Test,Varicela,True,224,224,c66e69207f4c73b1a4ab1e3e7e6614659e1520fc94560f14f0e08baa5b2b1668,26005bf2bd39d2ab,151.27194276147958,Test/Varicela/ChickenPox (37).png
Train/Sarampion/2024-06-26_12-01-49_1323.png,Train/Sarampion/2024-06-26_12-01-49_1323.png,Train,Sarampion,28,Woman,white,Train/Sarampion/2024-06-26_12-01-49_1323.png,18-59,female,white,white,woman,unknown,unknown,unknown,18-59|female|white,1290660,cc89f7ab99f0f5a37e145d44f4643d248660183c9cf12b68cec9d2fc85c9f380,Train,Sarampion,True,896,1152,0f712281b45bb1861ccf7c8fab9244501373ae536a42c6a41714c8cb33d21c11,d53db43838f89961,136.08059450179812,Train/Sarampion/2024-06-26_12-01-49_1323.png
Train/Varicela/2024-06-25_22-46-30_4040.png,Train/Varicela/2024-06-25_22-46-30_4040.png,Train,Varicela,25,Woman,white,Train/Varicela/2024-06-25_22-46-30_4040.png,18-59,female,white,white,woman,unknown,unknown,unknown,18-59|female|white,1053565,edc13fe1dba0c3f1c3f818173160738b6eb096d53210ac36ac507031027fded6,Train,Varicela,True,896,1152,ec2ab18a76404e9001e910646e30003eecc57e2e9ade323f35c3f20fb7330dba,fdc01f3c7202be13,163.90828934926836,Train/Varicela/2024-06-25_22-46-30_4040.png
Train/Varicela/2024-06-27_13-27-31_1578.png,Train/Varicela/2024-06-27_13-27-31_1578.png,Train,Varicela,25,Woman,asian,Train/Varicela/2024-06-27_13-27-31_1578.png,18-59,female,asian,asian,woman,unknown,unknown,unknown,18-59|female|asian,1180662,1fb18bf8fb57687a26ef885639c8dff5ae3751e1f505111e847c2ef4473b11f2,Train,Varicela,True,896,1152,07291b4f5814dc563914549408b1145c18ff57557cb9be80aae9235482c8357a,59696d25e6861793,117.3247796921503,Train/Varicela/2024-06-27_13-27-31_1578.png
Train/Sarampion/2024-06-26_12-59-15_9519.png,Train/Sarampion/2024-06-26_12-59-15_9519.png,Train,Sarampion,25,Woman,latino hispanic,Train/Sarampion/2024-06-26_12-59-15_9519.png,18-59,female,latino hispanic,latino hispanic,woman,unknown,unknown,unknown,18-59|female|latino hispanic,1546904,ebe8421995b7ce9fab11af9e20232377e03847957200503d9ca1f9d914f09052,Train,Sarampion,True,896,1152,20a6e4035981ab73385e2f87138f9bccd50cd12ab079f7e4e676412dba93c954,5c585a5e1c74351f,104.88142613002232,Train/Sarampion/2024-06-26_12-59-15_9519.png
Train/Varicela/2024-06-27_00-41-24_8907.png,Train/Varicela/2024-06-27_00-41-24_8907.png,Train,Varicela,31,Woman,white,Train/Varicela/2024-06-27_00-41-24_8907.png,18-59,female,white,white,woman,unknown,unknown,unknown,18-59|female|white,1211404,ad9979de2ea0c895fa4e6463e80c881e880abe69edcfa6e3ddeb4bbed620f426,Train,Varicela,True,896,1152,eb1b1cadaf62866673cfb2e3191b4af5955f23e1e496049deedc6d17e4ee8e27,1e2ff62230323bcb,99.23343912760416,Train/Varicela/2024-06-27_00-41-24_8907.png
Train/Varicela/2024-06-26_21-30-30_7786.png,Train/Varicela/2024-06-26_21-30-30_7786.png,Train,Varicela,31,Man,white,Train/Varicela/2024-06-26_21-30-30_7786.png,18-59,male,white,white,man,unknown,unknown,unknown,18-59|male|white,1197333,ab930133a01c719b9577569daa995395485dc714b70163af5a43fa1c023737f5,Train,Varicela,True,896,1152,14d03d6e081b0607bb30b1fa1f02f097c24e5515a3acb34ee3190ae659cb9fc8,1b4f7c74a8b074a3,136.10464235336062,Train/Varicela/2024-06-26_21-30-30_7786.png
Train/Varicela/2024-06-26_21-40-27_2949.png,Train/Varicela/2024-06-26_21-40-27_2949.png,Train,Varicela,36,Man,white,Train/Varicela/2024-06-26_21-40-27_2949.png,18-59,male,white,white,man,unknown,unknown,unknown,18-59|male|white,1177760,424812f367c7250d8d98d363d2de2ff3d6b6f30bce0b14f5166ead9b42be1f97,Train,Varicela,True,896,1152,f3d278b00ef407923c1f1e293a21c17646d964724008da0f04b0fca5c5771487,b52197c742cade29,130.68982708643352,Train/Varicela/2024-06-26_21-40-27_2949.png
Train/Monkeypox/2024-06-27_15-16-27_2045.png,Train/Monkeypox/2024-06-27_15-16-27_2045.png,Train,Monkeypox,34,Man,asian,Train/Monkeypox/2024-06-27_15-16-27_2045.png,18-59,male,asian,asian,man,unknown,unknown,unknown,18-59|male|asian,1393678,4188e2455407b785161df754c5dd94ab0cfeb95822825bf980b9d459d571027f,Train,Monkeypox,True,896,1152,f7c73eeaacbe9a2734d8cc290bc751c3c6d310a5e7d06a3afe87b54429c47b92,11d3e3c34b498e3d,136.39326985677084,Train/Monkeypox/2024-06-27_15-16-27_2045.png
Train/Monkeypox/2024-06-27_15-53-33_1566.png,Train/Monkeypox/2024-06-27_15-53-33_1566.png,Train,Monkeypox,29,Man,asian,Train/Monkeypox/2024-06-27_15-53-33_1566.png,18-59,male,asian,asian,man,unknown,unknown,unknown,18-59|male|asian,1550635,a87b311d860e7f7b1f9d74b75165ed4d3c5e84a26b4f8ee74464acb3c29f6a9e,Train,Monkeypox,True,896,1152,9619cdfbef9e1da36d8edfbc4b8c8bb4340d985f3c4913394cbcee9e6b06b4ff,dbc9cd06e424a771,134.66254437158975,Train/Monkeypox/2024-06-27_15-53-33_1566.png
Val/Varicela/ChickenPox (3).jpg,Val/Varicela/ChickenPox (3).jpg,Val,Varicela,9,Woman,white,Val/Varicela/ChickenPox (3).jpg,0-17,female,white,white,woman,unknown,unknown,unknown,0-17|female|white,32723,019498790d54ca9acfdab3c8fa663339ab470f92515c2595649fca3213d0b35e,Val,Varicela,True,615,409,b718183c0f7ca50f2113a011e2471f209012f0d839365ac6a217eeb4b19851b5,3f06c873bd897099,98.48888623849564,Val/Varicela/ChickenPox (3).jpg
Train/Herpes/Herpes (297).jpg,Train/Herpes/Herpes (297).jpg,Train,Herpes,61,Man,white,Train/Herpes/Herpes (297).jpg,60+,male,white,white,man,unknown,unknown,unknown,60+|male|white,7107,7d386aa6a1c3250226219f77bc7b2c5364db2d0afe7faa98e3f8e95784c33f6c,Train,Herpes,True,177,285,a9efa93a7df22fe0f478ad6a648aa8e16ee59e959bf0a9365514758aafc253a1,d390ed6ea34649a9,125.02795123401724,Train/Herpes/Herpes (297).jpg
Train/Monkeypox/2024-06-27_16-43-19_6594.png,Train/Monkeypox/2024-06-27_16-43-19_6594.png,Train,Monkeypox,37,Woman,indian,Train/Monkeypox/2024-06-27_16-43-19_6594.png,18-59,female,indian,indian,woman,unknown,unknown,unknown,18-59|female|indian,1460662,e502e758db90c85828d3bf1979cfcc2cfb37ee71c12716101a01daf4ee413241,Train,Monkeypox,True,896,1152,d343583424bd07bc406b37e37bef62ff7bcdc60288cd081b834e7af500b22f5b,caca0e9e24752d1f,115.45155261811756,Train/Monkeypox/2024-06-27_16-43-19_6594.png
Train/Monkeypox/2024-06-27_15-56-01_2331.png,Train/Monkeypox/2024-06-27_15-56-01_2331.png,Train,Monkeypox,34,Woman,latino hispanic,Train/Monkeypox/2024-06-27_15-56-01_2331.png,18-59,female,latino hispanic,latino hispanic,woman,unknown,unknown,unknown,18-59|female|latino hispanic,1414971,6253d741016eae5db09923a14994816271ac900f7a11270fa4e7f12ad85a41d0,Train,Monkeypox,True,896,1152,ea47aec5e61e6c0a65ac2ab5313f6e9d311c59d35a4c6712eddd5ec6505440dd,d88dc9596c2487b7,138.16554478236608,Train/Monkeypox/2024-06-27_15-56-01_2331.png
Train/Sarampion/2024-06-26_13-21-10_5010.png,Train/Sarampion/2024-06-26_13-21-10_5010.png,Train,Sarampion,34,Woman,white,Train/Sarampion/2024-06-26_13-21-10_5010.png,18-59,female,white,white,woman,unknown,unknown,unknown,18-59|female|white,1253901,2fa80189c81c43bbb9be4206cf1cdb02b94bf36874fc38fa43ae154bb9565d8e,Train,Sarampion,True,896,1152,7005da2fa8ed09c17d2fa13b694925bb50bacc5056bc8570c9d528b5c05096e9,f392b236349e0ea9,146.2093709309896,Train/Sarampion/2024-06-26_13-21-10_5010.png
Train/Herpes/Herpes (256).jpg,Train/Herpes/Herpes (256).jpg,Train,Herpes,66,Man,white,Train/Herpes/Herpes (256).jpg,60+,male,white,white,man,unknown,unknown,unknown,60+|male|white,6262,1151026d6b5d1b49d5bec3541b5fdb6c17ec4cc9cd3bff70bce9a450caebbb65,Train,Herpes,True,242,209,05f3040d9b9490da666b9bd96b98b541dd835def17b2ce4993771d29877ed549,72328fb9348cb663,137.35750721657638,Train/Herpes/Herpes (256).jpg
Train/Sarampion/2024-06-26_12-49-51_7739.png,Train/Sarampion/2024-06-26_12-49-51_7739.png,Train,Sarampion,32,Woman,latino hispanic,Train/Sarampion/2024-06-26_12-49-51_7739.png,18-59,female,latino hispanic,latino hispanic,woman,unknown,unknown,unknown,18-59|female|latino hispanic,1546254,735478a77d07fc7594a97287caca3a56a3004081e31d40571c711e242b92f463,Train,Sarampion,True,896,1152,06743732de1834f4742efb1b1e944cbbab72932e34eaa243b2e42413d7f60b90,bd38686a0e56561f,97.4188978407118,Train/Sarampion/2024-06-26_12-49-51_7739.png
Train/Varicela/2024-06-27_12-26-55_4277.png,Train/Varicela/2024-06-27_12-26-55_4277.png,Train,Varicela,32,Woman,asian,Train/Varicela/2024-06-27_12-26-55_4277.png,18-59,female,asian,asian,woman,unknown,unknown,unknown,18-59|female|asian,1203446,d2bbd46aa328005141f4ff22985c1923590ea311803dc1d673e426b5acd78e06,Train,Varicela,True,896,1152,b31e745a84897e48eff308fdc5642e94a6f6da8e916b401fc538395445511984,bc3987d239a94ca3,83.69712611607143,Train/Varicela/2024-06-27_12-26-55_4277.png
Train/Sarampion/2024-06-26_14-57-58_4742.png,Train/Sarampion/2024-06-26_14-57-58_4742.png,Train,Sarampion,26,Man,indian,Train/Sarampion/2024-06-26_14-57-58_4742.png,18-59,male,indian,indian,man,unknown,unknown,unknown,18-59|male|indian,1163008,21ea0fe43e64878f2b2b5b2ef8892bcecb99fca95aaf0ba455361187c7006d13,Train,Sarampion,True,896,1152,4aebc428ada6af48e1f27e6c6c65c0a4fb5f5900ef2777fcec59d477e94ae38d,eaac555d55ac2c85,86.05642942398313,Train/Sarampion/2024-06-26_14-57-58_4742.png
Train/Varicela/2024-06-27_13-19-41_3117.png,Train/Varicela/2024-06-27_13-19-41_3117.png,Train,Varicela,26,Woman,asian,Train/Varicela/2024-06-27_13-19-41_3117.png,18-59,female,asian,asian,woman,unknown,unknown,unknown,18-59|female|asian,1024703,e160691aefce0481caf6e66f43779121ec25e822940cc2ef5279a48f35e52a76,Train,Varicela,True,896,1152,916e5465c81a4f81b287b9024d781304592c37e3f21f64edb78435671cb7d700,7afaf3424b4ec809,122.23708767361111,Train/Varicela/2024-06-27_13-19-41_3117.png
Train/Monkeypox/2024-06-27_16-05-23_7051.png,Train/Monkeypox/2024-06-27_16-05-23_7051.png,Train,Monkeypox,34,Woman,indian,Train/Monkeypox/2024-06-27_16-05-23_7051.png,18-59,female,indian,indian,woman,unknown,unknown,unknown,18-59|female|indian,1387891,fb4b49be3103ac74e9b3adf8c312265070f165c9269742149af82aa13e5b4dc2,Train,Monkeypox,True,896,1152,2fcecebc08278b4468bf13e563686df67cb7934121aec183b87990daab73a391,d20d389bd60643df,149.51193188864087,Train/Monkeypox/2024-06-27_16-05-23_7051.png
Train/Monkeypox/2024-06-27_13-53-49_8657.png,Train/Monkeypox/2024-06-27_13-53-49_8657.png,Train,Monkeypox,31,Man,black,Train/Monkeypox/2024-06-27_13-53-49_8657.png,18-59,male,black,black,man,unknown,unknown,unknown,18-59|male|black,1327767,9aed5fc75aa738173440321ea60fb529af148458f5e072ee7245ce8089719778,Train,Monkeypox,True,896,1152,db0e3681ed00df6c1744266437e990f4baa7d49dbb361598303396413be0fa36,f15353297505e707,75.86872887989831,Train/Monkeypox/2024-06-27_13-53-49_8657.png
Test/Varicela/2024-06-25_21-37-35_5856.png,Test/Varicela/2024-06-25_21-37-35_5856.png,Test,Varicela,29,Woman,white,Test/Varicela/2024-06-25_21-37-35_5856.png,18-59,female,white,white,woman,unknown,unknown,unknown,18-59|female|white,1264042,ce6e6779ff0b4e4bf283b2277d7e73be0168339186014acd704d3eeb00876c47,Test,Varicela,True,896,1152,f2e698ac80830ba81953c017bfc1cb5ccf01e555b1bf0b079a5eb05304ccdced,8999cfd95c4c8729,148.69604007781498,Test/Varicela/2024-06-25_21-37-35_5856.png
Val/Monkeypox/MonkeyPox (36).png,Val/Monkeypox/MonkeyPox (36).png,Val,Monkeypox,29,Man,black,Val/Monkeypox/MonkeyPox (36).png,18-59,male,black,black,man,unknown,unknown,unknown,18-59|male|black,94663,d8cd4d2f374cc5d3a6dfd88139d35cf7eabc9e7b8c3484cf56a3d32be8d39414,Val,Monkeypox,True,224,224,c31de6fff4963da3d96d8053251c0a9c1d1d2eab9235dd5f0e6db99c56bfebb2,f18cf8a208ead755,75.51961096938776,Val/Monkeypox/MonkeyPox (36).png
Train/Varicela/2024-06-27_12-00-14_3007.png,Train/Varicela/2024-06-27_12-00-14_3007.png,Train,Varicela,22,Woman,asian,Train/Varicela/2024-06-27_12-00-14_3007.png,18-59,female,asian,asian,woman,unknown,unknown,unknown,18-59|female|asian,1155399,b13d015ea2b7e83a860939b41e762694a12354ac8e7ecfb094a667278635a6f8,Train,Varicela,True,896,1152,fcc8933b18cf6243dde93f2eb3f6da5cf004762bdeb3ceee089f9ba15db03096,9692eb492cbce529,94.11395263671876,Train/Varicela/2024-06-27_12-00-14_3007.png
Train/Varicela/2024-06-26_21-28-50_5244.png,Train/Varicela/2024-06-26_21-28-50_5244.png,Train,Varicela,29,Man,white,Train/Varicela/2024-06-26_21-28-50_5244.png,18-59,male,white,white,man,unknown,unknown,unknown,18-59|male|white,1136560,76076303c67a3455c6dfed97c680a3ff9381c43d3cd440037146d19e5421bca2,Train,Varicela,True,896,1152,92e449d8e2cb9a64c30bac114fc9226e6872847308b1514aa4ebf11d16793e54,fa98a88aa8f8df21,137.80047026134673,Train/Varicela/2024-06-26_21-28-50_5244.png
Test/Varicela/2024-06-25_21-37-13_9023.png,Test/Varicela/2024-06-25_21-37-13_9023.png,Test,Varicela,34,Man,white,Test/Varicela/2024-06-25_21-37-13_9023.png,18-59,male,white,white,man,unknown,unknown,unknown,18-59|male|white,1223102,215473554aac16d2f6a1bd2f7c584e7c8524215a56b54a3fa2aa104dfc89a4dd,Test,Varicela,True,896,1152,c337c6aebd191406ca57686e9e2d39ce824e4291a5ab4e075625741948f061c3,1aac282eb8bcdf29,148.75579543340774,Test/Varicela/2024-06-25_21-37-13_9023.png
Train/Sarampion/2024-06-26_15-14-59_6587.png,Train/Sarampion/2024-06-26_15-14-59_6587.png,Train,Sarampion,42,Man,indian,Train/Sarampion/2024-06-26_15-14-59_6587.png,18-59,male,indian,indian,man,unknown,unknown,unknown,18-59|male|indian,1224863,2642ee95b6777df9423e6d9aa2e46c13c41f2bc3f8beadc5268478ce4b925fe9,Train,Sarampion,True,896,1152,b3cd1e750194d5a8578c2ae0074bca295b1420f6096626835dfa833200f85147,9916870f9df862c3,95.4556652250744,Train/Sarampion/2024-06-26_15-14-59_6587.png
Train/Monkeypox/2024-06-27_14-10-49_8828.png,Train/Monkeypox/2024-06-27_14-10-49_8828.png,Train,Monkeypox,38,Man,latino hispanic,Train/Monkeypox/2024-06-27_14-10-49_8828.png,18-59,male,latino hispanic,latino hispanic,man,unknown,unknown,unknown,18-59|male|latino hispanic,1334392,1bb9f3a8c306df36e4c717f55c6a07bcb26efd7645017c5c446ef0caad4b5b38,Train,Monkeypox,True,896,1152,252e6bde7e3664f9d17ec9cd52fd6ebde697e0873c1d3700dd98c55bc1c22b16,f4ebe5104b070f0f,82.53034222315229,Train/Monkeypox/2024-06-27_14-10-49_8828.png
Test/Sarampion/Sarampion (3).png,Test/Sarampion/Sarampion (3).png,Test,Sarampion,7,Man,white,Test/Sarampion/Sarampion (3).png,0-17,male,white,white,man,unknown,unknown,unknown,0-17|male|white,370465,b44a5781b5b8c008d5b50d9b560ac9fc541212b2b6dfc5e86a50199b97a921ab,Test,Sarampion,True,450,297,263343a24755e429f07c799ec4b9b972ba607159b906df257e3b4939740c809b,1bb84ea6384d2fd1,169.45035540591095,Test/Sarampion/Sarampion (3).png
Train/Sarampion/2024-06-26_14-18-43_1449.png,Train/Sarampion/2024-06-26_14-18-43_1449.png,Train,Sarampion,36,Man,indian,Train/Sarampion/2024-06-26_14-18-43_1449.png,18-59,male,indian,indian,man,unknown,unknown,unknown,18-59|male|indian,1318880,e0cf61041cc85259bab34d737fa362f110d91137d05f9cf060e72fac9580c5a8,Train,Sarampion,True,896,1152,fed52f9f5ade8b68c7e52bfd18a9720cbda78dd6e40f9811b59cbe3b59a2791a,f921e5472eb4708b,84.49002898685517,Train/Sarampion/2024-06-26_14-18-43_1449.png
Test/Monkeypox/MonkeyPox (9).png,Test/Monkeypox/MonkeyPox (9).png,Test,Monkeypox,9,Man,black,Test/Monkeypox/MonkeyPox (9).png,0-17,male,black,black,man,unknown,unknown,unknown,0-17|male|black,97727,3c4130764a0295993bb69b683fcb5dac9cf817a5e64323f56a5195b994ce18d0,Test,Monkeypox,True,224,224,6eb26f5312229cce29ecb86f82d6da6bc053863deb39f6276c59feb0063411d8,6633396d787ae109,95.24858498086736,Test/Monkeypox/MonkeyPox (9).png
Train/Varicela/ChickenPox (232).jpg,Train/Varicela/ChickenPox (232).jpg,Train,Varicela,9,Woman,white,Train/Varicela/ChickenPox (232).jpg,0-17,female,white,white,woman,unknown,unknown,unknown,0-17|female|white,7092,12d07dea7e23437a95e8431015b187a067b57da1a096574d11afcf9571966d3d,Train,Varicela,True,275,183,b7e0cd002b82f33d5362db5a0a60710628bf71ec6698cd81dc52f092b256d800,0c708c2b1b1ff9e3,170.57547938400398,Train/Varicela/ChickenPox (232).jpg
Train/Sarampion/2024-06-26_12-48-38_4965.png,Train/Sarampion/2024-06-26_12-48-38_4965.png,Train,Sarampion,26,Woman,latino hispanic,Train/Sarampion/2024-06-26_12-48-38_4965.png,18-59,female,latino hispanic,latino hispanic,woman,unknown,unknown,unknown,18-59|female|latino hispanic,1365754,7c6a74a8416830f86b34dd010d4c291d20e5e33bfaf93130e0b4276630be7a0e,Train,Sarampion,True,896,1152,b7cb3135f9ae7a41968677ec675840aa9371113ae0ac3b8c9f22c90c193a7c9d,c0c1cb58f03e1fad,95.7721199156746,Train/Sarampion/2024-06-26_12-48-38_4965.png
Test/Varicela/ChickenPox (38).png,Test/Varicela/ChickenPox (38).png,Test,Varicela,6,Woman,white,Test/Varicela/ChickenPox (38).png,0-17,female,white,white,woman,unknown,unknown,unknown,0-17|female|white,82309,db8ca614d3b6d00dbc0732d4af50b7d91b3631f18ae40f729ed4a5de83920013,Test,Varicela,True,224,224,72a70ed8381f33d65cec7701b889a10842f59cd78919b42c2c4a4904c44e14f5,b376768a3a9282d9,163.29468271683675,Test/Varicela/ChickenPox (38).png
Train/Varicela/2024-06-27_13-00-36_6029.png,Train/Varicela/2024-06-27_13-00-36_6029.png,Train,Varicela,24,Woman,indian,Train/Varicela/2024-06-27_13-00-36_6029.png,18-59,female,indian,indian,woman,unknown,unknown,unknown,18-59|female|indian,1133411,ba6f0a7ebaadd401be643ae53b1c77d81f1b31d2c768f321317adafd1cef33a4,Train,Varicela,True,896,1152,e6c2f3e86a5120fa9a8ebcde8f3ce0a8b38825d7865f06ecffbd1c5059b22137,3881cf7073cc34cf,73.98332868303571,Train/Varicela/2024-06-27_13-00-36_6029.png
