model,scope,attribute,minimum_n,groups_retained,groups_excluded,images_retained,images_total,coverage,wga,wga_simultaneous95_low,wga_simultaneous95_high,ranks_low_to_high,caution
metadata_Multimodal_DINOv3_Concat_KFold,fold_1,gender,1,2,0,81,81,1.0,0.8888888888888888,0.6818014287964196,0.9819207890861954,"[""female"", ""male""]",Conditional binomial bounds; no patient clusters or training variability available
metadata_Multimodal_DINOv3_Concat_KFold,fold_1,gender,5,2,0,81,81,1.0,0.8888888888888888,0.6818014287964196,0.9819207890861954,"[""female"", ""male""]",Conditional binomial bounds; no patient clusters or training variability available
metadata_Multimodal_DINOv3_Concat_KFold,fold_1,gender,10,2,0,81,81,1.0,0.8888888888888888,0.6818014287964196,0.9819207890861954,"[""female"", ""male""]",Conditional binomial bounds; no patient clusters or training variability available
metadata_Multimodal_DINOv3_Concat_KFold,fold_1,gender,15,2,0,81,81,1.0,0.8888888888888888,0.6818014287964196,0.9819207890861954,"[""female"", ""male""]",Conditional binomial bounds; no patient clusters or training variability available
metadata_Multimodal_DINOv3_Concat_KFold,fold_1,gender,20,2,0,81,81,1.0,0.8888888888888888,0.6818014287964196,0.9819207890861954,"[""female"", ""male""]",Conditional binomial bounds; no patient clusters or training variability available
metadata_Multimodal_DINOv3_Concat_KFold,fold_1,gender,30,1,1,54,81,0.6666666666666666,0.9259259259259259,0.8210665708339271,0.9794490327019054,"[""male""]",Conditional binomial bounds; no patient clusters or training variability available
metadata_Multimodal_DINOv3_Concat_KFold,fold_1,gender,50,1,1,54,81,0.6666666666666666,0.9259259259259259,0.8210665708339271,0.9794490327019054,"[""male""]",Conditional binomial bounds; no patient clusters or training variability available
metadata_Multimodal_DINOv3_Concat_KFold,fold_1,age,1,2,0,81,81,1.0,0.9090909090909091,0.5434236379520048,0.9725756369036522,"[""0-17"", ""18-59""]",Conditional binomial bounds; no patient clusters or training variability available
metadata_Multimodal_DINOv3_Concat_KFold,fold_1,age,5,2,0,81,81,1.0,0.9090909090909091,0.5434236379520048,0.9725756369036522,"[""0-17"", ""18-59""]",Conditional binomial bounds; no patient clusters or training variability available
metadata_Multimodal_DINOv3_Concat_KFold,fold_1,age,10,2,0,81,81,1.0,0.9090909090909091,0.5434236379520048,0.9725756369036522,"[""0-17"", ""18-59""]",Conditional binomial bounds; no patient clusters or training variability available
metadata_Multimodal_DINOv3_Concat_KFold,fold_1,age,15,1,1,70,81,0.8641975308641975,0.9142857142857143,0.8227140809028082,0.9678923638443047,"[""18-59""]",Conditional binomial bounds; no patient clusters or training variability available
metadata_Multimodal_DINOv3_Concat_KFold,fold_1,age,20,1,1,70,81,0.8641975308641975,0.9142857142857143,0.8227140809028082,0.9678923638443047,"[""18-59""]",Conditional binomial bounds; no patient clusters or training variability available
metadata_Multimodal_DINOv3_Concat_KFold,fold_1,age,30,1,1,70,81,0.8641975308641975,0.9142857142857143,0.8227140809028082,0.9678923638443047,"[""18-59""]",Conditional binomial bounds; no patient clusters or training variability available
metadata_Multimodal_DINOv3_Concat_KFold,fold_1,age,50,1,1,70,81,0.8641975308641975,0.9142857142857143,0.8227140809028082,0.9678923638443047,"[""18-59""]",Conditional binomial bounds; no patient clusters or training variability available
metadata_Multimodal_DINOv3_Concat_KFold,fold_1,skin_tone,1,6,0,81,81,1.0,0.8775510204081632,0.004166666666666667,0.9686688243687802,"[""white"", ""asian"", ""black"", ""indian"", ""latino hispanic"", ""middle eastern""]",Conditional binomial bounds; no patient clusters or training variability available
metadata_Multimodal_DINOv3_Concat_KFold,fold_1,skin_tone,5,5,1,80,81,0.9876543209876543,0.8775510204081632,0.3465724215775732,0.9674620314741201,"[""white"", ""asian"", ""black"", ""indian"", ""latino hispanic""]",Conditional binomial bounds; no patient clusters or training variability available
metadata_Multimodal_DINOv3_Concat_KFold,fold_1,skin_tone,10,1,5,49,81,0.6049382716049383,0.8775510204081632,0.7523070316403171,0.9537109689181043,"[""white""]",Conditional binomial bounds; no patient clusters or training variability available
metadata_Multimodal_DINOv3_Concat_KFold,fold_1,skin_tone,15,1,5,49,81,0.6049382716049383,0.8775510204081632,0.7523070316403171,0.9537109689181043,"[""white""]",Conditional binomial bounds; no patient clusters or training variability available
metadata_Multimodal_DINOv3_Concat_KFold,fold_1,skin_tone,20,1,5,49,81,0.6049382716049383,0.8775510204081632,0.7523070316403171,0.9537109689181043,"[""white""]",Conditional binomial bounds; no patient clusters or training variability available
metadata_Multimodal_DINOv3_Concat_KFold,fold_1,skin_tone,30,1,5,49,81,0.6049382716049383,0.8775510204081632,0.7523070316403171,0.9537109689181043,"[""white""]",Conditional binomial bounds; no patient clusters or training variability available
metadata_Multimodal_DINOv3_Concat_KFold,fold_1,skin_tone,50,0,6,0,81,0.0,,,,[],Conditional binomial bounds; no patient clusters or training variability available
metadata_Multimodal_DINOv3_Concat_KFold,fold_1,composite,1,15,0,81,81,1.0,0.0,0.0,0.977289972775852,"[""0-17|female|asian"", ""18-59|male|white"", ""18-59|female|white"", ""0-17|female|white"", ""0-17|male|asian"", ""0-17|male|black"", ""0-17|male|white"", ""18-59|female|asian"", ""18-59|female|indian"", ""18-59|female|latino hispanic"", ""18-59|male|asian"", ""18-59|male|black"", ""18-59|male|indian"", ""18-59|male|latino hispanic"", ""18-59|male|middle eastern""]",Conditional binomial bounds; no patient clusters or training variability available
metadata_Multimodal_DINOv3_Concat_KFold,fold_1,composite,5,6,9,66,81,0.8148148148148148,0.8260869565217391,0.3341625309791344,0.9707186891525467,"[""18-59|male|white"", ""18-59|female|white"", ""0-17|male|white"", ""18-59|male|asian"", ""18-59|male|black"", ""18-59|male|indian""]",Conditional binomial bounds; no patient clusters or training variability available
metadata_Multimodal_DINOv3_Concat_KFold,fold_1,composite,10,2,13,42,81,0.5185185185185185,0.8260869565217391,0.5823744407261925,0.95982744356191,"[""18-59|male|white"", ""18-59|female|white""]",Conditional binomial bounds; no patient clusters or training variability available
metadata_Multimodal_DINOv3_Concat_KFold,fold_1,composite,15,2,13,42,81,0.5185185185185185,0.8260869565217391,0.5823744407261925,0.95982744356191,"[""18-59|male|white"", ""18-59|female|white""]",Conditional binomial bounds; no patient clusters or training variability available
metadata_Multimodal_DINOv3_Concat_KFold,fold_1,composite,20,1,14,23,81,0.2839506172839506,0.8260869565217391,0.6121881100452025,0.9504923546942066,"[""18-59|male|white""]",Conditional binomial bounds; no patient clusters or training variability available
metadata_Multimodal_DINOv3_Concat_KFold,fold_1,composite,30,0,15,0,81,0.0,,,,[],Conditional binomial bounds; no patient clusters or training variability available
metadata_Multimodal_DINOv3_Concat_KFold,fold_1,composite,50,0,15,0,81,0.0,,,,[],Conditional binomial bounds; no patient clusters or training variability available
metadata_Multimodal_DINOv3_Concat_KFold,fold_2,gender,1,2,0,81,81,1.0,0.8787878787878788,0.6942398747638918,0.9724258187337196,"[""female"", ""male""]",Conditional binomial bounds; no patient clusters or training variability available
metadata_Multimodal_DINOv3_Concat_KFold,fold_2,gender,5,2,0,81,81,1.0,0.8787878787878788,0.6942398747638918,0.9724258187337196,"[""female"", ""male""]",Conditional binomial bounds; no patient clusters or training variability available
metadata_Multimodal_DINOv3_Concat_KFold,fold_2,gender,10,2,0,81,81,1.0,0.8787878787878788,0.6942398747638918,0.9724258187337196,"[""female"", ""male""]",Conditional binomial bounds; no patient clusters or training variability available
metadata_Multimodal_DINOv3_Concat_KFold,fold_2,gender,15,2,0,81,81,1.0,0.8787878787878788,0.6942398747638918,0.9724258187337196,"[""female"", ""male""]",Conditional binomial bounds; no patient clusters or training variability available
metadata_Multimodal_DINOv3_Concat_KFold,fold_2,gender,20,2,0,81,81,1.0,0.8787878787878788,0.6942398747638918,0.9724258187337196,"[""female"", ""male""]",Conditional binomial bounds; no patient clusters or training variability available
metadata_Multimodal_DINOv3_Concat_KFold,fold_2,gender,30,2,0,81,81,1.0,0.8787878787878788,0.6942398747638918,0.9724258187337196,"[""female"", ""male""]",Conditional binomial bounds; no patient clusters or training variability available
metadata_Multimodal_DINOv3_Concat_KFold,fold_2,gender,50,0,2,0,81,0.0,,,,[],Conditional binomial bounds; no patient clusters or training variability available
metadata_Multimodal_DINOv3_Concat_KFold,fold_2,age,1,3,0,81,81,1.0,0.875,0.008333333333333333,0.9826900222321386,"[""0-17"", ""18-59"", ""60+""]",Conditional binomial bounds; no patient clusters or training variability available
metadata_Multimodal_DINOv3_Concat_KFold,fold_2,age,5,2,1,80,81,0.9876543209876543,0.875,0.4245499803830574,0.9808437840905283,"[""0-17"", ""18-59""]",Conditional binomial bounds; no patient clusters or training variability available
metadata_Multimodal_DINOv3_Concat_KFold,fold_2,age,10,1,2,72,81,0.8888888888888888,0.9305555555555556,0.8453326851838769,0.9770683408462545,"[""18-59""]",Conditional binomial bounds; no patient clusters or training variability available
metadata_Multimodal_DINOv3_Concat_KFold,fold_2,age,15,1,2,72,81,0.8888888888888888,0.9305555555555556,0.8453326851838769,0.9770683408462545,"[""18-59""]",Conditional binomial bounds; no patient clusters or training variability available
metadata_Multimodal_DINOv3_Concat_KFold,fold_2,age,20,1,2,72,81,0.8888888888888888,0.9305555555555556,0.8453326851838769,0.9770683408462545,"[""18-59""]",Conditional binomial bounds; no patient clusters or training variability available
metadata_Multimodal_DINOv3_Concat_KFold,fold_2,age,30,1,2,72,81,0.8888888888888888,0.9305555555555556,0.8453326851838769,0.9770683408462545,"[""18-59""]",Conditional binomial bounds; no patient clusters or training variability available
metadata_Multimodal_DINOv3_Concat_KFold,fold_2,age,50,1,2,72,81,0.8888888888888888,0.9305555555555556,0.8453326851838769,0.9770683408462545,"[""18-59""]",Conditional binomial bounds; no patient clusters or training variability available
metadata_Multimodal_DINOv3_Concat_KFold,fold_2,skin_tone,1,6,0,81,81,1.0,0.6,0.06454972243679027,0.9791553602271368,"[""middle eastern"", ""latino hispanic"", ""white"", ""asian"", ""black"", ""indian""]",Conditional binomial bounds; no patient clusters or training variability available
metadata_Multimodal_DINOv3_Concat_KFold,fold_2,skin_tone,5,4,2,75,81,0.9259259259259259,0.6,0.0895443121979465,0.9743461212117086,"[""middle eastern"", ""latino hispanic"", ""white"", ""asian""]",Conditional binomial bounds; no patient clusters or training variability available
metadata_Multimodal_DINOv3_Concat_KFold,fold_2,skin_tone,10,3,3,70,81,0.8641975308641975,0.9090909090909091,0.5196525560162785,0.9913663077737798,"[""latino hispanic"", ""white"", ""asian""]",Conditional binomial bounds; no patient clusters or training variability available
metadata_Multimodal_DINOv3_Concat_KFold,fold_2,skin_tone,15,1,5,48,81,0.5925925925925926,0.9375,0.8280400692094295,0.9869207555904473,"[""white""]",Conditional binomial bounds; no patient clusters or training variability available
metadata_Multimodal_DINOv3_Concat_KFold,fold_2,skin_tone,20,1,5,48,81,0.5925925925925926,0.9375,0.8280400692094295,0.9869207555904473,"[""white""]",Conditional binomial bounds; no patient clusters or training variability available
metadata_Multimodal_DINOv3_Concat_KFold,fold_2,skin_tone,30,1,5,48,81,0.5925925925925926,0.9375,0.8280400692094295,0.9869207555904473,"[""white""]",Conditional binomial bounds; no patient clusters or training variability available
metadata_Multimodal_DINOv3_Concat_KFold,fold_2,skin_tone,50,0,6,0,81,0.0,,,,[],Conditional binomial bounds; no patient clusters or training variability available
metadata_Multimodal_DINOv3_Concat_KFold,fold_2,composite,1,15,0,81,81,1.0,0.6,0.0016666666666666668,0.9869195174749542,"[""18-59|male|middle eastern"", ""0-17|female|white"", ""18-59|female|latino hispanic"", ""18-59|female|white"", ""0-17|male|indian"", ""0-17|male|latino hispanic"", ""0-17|male|white"", ""18-59|female|asian"", ""18-59|female|indian"", ""18-59|male|asian"", ""18-59|male|black"", ""18-59|male|indian"", ""18-59|male|latino hispanic"", ""18-59|male|white"", ""60+|female|latino hispanic""]",Conditional binomial bounds; no patient clusters or training variability available
metadata_Multimodal_DINOv3_Concat_KFold,fold_2,composite,5,5,10,60,81,0.7407407407407407,0.6,0.0828291872014768,0.9771187786246456,"[""18-59|male|middle eastern"", ""18-59|female|latino hispanic"", ""18-59|female|white"", ""18-59|male|asian"", ""18-59|male|white""]",Conditional binomial bounds; no patient clusters or training variability available
metadata_Multimodal_DINOv3_Concat_KFold,fold_2,composite,10,2,13,42,81,0.5185185185185185,0.8888888888888888,0.6191196282557917,0.9904924685341169,"[""18-59|female|white"", ""18-59|male|white""]",Conditional binomial bounds; no patient clusters or training variability available
metadata_Multimodal_DINOv3_Concat_KFold,fold_2,composite,15,2,13,42,81,0.5185185185185185,0.8888888888888888,0.6191196282557917,0.9904924685341169,"[""18-59|female|white"", ""18-59|male|white""]",Conditional binomial bounds; no patient clusters or training variability available
metadata_Multimodal_DINOv3_Concat_KFold,fold_2,composite,20,1,14,24,81,0.2962962962962963,1.0,0.8575264022774743,1.0,"[""18-59|male|white""]",Conditional binomial bounds; no patient clusters or training variability available
metadata_Multimodal_DINOv3_Concat_KFold,fold_2,composite,30,0,15,0,81,0.0,,,,[],Conditional binomial bounds; no patient clusters or training variability available
metadata_Multimodal_DINOv3_Concat_KFold,fold_2,composite,50,0,15,0,81,0.0,,,,[],Conditional binomial bounds; no patient clusters or training variability available
metadata_Multimodal_DINOv3_Concat_KFold,fold_3,gender,1,2,0,81,81,1.0,0.9555555555555556,0.8313593094368337,0.9962516074226954,"[""male"", ""female""]",Conditional binomial bounds; no patient clusters or training variability available
metadata_Multimodal_DINOv3_Concat_KFold,fold_3,gender,5,2,0,81,81,1.0,0.9555555555555556,0.8313593094368337,0.9962516074226954,"[""male"", ""female""]",Conditional binomial bounds; no patient clusters or training variability available
metadata_Multimodal_DINOv3_Concat_KFold,fold_3,gender,10,2,0,81,81,1.0,0.9555555555555556,0.8313593094368337,0.9962516074226954,"[""male"", ""female""]",Conditional binomial bounds; no patient clusters or training variability available
metadata_Multimodal_DINOv3_Concat_KFold,fold_3,gender,15,2,0,81,81,1.0,0.9555555555555556,0.8313593094368337,0.9962516074226954,"[""male"", ""female""]",Conditional binomial bounds; no patient clusters or training variability available
metadata_Multimodal_DINOv3_Concat_KFold,fold_3,gender,20,2,0,81,81,1.0,0.9555555555555556,0.8313593094368337,0.9962516074226954,"[""male"", ""female""]",Conditional binomial bounds; no patient clusters or training variability available
metadata_Multimodal_DINOv3_Concat_KFold,fold_3,gender,30,2,0,81,81,1.0,0.9555555555555556,0.8313593094368337,0.9962516074226954,"[""male"", ""female""]",Conditional binomial bounds; no patient clusters or training variability available
metadata_Multimodal_DINOv3_Concat_KFold,fold_3,gender,50,0,2,0,81,0.0,,,,[],Conditional binomial bounds; no patient clusters or training variability available
metadata_Multimodal_DINOv3_Concat_KFold,fold_3,age,1,2,0,81,81,1.0,0.875,0.4245499803830574,0.9976976897825146,"[""0-17"", ""18-59""]",Conditional binomial bounds; no patient clusters or training variability available
metadata_Multimodal_DINOv3_Concat_KFold,fold_3,age,5,2,0,81,81,1.0,0.875,0.4245499803830574,0.9976976897825146,"[""0-17"", ""18-59""]",Conditional binomial bounds; no patient clusters or training variability available
metadata_Multimodal_DINOv3_Concat_KFold,fold_3,age,10,1,1,73,81,0.9012345679012346,0.9726027397260274,0.9045108361622107,0.9966646711068833,"[""18-59""]",Conditional binomial bounds; no patient clusters or training variability available
metadata_Multimodal_DINOv3_Concat_KFold,fold_3,age,15,1,1,73,81,0.9012345679012346,0.9726027397260274,0.9045108361622107,0.9966646711068833,"[""18-59""]",Conditional binomial bounds; no patient clusters or training variability available
metadata_Multimodal_DINOv3_Concat_KFold,fold_3,age,20,1,1,73,81,0.9012345679012346,0.9726027397260274,0.9045108361622107,0.9966646711068833,"[""18-59""]",Conditional binomial bounds; no patient clusters or training variability available
metadata_Multimodal_DINOv3_Concat_KFold,fold_3,age,30,1,1,73,81,0.9012345679012346,0.9726027397260274,0.9045108361622107,0.9966646711068833,"[""18-59""]",Conditional binomial bounds; no patient clusters or training variability available
metadata_Multimodal_DINOv3_Concat_KFold,fold_3,age,50,1,1,73,81,0.9012345679012346,0.9726027397260274,0.9045108361622107,0.9966646711068833,"[""18-59""]",Conditional binomial bounds; no patient clusters or training variability available
metadata_Multimodal_DINOv3_Concat_KFold,fold_3,skin_tone,1,6,0,81,81,1.0,0.8333333333333334,0.16091489743427165,0.9993043468438518,"[""indian"", ""asian"", ""white"", ""black"", ""latino hispanic"", ""middle eastern""]",Conditional binomial bounds; no patient clusters or training variability available
metadata_Multimodal_DINOv3_Concat_KFold,fold_3,skin_tone,5,4,2,74,81,0.9135802469135802,0.8333333333333334,0.2662800793587798,0.9989556102527266,"[""indian"", ""asian"", ""white"", ""latino hispanic""]",Conditional binomial bounds; no patient clusters or training variability available
metadata_Multimodal_DINOv3_Concat_KFold,fold_3,skin_tone,10,3,3,68,81,0.8395061728395061,0.9090909090909091,0.5196525560162785,0.999239539326846,"[""asian"", ""white"", ""latino hispanic""]",Conditional binomial bounds; no patient clusters or training variability available
metadata_Multimodal_DINOv3_Concat_KFold,fold_3,skin_tone,15,1,5,47,81,0.5802469135802469,0.9787234042553191,0.8870622828535999,0.9994614682946577,"[""white""]",Conditional binomial bounds; no patient clusters or training variability available
metadata_Multimodal_DINOv3_Concat_KFold,fold_3,skin_tone,20,1,5,47,81,0.5802469135802469,0.9787234042553191,0.8870622828535999,0.9994614682946577,"[""white""]",Conditional binomial bounds; no patient clusters or training variability available
metadata_Multimodal_DINOv3_Concat_KFold,fold_3,skin_tone,30,1,5,47,81,0.5802469135802469,0.9787234042553191,0.8870622828535999,0.9994614682946577,"[""white""]",Conditional binomial bounds; no patient clusters or training variability available
metadata_Multimodal_DINOv3_Concat_KFold,fold_3,skin_tone,50,0,6,0,81,0.0,,,,[],Conditional binomial bounds; no patient clusters or training variability available
metadata_Multimodal_DINOv3_Concat_KFold,fold_3,composite,1,13,0,81,81,1.0,0.0,0.0,0.9980769230769231,"[""0-17|female|indian"", ""18-59|male|asian"", ""18-59|male|white"", ""0-17|female|white"", ""0-17|male|white"", ""18-59|female|asian"", ""18-59|female|latino hispanic"", ""18-59|female|middle eastern"", ""18-59|female|white"", ""18-59|male|black"", ""18-59|male|indian"", ""18-59|male|latino hispanic"", ""18-59|male|middle eastern""]",Conditional binomial bounds; no patient clusters or training variability available
metadata_Multimodal_DINOv3_Concat_KFold,fold_3,composite,5,6,7,62,81,0.7654320987654321,0.8333333333333334,0.24440434204802222,0.9993043468438518,"[""18-59|male|asian"", ""18-59|male|white"", ""18-59|female|asian"", ""18-59|female|latino hispanic"", ""18-59|female|white"", ""18-59|male|indian""]",Conditional binomial bounds; no patient clusters or training variability available
metadata_Multimodal_DINOv3_Concat_KFold,fold_3,composite,10,2,11,40,81,0.49382716049382713,0.95,0.7206775097964039,0.9993712586304014,"[""18-59|male|white"", ""18-59|female|white""]",Conditional binomial bounds; no patient clusters or training variability available
metadata_Multimodal_DINOv3_Concat_KFold,fold_3,composite,15,2,11,40,81,0.49382716049382713,0.95,0.7206775097964039,0.9993712586304014,"[""18-59|male|white"", ""18-59|female|white""]",Conditional binomial bounds; no patient clusters or training variability available
metadata_Multimodal_DINOv3_Concat_KFold,fold_3,composite,20,2,11,40,81,0.49382716049382713,0.95,0.7206775097964039,0.9993712586304014,"[""18-59|male|white"", ""18-59|female|white""]",Conditional binomial bounds; no patient clusters or training variability available
metadata_Multimodal_DINOv3_Concat_KFold,fold_3,composite,30,0,13,0,81,0.0,,,,[],Conditional binomial bounds; no patient clusters or training variability available
metadata_Multimodal_DINOv3_Concat_KFold,fold_3,composite,50,0,13,0,81,0.0,,,,[],Conditional binomial bounds; no patient clusters or training variability available
metadata_Multimodal_DINOv3_Concat_KFold,fold_4,gender,1,2,0,81,81,1.0,0.8620689655172413,0.6574378911975336,0.9627779484281954,"[""female"", ""male""]",Conditional binomial bounds; no patient clusters or training variability available
metadata_Multimodal_DINOv3_Concat_KFold,fold_4,gender,5,2,0,81,81,1.0,0.8620689655172413,0.6574378911975336,0.9627779484281954,"[""female"", ""male""]",Conditional binomial bounds; no patient clusters or training variability available
metadata_Multimodal_DINOv3_Concat_KFold,fold_4,gender,10,2,0,81,81,1.0,0.8620689655172413,0.6574378911975336,0.9627779484281954,"[""female"", ""male""]",Conditional binomial bounds; no patient clusters or training variability available
metadata_Multimodal_DINOv3_Concat_KFold,fold_4,gender,15,2,0,81,81,1.0,0.8620689655172413,0.6574378911975336,0.9627779484281954,"[""female"", ""male""]",Conditional binomial bounds; no patient clusters or training variability available
metadata_Multimodal_DINOv3_Concat_KFold,fold_4,gender,20,2,0,81,81,1.0,0.8620689655172413,0.6574378911975336,0.9627779484281954,"[""female"", ""male""]",Conditional binomial bounds; no patient clusters or training variability available
metadata_Multimodal_DINOv3_Concat_KFold,fold_4,gender,30,1,1,52,81,0.6419753086419753,0.8846153846153846,0.7655916774948947,0.9564587960113129,"[""male""]",Conditional binomial bounds; no patient clusters or training variability available
metadata_Multimodal_DINOv3_Concat_KFold,fold_4,gender,50,1,1,52,81,0.6419753086419753,0.8846153846153846,0.7655916774948947,0.9564587960113129,"[""male""]",Conditional binomial bounds; no patient clusters or training variability available
metadata_Multimodal_DINOv3_Concat_KFold,fold_4,age,1,2,0,81,81,1.0,0.8,0.23559130891462673,0.950629279639192,"[""0-17"", ""18-59""]",Conditional binomial bounds; no patient clusters or training variability available
metadata_Multimodal_DINOv3_Concat_KFold,fold_4,age,5,2,0,81,81,1.0,0.8,0.23559130891462673,0.950629279639192,"[""0-17"", ""18-59""]",Conditional binomial bounds; no patient clusters or training variability available
metadata_Multimodal_DINOv3_Concat_KFold,fold_4,age,10,1,1,76,81,0.9382716049382716,0.881578947368421,0.7870667555059112,0.9443957918485749,"[""18-59""]",Conditional binomial bounds; no patient clusters or training variability available
metadata_Multimodal_DINOv3_Concat_KFold,fold_4,age,15,1,1,76,81,0.9382716049382716,0.881578947368421,0.7870667555059112,0.9443957918485749,"[""18-59""]",Conditional binomial bounds; no patient clusters or training variability available
metadata_Multimodal_DINOv3_Concat_KFold,fold_4,age,20,1,1,76,81,0.9382716049382716,0.881578947368421,0.7870667555059112,0.9443957918485749,"[""18-59""]",Conditional binomial bounds; no patient clusters or training variability available
metadata_Multimodal_DINOv3_Concat_KFold,fold_4,age,30,1,1,76,81,0.9382716049382716,0.881578947368421,0.7870667555059112,0.9443957918485749,"[""18-59""]",Conditional binomial bounds; no patient clusters or training variability available
metadata_Multimodal_DINOv3_Concat_KFold,fold_4,age,50,1,1,76,81,0.9382716049382716,0.881578947368421,0.7870667555059112,0.9443957918485749,"[""18-59""]",Conditional binomial bounds; no patient clusters or training variability available
metadata_Multimodal_DINOv3_Concat_KFold,fold_4,skin_tone,1,6,0,81,81,1.0,0.7,0.25406637407730737,0.9653185535958173,"[""asian"", ""indian"", ""latino hispanic"", ""white"", ""black"", ""middle eastern""]",Conditional binomial bounds; no patient clusters or training variability available
metadata_Multimodal_DINOv3_Concat_KFold,fold_4,skin_tone,5,5,1,77,81,0.9506172839506173,0.7,0.26488601471286927,0.9629927789037679,"[""asian"", ""indian"", ""latino hispanic"", ""white"", ""black""]",Conditional binomial bounds; no patient clusters or training variability available
metadata_Multimodal_DINOv3_Concat_KFold,fold_4,skin_tone,10,2,4,58,81,0.7160493827160493,0.7,0.3084981950606018,0.9484537442104324,"[""asian"", ""white""]",Conditional binomial bounds; no patient clusters or training variability available
metadata_Multimodal_DINOv3_Concat_KFold,fold_4,skin_tone,15,1,5,48,81,0.5925925925925926,0.8958333333333334,0.7734223387162362,0.965301877878804,"[""white""]",Conditional binomial bounds; no patient clusters or training variability available
metadata_Multimodal_DINOv3_Concat_KFold,fold_4,skin_tone,20,1,5,48,81,0.5925925925925926,0.8958333333333334,0.7734223387162362,0.965301877878804,"[""white""]",Conditional binomial bounds; no patient clusters or training variability available
metadata_Multimodal_DINOv3_Concat_KFold,fold_4,skin_tone,30,1,5,48,81,0.5925925925925926,0.8958333333333334,0.7734223387162362,0.965301877878804,"[""white""]",Conditional binomial bounds; no patient clusters or training variability available
metadata_Multimodal_DINOv3_Concat_KFold,fold_4,skin_tone,50,0,6,0,81,0.0,,,,[],Conditional binomial bounds; no patient clusters or training variability available
metadata_Multimodal_DINOv3_Concat_KFold,fold_4,composite,1,14,0,81,81,1.0,0.0,0.0,0.9796684151335887,"[""0-17|male|asian"", ""18-59|female|indian"", ""18-59|female|asian"", ""18-59|female|latino hispanic"", ""18-59|male|asian"", ""18-59|male|white"", ""18-59|female|white"", ""0-17|female|white"", ""0-17|male|indian"", ""0-17|male|white"", ""18-59|male|black"", ""18-59|male|indian"", ""18-59|male|latino hispanic"", ""18-59|male|middle eastern""]",Conditional binomial bounds; no patient clusters or training variability available
metadata_Multimodal_DINOv3_Concat_KFold,fold_4,composite,5,4,10,56,81,0.691358024691358,0.8333333333333334,0.2662800793587798,0.9711243848584766,"[""18-59|male|asian"", ""18-59|male|white"", ""18-59|female|white"", ""18-59|male|black""]",Conditional binomial bounds; no patient clusters or training variability available
metadata_Multimodal_DINOv3_Concat_KFold,fold_4,composite,10,2,12,45,81,0.5555555555555556,0.8461538461538461,0.6235476242495326,0.9646712323765968,"[""18-59|male|white"", ""18-59|female|white""]",Conditional binomial bounds; no patient clusters or training variability available
metadata_Multimodal_DINOv3_Concat_KFold,fold_4,composite,15,2,12,45,81,0.5555555555555556,0.8461538461538461,0.6235476242495326,0.9646712323765968,"[""18-59|male|white"", ""18-59|female|white""]",Conditional binomial bounds; no patient clusters or training variability available
metadata_Multimodal_DINOv3_Concat_KFold,fold_4,composite,20,1,13,26,81,0.32098765432098764,0.8461538461538461,0.6513212144646385,0.9564365234610761,"[""18-59|male|white""]",Conditional binomial bounds; no patient clusters or training variability available
metadata_Multimodal_DINOv3_Concat_KFold,fold_4,composite,30,0,14,0,81,0.0,,,,[],Conditional binomial bounds; no patient clusters or training variability available
metadata_Multimodal_DINOv3_Concat_KFold,fold_4,composite,50,0,14,0,81,0.0,,,,[],Conditional binomial bounds; no patient clusters or training variability available
metadata_Multimodal_DINOv3_Concat_KFold,fold_5,gender,1,2,0,81,81,1.0,0.9622641509433962,0.8551307042694003,0.996821941897929,"[""male"", ""female""]",Conditional binomial bounds; no patient clusters or training variability available
metadata_Multimodal_DINOv3_Concat_KFold,fold_5,gender,5,2,0,81,81,1.0,0.9622641509433962,0.8551307042694003,0.996821941897929,"[""male"", ""female""]",Conditional binomial bounds; no patient clusters or training variability available
metadata_Multimodal_DINOv3_Concat_KFold,fold_5,gender,10,2,0,81,81,1.0,0.9622641509433962,0.8551307042694003,0.996821941897929,"[""male"", ""female""]",Conditional binomial bounds; no patient clusters or training variability available
metadata_Multimodal_DINOv3_Concat_KFold,fold_5,gender,15,2,0,81,81,1.0,0.9622641509433962,0.8551307042694003,0.996821941897929,"[""male"", ""female""]",Conditional binomial bounds; no patient clusters or training variability available
metadata_Multimodal_DINOv3_Concat_KFold,fold_5,gender,20,2,0,81,81,1.0,0.9622641509433962,0.8551307042694003,0.996821941897929,"[""male"", ""female""]",Conditional binomial bounds; no patient clusters or training variability available
metadata_Multimodal_DINOv3_Concat_KFold,fold_5,gender,30,1,1,53,81,0.654320987654321,0.9622641509433962,0.8702416183369376,0.995396890725685,"[""male""]",Conditional binomial bounds; no patient clusters or training variability available
metadata_Multimodal_DINOv3_Concat_KFold,fold_5,gender,50,1,1,53,81,0.654320987654321,0.9622641509433962,0.8702416183369376,0.995396890725685,"[""male""]",Conditional binomial bounds; no patient clusters or training variability available
metadata_Multimodal_DINOv3_Concat_KFold,fold_5,age,1,2,0,81,81,1.0,0.9733333333333334,0.48174624199949806,0.9977594304506917,"[""18-59"", ""0-17""]",Conditional binomial bounds; no patient clusters or training variability available
metadata_Multimodal_DINOv3_Concat_KFold,fold_5,age,5,2,0,81,81,1.0,0.9733333333333334,0.48174624199949806,0.9977594304506917,"[""18-59"", ""0-17""]",Conditional binomial bounds; no patient clusters or training variability available
metadata_Multimodal_DINOv3_Concat_KFold,fold_5,age,10,1,1,75,81,0.9259259259259259,0.9733333333333334,0.9069684677792744,0.9967540690710339,"[""18-59""]",Conditional binomial bounds; no patient clusters or training variability available
metadata_Multimodal_DINOv3_Concat_KFold,fold_5,age,15,1,1,75,81,0.9259259259259259,0.9733333333333334,0.9069684677792744,0.9967540690710339,"[""18-59""]",Conditional binomial bounds; no patient clusters or training variability available
metadata_Multimodal_DINOv3_Concat_KFold,fold_5,age,20,1,1,75,81,0.9259259259259259,0.9733333333333334,0.9069684677792744,0.9967540690710339,"[""18-59""]",Conditional binomial bounds; no patient clusters or training variability available
metadata_Multimodal_DINOv3_Concat_KFold,fold_5,age,30,1,1,75,81,0.9259259259259259,0.9733333333333334,0.9069684677792744,0.9967540690710339,"[""18-59""]",Conditional binomial bounds; no patient clusters or training variability available
metadata_Multimodal_DINOv3_Concat_KFold,fold_5,age,50,1,1,75,81,0.9259259259259259,0.9733333333333334,0.9069684677792744,0.9967540690710339,"[""18-59""]",Conditional binomial bounds; no patient clusters or training variability available
metadata_Multimodal_DINOv3_Concat_KFold,fold_5,skin_tone,1,6,0,81,81,1.0,0.8888888888888888,0.06454972243679027,0.999536177442235,"[""asian"", ""white"", ""black"", ""indian"", ""latino hispanic"", ""middle eastern""]",Conditional binomial bounds; no patient clusters or training variability available
metadata_Multimodal_DINOv3_Concat_KFold,fold_5,skin_tone,5,5,1,79,81,0.9753086419753086,0.8888888888888888,0.41351855420001377,0.9994432059758508,"[""asian"", ""white"", ""black"", ""indian"", ""latino hispanic""]",Conditional binomial bounds; no patient clusters or training variability available
metadata_Multimodal_DINOv3_Concat_KFold,fold_5,skin_tone,10,2,4,55,81,0.6790123456790124,0.9777777777777777,0.645195012148216,0.9997205105709636,"[""white"", ""indian""]",Conditional binomial bounds; no patient clusters or training variability available
metadata_Multimodal_DINOv3_Concat_KFold,fold_5,skin_tone,15,1,5,45,81,0.5555555555555556,0.9777777777777777,0.8822956685817058,0.9994375402845977,"[""white""]",Conditional binomial bounds; no patient clusters or training variability available
metadata_Multimodal_DINOv3_Concat_KFold,fold_5,skin_tone,20,1,5,45,81,0.5555555555555556,0.9777777777777777,0.8822956685817058,0.9994375402845977,"[""white""]",Conditional binomial bounds; no patient clusters or training variability available
metadata_Multimodal_DINOv3_Concat_KFold,fold_5,skin_tone,30,1,5,45,81,0.5555555555555556,0.9777777777777777,0.8822956685817058,0.9994375402845977,"[""white""]",Conditional binomial bounds; no patient clusters or training variability available
metadata_Multimodal_DINOv3_Concat_KFold,fold_5,skin_tone,50,0,6,0,81,0.0,,,,[],Conditional binomial bounds; no patient clusters or training variability available
metadata_Multimodal_DINOv3_Concat_KFold,fold_5,composite,1,13,0,81,81,1.0,0.8,0.0019230769230769232,0.9996150884155617,"[""18-59|male|asian"", ""18-59|male|white"", ""0-17|female|white"", ""0-17|male|black"", ""0-17|male|white"", ""18-59|female|asian"", ""18-59|female|indian"", ""18-59|female|latino hispanic"", ""18-59|female|white"", ""18-59|male|black"", ""18-59|male|indian"", ""18-59|male|latino hispanic"", ""18-59|male|middle eastern""]",Conditional binomial bounds; no patient clusters or training variability available
metadata_Multimodal_DINOv3_Concat_KFold,fold_5,composite,5,7,6,66,81,0.8148148148148148,0.8,0.16954859070511846,0.9992846916854807,"[""18-59|male|asian"", ""18-59|male|white"", ""18-59|female|indian"", ""18-59|female|white"", ""18-59|male|black"", ""18-59|male|indian"", ""18-59|male|latino hispanic""]",Conditional binomial bounds; no patient clusters or training variability available
metadata_Multimodal_DINOv3_Concat_KFold,fold_5,composite,10,2,11,40,81,0.49382716049382713,0.9615384615384616,0.7312485213842805,0.9995163176963696,"[""18-59|male|white"", ""18-59|female|white""]",Conditional binomial bounds; no patient clusters or training variability available
metadata_Multimodal_DINOv3_Concat_KFold,fold_5,composite,15,1,12,26,81,0.32098765432098764,0.9615384615384616,0.803630353237461,0.9990267121066649,"[""18-59|male|white""]",Conditional binomial bounds; no patient clusters or training variability available
metadata_Multimodal_DINOv3_Concat_KFold,fold_5,composite,20,1,12,26,81,0.32098765432098764,0.9615384615384616,0.803630353237461,0.9990267121066649,"[""18-59|male|white""]",Conditional binomial bounds; no patient clusters or training variability available
metadata_Multimodal_DINOv3_Concat_KFold,fold_5,composite,30,0,13,0,81,0.0,,,,[],Conditional binomial bounds; no patient clusters or training variability available
metadata_Multimodal_DINOv3_Concat_KFold,fold_5,composite,50,0,13,0,81,0.0,,,,[],Conditional binomial bounds; no patient clusters or training variability available
metadata_Multimodal_DINOv3_Concat_KFold,fold_6,gender,1,2,0,80,80,1.0,0.9433962264150944,0.7859015767084437,0.9909229058210742,"[""male"", ""female""]",Conditional binomial bounds; no patient clusters or training variability available
metadata_Multimodal_DINOv3_Concat_KFold,fold_6,gender,5,2,0,80,80,1.0,0.9433962264150944,0.7859015767084437,0.9909229058210742,"[""male"", ""female""]",Conditional binomial bounds; no patient clusters or training variability available
metadata_Multimodal_DINOv3_Concat_KFold,fold_6,gender,10,2,0,80,80,1.0,0.9433962264150944,0.7859015767084437,0.9909229058210742,"[""male"", ""female""]",Conditional binomial bounds; no patient clusters or training variability available
metadata_Multimodal_DINOv3_Concat_KFold,fold_6,gender,15,2,0,80,80,1.0,0.9433962264150944,0.7859015767084437,0.9909229058210742,"[""male"", ""female""]",Conditional binomial bounds; no patient clusters or training variability available
metadata_Multimodal_DINOv3_Concat_KFold,fold_6,gender,20,2,0,80,80,1.0,0.9433962264150944,0.7859015767084437,0.9909229058210742,"[""male"", ""female""]",Conditional binomial bounds; no patient clusters or training variability available
metadata_Multimodal_DINOv3_Concat_KFold,fold_6,gender,30,1,1,53,80,0.6625,0.9433962264150944,0.843370537827625,0.9881712811408664,"[""male""]",Conditional binomial bounds; no patient clusters or training variability available
metadata_Multimodal_DINOv3_Concat_KFold,fold_6,gender,50,1,1,53,80,0.6625,0.9433962264150944,0.843370537827625,0.9881712811408664,"[""male""]",Conditional binomial bounds; no patient clusters or training variability available
metadata_Multimodal_DINOv3_Concat_KFold,fold_6,age,1,3,0,80,80,1.0,0.8333333333333334,0.008333333333333333,0.9883173766835284,"[""0-17"", ""18-59"", ""60+""]",Conditional binomial bounds; no patient clusters or training variability available
metadata_Multimodal_DINOv3_Concat_KFold,fold_6,age,5,2,1,79,80,0.9875,0.8333333333333334,0.47491890523945873,0.985559819567051,"[""0-17"", ""18-59""]",Conditional binomial bounds; no patient clusters or training variability available
metadata_Multimodal_DINOv3_Concat_KFold,fold_6,age,10,2,1,79,80,0.9875,0.8333333333333334,0.47491890523945873,0.985559819567051,"[""0-17"", ""18-59""]",Conditional binomial bounds; no patient clusters or training variability available
metadata_Multimodal_DINOv3_Concat_KFold,fold_6,age,15,1,2,67,80,0.8375,0.9701492537313433,0.8962924923524453,0.9963642692730956,"[""18-59""]",Conditional binomial bounds; no patient clusters or training variability available
metadata_Multimodal_DINOv3_Concat_KFold,fold_6,age,20,1,2,67,80,0.8375,0.9701492537313433,0.8962924923524453,0.9963642692730956,"[""18-59""]",Conditional binomial bounds; no patient clusters or training variability available
metadata_Multimodal_DINOv3_Concat_KFold,fold_6,age,30,1,2,67,80,0.8375,0.9701492537313433,0.8962924923524453,0.9963642692730956,"[""18-59""]",Conditional binomial bounds; no patient clusters or training variability available
metadata_Multimodal_DINOv3_Concat_KFold,fold_6,age,50,1,2,67,80,0.8375,0.9701492537313433,0.8962924923524453,0.9963642692730956,"[""18-59""]",Conditional binomial bounds; no patient clusters or training variability available
metadata_Multimodal_DINOv3_Concat_KFold,fold_6,skin_tone,1,6,0,80,80,1.0,0.8571428571428571,0.004166666666666667,0.9941597759349022,"[""asian"", ""white"", ""black"", ""indian"", ""latino hispanic"", ""middle eastern""]",Conditional binomial bounds; no patient clusters or training variability available
metadata_Multimodal_DINOv3_Concat_KFold,fold_6,skin_tone,5,3,3,72,80,0.9,0.8571428571428571,0.34515054956987407,0.9924815733910359,"[""asian"", ""white"", ""indian""]",Conditional binomial bounds; no patient clusters or training variability available
metadata_Multimodal_DINOv3_Concat_KFold,fold_6,skin_tone,10,2,4,65,80,0.8125,0.9454545454545454,0.645195012148216,0.9912577078523511,"[""white"", ""indian""]",Conditional binomial bounds; no patient clusters or training variability available
metadata_Multimodal_DINOv3_Concat_KFold,fold_6,skin_tone,15,1,5,55,80,0.6875,0.9454545454545454,0.8487650452334005,0.9886069937272912,"[""white""]",Conditional binomial bounds; no patient clusters or training variability available
metadata_Multimodal_DINOv3_Concat_KFold,fold_6,skin_tone,20,1,5,55,80,0.6875,0.9454545454545454,0.8487650452334005,0.9886069937272912,"[""white""]",Conditional binomial bounds; no patient clusters or training variability available
metadata_Multimodal_DINOv3_Concat_KFold,fold_6,skin_tone,30,1,5,55,80,0.6875,0.9454545454545454,0.8487650452334005,0.9886069937272912,"[""white""]",Conditional binomial bounds; no patient clusters or training variability available
metadata_Multimodal_DINOv3_Concat_KFold,fold_6,skin_tone,50,1,5,55,80,0.6875,0.9454545454545454,0.8487650452334005,0.9886069937272912,"[""white""]",Conditional binomial bounds; no patient clusters or training variability available
metadata_Multimodal_DINOv3_Concat_KFold,fold_6,composite,1,14,0,80,80,1.0,0.5,0.0008932560960837383,0.9991067439039163,"[""18-59|male|asian"", ""0-17|female|white"", ""0-17|male|white"", ""18-59|male|white"", ""0-17|male|black"", ""18-59|female|asian"", ""18-59|female|indian"", ""18-59|female|latino hispanic"", ""18-59|female|white"", ""18-59|male|black"", ""18-59|male|indian"", ""18-59|male|latino hispanic"", ""18-59|male|middle eastern"", ""60+|male|white""]",Conditional binomial bounds; no patient clusters or training variability available
metadata_Multimodal_DINOv3_Concat_KFold,fold_6,composite,5,5,9,64,80,0.8,0.8571428571428571,0.31508836075326985,0.9992841789188744,"[""0-17|male|white"", ""18-59|male|white"", ""18-59|female|asian"", ""18-59|female|white"", ""18-59|male|indian""]",Conditional binomial bounds; no patient clusters or training variability available
metadata_Multimodal_DINOv3_Concat_KFold,fold_6,composite,10,2,12,44,80,0.55,0.9655172413793104,0.7466676476550782,0.999566342945832,"[""18-59|male|white"", ""18-59|female|white""]",Conditional binomial bounds; no patient clusters or training variability available
metadata_Multimodal_DINOv3_Concat_KFold,fold_6,composite,15,2,12,44,80,0.55,0.9655172413793104,0.7466676476550782,0.999566342945832,"[""18-59|male|white"", ""18-59|female|white""]",Conditional binomial bounds; no patient clusters or training variability available
metadata_Multimodal_DINOv3_Concat_KFold,fold_6,composite,20,1,13,29,80,0.3625,0.9655172413793104,0.822355704511277,0.9991273531164201,"[""18-59|male|white""]",Conditional binomial bounds; no patient clusters or training variability available
metadata_Multimodal_DINOv3_Concat_KFold,fold_6,composite,30,0,14,0,80,0.0,,,,[],Conditional binomial bounds; no patient clusters or training variability available
metadata_Multimodal_DINOv3_Concat_KFold,fold_6,composite,50,0,14,0,80,0.0,,,,[],Conditional binomial bounds; no patient clusters or training variability available
metadata_Multimodal_DINOv3_Concat_KFold,fold_7,gender,1,2,0,80,80,1.0,0.94,0.8179399965264695,0.9903696828434883,"[""male"", ""female""]",Conditional binomial bounds; no patient clusters or training variability available
metadata_Multimodal_DINOv3_Concat_KFold,fold_7,gender,5,2,0,80,80,1.0,0.94,0.8179399965264695,0.9903696828434883,"[""male"", ""female""]",Conditional binomial bounds; no patient clusters or training variability available
metadata_Multimodal_DINOv3_Concat_KFold,fold_7,gender,10,2,0,80,80,1.0,0.94,0.8179399965264695,0.9903696828434883,"[""male"", ""female""]",Conditional binomial bounds; no patient clusters or training variability available
metadata_Multimodal_DINOv3_Concat_KFold,fold_7,gender,15,2,0,80,80,1.0,0.94,0.8179399965264695,0.9903696828434883,"[""male"", ""female""]",Conditional binomial bounds; no patient clusters or training variability available
metadata_Multimodal_DINOv3_Concat_KFold,fold_7,gender,20,2,0,80,80,1.0,0.94,0.8179399965264695,0.9903696828434883,"[""male"", ""female""]",Conditional binomial bounds; no patient clusters or training variability available
metadata_Multimodal_DINOv3_Concat_KFold,fold_7,gender,30,2,0,80,80,1.0,0.94,0.8179399965264695,0.9903696828434883,"[""male"", ""female""]",Conditional binomial bounds; no patient clusters or training variability available
metadata_Multimodal_DINOv3_Concat_KFold,fold_7,gender,50,1,1,50,80,0.625,0.94,0.8345180533962271,0.9874514121646659,"[""male""]",Conditional binomial bounds; no patient clusters or training variability available
metadata_Multimodal_DINOv3_Concat_KFold,fold_7,age,1,3,0,80,80,1.0,0.8181818181818182,0.008333333333333333,0.9872093794410489,"[""0-17"", ""18-59"", ""60+""]",Conditional binomial bounds; no patient clusters or training variability available
metadata_Multimodal_DINOv3_Concat_KFold,fold_7,age,5,2,1,79,80,0.9875,0.8181818181818182,0.440199681050315,0.9841923582307572,"[""0-17"", ""18-59""]",Conditional binomial bounds; no patient clusters or training variability available
metadata_Multimodal_DINOv3_Concat_KFold,fold_7,age,10,2,1,79,80,0.9875,0.8181818181818182,0.440199681050315,0.9841923582307572,"[""0-17"", ""18-59""]",Conditional binomial bounds; no patient clusters or training variability available
metadata_Multimodal_DINOv3_Concat_KFold,fold_7,age,15,1,2,68,80,0.85,0.9852941176470589,0.9207660100872119,0.9996277485971014,"[""18-59""]",Conditional binomial bounds; no patient clusters or training variability available
metadata_Multimodal_DINOv3_Concat_KFold,fold_7,age,20,1,2,68,80,0.85,0.9852941176470589,0.9207660100872119,0.9996277485971014,"[""18-59""]",Conditional binomial bounds; no patient clusters or training variability available
metadata_Multimodal_DINOv3_Concat_KFold,fold_7,age,30,1,2,68,80,0.85,0.9852941176470589,0.9207660100872119,0.9996277485971014,"[""18-59""]",Conditional binomial bounds; no patient clusters or training variability available
metadata_Multimodal_DINOv3_Concat_KFold,fold_7,age,50,1,2,68,80,0.85,0.9852941176470589,0.9207660100872119,0.9996277485971014,"[""18-59""]",Conditional binomial bounds; no patient clusters or training variability available
metadata_Multimodal_DINOv3_Concat_KFold,fold_7,skin_tone,1,6,0,80,80,1.0,0.5,0.002085508005153112,0.9979144919948469,"[""middle eastern"", ""black"", ""white"", ""asian"", ""indian"", ""latino hispanic""]",Conditional binomial bounds; no patient clusters or training variability available
metadata_Multimodal_DINOv3_Concat_KFold,fold_7,skin_tone,5,5,1,78,80,0.975,0.8888888888888888,0.3465724215775732,0.9994432059758508,"[""black"", ""white"", ""asian"", ""indian"", ""latino hispanic""]",Conditional binomial bounds; no patient clusters or training variability available
metadata_Multimodal_DINOv3_Concat_KFold,fold_7,skin_tone,10,2,4,59,80,0.7375,0.9782608695652174,0.7138524633927498,0.9997265855974266,"[""white"", ""asian""]",Conditional binomial bounds; no patient clusters or training variability available
metadata_Multimodal_DINOv3_Concat_KFold,fold_7,skin_tone,15,1,5,46,80,0.575,0.9782608695652174,0.88472817440201,0.9994497643051193,"[""white""]",Conditional binomial bounds; no patient clusters or training variability available
metadata_Multimodal_DINOv3_Concat_KFold,fold_7,skin_tone,20,1,5,46,80,0.575,0.9782608695652174,0.88472817440201,0.9994497643051193,"[""white""]",Conditional binomial bounds; no patient clusters or training variability available
metadata_Multimodal_DINOv3_Concat_KFold,fold_7,skin_tone,30,1,5,46,80,0.575,0.9782608695652174,0.88472817440201,0.9994497643051193,"[""white""]",Conditional binomial bounds; no patient clusters or training variability available
metadata_Multimodal_DINOv3_Concat_KFold,fold_7,skin_tone,50,0,6,0,80,0.0,,,,[],Conditional binomial bounds; no patient clusters or training variability available
metadata_Multimodal_DINOv3_Concat_KFold,fold_7,composite,1,15,0,80,80,1.0,0.5,0.0008336808452091677,0.9991663191547908,"[""18-59|male|middle eastern"", ""0-17|male|black"", ""0-17|male|white"", ""0-17|female|white"", ""0-17|male|asian"", ""18-59|female|asian"", ""18-59|female|indian"", ""18-59|female|latino hispanic"", ""18-59|female|white"", ""18-59|male|asian"", ""18-59|male|black"", ""18-59|male|indian"", ""18-59|male|latino hispanic"", ""18-59|male|white"", ""60+|female|asian""]",Conditional binomial bounds; no patient clusters or training variability available
metadata_Multimodal_DINOv3_Concat_KFold,fold_7,composite,5,5,10,58,80,0.725,0.8,0.1850972721217302,0.9989979939789199,"[""0-17|male|white"", ""18-59|female|white"", ""18-59|male|asian"", ""18-59|male|black"", ""18-59|male|white""]",Conditional binomial bounds; no patient clusters or training variability available
metadata_Multimodal_DINOv3_Concat_KFold,fold_7,composite,10,2,13,39,80,0.4875,1.0,0.7839218661285043,1.0,"[""18-59|female|white"", ""18-59|male|white""]",Conditional binomial bounds; no patient clusters or training variability available
metadata_Multimodal_DINOv3_Concat_KFold,fold_7,composite,15,2,13,39,80,0.4875,1.0,0.7839218661285043,1.0,"[""18-59|female|white"", ""18-59|male|white""]",Conditional binomial bounds; no patient clusters or training variability available
metadata_Multimodal_DINOv3_Concat_KFold,fold_7,composite,20,1,14,21,80,0.2625,1.0,0.8389023847809204,1.0,"[""18-59|female|white""]",Conditional binomial bounds; no patient clusters or training variability available
metadata_Multimodal_DINOv3_Concat_KFold,fold_7,composite,30,0,15,0,80,0.0,,,,[],Conditional binomial bounds; no patient clusters or training variability available
metadata_Multimodal_DINOv3_Concat_KFold,fold_7,composite,50,0,15,0,80,0.0,,,,[],Conditional binomial bounds; no patient clusters or training variability available
metadata_Multimodal_DINOv3_Concat_KFold,pooled,gender,1,2,0,565,565,1.0,0.9380281690140845,0.8900656489083065,0.9633816254339024,"[""male"", ""female""]",Conditional binomial bounds; no patient clusters or training variability available
metadata_Multimodal_DINOv3_Concat_KFold,pooled,gender,5,2,0,565,565,1.0,0.9380281690140845,0.8900656489083065,0.9633816254339024,"[""male"", ""female""]",Conditional binomial bounds; no patient clusters or training variability available
metadata_Multimodal_DINOv3_Concat_KFold,pooled,gender,10,2,0,565,565,1.0,0.9380281690140845,0.8900656489083065,0.9633816254339024,"[""male"", ""female""]",Conditional binomial bounds; no patient clusters or training variability available
metadata_Multimodal_DINOv3_Concat_KFold,pooled,gender,15,2,0,565,565,1.0,0.9380281690140845,0.8900656489083065,0.9633816254339024,"[""male"", ""female""]",Conditional binomial bounds; no patient clusters or training variability available
metadata_Multimodal_DINOv3_Concat_KFold,pooled,gender,20,2,0,565,565,1.0,0.9380281690140845,0.8900656489083065,0.9633816254339024,"[""male"", ""female""]",Conditional binomial bounds; no patient clusters or training variability available
metadata_Multimodal_DINOv3_Concat_KFold,pooled,gender,30,2,0,565,565,1.0,0.9380281690140845,0.8900656489083065,0.9633816254339024,"[""male"", ""female""]",Conditional binomial bounds; no patient clusters or training variability available
metadata_Multimodal_DINOv3_Concat_KFold,pooled,gender,50,2,0,565,565,1.0,0.9380281690140845,0.8900656489083065,0.9633816254339024,"[""male"", ""female""]",Conditional binomial bounds; no patient clusters or training variability available
metadata_Multimodal_DINOv3_Concat_KFold,pooled,age,1,3,0,565,565,1.0,0.8688524590163934,0.20274006651911336,0.9522181160639394,"[""0-17"", ""18-59"", ""60+""]",Conditional binomial bounds; no patient clusters or training variability available
metadata_Multimodal_DINOv3_Concat_KFold,pooled,age,5,2,1,562,565,0.9946902654867257,0.8688524590163934,0.7413286178046313,0.9486638980071548,"[""0-17"", ""18-59""]",Conditional binomial bounds; no patient clusters or training variability available
metadata_Multimodal_DINOv3_Concat_KFold,pooled,age,10,2,1,562,565,0.9946902654867257,0.8688524590163934,0.7413286178046313,0.9486638980071548,"[""0-17"", ""18-59""]",Conditional binomial bounds; no patient clusters or training variability available
metadata_Multimodal_DINOv3_Concat_KFold,pooled,age,15,2,1,562,565,0.9946902654867257,0.8688524590163934,0.7413286178046313,0.9486638980071548,"[""0-17"", ""18-59""]",Conditional binomial bounds; no patient clusters or training variability available
metadata_Multimodal_DINOv3_Concat_KFold,pooled,age,20,2,1,562,565,0.9946902654867257,0.8688524590163934,0.7413286178046313,0.9486638980071548,"[""0-17"", ""18-59""]",Conditional binomial bounds; no patient clusters or training variability available
metadata_Multimodal_DINOv3_Concat_KFold,pooled,age,30,2,1,562,565,0.9946902654867257,0.8688524590163934,0.7413286178046313,0.9486638980071548,"[""0-17"", ""18-59""]",Conditional binomial bounds; no patient clusters or training variability available
metadata_Multimodal_DINOv3_Concat_KFold,pooled,age,50,2,1,562,565,0.9946902654867257,0.8688524590163934,0.7413286178046313,0.9486638980071548,"[""0-17"", ""18-59""]",Conditional binomial bounds; no patient clusters or training variability available
metadata_Multimodal_DINOv3_Concat_KFold,pooled,skin_tone,1,6,0,565,565,1.0,0.8421052631578947,0.5244780861939626,0.9694899552118996,"[""middle eastern"", ""asian"", ""white"", ""indian"", ""latino hispanic"", ""black""]",Conditional binomial bounds; no patient clusters or training variability available
metadata_Multimodal_DINOv3_Concat_KFold,pooled,skin_tone,5,6,0,565,565,1.0,0.8421052631578947,0.5244780861939626,0.9694899552118996,"[""middle eastern"", ""asian"", ""white"", ""indian"", ""latino hispanic"", ""black""]",Conditional binomial bounds; no patient clusters or training variability available
metadata_Multimodal_DINOv3_Concat_KFold,pooled,skin_tone,10,6,0,565,565,1.0,0.8421052631578947,0.5244780861939626,0.9694899552118996,"[""middle eastern"", ""asian"", ""white"", ""indian"", ""latino hispanic"", ""black""]",Conditional binomial bounds; no patient clusters or training variability available
metadata_Multimodal_DINOv3_Concat_KFold,pooled,skin_tone,15,6,0,565,565,1.0,0.8421052631578947,0.5244780861939626,0.9694899552118996,"[""middle eastern"", ""asian"", ""white"", ""indian"", ""latino hispanic"", ""black""]",Conditional binomial bounds; no patient clusters or training variability available
metadata_Multimodal_DINOv3_Concat_KFold,pooled,skin_tone,20,5,1,546,565,0.9663716814159292,0.9,0.7725231728683144,0.9689676534080404,"[""asian"", ""white"", ""indian"", ""latino hispanic"", ""black""]",Conditional binomial bounds; no patient clusters or training variability available
metadata_Multimodal_DINOv3_Concat_KFold,pooled,skin_tone,30,5,1,546,565,0.9663716814159292,0.9,0.7725231728683144,0.9689676534080404,"[""asian"", ""white"", ""indian"", ""latino hispanic"", ""black""]",Conditional binomial bounds; no patient clusters or training variability available
metadata_Multimodal_DINOv3_Concat_KFold,pooled,skin_tone,50,4,2,508,565,0.8991150442477877,0.9,0.7767312181919644,0.9683054698046639,"[""asian"", ""white"", ""indian"", ""latino hispanic""]",Conditional binomial bounds; no patient clusters or training variability available
metadata_Multimodal_DINOv3_Concat_KFold,pooled,composite,1,22,0,565,565,1.0,0.0,0.0,0.9781941279084431,"[""0-17|female|asian"", ""0-17|female|indian"", ""0-17|male|asian"", ""18-59|male|middle eastern"", ""0-17|female|white"", ""0-17|male|black"", ""18-59|male|asian"", ""18-59|female|latino hispanic"", ""18-59|female|indian"", ""0-17|male|white"", ""18-59|male|white"", ""18-59|female|white"", ""18-59|female|asian"", ""0-17|male|indian"", ""0-17|male|latino hispanic"", ""18-59|female|middle eastern"", ""18-59|male|black"", ""18-59|male|indian"", ""18-59|male|latino hispanic"", ""60+|female|asian"", ""60+|female|latino hispanic"", ""60+|male|white""]",Conditional binomial bounds; no patient clusters or training variability available
metadata_Multimodal_DINOv3_Concat_KFold,pooled,composite,5,13,9,553,565,0.9787610619469026,0.8333333333333334,0.3186128118328676,0.9766771498130938,"[""18-59|male|middle eastern"", ""0-17|female|white"", ""0-17|male|black"", ""18-59|male|asian"", ""18-59|female|latino hispanic"", ""18-59|female|indian"", ""0-17|male|white"", ""18-59|male|white"", ""18-59|female|white"", ""18-59|female|asian"", ""18-59|male|black"", ""18-59|male|indian"", ""18-59|male|latino hispanic""]",Conditional binomial bounds; no patient clusters or training variability available
metadata_Multimodal_DINOv3_Concat_KFold,pooled,composite,10,12,10,545,565,0.9646017699115044,0.8333333333333334,0.4754264358312865,0.9764334250884649,"[""18-59|male|middle eastern"", ""0-17|female|white"", ""18-59|male|asian"", ""18-59|female|latino hispanic"", ""18-59|female|indian"", ""0-17|male|white"", ""18-59|male|white"", ""18-59|female|white"", ""18-59|female|asian"", ""18-59|male|black"", ""18-59|male|indian"", ""18-59|male|latino hispanic""]",Conditional binomial bounds; no patient clusters or training variability available
metadata_Multimodal_DINOv3_Concat_KFold,pooled,composite,15,11,11,532,565,0.9415929203539823,0.8333333333333334,0.479062656392487,0.9761643469127573,"[""18-59|male|middle eastern"", ""0-17|female|white"", ""18-59|male|asian"", ""18-59|female|latino hispanic"", ""0-17|male|white"", ""18-59|male|white"", ""18-59|female|white"", ""18-59|female|asian"", ""18-59|male|black"", ""18-59|male|indian"", ""18-59|male|latino hispanic""]",Conditional binomial bounds; no patient clusters or training variability available
metadata_Multimodal_DINOv3_Concat_KFold,pooled,composite,20,9,13,499,565,0.8831858407079646,0.8974358974358975,0.6587849517021698,0.9755267537261905,"[""18-59|male|asian"", ""18-59|female|latino hispanic"", ""0-17|male|white"", ""18-59|male|white"", ""18-59|female|white"", ""18-59|female|asian"", ""18-59|male|black"", ""18-59|male|indian"", ""18-59|male|latino hispanic""]",Conditional binomial bounds; no patient clusters or training variability available
metadata_Multimodal_DINOv3_Concat_KFold,pooled,composite,30,6,16,425,565,0.7522123893805309,0.8974358974358975,0.7060391490650905,0.9741606131652517,"[""18-59|male|asian"", ""0-17|male|white"", ""18-59|male|white"", ""18-59|female|white"", ""18-59|male|black"", ""18-59|male|indian""]",Conditional binomial bounds; no patient clusters or training variability available
metadata_Multimodal_DINOv3_Concat_KFold,pooled,composite,50,2,20,292,565,0.5168141592920354,0.9337349397590361,0.8769499591096916,0.9698241002185077,"[""18-59|male|white"", ""18-59|female|white""]",Conditional binomial bounds; no patient clusters or training variability available
metadata_Multimodal_DINOv3_DSAF_KFold,fold_1,gender,1,2,0,81,81,1.0,0.8518518518518519,0.6355543795036939,0.9660360221053026,"[""female"", ""male""]",Conditional binomial bounds; no patient clusters or training variability available
metadata_Multimodal_DINOv3_DSAF_KFold,fold_1,gender,5,2,0,81,81,1.0,0.8518518518518519,0.6355543795036939,0.9660360221053026,"[""female"", ""male""]",Conditional binomial bounds; no patient clusters or training variability available
metadata_Multimodal_DINOv3_DSAF_KFold,fold_1,gender,10,2,0,81,81,1.0,0.8518518518518519,0.6355543795036939,0.9660360221053026,"[""female"", ""male""]",Conditional binomial bounds; no patient clusters or training variability available
metadata_Multimodal_DINOv3_DSAF_KFold,fold_1,gender,15,2,0,81,81,1.0,0.8518518518518519,0.6355543795036939,0.9660360221053026,"[""female"", ""male""]",Conditional binomial bounds; no patient clusters or training variability available
metadata_Multimodal_DINOv3_DSAF_KFold,fold_1,gender,20,2,0,81,81,1.0,0.8518518518518519,0.6355543795036939,0.9660360221053026,"[""female"", ""male""]",Conditional binomial bounds; no patient clusters or training variability available
metadata_Multimodal_DINOv3_DSAF_KFold,fold_1,gender,30,1,1,54,81,0.6666666666666666,0.9074074074074074,0.79699845281371,0.969247214732477,"[""male""]",Conditional binomial bounds; no patient clusters or training variability available
metadata_Multimodal_DINOv3_DSAF_KFold,fold_1,gender,50,1,1,54,81,0.6666666666666666,0.9074074074074074,0.79699845281371,0.969247214732477,"[""male""]",Conditional binomial bounds; no patient clusters or training variability available
metadata_Multimodal_DINOv3_DSAF_KFold,fold_1,age,1,2,0,81,81,1.0,0.8181818181818182,0.440199681050315,0.964265644921168,"[""0-17"", ""18-59""]",Conditional binomial bounds; no patient clusters or training variability available
metadata_Multimodal_DINOv3_DSAF_KFold,fold_1,age,5,2,0,81,81,1.0,0.8181818181818182,0.440199681050315,0.964265644921168,"[""0-17"", ""18-59""]",Conditional binomial bounds; no patient clusters or training variability available
metadata_Multimodal_DINOv3_DSAF_KFold,fold_1,age,10,2,0,81,81,1.0,0.8181818181818182,0.440199681050315,0.964265644921168,"[""0-17"", ""18-59""]",Conditional binomial bounds; no patient clusters or training variability available
metadata_Multimodal_DINOv3_DSAF_KFold,fold_1,age,15,1,1,70,81,0.8641975308641975,0.9,0.8047543474583375,0.9588402984164153,"[""18-59""]",Conditional binomial bounds; no patient clusters or training variability available
metadata_Multimodal_DINOv3_DSAF_KFold,fold_1,age,20,1,1,70,81,0.8641975308641975,0.9,0.8047543474583375,0.9588402984164153,"[""18-59""]",Conditional binomial bounds; no patient clusters or training variability available
metadata_Multimodal_DINOv3_DSAF_KFold,fold_1,age,30,1,1,70,81,0.8641975308641975,0.9,0.8047543474583375,0.9588402984164153,"[""18-59""]",Conditional binomial bounds; no patient clusters or training variability available
metadata_Multimodal_DINOv3_DSAF_KFold,fold_1,age,50,1,1,70,81,0.8641975308641975,0.9,0.8047543474583375,0.9588402984164153,"[""18-59""]",Conditional binomial bounds; no patient clusters or training variability available
metadata_Multimodal_DINOv3_DSAF_KFold,fold_1,skin_tone,1,6,0,81,81,1.0,0.8571428571428571,0.004166666666666667,0.9580608002663973,"[""white"", ""indian"", ""asian"", ""black"", ""latino hispanic"", ""middle eastern""]",Conditional binomial bounds; no patient clusters or training variability available
metadata_Multimodal_DINOv3_DSAF_KFold,fold_1,skin_tone,5,5,1,80,81,0.9876543209876543,0.8571428571428571,0.3465724215775732,0.9566261666905855,"[""white"", ""indian"", ""asian"", ""black"", ""latino hispanic""]",Conditional binomial bounds; no patient clusters or training variability available
metadata_Multimodal_DINOv3_DSAF_KFold,fold_1,skin_tone,10,1,5,49,81,0.6049382716049383,0.8571428571428571,0.7275784873044024,0.940578494309687,"[""white""]",Conditional binomial bounds; no patient clusters or training variability available
metadata_Multimodal_DINOv3_DSAF_KFold,fold_1,skin_tone,15,1,5,49,81,0.6049382716049383,0.8571428571428571,0.7275784873044024,0.940578494309687,"[""white""]",Conditional binomial bounds; no patient clusters or training variability available
metadata_Multimodal_DINOv3_DSAF_KFold,fold_1,skin_tone,20,1,5,49,81,0.6049382716049383,0.8571428571428571,0.7275784873044024,0.940578494309687,"[""white""]",Conditional binomial bounds; no patient clusters or training variability available
metadata_Multimodal_DINOv3_DSAF_KFold,fold_1,skin_tone,30,1,5,49,81,0.6049382716049383,0.8571428571428571,0.7275784873044024,0.940578494309687,"[""white""]",Conditional binomial bounds; no patient clusters or training variability available
metadata_Multimodal_DINOv3_DSAF_KFold,fold_1,skin_tone,50,0,6,0,81,0.0,,,,[],Conditional binomial bounds; no patient clusters or training variability available
metadata_Multimodal_DINOv3_DSAF_KFold,fold_1,composite,1,15,0,81,81,1.0,0.0,0.0,0.977289972775852,"[""0-17|female|asian"", ""18-59|female|indian"", ""18-59|male|white"", ""0-17|male|white"", ""18-59|female|white"", ""0-17|female|white"", ""0-17|male|asian"", ""0-17|male|black"", ""18-59|female|asian"", ""18-59|female|latino hispanic"", ""18-59|male|asian"", ""18-59|male|black"", ""18-59|male|indian"", ""18-59|male|latino hispanic"", ""18-59|male|middle eastern""]",Conditional binomial bounds; no patient clusters or training variability available
metadata_Multimodal_DINOv3_DSAF_KFold,fold_1,composite,5,6,9,66,81,0.8148148148148148,0.8260869565217391,0.24440434204802222,0.9707186891525467,"[""18-59|male|white"", ""0-17|male|white"", ""18-59|female|white"", ""18-59|male|asian"", ""18-59|male|black"", ""18-59|male|indian""]",Conditional binomial bounds; no patient clusters or training variability available
metadata_Multimodal_DINOv3_DSAF_KFold,fold_1,composite,10,2,13,42,81,0.5185185185185185,0.8260869565217391,0.5823744407261925,0.95982744356191,"[""18-59|male|white"", ""18-59|female|white""]",Conditional binomial bounds; no patient clusters or training variability available
metadata_Multimodal_DINOv3_DSAF_KFold,fold_1,composite,15,2,13,42,81,0.5185185185185185,0.8260869565217391,0.5823744407261925,0.95982744356191,"[""18-59|male|white"", ""18-59|female|white""]",Conditional binomial bounds; no patient clusters or training variability available
metadata_Multimodal_DINOv3_DSAF_KFold,fold_1,composite,20,1,14,23,81,0.2839506172839506,0.8260869565217391,0.6121881100452025,0.9504923546942066,"[""18-59|male|white""]",Conditional binomial bounds; no patient clusters or training variability available
metadata_Multimodal_DINOv3_DSAF_KFold,fold_1,composite,30,0,15,0,81,0.0,,,,[],Conditional binomial bounds; no patient clusters or training variability available
metadata_Multimodal_DINOv3_DSAF_KFold,fold_1,composite,50,0,15,0,81,0.0,,,,[],Conditional binomial bounds; no patient clusters or training variability available
metadata_Multimodal_DINOv3_DSAF_KFold,fold_2,gender,1,2,0,81,81,1.0,0.9393939393939394,0.7756364944712052,0.9948708417516613,"[""female"", ""male""]",Conditional binomial bounds; no patient clusters or training variability available
metadata_Multimodal_DINOv3_DSAF_KFold,fold_2,gender,5,2,0,81,81,1.0,0.9393939393939394,0.7756364944712052,0.9948708417516613,"[""female"", ""male""]",Conditional binomial bounds; no patient clusters or training variability available
metadata_Multimodal_DINOv3_DSAF_KFold,fold_2,gender,10,2,0,81,81,1.0,0.9393939393939394,0.7756364944712052,0.9948708417516613,"[""female"", ""male""]",Conditional binomial bounds; no patient clusters or training variability available
metadata_Multimodal_DINOv3_DSAF_KFold,fold_2,gender,15,2,0,81,81,1.0,0.9393939393939394,0.7756364944712052,0.9948708417516613,"[""female"", ""male""]",Conditional binomial bounds; no patient clusters or training variability available
metadata_Multimodal_DINOv3_DSAF_KFold,fold_2,gender,20,2,0,81,81,1.0,0.9393939393939394,0.7756364944712052,0.9948708417516613,"[""female"", ""male""]",Conditional binomial bounds; no patient clusters or training variability available
metadata_Multimodal_DINOv3_DSAF_KFold,fold_2,gender,30,2,0,81,81,1.0,0.9393939393939394,0.7756364944712052,0.9948708417516613,"[""female"", ""male""]",Conditional binomial bounds; no patient clusters or training variability available
metadata_Multimodal_DINOv3_DSAF_KFold,fold_2,gender,50,0,2,0,81,0.0,,,,[],Conditional binomial bounds; no patient clusters or training variability available
metadata_Multimodal_DINOv3_DSAF_KFold,fold_2,age,1,3,0,81,81,1.0,0.875,0.008333333333333333,0.9942769001359064,"[""0-17"", ""18-59"", ""60+""]",Conditional binomial bounds; no patient clusters or training variability available
metadata_Multimodal_DINOv3_DSAF_KFold,fold_2,age,5,2,1,80,81,0.9876543209876543,0.875,0.4245499803830574,0.9933443061256413,"[""0-17"", ""18-59""]",Conditional binomial bounds; no patient clusters or training variability available
metadata_Multimodal_DINOv3_DSAF_KFold,fold_2,age,10,1,2,72,81,0.8888888888888888,0.9583333333333334,0.8830251801740586,0.9913235026836562,"[""18-59""]",Conditional binomial bounds; no patient clusters or training variability available
metadata_Multimodal_DINOv3_DSAF_KFold,fold_2,age,15,1,2,72,81,0.8888888888888888,0.9583333333333334,0.8830251801740586,0.9913235026836562,"[""18-59""]",Conditional binomial bounds; no patient clusters or training variability available
metadata_Multimodal_DINOv3_DSAF_KFold,fold_2,age,20,1,2,72,81,0.8888888888888888,0.9583333333333334,0.8830251801740586,0.9913235026836562,"[""18-59""]",Conditional binomial bounds; no patient clusters or training variability available
metadata_Multimodal_DINOv3_DSAF_KFold,fold_2,age,30,1,2,72,81,0.8888888888888888,0.9583333333333334,0.8830251801740586,0.9913235026836562,"[""18-59""]",Conditional binomial bounds; no patient clusters or training variability available
metadata_Multimodal_DINOv3_DSAF_KFold,fold_2,age,50,1,2,72,81,0.8888888888888888,0.9583333333333334,0.8830251801740586,0.9913235026836562,"[""18-59""]",Conditional binomial bounds; no patient clusters or training variability available
metadata_Multimodal_DINOv3_DSAF_KFold,fold_2,skin_tone,1,6,0,81,81,1.0,0.6,0.06454972243679027,0.9791553602271368,"[""middle eastern"", ""latino hispanic"", ""white"", ""asian"", ""black"", ""indian""]",Conditional binomial bounds; no patient clusters or training variability available
metadata_Multimodal_DINOv3_DSAF_KFold,fold_2,skin_tone,5,4,2,75,81,0.9259259259259259,0.6,0.0895443121979465,0.9743461212117086,"[""middle eastern"", ""latino hispanic"", ""white"", ""asian""]",Conditional binomial bounds; no patient clusters or training variability available
metadata_Multimodal_DINOv3_DSAF_KFold,fold_2,skin_tone,10,3,3,70,81,0.8641975308641975,0.9090909090909091,0.5196525560162785,0.999239539326846,"[""latino hispanic"", ""white"", ""asian""]",Conditional binomial bounds; no patient clusters or training variability available
metadata_Multimodal_DINOv3_DSAF_KFold,fold_2,skin_tone,15,1,5,48,81,0.5925925925925926,0.9791666666666666,0.8893038394068478,0.9994726847465769,"[""white""]",Conditional binomial bounds; no patient clusters or training variability available
metadata_Multimodal_DINOv3_DSAF_KFold,fold_2,skin_tone,20,1,5,48,81,0.5925925925925926,0.9791666666666666,0.8893038394068478,0.9994726847465769,"[""white""]",Conditional binomial bounds; no patient clusters or training variability available
metadata_Multimodal_DINOv3_DSAF_KFold,fold_2,skin_tone,30,1,5,48,81,0.5925925925925926,0.9791666666666666,0.8893038394068478,0.9994726847465769,"[""white""]",Conditional binomial bounds; no patient clusters or training variability available
metadata_Multimodal_DINOv3_DSAF_KFold,fold_2,skin_tone,50,0,6,0,81,0.0,,,,[],Conditional binomial bounds; no patient clusters or training variability available
metadata_Multimodal_DINOv3_DSAF_KFold,fold_2,composite,1,15,0,81,81,1.0,0.6,0.0016666666666666668,0.9869195174749542,"[""18-59|male|middle eastern"", ""0-17|female|white"", ""18-59|female|latino hispanic"", ""0-17|male|indian"", ""0-17|male|latino hispanic"", ""0-17|male|white"", ""18-59|female|asian"", ""18-59|female|indian"", ""18-59|female|white"", ""18-59|male|asian"", ""18-59|male|black"", ""18-59|male|indian"", ""18-59|male|latino hispanic"", ""18-59|male|white"", ""60+|female|latino hispanic""]",Conditional binomial bounds; no patient clusters or training variability available
metadata_Multimodal_DINOv3_DSAF_KFold,fold_2,composite,5,5,10,60,81,0.7407407407407407,0.6,0.0828291872014768,0.9771187786246456,"[""18-59|male|middle eastern"", ""18-59|female|latino hispanic"", ""18-59|female|white"", ""18-59|male|asian"", ""18-59|male|white""]",Conditional binomial bounds; no patient clusters or training variability available
metadata_Multimodal_DINOv3_DSAF_KFold,fold_2,composite,10,2,13,42,81,0.5185185185185185,1.0,0.7839218661285043,1.0,"[""18-59|female|white"", ""18-59|male|white""]",Conditional binomial bounds; no patient clusters or training variability available
metadata_Multimodal_DINOv3_DSAF_KFold,fold_2,composite,15,2,13,42,81,0.5185185185185185,1.0,0.7839218661285043,1.0,"[""18-59|female|white"", ""18-59|male|white""]",Conditional binomial bounds; no patient clusters or training variability available
metadata_Multimodal_DINOv3_DSAF_KFold,fold_2,composite,20,1,14,24,81,0.2962962962962963,1.0,0.8575264022774743,1.0,"[""18-59|male|white""]",Conditional binomial bounds; no patient clusters or training variability available
metadata_Multimodal_DINOv3_DSAF_KFold,fold_2,composite,30,0,15,0,81,0.0,,,,[],Conditional binomial bounds; no patient clusters or training variability available
metadata_Multimodal_DINOv3_DSAF_KFold,fold_2,composite,50,0,15,0,81,0.0,,,,[],Conditional binomial bounds; no patient clusters or training variability available
metadata_Multimodal_DINOv3_DSAF_KFold,fold_3,gender,1,2,0,81,81,1.0,0.9555555555555556,0.8313593094368337,0.9962516074226954,"[""male"", ""female""]",Conditional binomial bounds; no patient clusters or training variability available
metadata_Multimodal_DINOv3_DSAF_KFold,fold_3,gender,5,2,0,81,81,1.0,0.9555555555555556,0.8313593094368337,0.9962516074226954,"[""male"", ""female""]",Conditional binomial bounds; no patient clusters or training variability available
metadata_Multimodal_DINOv3_DSAF_KFold,fold_3,gender,10,2,0,81,81,1.0,0.9555555555555556,0.8313593094368337,0.9962516074226954,"[""male"", ""female""]",Conditional binomial bounds; no patient clusters or training variability available
metadata_Multimodal_DINOv3_DSAF_KFold,fold_3,gender,15,2,0,81,81,1.0,0.9555555555555556,0.8313593094368337,0.9962516074226954,"[""male"", ""female""]",Conditional binomial bounds; no patient clusters or training variability available
metadata_Multimodal_DINOv3_DSAF_KFold,fold_3,gender,20,2,0,81,81,1.0,0.9555555555555556,0.8313593094368337,0.9962516074226954,"[""male"", ""female""]",Conditional binomial bounds; no patient clusters or training variability available
metadata_Multimodal_DINOv3_DSAF_KFold,fold_3,gender,30,2,0,81,81,1.0,0.9555555555555556,0.8313593094368337,0.9962516074226954,"[""male"", ""female""]",Conditional binomial bounds; no patient clusters or training variability available
metadata_Multimodal_DINOv3_DSAF_KFold,fold_3,gender,50,0,2,0,81,0.0,,,,[],Conditional binomial bounds; no patient clusters or training variability available
metadata_Multimodal_DINOv3_DSAF_KFold,fold_3,age,1,2,0,81,81,1.0,0.875,0.4245499803830574,0.9976976897825146,"[""0-17"", ""18-59""]",Conditional binomial bounds; no patient clusters or training variability available
metadata_Multimodal_DINOv3_DSAF_KFold,fold_3,age,5,2,0,81,81,1.0,0.875,0.4245499803830574,0.9976976897825146,"[""0-17"", ""18-59""]",Conditional binomial bounds; no patient clusters or training variability available
metadata_Multimodal_DINOv3_DSAF_KFold,fold_3,age,10,1,1,73,81,0.9012345679012346,0.9726027397260274,0.9045108361622107,0.9966646711068833,"[""18-59""]",Conditional binomial bounds; no patient clusters or training variability available
metadata_Multimodal_DINOv3_DSAF_KFold,fold_3,age,15,1,1,73,81,0.9012345679012346,0.9726027397260274,0.9045108361622107,0.9966646711068833,"[""18-59""]",Conditional binomial bounds; no patient clusters or training variability available
metadata_Multimodal_DINOv3_DSAF_KFold,fold_3,age,20,1,1,73,81,0.9012345679012346,0.9726027397260274,0.9045108361622107,0.9966646711068833,"[""18-59""]",Conditional binomial bounds; no patient clusters or training variability available
metadata_Multimodal_DINOv3_DSAF_KFold,fold_3,age,30,1,1,73,81,0.9012345679012346,0.9726027397260274,0.9045108361622107,0.9966646711068833,"[""18-59""]",Conditional binomial bounds; no patient clusters or training variability available
metadata_Multimodal_DINOv3_DSAF_KFold,fold_3,age,50,1,1,73,81,0.9012345679012346,0.9726027397260274,0.9045108361622107,0.9966646711068833,"[""18-59""]",Conditional binomial bounds; no patient clusters or training variability available
metadata_Multimodal_DINOv3_DSAF_KFold,fold_3,skin_tone,1,6,0,81,81,1.0,0.6666666666666666,0.13677933151564006,0.9829487018786097,"[""indian"", ""asian"", ""black"", ""latino hispanic"", ""middle eastern"", ""white""]",Conditional binomial bounds; no patient clusters or training variability available
metadata_Multimodal_DINOv3_DSAF_KFold,fold_3,skin_tone,5,4,2,74,81,0.9135802469135802,0.6666666666666666,0.1524407116722855,0.9790055543667532,"[""indian"", ""asian"", ""latino hispanic"", ""white""]",Conditional binomial bounds; no patient clusters or training variability available
metadata_Multimodal_DINOv3_DSAF_KFold,fold_3,skin_tone,10,3,3,68,81,0.8395061728395061,0.9090909090909091,0.5196525560162785,0.999239539326846,"[""asian"", ""latino hispanic"", ""white""]",Conditional binomial bounds; no patient clusters or training variability available
metadata_Multimodal_DINOv3_DSAF_KFold,fold_3,skin_tone,15,1,5,47,81,0.5802469135802469,1.0,0.9245142663089414,1.0,"[""white""]",Conditional binomial bounds; no patient clusters or training variability available
metadata_Multimodal_DINOv3_DSAF_KFold,fold_3,skin_tone,20,1,5,47,81,0.5802469135802469,1.0,0.9245142663089414,1.0,"[""white""]",Conditional binomial bounds; no patient clusters or training variability available
metadata_Multimodal_DINOv3_DSAF_KFold,fold_3,skin_tone,30,1,5,47,81,0.5802469135802469,1.0,0.9245142663089414,1.0,"[""white""]",Conditional binomial bounds; no patient clusters or training variability available
metadata_Multimodal_DINOv3_DSAF_KFold,fold_3,skin_tone,50,0,6,0,81,0.0,,,,[],Conditional binomial bounds; no patient clusters or training variability available
metadata_Multimodal_DINOv3_DSAF_KFold,fold_3,composite,1,13,0,81,81,1.0,0.0,0.0,0.9980769230769231,"[""0-17|female|indian"", ""18-59|male|indian"", ""18-59|male|asian"", ""0-17|female|white"", ""0-17|male|white"", ""18-59|female|asian"", ""18-59|female|latino hispanic"", ""18-59|female|middle eastern"", ""18-59|female|white"", ""18-59|male|black"", ""18-59|male|latino hispanic"", ""18-59|male|middle eastern"", ""18-59|male|white""]",Conditional binomial bounds; no patient clusters or training variability available
metadata_Multimodal_DINOv3_DSAF_KFold,fold_3,composite,5,6,7,62,81,0.7654320987654321,0.8,0.17649447754728861,0.999165274295396,"[""18-59|male|indian"", ""18-59|male|asian"", ""18-59|female|asian"", ""18-59|female|latino hispanic"", ""18-59|female|white"", ""18-59|male|white""]",Conditional binomial bounds; no patient clusters or training variability available
metadata_Multimodal_DINOv3_DSAF_KFold,fold_3,composite,10,2,11,40,81,0.49382716049382713,1.0,0.8032403202953746,1.0,"[""18-59|female|white"", ""18-59|male|white""]",Conditional binomial bounds; no patient clusters or training variability available
metadata_Multimodal_DINOv3_DSAF_KFold,fold_3,composite,15,2,11,40,81,0.49382716049382713,1.0,0.8032403202953746,1.0,"[""18-59|female|white"", ""18-59|male|white""]",Conditional binomial bounds; no patient clusters or training variability available
metadata_Multimodal_DINOv3_DSAF_KFold,fold_3,composite,20,2,11,40,81,0.49382716049382713,1.0,0.8032403202953746,1.0,"[""18-59|female|white"", ""18-59|male|white""]",Conditional binomial bounds; no patient clusters or training variability available
metadata_Multimodal_DINOv3_DSAF_KFold,fold_3,composite,30,0,13,0,81,0.0,,,,[],Conditional binomial bounds; no patient clusters or training variability available
metadata_Multimodal_DINOv3_DSAF_KFold,fold_3,composite,50,0,13,0,81,0.0,,,,[],Conditional binomial bounds; no patient clusters or training variability available
metadata_Multimodal_DINOv3_DSAF_KFold,fold_4,gender,1,2,0,81,81,1.0,0.8275862068965517,0.6159709536700722,0.9510219458682418,"[""female"", ""male""]",Conditional binomial bounds; no patient clusters or training variability available
metadata_Multimodal_DINOv3_DSAF_KFold,fold_4,gender,5,2,0,81,81,1.0,0.8275862068965517,0.6159709536700722,0.9510219458682418,"[""female"", ""male""]",Conditional binomial bounds; no patient clusters or training variability available
metadata_Multimodal_DINOv3_DSAF_KFold,fold_4,gender,10,2,0,81,81,1.0,0.8275862068965517,0.6159709536700722,0.9510219458682418,"[""female"", ""male""]",Conditional binomial bounds; no patient clusters or training variability available
metadata_Multimodal_DINOv3_DSAF_KFold,fold_4,gender,15,2,0,81,81,1.0,0.8275862068965517,0.6159709536700722,0.9510219458682418,"[""female"", ""male""]",Conditional binomial bounds; no patient clusters or training variability available
metadata_Multimodal_DINOv3_DSAF_KFold,fold_4,gender,20,2,0,81,81,1.0,0.8275862068965517,0.6159709536700722,0.9510219458682418,"[""female"", ""male""]",Conditional binomial bounds; no patient clusters or training variability available
metadata_Multimodal_DINOv3_DSAF_KFold,fold_4,gender,30,1,1,52,81,0.6419753086419753,0.8846153846153846,0.7655916774948947,0.9564587960113129,"[""male""]",Conditional binomial bounds; no patient clusters or training variability available
metadata_Multimodal_DINOv3_DSAF_KFold,fold_4,gender,50,1,1,52,81,0.6419753086419753,0.8846153846153846,0.7655916774948947,0.9564587960113129,"[""male""]",Conditional binomial bounds; no patient clusters or training variability available
metadata_Multimodal_DINOv3_DSAF_KFold,fold_4,age,1,2,0,81,81,1.0,0.4,0.03668898201290747,0.8856660255367991,"[""0-17"", ""18-59""]",Conditional binomial bounds; no patient clusters or training variability available
metadata_Multimodal_DINOv3_DSAF_KFold,fold_4,age,5,2,0,81,81,1.0,0.4,0.03668898201290747,0.8856660255367991,"[""0-17"", ""18-59""]",Conditional binomial bounds; no patient clusters or training variability available
metadata_Multimodal_DINOv3_DSAF_KFold,fold_4,age,10,1,1,76,81,0.9382716049382716,0.8947368421052632,0.8030833008083137,0.9534464372425235,"[""18-59""]",Conditional binomial bounds; no patient clusters or training variability available
metadata_Multimodal_DINOv3_DSAF_KFold,fold_4,age,15,1,1,76,81,0.9382716049382716,0.8947368421052632,0.8030833008083137,0.9534464372425235,"[""18-59""]",Conditional binomial bounds; no patient clusters or training variability available
metadata_Multimodal_DINOv3_DSAF_KFold,fold_4,age,20,1,1,76,81,0.9382716049382716,0.8947368421052632,0.8030833008083137,0.9534464372425235,"[""18-59""]",Conditional binomial bounds; no patient clusters or training variability available
metadata_Multimodal_DINOv3_DSAF_KFold,fold_4,age,30,1,1,76,81,0.9382716049382716,0.8947368421052632,0.8030833008083137,0.9534464372425235,"[""18-59""]",Conditional binomial bounds; no patient clusters or training variability available
metadata_Multimodal_DINOv3_DSAF_KFold,fold_4,age,50,1,1,76,81,0.9382716049382716,0.8947368421052632,0.8030833008083137,0.9534464372425235,"[""18-59""]",Conditional binomial bounds; no patient clusters or training variability available
metadata_Multimodal_DINOv3_DSAF_KFold,fold_4,skin_tone,1,6,0,81,81,1.0,0.7,0.25406637407730737,0.9571468476404567,"[""asian"", ""white"", ""latino hispanic"", ""black"", ""indian"", ""middle eastern""]",Conditional binomial bounds; no patient clusters or training variability available
metadata_Multimodal_DINOv3_DSAF_KFold,fold_4,skin_tone,5,5,1,77,81,0.9506172839506173,0.7,0.26488601471286927,0.9556816630158848,"[""asian"", ""white"", ""latino hispanic"", ""black"", ""indian""]",Conditional binomial bounds; no patient clusters or training variability available
metadata_Multimodal_DINOv3_DSAF_KFold,fold_4,skin_tone,10,2,4,58,81,0.7160493827160493,0.7,0.3084981950606018,0.9472267187408179,"[""asian"", ""white""]",Conditional binomial bounds; no patient clusters or training variability available
metadata_Multimodal_DINOv3_DSAF_KFold,fold_4,skin_tone,15,1,5,48,81,0.5925925925925926,0.8541666666666666,0.7223616599779719,0.939295530633363,"[""white""]",Conditional binomial bounds; no patient clusters or training variability available
metadata_Multimodal_DINOv3_DSAF_KFold,fold_4,skin_tone,20,1,5,48,81,0.5925925925925926,0.8541666666666666,0.7223616599779719,0.939295530633363,"[""white""]",Conditional binomial bounds; no patient clusters or training variability available
metadata_Multimodal_DINOv3_DSAF_KFold,fold_4,skin_tone,30,1,5,48,81,0.5925925925925926,0.8541666666666666,0.7223616599779719,0.939295530633363,"[""white""]",Conditional binomial bounds; no patient clusters or training variability available
metadata_Multimodal_DINOv3_DSAF_KFold,fold_4,skin_tone,50,0,6,0,81,0.0,,,,[],Conditional binomial bounds; no patient clusters or training variability available
metadata_Multimodal_DINOv3_DSAF_KFold,fold_4,composite,1,14,0,81,81,1.0,0.0,0.0,0.9870901802366875,"[""0-17|female|white"", ""0-17|male|asian"", ""0-17|male|white"", ""18-59|male|asian"", ""18-59|female|latino hispanic"", ""18-59|female|white"", ""18-59|male|white"", ""0-17|male|indian"", ""18-59|female|asian"", ""18-59|female|indian"", ""18-59|male|black"", ""18-59|male|indian"", ""18-59|male|latino hispanic"", ""18-59|male|middle eastern""]",Conditional binomial bounds; no patient clusters or training variability available
metadata_Multimodal_DINOv3_DSAF_KFold,fold_4,composite,5,4,10,56,81,0.691358024691358,0.6666666666666666,0.1524407116722855,0.9790055543667532,"[""18-59|male|asian"", ""18-59|female|white"", ""18-59|male|white"", ""18-59|male|black""]",Conditional binomial bounds; no patient clusters or training variability available
metadata_Multimodal_DINOv3_DSAF_KFold,fold_4,composite,10,2,12,45,81,0.5555555555555556,0.8421052631578947,0.5712647115262786,0.97397543378122,"[""18-59|female|white"", ""18-59|male|white""]",Conditional binomial bounds; no patient clusters or training variability available
metadata_Multimodal_DINOv3_DSAF_KFold,fold_4,composite,15,2,12,45,81,0.5555555555555556,0.8421052631578947,0.5712647115262786,0.97397543378122,"[""18-59|female|white"", ""18-59|male|white""]",Conditional binomial bounds; no patient clusters or training variability available
metadata_Multimodal_DINOv3_DSAF_KFold,fold_4,composite,20,1,13,26,81,0.32098765432098764,0.9230769230769231,0.7486970833046261,0.9905446089962873,"[""18-59|male|white""]",Conditional binomial bounds; no patient clusters or training variability available
metadata_Multimodal_DINOv3_DSAF_KFold,fold_4,composite,30,0,14,0,81,0.0,,,,[],Conditional binomial bounds; no patient clusters or training variability available
metadata_Multimodal_DINOv3_DSAF_KFold,fold_4,composite,50,0,14,0,81,0.0,,,,[],Conditional binomial bounds; no patient clusters or training variability available
metadata_Multimodal_DINOv3_DSAF_KFold,fold_5,gender,1,2,0,81,81,1.0,0.9622641509433962,0.7928243163676094,0.996821941897929,"[""male"", ""female""]",Conditional binomial bounds; no patient clusters or training variability available
metadata_Multimodal_DINOv3_DSAF_KFold,fold_5,gender,5,2,0,81,81,1.0,0.9622641509433962,0.7928243163676094,0.996821941897929,"[""male"", ""female""]",Conditional binomial bounds; no patient clusters or training variability available
metadata_Multimodal_DINOv3_DSAF_KFold,fold_5,gender,10,2,0,81,81,1.0,0.9622641509433962,0.7928243163676094,0.996821941897929,"[""male"", ""female""]",Conditional binomial bounds; no patient clusters or training variability available
metadata_Multimodal_DINOv3_DSAF_KFold,fold_5,gender,15,2,0,81,81,1.0,0.9622641509433962,0.7928243163676094,0.996821941897929,"[""male"", ""female""]",Conditional binomial bounds; no patient clusters or training variability available
metadata_Multimodal_DINOv3_DSAF_KFold,fold_5,gender,20,2,0,81,81,1.0,0.9622641509433962,0.7928243163676094,0.996821941897929,"[""male"", ""female""]",Conditional binomial bounds; no patient clusters or training variability available
metadata_Multimodal_DINOv3_DSAF_KFold,fold_5,gender,30,1,1,53,81,0.654320987654321,0.9622641509433962,0.8702416183369376,0.995396890725685,"[""male""]",Conditional binomial bounds; no patient clusters or training variability available
metadata_Multimodal_DINOv3_DSAF_KFold,fold_5,gender,50,1,1,53,81,0.654320987654321,0.9622641509433962,0.8702416183369376,0.995396890725685,"[""male""]",Conditional binomial bounds; no patient clusters or training variability available
metadata_Multimodal_DINOv3_DSAF_KFold,fold_5,age,1,2,0,81,81,1.0,0.96,0.48174624199949806,0.9936133054339952,"[""18-59"", ""0-17""]",Conditional binomial bounds; no patient clusters or training variability available
metadata_Multimodal_DINOv3_DSAF_KFold,fold_5,age,5,2,0,81,81,1.0,0.96,0.48174624199949806,0.9936133054339952,"[""18-59"", ""0-17""]",Conditional binomial bounds; no patient clusters or training variability available
metadata_Multimodal_DINOv3_DSAF_KFold,fold_5,age,10,1,1,75,81,0.9259259259259259,0.96,0.8875231782399902,0.9916738343339206,"[""18-59""]",Conditional binomial bounds; no patient clusters or training variability available
metadata_Multimodal_DINOv3_DSAF_KFold,fold_5,age,15,1,1,75,81,0.9259259259259259,0.96,0.8875231782399902,0.9916738343339206,"[""18-59""]",Conditional binomial bounds; no patient clusters or training variability available
metadata_Multimodal_DINOv3_DSAF_KFold,fold_5,age,20,1,1,75,81,0.9259259259259259,0.96,0.8875231782399902,0.9916738343339206,"[""18-59""]",Conditional binomial bounds; no patient clusters or training variability available
metadata_Multimodal_DINOv3_DSAF_KFold,fold_5,age,30,1,1,75,81,0.9259259259259259,0.96,0.8875231782399902,0.9916738343339206,"[""18-59""]",Conditional binomial bounds; no patient clusters or training variability available
metadata_Multimodal_DINOv3_DSAF_KFold,fold_5,age,50,1,1,75,81,0.9259259259259259,0.96,0.8875231782399902,0.9916738343339206,"[""18-59""]",Conditional binomial bounds; no patient clusters or training variability available
metadata_Multimodal_DINOv3_DSAF_KFold,fold_5,skin_tone,1,6,0,81,81,1.0,0.7777777777777778,0.06454972243679027,0.988960745185583,"[""asian"", ""white"", ""black"", ""indian"", ""latino hispanic"", ""middle eastern""]",Conditional binomial bounds; no patient clusters or training variability available
metadata_Multimodal_DINOv3_DSAF_KFold,fold_5,skin_tone,5,5,1,79,81,0.9753086419753086,0.7777777777777778,0.3073936492314562,0.9878764109193773,"[""asian"", ""white"", ""black"", ""indian"", ""latino hispanic""]",Conditional binomial bounds; no patient clusters or training variability available
metadata_Multimodal_DINOv3_DSAF_KFold,fold_5,skin_tone,10,2,4,55,81,0.6790123456790124,0.9777777777777777,0.645195012148216,0.9997205105709636,"[""white"", ""indian""]",Conditional binomial bounds; no patient clusters or training variability available
metadata_Multimodal_DINOv3_DSAF_KFold,fold_5,skin_tone,15,1,5,45,81,0.5555555555555556,0.9777777777777777,0.8822956685817058,0.9994375402845977,"[""white""]",Conditional binomial bounds; no patient clusters or training variability available
metadata_Multimodal_DINOv3_DSAF_KFold,fold_5,skin_tone,20,1,5,45,81,0.5555555555555556,0.9777777777777777,0.8822956685817058,0.9994375402845977,"[""white""]",Conditional binomial bounds; no patient clusters or training variability available
metadata_Multimodal_DINOv3_DSAF_KFold,fold_5,skin_tone,30,1,5,45,81,0.5555555555555556,0.9777777777777777,0.8822956685817058,0.9994375402845977,"[""white""]",Conditional binomial bounds; no patient clusters or training variability available
metadata_Multimodal_DINOv3_DSAF_KFold,fold_5,skin_tone,50,0,6,0,81,0.0,,,,[],Conditional binomial bounds; no patient clusters or training variability available
metadata_Multimodal_DINOv3_DSAF_KFold,fold_5,composite,1,13,0,81,81,1.0,0.75,0.0019230769230769232,0.9995188836712,"[""18-59|female|asian"", ""18-59|male|asian"", ""18-59|male|white"", ""0-17|female|white"", ""0-17|male|black"", ""0-17|male|white"", ""18-59|female|indian"", ""18-59|female|latino hispanic"", ""18-59|female|white"", ""18-59|male|black"", ""18-59|male|indian"", ""18-59|male|latino hispanic"", ""18-59|male|middle eastern""]",Conditional binomial bounds; no patient clusters or training variability available
metadata_Multimodal_DINOv3_DSAF_KFold,fold_5,composite,5,7,6,66,81,0.8148148148148148,0.8,0.16954859070511846,0.9992846916854807,"[""18-59|male|asian"", ""18-59|male|white"", ""18-59|female|indian"", ""18-59|female|white"", ""18-59|male|black"", ""18-59|male|indian"", ""18-59|male|latino hispanic""]",Conditional binomial bounds; no patient clusters or training variability available
metadata_Multimodal_DINOv3_DSAF_KFold,fold_5,composite,10,2,11,40,81,0.49382716049382713,0.9615384615384616,0.7312485213842805,0.9995163176963696,"[""18-59|male|white"", ""18-59|female|white""]",Conditional binomial bounds; no patient clusters or training variability available
metadata_Multimodal_DINOv3_DSAF_KFold,fold_5,composite,15,1,12,26,81,0.32098765432098764,0.9615384615384616,0.803630353237461,0.9990267121066649,"[""18-59|male|white""]",Conditional binomial bounds; no patient clusters or training variability available
metadata_Multimodal_DINOv3_DSAF_KFold,fold_5,composite,20,1,12,26,81,0.32098765432098764,0.9615384615384616,0.803630353237461,0.9990267121066649,"[""18-59|male|white""]",Conditional binomial bounds; no patient clusters or training variability available
metadata_Multimodal_DINOv3_DSAF_KFold,fold_5,composite,30,0,13,0,81,0.0,,,,[],Conditional binomial bounds; no patient clusters or training variability available
metadata_Multimodal_DINOv3_DSAF_KFold,fold_5,composite,50,0,13,0,81,0.0,,,,[],Conditional binomial bounds; no patient clusters or training variability available
metadata_Multimodal_DINOv3_DSAF_KFold,fold_6,gender,1,2,0,80,80,1.0,0.9433962264150944,0.7859015767084437,0.9909229058210742,"[""male"", ""female""]",Conditional binomial bounds; no patient clusters or training variability available
metadata_Multimodal_DINOv3_DSAF_KFold,fold_6,gender,5,2,0,80,80,1.0,0.9433962264150944,0.7859015767084437,0.9909229058210742,"[""male"", ""female""]",Conditional binomial bounds; no patient clusters or training variability available
metadata_Multimodal_DINOv3_DSAF_KFold,fold_6,gender,10,2,0,80,80,1.0,0.9433962264150944,0.7859015767084437,0.9909229058210742,"[""male"", ""female""]",Conditional binomial bounds; no patient clusters or training variability available
metadata_Multimodal_DINOv3_DSAF_KFold,fold_6,gender,15,2,0,80,80,1.0,0.9433962264150944,0.7859015767084437,0.9909229058210742,"[""male"", ""female""]",Conditional binomial bounds; no patient clusters or training variability available
metadata_Multimodal_DINOv3_DSAF_KFold,fold_6,gender,20,2,0,80,80,1.0,0.9433962264150944,0.7859015767084437,0.9909229058210742,"[""male"", ""female""]",Conditional binomial bounds; no patient clusters or training variability available
metadata_Multimodal_DINOv3_DSAF_KFold,fold_6,gender,30,1,1,53,80,0.6625,0.9433962264150944,0.843370537827625,0.9881712811408664,"[""male""]",Conditional binomial bounds; no patient clusters or training variability available
metadata_Multimodal_DINOv3_DSAF_KFold,fold_6,gender,50,1,1,53,80,0.6625,0.9433962264150944,0.843370537827625,0.9881712811408664,"[""male""]",Conditional binomial bounds; no patient clusters or training variability available
metadata_Multimodal_DINOv3_DSAF_KFold,fold_6,age,1,3,0,80,80,1.0,0.8333333333333334,0.008333333333333333,0.9883173766835284,"[""0-17"", ""18-59"", ""60+""]",Conditional binomial bounds; no patient clusters or training variability available
metadata_Multimodal_DINOv3_DSAF_KFold,fold_6,age,5,2,1,79,80,0.9875,0.8333333333333334,0.47491890523945873,0.985559819567051,"[""0-17"", ""18-59""]",Conditional binomial bounds; no patient clusters or training variability available
metadata_Multimodal_DINOv3_DSAF_KFold,fold_6,age,10,2,1,79,80,0.9875,0.8333333333333334,0.47491890523945873,0.985559819567051,"[""0-17"", ""18-59""]",Conditional binomial bounds; no patient clusters or training variability available
metadata_Multimodal_DINOv3_DSAF_KFold,fold_6,age,15,1,2,67,80,0.8375,0.9701492537313433,0.8962924923524453,0.9963642692730956,"[""18-59""]",Conditional binomial bounds; no patient clusters or training variability available
metadata_Multimodal_DINOv3_DSAF_KFold,fold_6,age,20,1,2,67,80,0.8375,0.9701492537313433,0.8962924923524453,0.9963642692730956,"[""18-59""]",Conditional binomial bounds; no patient clusters or training variability available
metadata_Multimodal_DINOv3_DSAF_KFold,fold_6,age,30,1,2,67,80,0.8375,0.9701492537313433,0.8962924923524453,0.9963642692730956,"[""18-59""]",Conditional binomial bounds; no patient clusters or training variability available
metadata_Multimodal_DINOv3_DSAF_KFold,fold_6,age,50,1,2,67,80,0.8375,0.9701492537313433,0.8962924923524453,0.9963642692730956,"[""18-59""]",Conditional binomial bounds; no patient clusters or training variability available
metadata_Multimodal_DINOv3_DSAF_KFold,fold_6,skin_tone,1,6,0,80,80,1.0,0.8571428571428571,0.004166666666666667,0.9941597759349022,"[""asian"", ""white"", ""black"", ""indian"", ""latino hispanic"", ""middle eastern""]",Conditional binomial bounds; no patient clusters or training variability available
metadata_Multimodal_DINOv3_DSAF_KFold,fold_6,skin_tone,5,3,3,72,80,0.9,0.8571428571428571,0.34515054956987407,0.9924815733910359,"[""asian"", ""white"", ""indian""]",Conditional binomial bounds; no patient clusters or training variability available
metadata_Multimodal_DINOv3_DSAF_KFold,fold_6,skin_tone,10,2,4,65,80,0.8125,0.9454545454545454,0.645195012148216,0.9912577078523511,"[""white"", ""indian""]",Conditional binomial bounds; no patient clusters or training variability available
metadata_Multimodal_DINOv3_DSAF_KFold,fold_6,skin_tone,15,1,5,55,80,0.6875,0.9454545454545454,0.8487650452334005,0.9886069937272912,"[""white""]",Conditional binomial bounds; no patient clusters or training variability available
metadata_Multimodal_DINOv3_DSAF_KFold,fold_6,skin_tone,20,1,5,55,80,0.6875,0.9454545454545454,0.8487650452334005,0.9886069937272912,"[""white""]",Conditional binomial bounds; no patient clusters or training variability available
metadata_Multimodal_DINOv3_DSAF_KFold,fold_6,skin_tone,30,1,5,55,80,0.6875,0.9454545454545454,0.8487650452334005,0.9886069937272912,"[""white""]",Conditional binomial bounds; no patient clusters or training variability available
metadata_Multimodal_DINOv3_DSAF_KFold,fold_6,skin_tone,50,1,5,55,80,0.6875,0.9454545454545454,0.8487650452334005,0.9886069937272912,"[""white""]",Conditional binomial bounds; no patient clusters or training variability available
metadata_Multimodal_DINOv3_DSAF_KFold,fold_6,composite,1,14,0,80,80,1.0,0.5,0.0008932560960837383,0.9991067439039163,"[""18-59|male|asian"", ""0-17|female|white"", ""0-17|male|white"", ""18-59|male|white"", ""0-17|male|black"", ""18-59|female|asian"", ""18-59|female|indian"", ""18-59|female|latino hispanic"", ""18-59|female|white"", ""18-59|male|black"", ""18-59|male|indian"", ""18-59|male|latino hispanic"", ""18-59|male|middle eastern"", ""60+|male|white""]",Conditional binomial bounds; no patient clusters or training variability available
metadata_Multimodal_DINOv3_DSAF_KFold,fold_6,composite,5,5,9,64,80,0.8,0.8571428571428571,0.31508836075326985,0.9992841789188744,"[""0-17|male|white"", ""18-59|male|white"", ""18-59|female|asian"", ""18-59|female|white"", ""18-59|male|indian""]",Conditional binomial bounds; no patient clusters or training variability available
metadata_Multimodal_DINOv3_DSAF_KFold,fold_6,composite,10,2,12,44,80,0.55,0.9655172413793104,0.7466676476550782,0.999566342945832,"[""18-59|male|white"", ""18-59|female|white""]",Conditional binomial bounds; no patient clusters or training variability available
metadata_Multimodal_DINOv3_DSAF_KFold,fold_6,composite,15,2,12,44,80,0.55,0.9655172413793104,0.7466676476550782,0.999566342945832,"[""18-59|male|white"", ""18-59|female|white""]",Conditional binomial bounds; no patient clusters or training variability available
metadata_Multimodal_DINOv3_DSAF_KFold,fold_6,composite,20,1,13,29,80,0.3625,0.9655172413793104,0.822355704511277,0.9991273531164201,"[""18-59|male|white""]",Conditional binomial bounds; no patient clusters or training variability available
metadata_Multimodal_DINOv3_DSAF_KFold,fold_6,composite,30,0,14,0,80,0.0,,,,[],Conditional binomial bounds; no patient clusters or training variability available
metadata_Multimodal_DINOv3_DSAF_KFold,fold_6,composite,50,0,14,0,80,0.0,,,,[],Conditional binomial bounds; no patient clusters or training variability available
metadata_Multimodal_DINOv3_DSAF_KFold,fold_7,gender,1,2,0,80,80,1.0,0.8,0.6431918827017591,0.91002166012426,"[""male"", ""female""]",Conditional binomial bounds; no patient clusters or training variability available
metadata_Multimodal_DINOv3_DSAF_KFold,fold_7,gender,5,2,0,80,80,1.0,0.8,0.6431918827017591,0.91002166012426,"[""male"", ""female""]",Conditional binomial bounds; no patient clusters or training variability available
metadata_Multimodal_DINOv3_DSAF_KFold,fold_7,gender,10,2,0,80,80,1.0,0.8,0.6431918827017591,0.91002166012426,"[""male"", ""female""]",Conditional binomial bounds; no patient clusters or training variability available
metadata_Multimodal_DINOv3_DSAF_KFold,fold_7,gender,15,2,0,80,80,1.0,0.8,0.6431918827017591,0.91002166012426,"[""male"", ""female""]",Conditional binomial bounds; no patient clusters or training variability available
metadata_Multimodal_DINOv3_DSAF_KFold,fold_7,gender,20,2,0,80,80,1.0,0.8,0.6431918827017591,0.91002166012426,"[""male"", ""female""]",Conditional binomial bounds; no patient clusters or training variability available
metadata_Multimodal_DINOv3_DSAF_KFold,fold_7,gender,30,2,0,80,80,1.0,0.8,0.6431918827017591,0.91002166012426,"[""male"", ""female""]",Conditional binomial bounds; no patient clusters or training variability available
metadata_Multimodal_DINOv3_DSAF_KFold,fold_7,gender,50,1,1,50,80,0.625,0.8,0.6628168916165122,0.899697762527429,"[""male""]",Conditional binomial bounds; no patient clusters or training variability available
metadata_Multimodal_DINOv3_DSAF_KFold,fold_7,age,1,3,0,80,80,1.0,0.8181818181818182,0.008333333333333333,0.9481657519363873,"[""0-17"", ""18-59"", ""60+""]",Conditional binomial bounds; no patient clusters or training variability available
metadata_Multimodal_DINOv3_DSAF_KFold,fold_7,age,5,2,1,79,80,0.9875,0.8181818181818182,0.440199681050315,0.944619275301281,"[""0-17"", ""18-59""]",Conditional binomial bounds; no patient clusters or training variability available
metadata_Multimodal_DINOv3_DSAF_KFold,fold_7,age,10,2,1,79,80,0.9875,0.8181818181818182,0.440199681050315,0.944619275301281,"[""0-17"", ""18-59""]",Conditional binomial bounds; no patient clusters or training variability available
metadata_Multimodal_DINOv3_DSAF_KFold,fold_7,age,15,1,2,68,80,0.85,0.8676470588235294,0.7635644456904789,0.9376516859365619,"[""18-59""]",Conditional binomial bounds; no patient clusters or training variability available
metadata_Multimodal_DINOv3_DSAF_KFold,fold_7,age,20,1,2,68,80,0.85,0.8676470588235294,0.7635644456904789,0.9376516859365619,"[""18-59""]",Conditional binomial bounds; no patient clusters or training variability available
metadata_Multimodal_DINOv3_DSAF_KFold,fold_7,age,30,1,2,68,80,0.85,0.8676470588235294,0.7635644456904789,0.9376516859365619,"[""18-59""]",Conditional binomial bounds; no patient clusters or training variability available
metadata_Multimodal_DINOv3_DSAF_KFold,fold_7,age,50,1,2,68,80,0.85,0.8676470588235294,0.7635644456904789,0.9376516859365619,"[""18-59""]",Conditional binomial bounds; no patient clusters or training variability available
metadata_Multimodal_DINOv3_DSAF_KFold,fold_7,skin_tone,1,6,0,80,80,1.0,0.5,0.002085508005153112,0.9551938433397388,"[""middle eastern"", ""black"", ""white"", ""asian"", ""indian"", ""latino hispanic""]",Conditional binomial bounds; no patient clusters or training variability available
metadata_Multimodal_DINOv3_DSAF_KFold,fold_7,skin_tone,5,5,1,78,80,0.975,0.6666666666666666,0.2191358911188866,0.9536634771381328,"[""black"", ""white"", ""asian"", ""indian"", ""latino hispanic""]",Conditional binomial bounds; no patient clusters or training variability available
metadata_Multimodal_DINOv3_DSAF_KFold,fold_7,skin_tone,10,2,4,59,80,0.7375,0.8478260869565217,0.6913429663601807,0.944834493172943,"[""white"", ""asian""]",Conditional binomial bounds; no patient clusters or training variability available
metadata_Multimodal_DINOv3_DSAF_KFold,fold_7,skin_tone,15,1,5,46,80,0.575,0.8478260869565217,0.7113089959399508,0.9365557018749532,"[""white""]",Conditional binomial bounds; no patient clusters or training variability available
metadata_Multimodal_DINOv3_DSAF_KFold,fold_7,skin_tone,20,1,5,46,80,0.575,0.8478260869565217,0.7113089959399508,0.9365557018749532,"[""white""]",Conditional binomial bounds; no patient clusters or training variability available
metadata_Multimodal_DINOv3_DSAF_KFold,fold_7,skin_tone,30,1,5,46,80,0.575,0.8478260869565217,0.7113089959399508,0.9365557018749532,"[""white""]",Conditional binomial bounds; no patient clusters or training variability available
metadata_Multimodal_DINOv3_DSAF_KFold,fold_7,skin_tone,50,0,6,0,80,0.0,,,,[],Conditional binomial bounds; no patient clusters or training variability available
metadata_Multimodal_DINOv3_DSAF_KFold,fold_7,composite,1,15,0,80,80,1.0,0.5,0.0008336808452091677,0.9491495543794167,"[""18-59|male|middle eastern"", ""0-17|male|black"", ""18-59|male|black"", ""18-59|male|white"", ""0-17|male|white"", ""18-59|female|white"", ""0-17|female|white"", ""0-17|male|asian"", ""18-59|female|asian"", ""18-59|female|indian"", ""18-59|female|latino hispanic"", ""18-59|male|asian"", ""18-59|male|indian"", ""18-59|male|latino hispanic"", ""60+|female|asian""]",Conditional binomial bounds; no patient clusters or training variability available
metadata_Multimodal_DINOv3_DSAF_KFold,fold_7,composite,5,5,10,58,80,0.725,0.6666666666666666,0.1435957546647258,0.9345558417461635,"[""18-59|male|black"", ""18-59|male|white"", ""0-17|male|white"", ""18-59|female|white"", ""18-59|male|asian""]",Conditional binomial bounds; no patient clusters or training variability available
metadata_Multimodal_DINOv3_DSAF_KFold,fold_7,composite,10,2,13,39,80,0.4875,0.7222222222222222,0.4325541336571462,0.9185037014418893,"[""18-59|male|white"", ""18-59|female|white""]",Conditional binomial bounds; no patient clusters or training variability available
metadata_Multimodal_DINOv3_DSAF_KFold,fold_7,composite,15,2,13,39,80,0.4875,0.7222222222222222,0.4325541336571462,0.9185037014418893,"[""18-59|male|white"", ""18-59|female|white""]",Conditional binomial bounds; no patient clusters or training variability available
metadata_Multimodal_DINOv3_DSAF_KFold,fold_7,composite,20,1,14,21,80,0.2625,0.9523809523809523,0.761840090063179,0.9987951165516364,"[""18-59|female|white""]",Conditional binomial bounds; no patient clusters or training variability available
metadata_Multimodal_DINOv3_DSAF_KFold,fold_7,composite,30,0,15,0,80,0.0,,,,[],Conditional binomial bounds; no patient clusters or training variability available
metadata_Multimodal_DINOv3_DSAF_KFold,fold_7,composite,50,0,15,0,80,0.0,,,,[],Conditional binomial bounds; no patient clusters or training variability available
metadata_Multimodal_DINOv3_DSAF_KFold,pooled,gender,1,2,0,565,565,1.0,0.9154929577464789,0.8764631856130485,0.9454704628072618,"[""male"", ""female""]",Conditional binomial bounds; no patient clusters or training variability available
metadata_Multimodal_DINOv3_DSAF_KFold,pooled,gender,5,2,0,565,565,1.0,0.9154929577464789,0.8764631856130485,0.9454704628072618,"[""male"", ""female""]",Conditional binomial bounds; no patient clusters or training variability available
metadata_Multimodal_DINOv3_DSAF_KFold,pooled,gender,10,2,0,565,565,1.0,0.9154929577464789,0.8764631856130485,0.9454704628072618,"[""male"", ""female""]",Conditional binomial bounds; no patient clusters or training variability available
metadata_Multimodal_DINOv3_DSAF_KFold,pooled,gender,15,2,0,565,565,1.0,0.9154929577464789,0.8764631856130485,0.9454704628072618,"[""male"", ""female""]",Conditional binomial bounds; no patient clusters or training variability available
metadata_Multimodal_DINOv3_DSAF_KFold,pooled,gender,20,2,0,565,565,1.0,0.9154929577464789,0.8764631856130485,0.9454704628072618,"[""male"", ""female""]",Conditional binomial bounds; no patient clusters or training variability available
metadata_Multimodal_DINOv3_DSAF_KFold,pooled,gender,30,2,0,565,565,1.0,0.9154929577464789,0.8764631856130485,0.9454704628072618,"[""male"", ""female""]",Conditional binomial bounds; no patient clusters or training variability available
metadata_Multimodal_DINOv3_DSAF_KFold,pooled,gender,50,2,0,565,565,1.0,0.9154929577464789,0.8764631856130485,0.9454704628072618,"[""male"", ""female""]",Conditional binomial bounds; no patient clusters or training variability available
metadata_Multimodal_DINOv3_DSAF_KFold,pooled,age,1,3,0,565,565,1.0,0.819672131147541,0.20274006651911336,0.9202124038275729,"[""0-17"", ""18-59"", ""60+""]",Conditional binomial bounds; no patient clusters or training variability available
metadata_Multimodal_DINOv3_DSAF_KFold,pooled,age,5,2,1,562,565,0.9946902654867257,0.819672131147541,0.6828841974296869,0.9155167316542087,"[""0-17"", ""18-59""]",Conditional binomial bounds; no patient clusters or training variability available
metadata_Multimodal_DINOv3_DSAF_KFold,pooled,age,10,2,1,562,565,0.9946902654867257,0.819672131147541,0.6828841974296869,0.9155167316542087,"[""0-17"", ""18-59""]",Conditional binomial bounds; no patient clusters or training variability available
metadata_Multimodal_DINOv3_DSAF_KFold,pooled,age,15,2,1,562,565,0.9946902654867257,0.819672131147541,0.6828841974296869,0.9155167316542087,"[""0-17"", ""18-59""]",Conditional binomial bounds; no patient clusters or training variability available
metadata_Multimodal_DINOv3_DSAF_KFold,pooled,age,20,2,1,562,565,0.9946902654867257,0.819672131147541,0.6828841974296869,0.9155167316542087,"[""0-17"", ""18-59""]",Conditional binomial bounds; no patient clusters or training variability available
metadata_Multimodal_DINOv3_DSAF_KFold,pooled,age,30,2,1,562,565,0.9946902654867257,0.819672131147541,0.6828841974296869,0.9155167316542087,"[""0-17"", ""18-59""]",Conditional binomial bounds; no patient clusters or training variability available
metadata_Multimodal_DINOv3_DSAF_KFold,pooled,age,50,2,1,562,565,0.9946902654867257,0.819672131147541,0.6828841974296869,0.9155167316542087,"[""0-17"", ""18-59""]",Conditional binomial bounds; no patient clusters or training variability available
metadata_Multimodal_DINOv3_DSAF_KFold,pooled,skin_tone,1,6,0,565,565,1.0,0.8421052631578947,0.5244780861939626,0.9563387773339189,"[""middle eastern"", ""asian"", ""black"", ""white"", ""indian"", ""latino hispanic""]",Conditional binomial bounds; no patient clusters or training variability available
metadata_Multimodal_DINOv3_DSAF_KFold,pooled,skin_tone,5,6,0,565,565,1.0,0.8421052631578947,0.5244780861939626,0.9563387773339189,"[""middle eastern"", ""asian"", ""black"", ""white"", ""indian"", ""latino hispanic""]",Conditional binomial bounds; no patient clusters or training variability available
metadata_Multimodal_DINOv3_DSAF_KFold,pooled,skin_tone,10,6,0,565,565,1.0,0.8421052631578947,0.5244780861939626,0.9563387773339189,"[""middle eastern"", ""asian"", ""black"", ""white"", ""indian"", ""latino hispanic""]",Conditional binomial bounds; no patient clusters or training variability available
metadata_Multimodal_DINOv3_DSAF_KFold,pooled,skin_tone,15,6,0,565,565,1.0,0.8421052631578947,0.5244780861939626,0.9563387773339189,"[""middle eastern"", ""asian"", ""black"", ""white"", ""indian"", ""latino hispanic""]",Conditional binomial bounds; no patient clusters or training variability available
metadata_Multimodal_DINOv3_DSAF_KFold,pooled,skin_tone,20,5,1,546,565,0.9663716814159292,0.8857142857142857,0.739926424722551,0.9557063627595546,"[""asian"", ""black"", ""white"", ""indian"", ""latino hispanic""]",Conditional binomial bounds; no patient clusters or training variability available
metadata_Multimodal_DINOv3_DSAF_KFold,pooled,skin_tone,30,5,1,546,565,0.9663716814159292,0.8857142857142857,0.739926424722551,0.9557063627595546,"[""asian"", ""black"", ""white"", ""indian"", ""latino hispanic""]",Conditional binomial bounds; no patient clusters or training variability available
metadata_Multimodal_DINOv3_DSAF_KFold,pooled,skin_tone,50,4,2,508,565,0.8991150442477877,0.8857142857142857,0.7584873781008367,0.9549063546503973,"[""asian"", ""white"", ""indian"", ""latino hispanic""]",Conditional binomial bounds; no patient clusters or training variability available
metadata_Multimodal_DINOv3_DSAF_KFold,pooled,composite,1,22,0,565,565,1.0,0.0,0.0,0.971172736744615,"[""0-17|female|asian"", ""0-17|female|indian"", ""0-17|male|asian"", ""0-17|female|white"", ""18-59|male|middle eastern"", ""0-17|male|white"", ""18-59|male|asian"", ""0-17|male|black"", ""18-59|female|latino hispanic"", ""18-59|male|white"", ""18-59|female|indian"", ""18-59|male|black"", ""18-59|female|white"", ""18-59|female|asian"", ""18-59|male|indian"", ""0-17|male|indian"", ""0-17|male|latino hispanic"", ""18-59|female|middle eastern"", ""18-59|male|latino hispanic"", ""60+|female|asian"", ""60+|female|latino hispanic"", ""60+|male|white""]",Conditional binomial bounds; no patient clusters or training variability available
metadata_Multimodal_DINOv3_DSAF_KFold,pooled,composite,5,13,9,553,565,0.9787610619469026,0.8,0.3186128118328676,0.9693944165660446,"[""0-17|female|white"", ""18-59|male|middle eastern"", ""0-17|male|white"", ""18-59|male|asian"", ""0-17|male|black"", ""18-59|female|latino hispanic"", ""18-59|male|white"", ""18-59|female|indian"", ""18-59|male|black"", ""18-59|female|white"", ""18-59|female|asian"", ""18-59|male|indian"", ""18-59|male|latino hispanic""]",Conditional binomial bounds; no patient clusters or training variability available
metadata_Multimodal_DINOv3_DSAF_KFold,pooled,composite,10,12,10,545,565,0.9646017699115044,0.8,0.40303894627155906,0.9691096673601219,"[""0-17|female|white"", ""18-59|male|middle eastern"", ""0-17|male|white"", ""18-59|male|asian"", ""18-59|female|latino hispanic"", ""18-59|male|white"", ""18-59|female|indian"", ""18-59|male|black"", ""18-59|female|white"", ""18-59|female|asian"", ""18-59|male|indian"", ""18-59|male|latino hispanic""]",Conditional binomial bounds; no patient clusters or training variability available
metadata_Multimodal_DINOv3_DSAF_KFold,pooled,composite,15,11,11,532,565,0.9415929203539823,0.8,0.4064811329718256,0.9687955949201603,"[""0-17|female|white"", ""18-59|male|middle eastern"", ""0-17|male|white"", ""18-59|male|asian"", ""18-59|female|latino hispanic"", ""18-59|male|white"", ""18-59|male|black"", ""18-59|female|white"", ""18-59|female|asian"", ""18-59|male|indian"", ""18-59|male|latino hispanic""]",Conditional binomial bounds; no patient clusters or training variability available
metadata_Multimodal_DINOv3_DSAF_KFold,pooled,composite,20,9,13,499,565,0.8831858407079646,0.8666666666666667,0.6181857318571319,0.9680526062899776,"[""0-17|male|white"", ""18-59|male|asian"", ""18-59|female|latino hispanic"", ""18-59|male|white"", ""18-59|male|black"", ""18-59|female|white"", ""18-59|female|asian"", ""18-59|male|indian"", ""18-59|male|latino hispanic""]",Conditional binomial bounds; no patient clusters or training variability available
metadata_Multimodal_DINOv3_DSAF_KFold,pooled,composite,30,6,16,425,565,0.7522123893805309,0.8666666666666667,0.6308030924494856,0.9664661812264507,"[""0-17|male|white"", ""18-59|male|asian"", ""18-59|male|white"", ""18-59|male|black"", ""18-59|female|white"", ""18-59|male|indian""]",Conditional binomial bounds; no patient clusters or training variability available
metadata_Multimodal_DINOv3_DSAF_KFold,pooled,composite,50,2,20,292,565,0.5168141592920354,0.9216867469879518,0.8618842888392226,0.9614752945093223,"[""18-59|male|white"", ""18-59|female|white""]",Conditional binomial bounds; no patient clusters or training variability available
metadata_Multimodal_ResNet50_Concat_KFold,fold_1,gender,1,2,0,81,81,1.0,0.8703703703703703,0.7313506538358441,0.9533009200208128,"[""male"", ""female""]",Conditional binomial bounds; no patient clusters or training variability available
metadata_Multimodal_ResNet50_Concat_KFold,fold_1,gender,5,2,0,81,81,1.0,0.8703703703703703,0.7313506538358441,0.9533009200208128,"[""male"", ""female""]",Conditional binomial bounds; no patient clusters or training variability available
metadata_Multimodal_ResNet50_Concat_KFold,fold_1,gender,10,2,0,81,81,1.0,0.8703703703703703,0.7313506538358441,0.9533009200208128,"[""male"", ""female""]",Conditional binomial bounds; no patient clusters or training variability available
metadata_Multimodal_ResNet50_Concat_KFold,fold_1,gender,15,2,0,81,81,1.0,0.8703703703703703,0.7313506538358441,0.9533009200208128,"[""male"", ""female""]",Conditional binomial bounds; no patient clusters or training variability available
metadata_Multimodal_ResNet50_Concat_KFold,fold_1,gender,20,2,0,81,81,1.0,0.8703703703703703,0.7313506538358441,0.9533009200208128,"[""male"", ""female""]",Conditional binomial bounds; no patient clusters or training variability available
metadata_Multimodal_ResNet50_Concat_KFold,fold_1,gender,30,1,1,54,81,0.6666666666666666,0.8703703703703703,0.7509878075966819,0.946257009311479,"[""male""]",Conditional binomial bounds; no patient clusters or training variability available
metadata_Multimodal_ResNet50_Concat_KFold,fold_1,gender,50,1,1,54,81,0.6666666666666666,0.8703703703703703,0.7509878075966819,0.946257009311479,"[""male""]",Conditional binomial bounds; no patient clusters or training variability available
metadata_Multimodal_ResNet50_Concat_KFold,fold_1,age,1,2,0,81,81,1.0,0.8857142857142857,0.5434236379520048,0.9554660491743261,"[""18-59"", ""0-17""]",Conditional binomial bounds; no patient clusters or training variability available
metadata_Multimodal_ResNet50_Concat_KFold,fold_1,age,5,2,0,81,81,1.0,0.8857142857142857,0.5434236379520048,0.9554660491743261,"[""18-59"", ""0-17""]",Conditional binomial bounds; no patient clusters or training variability available
metadata_Multimodal_ResNet50_Concat_KFold,fold_1,age,10,2,0,81,81,1.0,0.8857142857142857,0.5434236379520048,0.9554660491743261,"[""18-59"", ""0-17""]",Conditional binomial bounds; no patient clusters or training variability available
metadata_Multimodal_ResNet50_Concat_KFold,fold_1,age,15,1,1,70,81,0.8641975308641975,0.8857142857142857,0.7871719578309098,0.9493478012096436,"[""18-59""]",Conditional binomial bounds; no patient clusters or training variability available
metadata_Multimodal_ResNet50_Concat_KFold,fold_1,age,20,1,1,70,81,0.8641975308641975,0.8857142857142857,0.7871719578309098,0.9493478012096436,"[""18-59""]",Conditional binomial bounds; no patient clusters or training variability available
metadata_Multimodal_ResNet50_Concat_KFold,fold_1,age,30,1,1,70,81,0.8641975308641975,0.8857142857142857,0.7871719578309098,0.9493478012096436,"[""18-59""]",Conditional binomial bounds; no patient clusters or training variability available
metadata_Multimodal_ResNet50_Concat_KFold,fold_1,age,50,1,1,70,81,0.8641975308641975,0.8857142857142857,0.7871719578309098,0.9493478012096436,"[""18-59""]",Conditional binomial bounds; no patient clusters or training variability available
metadata_Multimodal_ResNet50_Concat_KFold,fold_1,skin_tone,1,6,0,81,81,1.0,0.8571428571428571,0.004166666666666667,0.9580608002663973,"[""white"", ""indian"", ""black"", ""asian"", ""latino hispanic"", ""middle eastern""]",Conditional binomial bounds; no patient clusters or training variability available
metadata_Multimodal_ResNet50_Concat_KFold,fold_1,skin_tone,5,5,1,80,81,0.9876543209876543,0.8571428571428571,0.3465724215775732,0.9566261666905855,"[""white"", ""indian"", ""black"", ""asian"", ""latino hispanic""]",Conditional binomial bounds; no patient clusters or training variability available
metadata_Multimodal_ResNet50_Concat_KFold,fold_1,skin_tone,10,1,5,49,81,0.6049382716049383,0.8571428571428571,0.7275784873044024,0.940578494309687,"[""white""]",Conditional binomial bounds; no patient clusters or training variability available
metadata_Multimodal_ResNet50_Concat_KFold,fold_1,skin_tone,15,1,5,49,81,0.6049382716049383,0.8571428571428571,0.7275784873044024,0.940578494309687,"[""white""]",Conditional binomial bounds; no patient clusters or training variability available
metadata_Multimodal_ResNet50_Concat_KFold,fold_1,skin_tone,20,1,5,49,81,0.6049382716049383,0.8571428571428571,0.7275784873044024,0.940578494309687,"[""white""]",Conditional binomial bounds; no patient clusters or training variability available
metadata_Multimodal_ResNet50_Concat_KFold,fold_1,skin_tone,30,1,5,49,81,0.6049382716049383,0.8571428571428571,0.7275784873044024,0.940578494309687,"[""white""]",Conditional binomial bounds; no patient clusters or training variability available
metadata_Multimodal_ResNet50_Concat_KFold,fold_1,skin_tone,50,0,6,0,81,0.0,,,,[],Conditional binomial bounds; no patient clusters or training variability available
metadata_Multimodal_ResNet50_Concat_KFold,fold_1,composite,1,15,0,81,81,1.0,0.5,0.0008336808452091677,0.9610892215290204,"[""18-59|female|indian"", ""18-59|male|white"", ""0-17|male|white"", ""18-59|male|black"", ""18-59|female|white"", ""0-17|female|asian"", ""0-17|female|white"", ""0-17|male|asian"", ""0-17|male|black"", ""18-59|female|asian"", ""18-59|female|latino hispanic"", ""18-59|male|asian"", ""18-59|male|indian"", ""18-59|male|latino hispanic"", ""18-59|male|middle eastern""]",Conditional binomial bounds; no patient clusters or training variability available
metadata_Multimodal_ResNet50_Concat_KFold,fold_1,composite,5,6,9,66,81,0.8148148148148148,0.782608695652174,0.24440434204802222,0.9519407709658645,"[""18-59|male|white"", ""0-17|male|white"", ""18-59|male|black"", ""18-59|female|white"", ""18-59|male|asian"", ""18-59|male|indian""]",Conditional binomial bounds; no patient clusters or training variability available
metadata_Multimodal_ResNet50_Concat_KFold,fold_1,composite,10,2,13,42,81,0.5185185185185185,0.782608695652174,0.5331859906311134,0.937407131518012,"[""18-59|male|white"", ""18-59|female|white""]",Conditional binomial bounds; no patient clusters or training variability available
metadata_Multimodal_ResNet50_Concat_KFold,fold_1,composite,15,2,13,42,81,0.5185185185185185,0.782608695652174,0.5331859906311134,0.937407131518012,"[""18-59|male|white"", ""18-59|female|white""]",Conditional binomial bounds; no patient clusters or training variability available
metadata_Multimodal_ResNet50_Concat_KFold,fold_1,composite,20,1,14,23,81,0.2839506172839506,0.782608695652174,0.5629692737631854,0.9253965923511963,"[""18-59|male|white""]",Conditional binomial bounds; no patient clusters or training variability available
metadata_Multimodal_ResNet50_Concat_KFold,fold_1,composite,30,0,15,0,81,0.0,,,,[],Conditional binomial bounds; no patient clusters or training variability available
metadata_Multimodal_ResNet50_Concat_KFold,fold_1,composite,50,0,15,0,81,0.0,,,,[],Conditional binomial bounds; no patient clusters or training variability available
metadata_Multimodal_ResNet50_Concat_KFold,fold_2,gender,1,2,0,81,81,1.0,0.875,0.7285719251730072,0.9595671982142604,"[""male"", ""female""]",Conditional binomial bounds; no patient clusters or training variability available
metadata_Multimodal_ResNet50_Concat_KFold,fold_2,gender,5,2,0,81,81,1.0,0.875,0.7285719251730072,0.9595671982142604,"[""male"", ""female""]",Conditional binomial bounds; no patient clusters or training variability available
metadata_Multimodal_ResNet50_Concat_KFold,fold_2,gender,10,2,0,81,81,1.0,0.875,0.7285719251730072,0.9595671982142604,"[""male"", ""female""]",Conditional binomial bounds; no patient clusters or training variability available
metadata_Multimodal_ResNet50_Concat_KFold,fold_2,gender,15,2,0,81,81,1.0,0.875,0.7285719251730072,0.9595671982142604,"[""male"", ""female""]",Conditional binomial bounds; no patient clusters or training variability available
metadata_Multimodal_ResNet50_Concat_KFold,fold_2,gender,20,2,0,81,81,1.0,0.875,0.7285719251730072,0.9595671982142604,"[""male"", ""female""]",Conditional binomial bounds; no patient clusters or training variability available
metadata_Multimodal_ResNet50_Concat_KFold,fold_2,gender,30,2,0,81,81,1.0,0.875,0.7285719251730072,0.9595671982142604,"[""male"", ""female""]",Conditional binomial bounds; no patient clusters or training variability available
metadata_Multimodal_ResNet50_Concat_KFold,fold_2,gender,50,0,2,0,81,0.0,,,,[],Conditional binomial bounds; no patient clusters or training variability available
metadata_Multimodal_ResNet50_Concat_KFold,fold_2,age,1,3,0,81,81,1.0,0.875,0.008333333333333333,0.9597464927993342,"[""0-17"", ""18-59"", ""60+""]",Conditional binomial bounds; no patient clusters or training variability available
metadata_Multimodal_ResNet50_Concat_KFold,fold_2,age,5,2,1,80,81,0.9876543209876543,0.875,0.4245499803830574,0.9567396992722209,"[""0-17"", ""18-59""]",Conditional binomial bounds; no patient clusters or training variability available
metadata_Multimodal_ResNet50_Concat_KFold,fold_2,age,10,1,2,72,81,0.8888888888888888,0.8888888888888888,0.7927531293332511,0.950791960729359,"[""18-59""]",Conditional binomial bounds; no patient clusters or training variability available
metadata_Multimodal_ResNet50_Concat_KFold,fold_2,age,15,1,2,72,81,0.8888888888888888,0.8888888888888888,0.7927531293332511,0.950791960729359,"[""18-59""]",Conditional binomial bounds; no patient clusters or training variability available
metadata_Multimodal_ResNet50_Concat_KFold,fold_2,age,20,1,2,72,81,0.8888888888888888,0.8888888888888888,0.7927531293332511,0.950791960729359,"[""18-59""]",Conditional binomial bounds; no patient clusters or training variability available
metadata_Multimodal_ResNet50_Concat_KFold,fold_2,age,30,1,2,72,81,0.8888888888888888,0.8888888888888888,0.7927531293332511,0.950791960729359,"[""18-59""]",Conditional binomial bounds; no patient clusters or training variability available
metadata_Multimodal_ResNet50_Concat_KFold,fold_2,age,50,1,2,72,81,0.8888888888888888,0.8888888888888888,0.7927531293332511,0.950791960729359,"[""18-59""]",Conditional binomial bounds; no patient clusters or training variability available
metadata_Multimodal_ResNet50_Concat_KFold,fold_2,skin_tone,1,6,0,81,81,1.0,0.6,0.06454972243679027,0.9778125087787836,"[""middle eastern"", ""white"", ""asian"", ""latino hispanic"", ""black"", ""indian""]",Conditional binomial bounds; no patient clusters or training variability available
metadata_Multimodal_ResNet50_Concat_KFold,fold_2,skin_tone,5,4,2,75,81,0.9259259259259259,0.6,0.0895443121979465,0.9743461212117086,"[""middle eastern"", ""white"", ""asian"", ""latino hispanic""]",Conditional binomial bounds; no patient clusters or training variability available
metadata_Multimodal_ResNet50_Concat_KFold,fold_2,skin_tone,10,3,3,70,81,0.8641975308641975,0.8958333333333334,0.5196525560162785,0.9737696333625913,"[""white"", ""asian"", ""latino hispanic""]",Conditional binomial bounds; no patient clusters or training variability available
metadata_Multimodal_ResNet50_Concat_KFold,fold_2,skin_tone,15,1,5,48,81,0.5925925925925926,0.8958333333333334,0.7734223387162362,0.965301877878804,"[""white""]",Conditional binomial bounds; no patient clusters or training variability available
metadata_Multimodal_ResNet50_Concat_KFold,fold_2,skin_tone,20,1,5,48,81,0.5925925925925926,0.8958333333333334,0.7734223387162362,0.965301877878804,"[""white""]",Conditional binomial bounds; no patient clusters or training variability available
metadata_Multimodal_ResNet50_Concat_KFold,fold_2,skin_tone,30,1,5,48,81,0.5925925925925926,0.8958333333333334,0.7734223387162362,0.965301877878804,"[""white""]",Conditional binomial bounds; no patient clusters or training variability available
metadata_Multimodal_ResNet50_Concat_KFold,fold_2,skin_tone,50,0,6,0,81,0.0,,,,[],Conditional binomial bounds; no patient clusters or training variability available
metadata_Multimodal_ResNet50_Concat_KFold,fold_2,composite,1,15,0,81,81,1.0,0.6,0.0016666666666666668,0.9869195174749542,"[""18-59|male|middle eastern"", ""0-17|female|white"", ""18-59|female|latino hispanic"", ""18-59|male|asian"", ""18-59|male|white"", ""18-59|female|white"", ""0-17|male|indian"", ""0-17|male|latino hispanic"", ""0-17|male|white"", ""18-59|female|asian"", ""18-59|female|indian"", ""18-59|male|black"", ""18-59|male|indian"", ""18-59|male|latino hispanic"", ""60+|female|latino hispanic""]",Conditional binomial bounds; no patient clusters or training variability available
metadata_Multimodal_ResNet50_Concat_KFold,fold_2,composite,5,5,10,60,81,0.7407407407407407,0.6,0.0828291872014768,0.9771187786246456,"[""18-59|male|middle eastern"", ""18-59|female|latino hispanic"", ""18-59|male|asian"", ""18-59|male|white"", ""18-59|female|white""]",Conditional binomial bounds; no patient clusters or training variability available
metadata_Multimodal_ResNet50_Concat_KFold,fold_2,composite,10,2,13,42,81,0.5185185185185185,0.875,0.6476287756857649,0.9795837536458697,"[""18-59|male|white"", ""18-59|female|white""]",Conditional binomial bounds; no patient clusters or training variability available
metadata_Multimodal_ResNet50_Concat_KFold,fold_2,composite,15,2,13,42,81,0.5185185185185185,0.875,0.6476287756857649,0.9795837536458697,"[""18-59|male|white"", ""18-59|female|white""]",Conditional binomial bounds; no patient clusters or training variability available
metadata_Multimodal_ResNet50_Concat_KFold,fold_2,composite,20,1,14,24,81,0.2962962962962963,0.875,0.6763886418111671,0.973440685013751,"[""18-59|male|white""]",Conditional binomial bounds; no patient clusters or training variability available
metadata_Multimodal_ResNet50_Concat_KFold,fold_2,composite,30,0,15,0,81,0.0,,,,[],Conditional binomial bounds; no patient clusters or training variability available
metadata_Multimodal_ResNet50_Concat_KFold,fold_2,composite,50,0,15,0,81,0.0,,,,[],Conditional binomial bounds; no patient clusters or training variability available
metadata_Multimodal_ResNet50_Concat_KFold,fold_3,gender,1,2,0,81,81,1.0,0.8888888888888888,0.7170796707847144,0.9747961568756124,"[""female"", ""male""]",Conditional binomial bounds; no patient clusters or training variability available
metadata_Multimodal_ResNet50_Concat_KFold,fold_3,gender,5,2,0,81,81,1.0,0.8888888888888888,0.7170796707847144,0.9747961568756124,"[""female"", ""male""]",Conditional binomial bounds; no patient clusters or training variability available
metadata_Multimodal_ResNet50_Concat_KFold,fold_3,gender,10,2,0,81,81,1.0,0.8888888888888888,0.7170796707847144,0.9747961568756124,"[""female"", ""male""]",Conditional binomial bounds; no patient clusters or training variability available
metadata_Multimodal_ResNet50_Concat_KFold,fold_3,gender,15,2,0,81,81,1.0,0.8888888888888888,0.7170796707847144,0.9747961568756124,"[""female"", ""male""]",Conditional binomial bounds; no patient clusters or training variability available
metadata_Multimodal_ResNet50_Concat_KFold,fold_3,gender,20,2,0,81,81,1.0,0.8888888888888888,0.7170796707847144,0.9747961568756124,"[""female"", ""male""]",Conditional binomial bounds; no patient clusters or training variability available
metadata_Multimodal_ResNet50_Concat_KFold,fold_3,gender,30,2,0,81,81,1.0,0.8888888888888888,0.7170796707847144,0.9747961568756124,"[""female"", ""male""]",Conditional binomial bounds; no patient clusters or training variability available
metadata_Multimodal_ResNet50_Concat_KFold,fold_3,gender,50,0,2,0,81,0.0,,,,[],Conditional binomial bounds; no patient clusters or training variability available
metadata_Multimodal_ResNet50_Concat_KFold,fold_3,age,1,2,0,81,81,1.0,0.875,0.4245499803830574,0.9657722380513737,"[""0-17"", ""18-59""]",Conditional binomial bounds; no patient clusters or training variability available
metadata_Multimodal_ResNet50_Concat_KFold,fold_3,age,5,2,0,81,81,1.0,0.875,0.4245499803830574,0.9657722380513737,"[""0-17"", ""18-59""]",Conditional binomial bounds; no patient clusters or training variability available
metadata_Multimodal_ResNet50_Concat_KFold,fold_3,age,10,1,1,73,81,0.9012345679012346,0.9041095890410958,0.8123575734378574,0.9605709863752372,"[""18-59""]",Conditional binomial bounds; no patient clusters or training variability available
metadata_Multimodal_ResNet50_Concat_KFold,fold_3,age,15,1,1,73,81,0.9012345679012346,0.9041095890410958,0.8123575734378574,0.9605709863752372,"[""18-59""]",Conditional binomial bounds; no patient clusters or training variability available
metadata_Multimodal_ResNet50_Concat_KFold,fold_3,age,20,1,1,73,81,0.9012345679012346,0.9041095890410958,0.8123575734378574,0.9605709863752372,"[""18-59""]",Conditional binomial bounds; no patient clusters or training variability available
metadata_Multimodal_ResNet50_Concat_KFold,fold_3,age,30,1,1,73,81,0.9012345679012346,0.9041095890410958,0.8123575734378574,0.9605709863752372,"[""18-59""]",Conditional binomial bounds; no patient clusters or training variability available
metadata_Multimodal_ResNet50_Concat_KFold,fold_3,age,50,1,1,73,81,0.9012345679012346,0.9041095890410958,0.8123575734378574,0.9605709863752372,"[""18-59""]",Conditional binomial bounds; no patient clusters or training variability available
metadata_Multimodal_ResNet50_Concat_KFold,fold_3,skin_tone,1,6,0,81,81,1.0,0.75,0.10415600672450046,0.990120520093164,"[""middle eastern"", ""latino hispanic"", ""indian"", ""asian"", ""white"", ""black""]",Conditional binomial bounds; no patient clusters or training variability available
metadata_Multimodal_ResNet50_Concat_KFold,fold_3,skin_tone,5,4,2,74,81,0.9135802469135802,0.8,0.2662800793587798,0.9878258299887356,"[""latino hispanic"", ""indian"", ""asian"", ""white""]",Conditional binomial bounds; no patient clusters or training variability available
metadata_Multimodal_ResNet50_Concat_KFold,fold_3,skin_tone,10,3,3,68,81,0.8395061728395061,0.8,0.37824237130552885,0.9858688587607707,"[""latino hispanic"", ""asian"", ""white""]",Conditional binomial bounds; no patient clusters or training variability available
metadata_Multimodal_ResNet50_Concat_KFold,fold_3,skin_tone,15,1,5,47,81,0.5802469135802469,0.9361702127659575,0.8246075699870791,0.986638230502745,"[""white""]",Conditional binomial bounds; no patient clusters or training variability available
metadata_Multimodal_ResNet50_Concat_KFold,fold_3,skin_tone,20,1,5,47,81,0.5802469135802469,0.9361702127659575,0.8246075699870791,0.986638230502745,"[""white""]",Conditional binomial bounds; no patient clusters or training variability available
metadata_Multimodal_ResNet50_Concat_KFold,fold_3,skin_tone,30,1,5,47,81,0.5802469135802469,0.9361702127659575,0.8246075699870791,0.986638230502745,"[""white""]",Conditional binomial bounds; no patient clusters or training variability available
metadata_Multimodal_ResNet50_Concat_KFold,fold_3,skin_tone,50,0,6,0,81,0.0,,,,[],Conditional binomial bounds; no patient clusters or training variability available
metadata_Multimodal_ResNet50_Concat_KFold,fold_3,composite,1,13,0,81,81,1.0,0.0,0.0,0.9967561265170802,"[""0-17|female|indian"", ""18-59|male|middle eastern"", ""18-59|male|latino hispanic"", ""18-59|female|latino hispanic"", ""18-59|male|asian"", ""18-59|female|white"", ""18-59|male|white"", ""0-17|female|white"", ""0-17|male|white"", ""18-59|female|asian"", ""18-59|female|middle eastern"", ""18-59|male|black"", ""18-59|male|indian""]",Conditional binomial bounds; no patient clusters or training variability available
metadata_Multimodal_ResNet50_Concat_KFold,fold_3,composite,5,6,7,62,81,0.7654320987654321,0.8333333333333334,0.24440434204802222,0.9951799170952206,"[""18-59|female|latino hispanic"", ""18-59|male|asian"", ""18-59|female|white"", ""18-59|male|white"", ""18-59|female|asian"", ""18-59|male|indian""]",Conditional binomial bounds; no patient clusters or training variability available
metadata_Multimodal_ResNet50_Concat_KFold,fold_3,composite,10,2,11,40,81,0.49382716049382713,0.9,0.6513634818341392,0.9914641385466646,"[""18-59|female|white"", ""18-59|male|white""]",Conditional binomial bounds; no patient clusters or training variability available
metadata_Multimodal_ResNet50_Concat_KFold,fold_3,composite,15,2,11,40,81,0.49382716049382713,0.9,0.6513634818341392,0.9914641385466646,"[""18-59|female|white"", ""18-59|male|white""]",Conditional binomial bounds; no patient clusters or training variability available
metadata_Multimodal_ResNet50_Concat_KFold,fold_3,composite,20,2,11,40,81,0.49382716049382713,0.9,0.6513634818341392,0.9914641385466646,"[""18-59|female|white"", ""18-59|male|white""]",Conditional binomial bounds; no patient clusters or training variability available
metadata_Multimodal_ResNet50_Concat_KFold,fold_3,composite,30,0,13,0,81,0.0,,,,[],Conditional binomial bounds; no patient clusters or training variability available
metadata_Multimodal_ResNet50_Concat_KFold,fold_3,composite,50,0,13,0,81,0.0,,,,[],Conditional binomial bounds; no patient clusters or training variability available
metadata_Multimodal_ResNet50_Concat_KFold,fold_4,gender,1,2,0,81,81,1.0,0.8275862068965517,0.6159709536700722,0.9394062861922575,"[""female"", ""male""]",Conditional binomial bounds; no patient clusters or training variability available
metadata_Multimodal_ResNet50_Concat_KFold,fold_4,gender,5,2,0,81,81,1.0,0.8275862068965517,0.6159709536700722,0.9394062861922575,"[""female"", ""male""]",Conditional binomial bounds; no patient clusters or training variability available
metadata_Multimodal_ResNet50_Concat_KFold,fold_4,gender,10,2,0,81,81,1.0,0.8275862068965517,0.6159709536700722,0.9394062861922575,"[""female"", ""male""]",Conditional binomial bounds; no patient clusters or training variability available
metadata_Multimodal_ResNet50_Concat_KFold,fold_4,gender,15,2,0,81,81,1.0,0.8275862068965517,0.6159709536700722,0.9394062861922575,"[""female"", ""male""]",Conditional binomial bounds; no patient clusters or training variability available
metadata_Multimodal_ResNet50_Concat_KFold,fold_4,gender,20,2,0,81,81,1.0,0.8275862068965517,0.6159709536700722,0.9394062861922575,"[""female"", ""male""]",Conditional binomial bounds; no patient clusters or training variability available
metadata_Multimodal_ResNet50_Concat_KFold,fold_4,gender,30,1,1,52,81,0.6419753086419753,0.8461538461538461,0.7191889159367086,0.9311607656216909,"[""male""]",Conditional binomial bounds; no patient clusters or training variability available
metadata_Multimodal_ResNet50_Concat_KFold,fold_4,gender,50,1,1,52,81,0.6419753086419753,0.8461538461538461,0.7191889159367086,0.9311607656216909,"[""male""]",Conditional binomial bounds; no patient clusters or training variability available
metadata_Multimodal_ResNet50_Concat_KFold,fold_4,age,1,2,0,81,81,1.0,0.8,0.23559130891462673,0.9235033872808288,"[""0-17"", ""18-59""]",Conditional binomial bounds; no patient clusters or training variability available
metadata_Multimodal_ResNet50_Concat_KFold,fold_4,age,5,2,0,81,81,1.0,0.8,0.23559130891462673,0.9235033872808288,"[""0-17"", ""18-59""]",Conditional binomial bounds; no patient clusters or training variability available
metadata_Multimodal_ResNet50_Concat_KFold,fold_4,age,10,1,1,76,81,0.9382716049382716,0.8421052631578947,0.740428762600706,0.9156622720799282,"[""18-59""]",Conditional binomial bounds; no patient clusters or training variability available
metadata_Multimodal_ResNet50_Concat_KFold,fold_4,age,15,1,1,76,81,0.9382716049382716,0.8421052631578947,0.740428762600706,0.9156622720799282,"[""18-59""]",Conditional binomial bounds; no patient clusters or training variability available
metadata_Multimodal_ResNet50_Concat_KFold,fold_4,age,20,1,1,76,81,0.9382716049382716,0.8421052631578947,0.740428762600706,0.9156622720799282,"[""18-59""]",Conditional binomial bounds; no patient clusters or training variability available
metadata_Multimodal_ResNet50_Concat_KFold,fold_4,age,30,1,1,76,81,0.9382716049382716,0.8421052631578947,0.740428762600706,0.9156622720799282,"[""18-59""]",Conditional binomial bounds; no patient clusters or training variability available
metadata_Multimodal_ResNet50_Concat_KFold,fold_4,age,50,1,1,76,81,0.9382716049382716,0.8421052631578947,0.740428762600706,0.9156622720799282,"[""18-59""]",Conditional binomial bounds; no patient clusters or training variability available
metadata_Multimodal_ResNet50_Concat_KFold,fold_4,skin_tone,1,6,0,81,81,1.0,0.7916666666666666,0.25406637407730737,0.9199617138340811,"[""white"", ""asian"", ""indian"", ""black"", ""latino hispanic"", ""middle eastern""]",Conditional binomial bounds; no patient clusters or training variability available
metadata_Multimodal_ResNet50_Concat_KFold,fold_4,skin_tone,5,5,1,77,81,0.9506172839506173,0.7916666666666666,0.31508836075326985,0.9178721625174019,"[""white"", ""asian"", ""indian"", ""black"", ""latino hispanic""]",Conditional binomial bounds; no patient clusters or training variability available
metadata_Multimodal_ResNet50_Concat_KFold,fold_4,skin_tone,10,2,4,58,81,0.7160493827160493,0.7916666666666666,0.40096098654576956,0.9060617631501767,"[""white"", ""asian""]",Conditional binomial bounds; no patient clusters or training variability available
metadata_Multimodal_ResNet50_Concat_KFold,fold_4,skin_tone,15,1,5,48,81,0.5925925925925926,0.7916666666666666,0.6500897597426734,0.895309316967094,"[""white""]",Conditional binomial bounds; no patient clusters or training variability available
metadata_Multimodal_ResNet50_Concat_KFold,fold_4,skin_tone,20,1,5,48,81,0.5925925925925926,0.7916666666666666,0.6500897597426734,0.895309316967094,"[""white""]",Conditional binomial bounds; no patient clusters or training variability available
metadata_Multimodal_ResNet50_Concat_KFold,fold_4,skin_tone,30,1,5,48,81,0.5925925925925926,0.7916666666666666,0.6500897597426734,0.895309316967094,"[""white""]",Conditional binomial bounds; no patient clusters or training variability available
metadata_Multimodal_ResNet50_Concat_KFold,fold_4,skin_tone,50,0,6,0,81,0.0,,,,[],Conditional binomial bounds; no patient clusters or training variability available
metadata_Multimodal_ResNet50_Concat_KFold,fold_4,composite,1,14,0,81,81,1.0,0.0,0.0,0.9290384843383783,"[""0-17|female|white"", ""18-59|female|indian"", ""18-59|female|asian"", ""18-59|male|white"", ""18-59|male|asian"", ""18-59|female|white"", ""0-17|male|asian"", ""0-17|male|indian"", ""0-17|male|white"", ""18-59|female|latino hispanic"", ""18-59|male|black"", ""18-59|male|indian"", ""18-59|male|latino hispanic"", ""18-59|male|middle eastern""]",Conditional binomial bounds; no patient clusters or training variability available
metadata_Multimodal_ResNet50_Concat_KFold,fold_4,composite,5,4,10,56,81,0.691358024691358,0.7307692307692307,0.2662800793587798,0.9113031654067326,"[""18-59|male|white"", ""18-59|male|asian"", ""18-59|female|white"", ""18-59|male|black""]",Conditional binomial bounds; no patient clusters or training variability available
metadata_Multimodal_ResNet50_Concat_KFold,fold_4,composite,10,2,12,45,81,0.5555555555555556,0.7307692307692307,0.494344785280113,0.8990045157144183,"[""18-59|male|white"", ""18-59|female|white""]",Conditional binomial bounds; no patient clusters or training variability available
metadata_Multimodal_ResNet50_Concat_KFold,fold_4,composite,15,2,12,45,81,0.5555555555555556,0.7307692307692307,0.494344785280113,0.8990045157144183,"[""18-59|male|white"", ""18-59|female|white""]",Conditional binomial bounds; no patient clusters or training variability available
metadata_Multimodal_ResNet50_Concat_KFold,fold_4,composite,20,1,13,26,81,0.32098765432098764,0.7307692307692307,0.5221252103061685,0.884267786708496,"[""18-59|male|white""]",Conditional binomial bounds; no patient clusters or training variability available
metadata_Multimodal_ResNet50_Concat_KFold,fold_4,composite,30,0,14,0,81,0.0,,,,[],Conditional binomial bounds; no patient clusters or training variability available
metadata_Multimodal_ResNet50_Concat_KFold,fold_4,composite,50,0,14,0,81,0.0,,,,[],Conditional binomial bounds; no patient clusters or training variability available
metadata_Multimodal_ResNet50_Concat_KFold,fold_5,gender,1,2,0,81,81,1.0,0.9285714285714286,0.7398987233407911,0.9909229058210742,"[""female"", ""male""]",Conditional binomial bounds; no patient clusters or training variability available
metadata_Multimodal_ResNet50_Concat_KFold,fold_5,gender,5,2,0,81,81,1.0,0.9285714285714286,0.7398987233407911,0.9909229058210742,"[""female"", ""male""]",Conditional binomial bounds; no patient clusters or training variability available
metadata_Multimodal_ResNet50_Concat_KFold,fold_5,gender,10,2,0,81,81,1.0,0.9285714285714286,0.7398987233407911,0.9909229058210742,"[""female"", ""male""]",Conditional binomial bounds; no patient clusters or training variability available
metadata_Multimodal_ResNet50_Concat_KFold,fold_5,gender,15,2,0,81,81,1.0,0.9285714285714286,0.7398987233407911,0.9909229058210742,"[""female"", ""male""]",Conditional binomial bounds; no patient clusters or training variability available
metadata_Multimodal_ResNet50_Concat_KFold,fold_5,gender,20,2,0,81,81,1.0,0.9285714285714286,0.7398987233407911,0.9909229058210742,"[""female"", ""male""]",Conditional binomial bounds; no patient clusters or training variability available
metadata_Multimodal_ResNet50_Concat_KFold,fold_5,gender,30,1,1,53,81,0.654320987654321,0.9433962264150944,0.843370537827625,0.9881712811408664,"[""male""]",Conditional binomial bounds; no patient clusters or training variability available
metadata_Multimodal_ResNet50_Concat_KFold,fold_5,gender,50,1,1,53,81,0.654320987654321,0.9433962264150944,0.843370537827625,0.9881712811408664,"[""male""]",Conditional binomial bounds; no patient clusters or training variability available
metadata_Multimodal_ResNet50_Concat_KFold,fold_5,age,1,2,0,81,81,1.0,0.8333333333333334,0.3087355842243362,0.9880951896522199,"[""0-17"", ""18-59""]",Conditional binomial bounds; no patient clusters or training variability available
metadata_Multimodal_ResNet50_Concat_KFold,fold_5,age,5,2,0,81,81,1.0,0.8333333333333334,0.3087355842243362,0.9880951896522199,"[""0-17"", ""18-59""]",Conditional binomial bounds; no patient clusters or training variability available
metadata_Multimodal_ResNet50_Concat_KFold,fold_5,age,10,1,1,75,81,0.9259259259259259,0.9466666666666667,0.8690391927215253,0.9852792353408218,"[""18-59""]",Conditional binomial bounds; no patient clusters or training variability available
metadata_Multimodal_ResNet50_Concat_KFold,fold_5,age,15,1,1,75,81,0.9259259259259259,0.9466666666666667,0.8690391927215253,0.9852792353408218,"[""18-59""]",Conditional binomial bounds; no patient clusters or training variability available
metadata_Multimodal_ResNet50_Concat_KFold,fold_5,age,20,1,1,75,81,0.9259259259259259,0.9466666666666667,0.8690391927215253,0.9852792353408218,"[""18-59""]",Conditional binomial bounds; no patient clusters or training variability available
metadata_Multimodal_ResNet50_Concat_KFold,fold_5,age,30,1,1,75,81,0.9259259259259259,0.9466666666666667,0.8690391927215253,0.9852792353408218,"[""18-59""]",Conditional binomial bounds; no patient clusters or training variability available
metadata_Multimodal_ResNet50_Concat_KFold,fold_5,age,50,1,1,75,81,0.9259259259259259,0.9466666666666667,0.8690391927215253,0.9852792353408218,"[""18-59""]",Conditional binomial bounds; no patient clusters or training variability available
metadata_Multimodal_ResNet50_Concat_KFold,fold_5,skin_tone,1,6,0,81,81,1.0,0.8,0.06454972243679027,0.990120520093164,"[""indian"", ""black"", ""asian"", ""white"", ""latino hispanic"", ""middle eastern""]",Conditional binomial bounds; no patient clusters or training variability available
metadata_Multimodal_ResNet50_Concat_KFold,fold_5,skin_tone,5,5,1,79,81,0.9753086419753086,0.8,0.2539926182408252,0.9891494906202595,"[""indian"", ""black"", ""asian"", ""white"", ""latino hispanic""]",Conditional binomial bounds; no patient clusters or training variability available
metadata_Multimodal_ResNet50_Concat_KFold,fold_5,skin_tone,10,2,4,55,81,0.6790123456790124,0.8,0.40096098654576956,0.9825383987037725,"[""indian"", ""white""]",Conditional binomial bounds; no patient clusters or training variability available
metadata_Multimodal_ResNet50_Concat_KFold,fold_5,skin_tone,15,1,5,45,81,0.5555555555555556,0.9777777777777777,0.8822956685817058,0.9994375402845977,"[""white""]",Conditional binomial bounds; no patient clusters or training variability available
metadata_Multimodal_ResNet50_Concat_KFold,fold_5,skin_tone,20,1,5,45,81,0.5555555555555556,0.9777777777777777,0.8822956685817058,0.9994375402845977,"[""white""]",Conditional binomial bounds; no patient clusters or training variability available
metadata_Multimodal_ResNet50_Concat_KFold,fold_5,skin_tone,30,1,5,45,81,0.5555555555555556,0.9777777777777777,0.8822956685817058,0.9994375402845977,"[""white""]",Conditional binomial bounds; no patient clusters or training variability available
metadata_Multimodal_ResNet50_Concat_KFold,fold_5,skin_tone,50,0,6,0,81,0.0,,,,[],Conditional binomial bounds; no patient clusters or training variability available
metadata_Multimodal_ResNet50_Concat_KFold,fold_5,composite,1,13,0,81,81,1.0,0.0,0.0,0.9980769230769231,"[""0-17|male|black"", ""18-59|female|asian"", ""18-59|female|indian"", ""18-59|male|indian"", ""18-59|male|white"", ""0-17|female|white"", ""0-17|male|white"", ""18-59|female|latino hispanic"", ""18-59|female|white"", ""18-59|male|asian"", ""18-59|male|black"", ""18-59|male|latino hispanic"", ""18-59|male|middle eastern""]",Conditional binomial bounds; no patient clusters or training variability available
metadata_Multimodal_ResNet50_Concat_KFold,fold_5,composite,5,7,6,66,81,0.8148148148148148,0.8,0.16954859070511846,0.9992846916854807,"[""18-59|female|indian"", ""18-59|male|indian"", ""18-59|male|white"", ""18-59|female|white"", ""18-59|male|asian"", ""18-59|male|black"", ""18-59|male|latino hispanic""]",Conditional binomial bounds; no patient clusters or training variability available
metadata_Multimodal_ResNet50_Concat_KFold,fold_5,composite,10,2,11,40,81,0.49382716049382713,0.9615384615384616,0.7312485213842805,0.9995163176963696,"[""18-59|male|white"", ""18-59|female|white""]",Conditional binomial bounds; no patient clusters or training variability available
metadata_Multimodal_ResNet50_Concat_KFold,fold_5,composite,15,1,12,26,81,0.32098765432098764,0.9615384615384616,0.803630353237461,0.9990267121066649,"[""18-59|male|white""]",Conditional binomial bounds; no patient clusters or training variability available
metadata_Multimodal_ResNet50_Concat_KFold,fold_5,composite,20,1,12,26,81,0.32098765432098764,0.9615384615384616,0.803630353237461,0.9990267121066649,"[""18-59|male|white""]",Conditional binomial bounds; no patient clusters or training variability available
metadata_Multimodal_ResNet50_Concat_KFold,fold_5,composite,30,0,13,0,81,0.0,,,,[],Conditional binomial bounds; no patient clusters or training variability available
metadata_Multimodal_ResNet50_Concat_KFold,fold_5,composite,50,0,13,0,81,0.0,,,,[],Conditional binomial bounds; no patient clusters or training variability available
metadata_Multimodal_ResNet50_Concat_KFold,fold_6,gender,1,2,0,80,80,1.0,0.8888888888888888,0.6818014287964196,0.9819207890861954,"[""female"", ""male""]",Conditional binomial bounds; no patient clusters or training variability available
metadata_Multimodal_ResNet50_Concat_KFold,fold_6,gender,5,2,0,80,80,1.0,0.8888888888888888,0.6818014287964196,0.9819207890861954,"[""female"", ""male""]",Conditional binomial bounds; no patient clusters or training variability available
metadata_Multimodal_ResNet50_Concat_KFold,fold_6,gender,10,2,0,80,80,1.0,0.8888888888888888,0.6818014287964196,0.9819207890861954,"[""female"", ""male""]",Conditional binomial bounds; no patient clusters or training variability available
metadata_Multimodal_ResNet50_Concat_KFold,fold_6,gender,15,2,0,80,80,1.0,0.8888888888888888,0.6818014287964196,0.9819207890861954,"[""female"", ""male""]",Conditional binomial bounds; no patient clusters or training variability available
metadata_Multimodal_ResNet50_Concat_KFold,fold_6,gender,20,2,0,80,80,1.0,0.8888888888888888,0.6818014287964196,0.9819207890861954,"[""female"", ""male""]",Conditional binomial bounds; no patient clusters or training variability available
metadata_Multimodal_ResNet50_Concat_KFold,fold_6,gender,30,1,1,53,80,0.6625,0.9245283018867925,0.8178921636151398,0.9790539685609551,"[""male""]",Conditional binomial bounds; no patient clusters or training variability available
metadata_Multimodal_ResNet50_Concat_KFold,fold_6,gender,50,1,1,53,80,0.6625,0.9245283018867925,0.8178921636151398,0.9790539685609551,"[""male""]",Conditional binomial bounds; no patient clusters or training variability available
metadata_Multimodal_ResNet50_Concat_KFold,fold_6,age,1,3,0,80,80,1.0,0.75,0.008333333333333333,0.9635253129228057,"[""0-17"", ""18-59"", ""60+""]",Conditional binomial bounds; no patient clusters or training variability available
metadata_Multimodal_ResNet50_Concat_KFold,fold_6,age,5,2,1,79,80,0.9875,0.75,0.38930205902868964,0.9576877652224818,"[""0-17"", ""18-59""]",Conditional binomial bounds; no patient clusters or training variability available
metadata_Multimodal_ResNet50_Concat_KFold,fold_6,age,10,2,1,79,80,0.9875,0.75,0.38930205902868964,0.9576877652224818,"[""0-17"", ""18-59""]",Conditional binomial bounds; no patient clusters or training variability available
metadata_Multimodal_ResNet50_Concat_KFold,fold_6,age,15,1,2,67,80,0.8375,0.9402985074626866,0.8541367681268601,0.9834955956796952,"[""18-59""]",Conditional binomial bounds; no patient clusters or training variability available
metadata_Multimodal_ResNet50_Concat_KFold,fold_6,age,20,1,2,67,80,0.8375,0.9402985074626866,0.8541367681268601,0.9834955956796952,"[""18-59""]",Conditional binomial bounds; no patient clusters or training variability available
metadata_Multimodal_ResNet50_Concat_KFold,fold_6,age,30,1,2,67,80,0.8375,0.9402985074626866,0.8541367681268601,0.9834955956796952,"[""18-59""]",Conditional binomial bounds; no patient clusters or training variability available
metadata_Multimodal_ResNet50_Concat_KFold,fold_6,age,50,1,2,67,80,0.8375,0.9402985074626866,0.8541367681268601,0.9834955956796952,"[""18-59""]",Conditional binomial bounds; no patient clusters or training variability available
metadata_Multimodal_ResNet50_Concat_KFold,fold_6,skin_tone,1,6,0,80,80,1.0,0.8571428571428571,0.004166666666666667,0.9807170906399864,"[""asian"", ""indian"", ""white"", ""black"", ""latino hispanic"", ""middle eastern""]",Conditional binomial bounds; no patient clusters or training variability available
metadata_Multimodal_ResNet50_Concat_KFold,fold_6,skin_tone,5,3,3,72,80,0.9,0.8571428571428571,0.34515054956987407,0.9771973587180958,"[""asian"", ""indian"", ""white""]",Conditional binomial bounds; no patient clusters or training variability available
metadata_Multimodal_ResNet50_Concat_KFold,fold_6,skin_tone,10,2,4,65,80,0.8125,0.9,0.509363894044548,0.9747727649880372,"[""indian"", ""white""]",Conditional binomial bounds; no patient clusters or training variability available
metadata_Multimodal_ResNet50_Concat_KFold,fold_6,skin_tone,15,1,5,55,80,0.6875,0.9090909090909091,0.8004603842294991,0.9698191321541868,"[""white""]",Conditional binomial bounds; no patient clusters or training variability available
metadata_Multimodal_ResNet50_Concat_KFold,fold_6,skin_tone,20,1,5,55,80,0.6875,0.9090909090909091,0.8004603842294991,0.9698191321541868,"[""white""]",Conditional binomial bounds; no patient clusters or training variability available
metadata_Multimodal_ResNet50_Concat_KFold,fold_6,skin_tone,30,1,5,55,80,0.6875,0.9090909090909091,0.8004603842294991,0.9698191321541868,"[""white""]",Conditional binomial bounds; no patient clusters or training variability available
metadata_Multimodal_ResNet50_Concat_KFold,fold_6,skin_tone,50,1,5,55,80,0.6875,0.9090909090909091,0.8004603842294991,0.9698191321541868,"[""white""]",Conditional binomial bounds; no patient clusters or training variability available
metadata_Multimodal_ResNet50_Concat_KFold,fold_6,composite,1,14,0,80,80,1.0,0.3333333333333333,0.0005955927555435335,0.9753999433370875,"[""0-17|female|white"", ""18-59|female|indian"", ""18-59|male|asian"", ""0-17|male|white"", ""18-59|male|white"", ""0-17|male|black"", ""18-59|female|asian"", ""18-59|female|latino hispanic"", ""18-59|female|white"", ""18-59|male|black"", ""18-59|male|indian"", ""18-59|male|latino hispanic"", ""18-59|male|middle eastern"", ""60+|male|white""]",Conditional binomial bounds; no patient clusters or training variability available
metadata_Multimodal_ResNet50_Concat_KFold,fold_6,composite,5,5,9,64,80,0.8,0.8571428571428571,0.31508836075326985,0.9963746217423669,"[""0-17|male|white"", ""18-59|male|white"", ""18-59|female|asian"", ""18-59|female|white"", ""18-59|male|indian""]",Conditional binomial bounds; no patient clusters or training variability available
metadata_Multimodal_ResNet50_Concat_KFold,fold_6,composite,10,2,12,44,80,0.55,0.9310344827586207,0.7466676476550782,0.994152849441883,"[""18-59|male|white"", ""18-59|female|white""]",Conditional binomial bounds; no patient clusters or training variability available
metadata_Multimodal_ResNet50_Concat_KFold,fold_6,composite,15,2,12,44,80,0.55,0.9310344827586207,0.7466676476550782,0.994152849441883,"[""18-59|male|white"", ""18-59|female|white""]",Conditional binomial bounds; no patient clusters or training variability available
metadata_Multimodal_ResNet50_Concat_KFold,fold_6,composite,20,1,13,29,80,0.3625,0.9310344827586207,0.7723381100555138,0.9915360377469982,"[""18-59|male|white""]",Conditional binomial bounds; no patient clusters or training variability available
metadata_Multimodal_ResNet50_Concat_KFold,fold_6,composite,30,0,14,0,80,0.0,,,,[],Conditional binomial bounds; no patient clusters or training variability available
metadata_Multimodal_ResNet50_Concat_KFold,fold_6,composite,50,0,14,0,80,0.0,,,,[],Conditional binomial bounds; no patient clusters or training variability available
metadata_Multimodal_ResNet50_Concat_KFold,fold_7,gender,1,2,0,80,80,1.0,0.9,0.7639651966612335,0.9721791794465312,"[""male"", ""female""]",Conditional binomial bounds; no patient clusters or training variability available
metadata_Multimodal_ResNet50_Concat_KFold,fold_7,gender,5,2,0,80,80,1.0,0.9,0.7639651966612335,0.9721791794465312,"[""male"", ""female""]",Conditional binomial bounds; no patient clusters or training variability available
metadata_Multimodal_ResNet50_Concat_KFold,fold_7,gender,10,2,0,80,80,1.0,0.9,0.7639651966612335,0.9721791794465312,"[""male"", ""female""]",Conditional binomial bounds; no patient clusters or training variability available
metadata_Multimodal_ResNet50_Concat_KFold,fold_7,gender,15,2,0,80,80,1.0,0.9,0.7639651966612335,0.9721791794465312,"[""male"", ""female""]",Conditional binomial bounds; no patient clusters or training variability available
metadata_Multimodal_ResNet50_Concat_KFold,fold_7,gender,20,2,0,80,80,1.0,0.9,0.7639651966612335,0.9721791794465312,"[""male"", ""female""]",Conditional binomial bounds; no patient clusters or training variability available
metadata_Multimodal_ResNet50_Concat_KFold,fold_7,gender,30,2,0,80,80,1.0,0.9,0.7639651966612335,0.9721791794465312,"[""male"", ""female""]",Conditional binomial bounds; no patient clusters or training variability available
metadata_Multimodal_ResNet50_Concat_KFold,fold_7,gender,50,1,1,50,80,0.625,0.9,0.7818646335657977,0.9667249064109775,"[""male""]",Conditional binomial bounds; no patient clusters or training variability available
metadata_Multimodal_ResNet50_Concat_KFold,fold_7,age,1,3,0,80,80,1.0,0.8181818181818182,0.008333333333333333,0.9872093794410489,"[""0-17"", ""18-59"", ""60+""]",Conditional binomial bounds; no patient clusters or training variability available
metadata_Multimodal_ResNet50_Concat_KFold,fold_7,age,5,2,1,79,80,0.9875,0.8181818181818182,0.440199681050315,0.9841923582307572,"[""0-17"", ""18-59""]",Conditional binomial bounds; no patient clusters or training variability available
metadata_Multimodal_ResNet50_Concat_KFold,fold_7,age,10,2,1,79,80,0.9875,0.8181818181818182,0.440199681050315,0.9841923582307572,"[""0-17"", ""18-59""]",Conditional binomial bounds; no patient clusters or training variability available
metadata_Multimodal_ResNet50_Concat_KFold,fold_7,age,15,1,2,68,80,0.85,0.9558823529411765,0.8764373756682212,0.9908078047972126,"[""18-59""]",Conditional binomial bounds; no patient clusters or training variability available
metadata_Multimodal_ResNet50_Concat_KFold,fold_7,age,20,1,2,68,80,0.85,0.9558823529411765,0.8764373756682212,0.9908078047972126,"[""18-59""]",Conditional binomial bounds; no patient clusters or training variability available
metadata_Multimodal_ResNet50_Concat_KFold,fold_7,age,30,1,2,68,80,0.85,0.9558823529411765,0.8764373756682212,0.9908078047972126,"[""18-59""]",Conditional binomial bounds; no patient clusters or training variability available
metadata_Multimodal_ResNet50_Concat_KFold,fold_7,age,50,1,2,68,80,0.85,0.9558823529411765,0.8764373756682212,0.9908078047972126,"[""18-59""]",Conditional binomial bounds; no patient clusters or training variability available
metadata_Multimodal_ResNet50_Concat_KFold,fold_7,skin_tone,1,6,0,80,80,1.0,0.8888888888888888,0.06454972243679027,0.9929954515165705,"[""black"", ""asian"", ""white"", ""indian"", ""latino hispanic"", ""middle eastern""]",Conditional binomial bounds; no patient clusters or training variability available
metadata_Multimodal_ResNet50_Concat_KFold,fold_7,skin_tone,5,5,1,78,80,0.975,0.8888888888888888,0.3465724215775732,0.9925187091654488,"[""black"", ""asian"", ""white"", ""indian"", ""latino hispanic""]",Conditional binomial bounds; no patient clusters or training variability available
metadata_Multimodal_ResNet50_Concat_KFold,fold_7,skin_tone,10,2,4,59,80,0.7375,0.9230769230769231,0.5994439111367155,0.989517855359301,"[""asian"", ""white""]",Conditional binomial bounds; no patient clusters or training variability available
metadata_Multimodal_ResNet50_Concat_KFold,fold_7,skin_tone,15,1,5,46,80,0.575,0.9347826086956522,0.8210356111272488,0.9863432280865544,"[""white""]",Conditional binomial bounds; no patient clusters or training variability available
metadata_Multimodal_ResNet50_Concat_KFold,fold_7,skin_tone,20,1,5,46,80,0.575,0.9347826086956522,0.8210356111272488,0.9863432280865544,"[""white""]",Conditional binomial bounds; no patient clusters or training variability available
metadata_Multimodal_ResNet50_Concat_KFold,fold_7,skin_tone,30,1,5,46,80,0.575,0.9347826086956522,0.8210356111272488,0.9863432280865544,"[""white""]",Conditional binomial bounds; no patient clusters or training variability available
metadata_Multimodal_ResNet50_Concat_KFold,fold_7,skin_tone,50,0,6,0,80,0.0,,,,[],Conditional binomial bounds; no patient clusters or training variability available
metadata_Multimodal_ResNet50_Concat_KFold,fold_7,composite,1,15,0,80,80,1.0,0.0,0.0,0.996639887997649,"[""0-17|male|asian"", ""0-17|male|white"", ""18-59|male|black"", ""18-59|male|white"", ""0-17|female|white"", ""0-17|male|black"", ""18-59|female|asian"", ""18-59|female|indian"", ""18-59|female|latino hispanic"", ""18-59|female|white"", ""18-59|male|asian"", ""18-59|male|indian"", ""18-59|male|latino hispanic"", ""18-59|male|middle eastern"", ""60+|female|asian""]",Conditional binomial bounds; no patient clusters or training variability available
metadata_Multimodal_ResNet50_Concat_KFold,fold_7,composite,5,5,10,58,80,0.725,0.8,0.1850972721217302,0.9941009950529057,"[""0-17|male|white"", ""18-59|male|black"", ""18-59|male|white"", ""18-59|female|white"", ""18-59|male|asian""]",Conditional binomial bounds; no patient clusters or training variability available
metadata_Multimodal_ResNet50_Concat_KFold,fold_7,composite,10,2,13,39,80,0.4875,0.8888888888888888,0.6191196282557917,0.9904924685341169,"[""18-59|male|white"", ""18-59|female|white""]",Conditional binomial bounds; no patient clusters or training variability available
metadata_Multimodal_ResNet50_Concat_KFold,fold_7,composite,15,2,13,39,80,0.4875,0.8888888888888888,0.6191196282557917,0.9904924685341169,"[""18-59|male|white"", ""18-59|female|white""]",Conditional binomial bounds; no patient clusters or training variability available
metadata_Multimodal_ResNet50_Concat_KFold,fold_7,composite,20,1,14,21,80,0.2625,1.0,0.8389023847809204,1.0,"[""18-59|female|white""]",Conditional binomial bounds; no patient clusters or training variability available
metadata_Multimodal_ResNet50_Concat_KFold,fold_7,composite,30,0,15,0,80,0.0,,,,[],Conditional binomial bounds; no patient clusters or training variability available
metadata_Multimodal_ResNet50_Concat_KFold,fold_7,composite,50,0,15,0,80,0.0,,,,[],Conditional binomial bounds; no patient clusters or training variability available
metadata_Multimodal_ResNet50_Concat_KFold,pooled,gender,1,2,0,565,565,1.0,0.895774647887324,0.8537603978071854,0.9292046787182019,"[""male"", ""female""]",Conditional binomial bounds; no patient clusters or training variability available
metadata_Multimodal_ResNet50_Concat_KFold,pooled,gender,5,2,0,565,565,1.0,0.895774647887324,0.8537603978071854,0.9292046787182019,"[""male"", ""female""]",Conditional binomial bounds; no patient clusters or training variability available
metadata_Multimodal_ResNet50_Concat_KFold,pooled,gender,10,2,0,565,565,1.0,0.895774647887324,0.8537603978071854,0.9292046787182019,"[""male"", ""female""]",Conditional binomial bounds; no patient clusters or training variability available
metadata_Multimodal_ResNet50_Concat_KFold,pooled,gender,15,2,0,565,565,1.0,0.895774647887324,0.8537603978071854,0.9292046787182019,"[""male"", ""female""]",Conditional binomial bounds; no patient clusters or training variability available
metadata_Multimodal_ResNet50_Concat_KFold,pooled,gender,20,2,0,565,565,1.0,0.895774647887324,0.8537603978071854,0.9292046787182019,"[""male"", ""female""]",Conditional binomial bounds; no patient clusters or training variability available
metadata_Multimodal_ResNet50_Concat_KFold,pooled,gender,30,2,0,565,565,1.0,0.895774647887324,0.8537603978071854,0.9292046787182019,"[""male"", ""female""]",Conditional binomial bounds; no patient clusters or training variability available
metadata_Multimodal_ResNet50_Concat_KFold,pooled,gender,50,2,0,565,565,1.0,0.895774647887324,0.8537603978071854,0.9292046787182019,"[""male"", ""female""]",Conditional binomial bounds; no patient clusters or training variability available
metadata_Multimodal_ResNet50_Concat_KFold,pooled,age,1,3,0,565,565,1.0,0.8360655737704918,0.20274006651911336,0.9312861220138313,"[""0-17"", ""18-59"", ""60+""]",Conditional binomial bounds; no patient clusters or training variability available
metadata_Multimodal_ResNet50_Concat_KFold,pooled,age,5,2,1,562,565,0.9946902654867257,0.8360655737704918,0.7020176605375099,0.9269498426789404,"[""0-17"", ""18-59""]",Conditional binomial bounds; no patient clusters or training variability available
metadata_Multimodal_ResNet50_Concat_KFold,pooled,age,10,2,1,562,565,0.9946902654867257,0.8360655737704918,0.7020176605375099,0.9269498426789404,"[""0-17"", ""18-59""]",Conditional binomial bounds; no patient clusters or training variability available
metadata_Multimodal_ResNet50_Concat_KFold,pooled,age,15,2,1,562,565,0.9946902654867257,0.8360655737704918,0.7020176605375099,0.9269498426789404,"[""0-17"", ""18-59""]",Conditional binomial bounds; no patient clusters or training variability available
metadata_Multimodal_ResNet50_Concat_KFold,pooled,age,20,2,1,562,565,0.9946902654867257,0.8360655737704918,0.7020176605375099,0.9269498426789404,"[""0-17"", ""18-59""]",Conditional binomial bounds; no patient clusters or training variability available
metadata_Multimodal_ResNet50_Concat_KFold,pooled,age,30,2,1,562,565,0.9946902654867257,0.8360655737704918,0.7020176605375099,0.9269498426789404,"[""0-17"", ""18-59""]",Conditional binomial bounds; no patient clusters or training variability available
metadata_Multimodal_ResNet50_Concat_KFold,pooled,age,50,2,1,562,565,0.9946902654867257,0.8360655737704918,0.7020176605375099,0.9269498426789404,"[""0-17"", ""18-59""]",Conditional binomial bounds; no patient clusters or training variability available
metadata_Multimodal_ResNet50_Concat_KFold,pooled,skin_tone,1,6,0,565,565,1.0,0.8421052631578947,0.5244780861939626,0.9379003528063155,"[""middle eastern"", ""indian"", ""white"", ""asian"", ""black"", ""latino hispanic""]",Conditional binomial bounds; no patient clusters or training variability available
metadata_Multimodal_ResNet50_Concat_KFold,pooled,skin_tone,5,6,0,565,565,1.0,0.8421052631578947,0.5244780861939626,0.9379003528063155,"[""middle eastern"", ""indian"", ""white"", ""asian"", ""black"", ""latino hispanic""]",Conditional binomial bounds; no patient clusters or training variability available
metadata_Multimodal_ResNet50_Concat_KFold,pooled,skin_tone,10,6,0,565,565,1.0,0.8421052631578947,0.5244780861939626,0.9379003528063155,"[""middle eastern"", ""indian"", ""white"", ""asian"", ""black"", ""latino hispanic""]",Conditional binomial bounds; no patient clusters or training variability available
metadata_Multimodal_ResNet50_Concat_KFold,pooled,skin_tone,15,6,0,565,565,1.0,0.8421052631578947,0.5244780861939626,0.9379003528063155,"[""middle eastern"", ""indian"", ""white"", ""asian"", ""black"", ""latino hispanic""]",Conditional binomial bounds; no patient clusters or training variability available
metadata_Multimodal_ResNet50_Concat_KFold,pooled,skin_tone,20,5,1,546,565,0.9663716814159292,0.88,0.7159962957385423,0.9371410516631653,"[""indian"", ""white"", ""asian"", ""black"", ""latino hispanic""]",Conditional binomial bounds; no patient clusters or training variability available
metadata_Multimodal_ResNet50_Concat_KFold,pooled,skin_tone,30,5,1,546,565,0.9663716814159292,0.88,0.7159962957385423,0.9371410516631653,"[""indian"", ""white"", ""asian"", ""black"", ""latino hispanic""]",Conditional binomial bounds; no patient clusters or training variability available
metadata_Multimodal_ResNet50_Concat_KFold,pooled,skin_tone,50,4,2,508,565,0.8991150442477877,0.88,0.7213150636247525,0.9361823706288287,"[""indian"", ""white"", ""asian"", ""latino hispanic""]",Conditional binomial bounds; no patient clusters or training variability available
metadata_Multimodal_ResNet50_Concat_KFold,pooled,composite,1,22,0,565,565,1.0,0.0,0.0,0.9395183481997605,"[""0-17|female|indian"", ""0-17|male|asian"", ""18-59|female|indian"", ""0-17|female|white"", ""18-59|male|middle eastern"", ""18-59|male|white"", ""0-17|male|black"", ""18-59|male|asian"", ""0-17|male|white"", ""18-59|female|latino hispanic"", ""18-59|female|asian"", ""18-59|male|black"", ""18-59|female|white"", ""18-59|male|latino hispanic"", ""18-59|male|indian"", ""0-17|female|asian"", ""0-17|male|indian"", ""0-17|male|latino hispanic"", ""18-59|female|middle eastern"", ""60+|female|asian"", ""60+|female|latino hispanic"", ""60+|male|white""]",Conditional binomial bounds; no patient clusters or training variability available
metadata_Multimodal_ResNet50_Concat_KFold,pooled,composite,5,13,9,553,565,0.9787610619469026,0.6923076923076923,0.2722820584761476,0.9368489131337343,"[""18-59|female|indian"", ""0-17|female|white"", ""18-59|male|middle eastern"", ""18-59|male|white"", ""0-17|male|black"", ""18-59|male|asian"", ""0-17|male|white"", ""18-59|female|latino hispanic"", ""18-59|female|asian"", ""18-59|male|black"", ""18-59|female|white"", ""18-59|male|latino hispanic"", ""18-59|male|indian""]",Conditional binomial bounds; no patient clusters or training variability available
metadata_Multimodal_ResNet50_Concat_KFold,pooled,composite,10,12,10,545,565,0.9646017699115044,0.6923076923076923,0.27512331936364565,0.9364247153327118,"[""18-59|female|indian"", ""0-17|female|white"", ""18-59|male|middle eastern"", ""18-59|male|white"", ""18-59|male|asian"", ""0-17|male|white"", ""18-59|female|latino hispanic"", ""18-59|female|asian"", ""18-59|male|black"", ""18-59|female|white"", ""18-59|male|latino hispanic"", ""18-59|male|indian""]",Conditional binomial bounds; no patient clusters or training variability available
metadata_Multimodal_ResNet50_Concat_KFold,pooled,composite,15,11,11,532,565,0.9415929203539823,0.7333333333333333,0.34171147918940975,0.935957832332827,"[""0-17|female|white"", ""18-59|male|middle eastern"", ""18-59|male|white"", ""18-59|male|asian"", ""0-17|male|white"", ""18-59|female|latino hispanic"", ""18-59|female|asian"", ""18-59|male|black"", ""18-59|female|white"", ""18-59|male|latino hispanic"", ""18-59|male|indian""]",Conditional binomial bounds; no patient clusters or training variability available
metadata_Multimodal_ResNet50_Concat_KFold,pooled,composite,20,9,13,499,565,0.8831858407079646,0.8734939759036144,0.6587849517021698,0.9348574293061896,"[""18-59|male|white"", ""18-59|male|asian"", ""0-17|male|white"", ""18-59|female|latino hispanic"", ""18-59|female|asian"", ""18-59|male|black"", ""18-59|female|white"", ""18-59|male|latino hispanic"", ""18-59|male|indian""]",Conditional binomial bounds; no patient clusters or training variability available
metadata_Multimodal_ResNet50_Concat_KFold,pooled,composite,30,6,16,425,565,0.7522123893805309,0.8734939759036144,0.673931666880268,0.9325263189586137,"[""18-59|male|white"", ""18-59|male|asian"", ""0-17|male|white"", ""18-59|male|black"", ""18-59|female|white"", ""18-59|male|indian""]",Conditional binomial bounds; no patient clusters or training variability available
metadata_Multimodal_ResNet50_Concat_KFold,pooled,composite,50,2,20,292,565,0.5168141592920354,0.8734939759036144,0.8041555747870992,0.9253405873079438,"[""18-59|male|white"", ""18-59|female|white""]",Conditional binomial bounds; no patient clusters or training variability available
metadata_Multimodal_VGG16_Concat_KFold,fold_1,gender,1,2,0,81,81,1.0,0.7962962962962963,0.6458577155717611,0.9039816801154609,"[""male"", ""female""]",Conditional binomial bounds; no patient clusters or training variability available
metadata_Multimodal_VGG16_Concat_KFold,fold_1,gender,5,2,0,81,81,1.0,0.7962962962962963,0.6458577155717611,0.9039816801154609,"[""male"", ""female""]",Conditional binomial bounds; no patient clusters or training variability available
metadata_Multimodal_VGG16_Concat_KFold,fold_1,gender,10,2,0,81,81,1.0,0.7962962962962963,0.6458577155717611,0.9039816801154609,"[""male"", ""female""]",Conditional binomial bounds; no patient clusters or training variability available
metadata_Multimodal_VGG16_Concat_KFold,fold_1,gender,15,2,0,81,81,1.0,0.7962962962962963,0.6458577155717611,0.9039816801154609,"[""male"", ""female""]",Conditional binomial bounds; no patient clusters or training variability available
metadata_Multimodal_VGG16_Concat_KFold,fold_1,gender,20,2,0,81,81,1.0,0.7962962962962963,0.6458577155717611,0.9039816801154609,"[""male"", ""female""]",Conditional binomial bounds; no patient clusters or training variability available
metadata_Multimodal_VGG16_Concat_KFold,fold_1,gender,30,1,1,54,81,0.6666666666666666,0.7962962962962963,0.6646950805107505,0.8936807475097853,"[""male""]",Conditional binomial bounds; no patient clusters or training variability available
metadata_Multimodal_VGG16_Concat_KFold,fold_1,gender,50,1,1,54,81,0.6666666666666666,0.7962962962962963,0.6646950805107505,0.8936807475097853,"[""male""]",Conditional binomial bounds; no patient clusters or training variability available
metadata_Multimodal_VGG16_Concat_KFold,fold_1,age,1,2,0,81,81,1.0,0.8181818181818182,0.440199681050315,0.9366901845134085,"[""0-17"", ""18-59""]",Conditional binomial bounds; no patient clusters or training variability available
metadata_Multimodal_VGG16_Concat_KFold,fold_1,age,5,2,0,81,81,1.0,0.8181818181818182,0.440199681050315,0.9366901845134085,"[""0-17"", ""18-59""]",Conditional binomial bounds; no patient clusters or training variability available
metadata_Multimodal_VGG16_Concat_KFold,fold_1,age,10,2,0,81,81,1.0,0.8181818181818182,0.440199681050315,0.9366901845134085,"[""0-17"", ""18-59""]",Conditional binomial bounds; no patient clusters or training variability available
metadata_Multimodal_VGG16_Concat_KFold,fold_1,age,15,1,1,70,81,0.8641975308641975,0.8571428571428571,0.7529317522496477,0.9293095457331302,"[""18-59""]",Conditional binomial bounds; no patient clusters or training variability available
metadata_Multimodal_VGG16_Concat_KFold,fold_1,age,20,1,1,70,81,0.8641975308641975,0.8571428571428571,0.7529317522496477,0.9293095457331302,"[""18-59""]",Conditional binomial bounds; no patient clusters or training variability available
metadata_Multimodal_VGG16_Concat_KFold,fold_1,age,30,1,1,70,81,0.8641975308641975,0.8571428571428571,0.7529317522496477,0.9293095457331302,"[""18-59""]",Conditional binomial bounds; no patient clusters or training variability available
metadata_Multimodal_VGG16_Concat_KFold,fold_1,age,50,1,1,70,81,0.8641975308641975,0.8571428571428571,0.7529317522496477,0.9293095457331302,"[""18-59""]",Conditional binomial bounds; no patient clusters or training variability available
metadata_Multimodal_VGG16_Concat_KFold,fold_1,skin_tone,1,6,0,81,81,1.0,0.7959183673469388,0.004166666666666667,0.9216977232880208,"[""white"", ""asian"", ""black"", ""indian"", ""latino hispanic"", ""middle eastern""]",Conditional binomial bounds; no patient clusters or training variability available
metadata_Multimodal_VGG16_Concat_KFold,fold_1,skin_tone,5,5,1,80,81,0.9876543209876543,0.7959183673469388,0.3465724215775732,0.9196515545810076,"[""white"", ""asian"", ""black"", ""indian"", ""latino hispanic""]",Conditional binomial bounds; no patient clusters or training variability available
metadata_Multimodal_VGG16_Concat_KFold,fold_1,skin_tone,10,1,5,49,81,0.6049382716049383,0.7959183673469388,0.6565700069535181,0.897550614504752,"[""white""]",Conditional binomial bounds; no patient clusters or training variability available
metadata_Multimodal_VGG16_Concat_KFold,fold_1,skin_tone,15,1,5,49,81,0.6049382716049383,0.7959183673469388,0.6565700069535181,0.897550614504752,"[""white""]",Conditional binomial bounds; no patient clusters or training variability available
metadata_Multimodal_VGG16_Concat_KFold,fold_1,skin_tone,20,1,5,49,81,0.6049382716049383,0.7959183673469388,0.6565700069535181,0.897550614504752,"[""white""]",Conditional binomial bounds; no patient clusters or training variability available
metadata_Multimodal_VGG16_Concat_KFold,fold_1,skin_tone,30,1,5,49,81,0.6049382716049383,0.7959183673469388,0.6565700069535181,0.897550614504752,"[""white""]",Conditional binomial bounds; no patient clusters or training variability available
metadata_Multimodal_VGG16_Concat_KFold,fold_1,skin_tone,50,0,6,0,81,0.0,,,,[],Conditional binomial bounds; no patient clusters or training variability available
metadata_Multimodal_VGG16_Concat_KFold,fold_1,composite,1,15,0,81,81,1.0,0.0,0.0,0.8952356657298142,"[""0-17|male|asian"", ""18-59|male|white"", ""0-17|male|white"", ""18-59|male|black"", ""18-59|female|white"", ""0-17|female|asian"", ""0-17|female|white"", ""0-17|male|black"", ""18-59|female|asian"", ""18-59|female|indian"", ""18-59|female|latino hispanic"", ""18-59|male|asian"", ""18-59|male|indian"", ""18-59|male|latino hispanic"", ""18-59|male|middle eastern""]",Conditional binomial bounds; no patient clusters or training variability available
metadata_Multimodal_VGG16_Concat_KFold,fold_1,composite,5,6,9,66,81,0.8148148148148148,0.6521739130434783,0.24440434204802222,0.8790300799426418,"[""18-59|male|white"", ""0-17|male|white"", ""18-59|male|black"", ""18-59|female|white"", ""18-59|male|asian"", ""18-59|male|indian""]",Conditional binomial bounds; no patient clusters or training variability available
metadata_Multimodal_VGG16_Concat_KFold,fold_1,composite,10,2,13,42,81,0.5185185185185185,0.6521739130434783,0.39903900675179865,0.854966197163132,"[""18-59|male|white"", ""18-59|female|white""]",Conditional binomial bounds; no patient clusters or training variability available
metadata_Multimodal_VGG16_Concat_KFold,fold_1,composite,15,2,13,42,81,0.5185185185185185,0.6521739130434783,0.39903900675179865,0.854966197163132,"[""18-59|male|white"", ""18-59|female|white""]",Conditional binomial bounds; no patient clusters or training variability available
metadata_Multimodal_VGG16_Concat_KFold,fold_1,composite,20,1,14,23,81,0.2839506172839506,0.6521739130434783,0.42734396303649436,0.8362364016250501,"[""18-59|male|white""]",Conditional binomial bounds; no patient clusters or training variability available
metadata_Multimodal_VGG16_Concat_KFold,fold_1,composite,30,0,15,0,81,0.0,,,,[],Conditional binomial bounds; no patient clusters or training variability available
metadata_Multimodal_VGG16_Concat_KFold,fold_1,composite,50,0,15,0,81,0.0,,,,[],Conditional binomial bounds; no patient clusters or training variability available
metadata_Multimodal_VGG16_Concat_KFold,fold_2,gender,1,2,0,81,81,1.0,0.8541666666666666,0.7029950221517591,0.9472267187408179,"[""male"", ""female""]",Conditional binomial bounds; no patient clusters or training variability available
metadata_Multimodal_VGG16_Concat_KFold,fold_2,gender,5,2,0,81,81,1.0,0.8541666666666666,0.7029950221517591,0.9472267187408179,"[""male"", ""female""]",Conditional binomial bounds; no patient clusters or training variability available
metadata_Multimodal_VGG16_Concat_KFold,fold_2,gender,10,2,0,81,81,1.0,0.8541666666666666,0.7029950221517591,0.9472267187408179,"[""male"", ""female""]",Conditional binomial bounds; no patient clusters or training variability available
metadata_Multimodal_VGG16_Concat_KFold,fold_2,gender,15,2,0,81,81,1.0,0.8541666666666666,0.7029950221517591,0.9472267187408179,"[""male"", ""female""]",Conditional binomial bounds; no patient clusters or training variability available
metadata_Multimodal_VGG16_Concat_KFold,fold_2,gender,20,2,0,81,81,1.0,0.8541666666666666,0.7029950221517591,0.9472267187408179,"[""male"", ""female""]",Conditional binomial bounds; no patient clusters or training variability available
metadata_Multimodal_VGG16_Concat_KFold,fold_2,gender,30,2,0,81,81,1.0,0.8541666666666666,0.7029950221517591,0.9472267187408179,"[""male"", ""female""]",Conditional binomial bounds; no patient clusters or training variability available
metadata_Multimodal_VGG16_Concat_KFold,fold_2,gender,50,0,2,0,81,0.0,,,,[],Conditional binomial bounds; no patient clusters or training variability available
metadata_Multimodal_VGG16_Concat_KFold,fold_2,age,1,3,0,81,81,1.0,0.875,0.008333333333333333,0.9597464927993342,"[""0-17"", ""18-59"", ""60+""]",Conditional binomial bounds; no patient clusters or training variability available
metadata_Multimodal_VGG16_Concat_KFold,fold_2,age,5,2,1,80,81,0.9876543209876543,0.875,0.4245499803830574,0.9567396992722209,"[""0-17"", ""18-59""]",Conditional binomial bounds; no patient clusters or training variability available
metadata_Multimodal_VGG16_Concat_KFold,fold_2,age,10,1,2,72,81,0.8888888888888888,0.8888888888888888,0.7927531293332511,0.950791960729359,"[""18-59""]",Conditional binomial bounds; no patient clusters or training variability available
metadata_Multimodal_VGG16_Concat_KFold,fold_2,age,15,1,2,72,81,0.8888888888888888,0.8888888888888888,0.7927531293332511,0.950791960729359,"[""18-59""]",Conditional binomial bounds; no patient clusters or training variability available
metadata_Multimodal_VGG16_Concat_KFold,fold_2,age,20,1,2,72,81,0.8888888888888888,0.8888888888888888,0.7927531293332511,0.950791960729359,"[""18-59""]",Conditional binomial bounds; no patient clusters or training variability available
metadata_Multimodal_VGG16_Concat_KFold,fold_2,age,30,1,2,72,81,0.8888888888888888,0.8888888888888888,0.7927531293332511,0.950791960729359,"[""18-59""]",Conditional binomial bounds; no patient clusters or training variability available
metadata_Multimodal_VGG16_Concat_KFold,fold_2,age,50,1,2,72,81,0.8888888888888888,0.8888888888888888,0.7927531293332511,0.950791960729359,"[""18-59""]",Conditional binomial bounds; no patient clusters or training variability available
metadata_Multimodal_VGG16_Concat_KFold,fold_2,skin_tone,1,6,0,81,81,1.0,0.8,0.06454972243679027,0.9571468476404567,"[""middle eastern"", ""white"", ""latino hispanic"", ""asian"", ""black"", ""indian""]",Conditional binomial bounds; no patient clusters or training variability available
metadata_Multimodal_VGG16_Concat_KFold,fold_2,skin_tone,5,4,2,75,81,0.9259259259259259,0.8,0.19623149044184085,0.9537985946191915,"[""middle eastern"", ""white"", ""latino hispanic"", ""asian""]",Conditional binomial bounds; no patient clusters or training variability available
metadata_Multimodal_VGG16_Concat_KFold,fold_2,skin_tone,10,3,3,70,81,0.8641975308641975,0.8541666666666666,0.5196525560162785,0.9512123394427042,"[""white"", ""latino hispanic"", ""asian""]",Conditional binomial bounds; no patient clusters or training variability available
metadata_Multimodal_VGG16_Concat_KFold,fold_2,skin_tone,15,1,5,48,81,0.5925925925925926,0.8541666666666666,0.7223616599779719,0.939295530633363,"[""white""]",Conditional binomial bounds; no patient clusters or training variability available
metadata_Multimodal_VGG16_Concat_KFold,fold_2,skin_tone,20,1,5,48,81,0.5925925925925926,0.8541666666666666,0.7223616599779719,0.939295530633363,"[""white""]",Conditional binomial bounds; no patient clusters or training variability available
metadata_Multimodal_VGG16_Concat_KFold,fold_2,skin_tone,30,1,5,48,81,0.5925925925925926,0.8541666666666666,0.7223616599779719,0.939295530633363,"[""white""]",Conditional binomial bounds; no patient clusters or training variability available
metadata_Multimodal_VGG16_Concat_KFold,fold_2,skin_tone,50,0,6,0,81,0.0,,,,[],Conditional binomial bounds; no patient clusters or training variability available
metadata_Multimodal_VGG16_Concat_KFold,fold_2,composite,1,15,0,81,81,1.0,0.6666666666666666,0.0016666666666666668,0.9443888022796155,"[""0-17|female|white"", ""18-59|male|white"", ""18-59|male|middle eastern"", ""18-59|female|latino hispanic"", ""0-17|male|indian"", ""0-17|male|latino hispanic"", ""0-17|male|white"", ""18-59|female|asian"", ""18-59|female|indian"", ""18-59|female|white"", ""18-59|male|asian"", ""18-59|male|black"", ""18-59|male|indian"", ""18-59|male|latino hispanic"", ""60+|female|latino hispanic""]",Conditional binomial bounds; no patient clusters or training variability available
metadata_Multimodal_VGG16_Concat_KFold,fold_2,composite,5,5,10,60,81,0.7407407407407407,0.75,0.1850972721217302,0.9307528756222203,"[""18-59|male|white"", ""18-59|male|middle eastern"", ""18-59|female|latino hispanic"", ""18-59|female|white"", ""18-59|male|asian""]",Conditional binomial bounds; no patient clusters or training variability available
metadata_Multimodal_VGG16_Concat_KFold,fold_2,composite,10,2,13,42,81,0.5185185185185185,0.75,0.5038881004517657,0.9161099612598311,"[""18-59|male|white"", ""18-59|female|white""]",Conditional binomial bounds; no patient clusters or training variability available
metadata_Multimodal_VGG16_Concat_KFold,fold_2,composite,15,2,13,42,81,0.5185185185185185,0.75,0.5038881004517657,0.9161099612598311,"[""18-59|male|white"", ""18-59|female|white""]",Conditional binomial bounds; no patient clusters or training variability available
metadata_Multimodal_VGG16_Concat_KFold,fold_2,composite,20,1,14,24,81,0.2962962962962963,0.75,0.5328871975773307,0.902269590525467,"[""18-59|male|white""]",Conditional binomial bounds; no patient clusters or training variability available
metadata_Multimodal_VGG16_Concat_KFold,fold_2,composite,30,0,15,0,81,0.0,,,,[],Conditional binomial bounds; no patient clusters or training variability available
metadata_Multimodal_VGG16_Concat_KFold,fold_2,composite,50,0,15,0,81,0.0,,,,[],Conditional binomial bounds; no patient clusters or training variability available
metadata_Multimodal_VGG16_Concat_KFold,fold_3,gender,1,2,0,81,81,1.0,0.8444444444444444,0.6851704490137687,0.943555061249752,"[""male"", ""female""]",Conditional binomial bounds; no patient clusters or training variability available
metadata_Multimodal_VGG16_Concat_KFold,fold_3,gender,5,2,0,81,81,1.0,0.8444444444444444,0.6851704490137687,0.943555061249752,"[""male"", ""female""]",Conditional binomial bounds; no patient clusters or training variability available
metadata_Multimodal_VGG16_Concat_KFold,fold_3,gender,10,2,0,81,81,1.0,0.8444444444444444,0.6851704490137687,0.943555061249752,"[""male"", ""female""]",Conditional binomial bounds; no patient clusters or training variability available
metadata_Multimodal_VGG16_Concat_KFold,fold_3,gender,15,2,0,81,81,1.0,0.8444444444444444,0.6851704490137687,0.943555061249752,"[""male"", ""female""]",Conditional binomial bounds; no patient clusters or training variability available
metadata_Multimodal_VGG16_Concat_KFold,fold_3,gender,20,2,0,81,81,1.0,0.8444444444444444,0.6851704490137687,0.943555061249752,"[""male"", ""female""]",Conditional binomial bounds; no patient clusters or training variability available
metadata_Multimodal_VGG16_Concat_KFold,fold_3,gender,30,2,0,81,81,1.0,0.8444444444444444,0.6851704490137687,0.943555061249752,"[""male"", ""female""]",Conditional binomial bounds; no patient clusters or training variability available
metadata_Multimodal_VGG16_Concat_KFold,fold_3,gender,50,0,2,0,81,0.0,,,,[],Conditional binomial bounds; no patient clusters or training variability available
metadata_Multimodal_VGG16_Concat_KFold,fold_3,age,1,2,0,81,81,1.0,0.75,0.30580115705523525,0.9573495744299387,"[""0-17"", ""18-59""]",Conditional binomial bounds; no patient clusters or training variability available
metadata_Multimodal_VGG16_Concat_KFold,fold_3,age,5,2,0,81,81,1.0,0.75,0.30580115705523525,0.9573495744299387,"[""0-17"", ""18-59""]",Conditional binomial bounds; no patient clusters or training variability available
metadata_Multimodal_VGG16_Concat_KFold,fold_3,age,10,1,1,73,81,0.9012345679012346,0.8904109589041096,0.7954356791513938,0.9514835762788899,"[""18-59""]",Conditional binomial bounds; no patient clusters or training variability available
metadata_Multimodal_VGG16_Concat_KFold,fold_3,age,15,1,1,73,81,0.9012345679012346,0.8904109589041096,0.7954356791513938,0.9514835762788899,"[""18-59""]",Conditional binomial bounds; no patient clusters or training variability available
metadata_Multimodal_VGG16_Concat_KFold,fold_3,age,20,1,1,73,81,0.9012345679012346,0.8904109589041096,0.7954356791513938,0.9514835762788899,"[""18-59""]",Conditional binomial bounds; no patient clusters or training variability available
metadata_Multimodal_VGG16_Concat_KFold,fold_3,age,30,1,1,73,81,0.9012345679012346,0.8904109589041096,0.7954356791513938,0.9514835762788899,"[""18-59""]",Conditional binomial bounds; no patient clusters or training variability available
metadata_Multimodal_VGG16_Concat_KFold,fold_3,age,50,1,1,73,81,0.9012345679012346,0.8904109589041096,0.7954356791513938,0.9514835762788899,"[""18-59""]",Conditional binomial bounds; no patient clusters or training variability available
metadata_Multimodal_VGG16_Concat_KFold,fold_3,skin_tone,1,6,0,81,81,1.0,0.6666666666666666,0.10415600672450046,0.9829487018786097,"[""indian"", ""middle eastern"", ""latino hispanic"", ""asian"", ""white"", ""black""]",Conditional binomial bounds; no patient clusters or training variability available
metadata_Multimodal_VGG16_Concat_KFold,fold_3,skin_tone,5,4,2,74,81,0.9135802469135802,0.6666666666666666,0.1524407116722855,0.9790055543667532,"[""indian"", ""latino hispanic"", ""asian"", ""white""]",Conditional binomial bounds; no patient clusters or training variability available
metadata_Multimodal_VGG16_Concat_KFold,fold_3,skin_tone,10,3,3,68,81,0.8395061728395061,0.8,0.37824237130552885,0.9858688587607707,"[""latino hispanic"", ""asian"", ""white""]",Conditional binomial bounds; no patient clusters or training variability available
metadata_Multimodal_VGG16_Concat_KFold,fold_3,skin_tone,15,1,5,47,81,0.5802469135802469,0.9361702127659575,0.8246075699870791,0.986638230502745,"[""white""]",Conditional binomial bounds; no patient clusters or training variability available
metadata_Multimodal_VGG16_Concat_KFold,fold_3,skin_tone,20,1,5,47,81,0.5802469135802469,0.9361702127659575,0.8246075699870791,0.986638230502745,"[""white""]",Conditional binomial bounds; no patient clusters or training variability available
metadata_Multimodal_VGG16_Concat_KFold,fold_3,skin_tone,30,1,5,47,81,0.5802469135802469,0.9361702127659575,0.8246075699870791,0.986638230502745,"[""white""]",Conditional binomial bounds; no patient clusters or training variability available
metadata_Multimodal_VGG16_Concat_KFold,fold_3,skin_tone,50,0,6,0,81,0.0,,,,[],Conditional binomial bounds; no patient clusters or training variability available
metadata_Multimodal_VGG16_Concat_KFold,fold_3,composite,1,13,0,81,81,1.0,0.0,0.0,0.9885018833009769,"[""0-17|female|indian"", ""18-59|male|asian"", ""18-59|male|middle eastern"", ""0-17|male|white"", ""18-59|male|latino hispanic"", ""18-59|male|indian"", ""18-59|female|latino hispanic"", ""18-59|female|white"", ""18-59|male|white"", ""0-17|female|white"", ""18-59|female|asian"", ""18-59|female|middle eastern"", ""18-59|male|black""]",Conditional binomial bounds; no patient clusters or training variability available
metadata_Multimodal_VGG16_Concat_KFold,fold_3,composite,5,6,7,62,81,0.7654320987654321,0.6666666666666666,0.13677933151564006,0.9829487018786097,"[""18-59|male|asian"", ""18-59|male|indian"", ""18-59|female|latino hispanic"", ""18-59|female|white"", ""18-59|male|white"", ""18-59|female|asian""]",Conditional binomial bounds; no patient clusters or training variability available
metadata_Multimodal_VGG16_Concat_KFold,fold_3,composite,10,2,11,40,81,0.49382716049382713,0.95,0.7206775097964039,0.9993712586304014,"[""18-59|female|white"", ""18-59|male|white""]",Conditional binomial bounds; no patient clusters or training variability available
metadata_Multimodal_VGG16_Concat_KFold,fold_3,composite,15,2,11,40,81,0.49382716049382713,0.95,0.7206775097964039,0.9993712586304014,"[""18-59|female|white"", ""18-59|male|white""]",Conditional binomial bounds; no patient clusters or training variability available
metadata_Multimodal_VGG16_Concat_KFold,fold_3,composite,20,2,11,40,81,0.49382716049382713,0.95,0.7206775097964039,0.9993712586304014,"[""18-59|female|white"", ""18-59|male|white""]",Conditional binomial bounds; no patient clusters or training variability available
metadata_Multimodal_VGG16_Concat_KFold,fold_3,composite,30,0,13,0,81,0.0,,,,[],Conditional binomial bounds; no patient clusters or training variability available
metadata_Multimodal_VGG16_Concat_KFold,fold_3,composite,50,0,13,0,81,0.0,,,,[],Conditional binomial bounds; no patient clusters or training variability available
metadata_Multimodal_VGG16_Concat_KFold,fold_4,gender,1,2,0,81,81,1.0,0.7692307692307693,0.6121481384202525,0.8860994587623476,"[""male"", ""female""]",Conditional binomial bounds; no patient clusters or training variability available
metadata_Multimodal_VGG16_Concat_KFold,fold_4,gender,5,2,0,81,81,1.0,0.7692307692307693,0.6121481384202525,0.8860994587623476,"[""male"", ""female""]",Conditional binomial bounds; no patient clusters or training variability available
metadata_Multimodal_VGG16_Concat_KFold,fold_4,gender,10,2,0,81,81,1.0,0.7692307692307693,0.6121481384202525,0.8860994587623476,"[""male"", ""female""]",Conditional binomial bounds; no patient clusters or training variability available
metadata_Multimodal_VGG16_Concat_KFold,fold_4,gender,15,2,0,81,81,1.0,0.7692307692307693,0.6121481384202525,0.8860994587623476,"[""male"", ""female""]",Conditional binomial bounds; no patient clusters or training variability available
metadata_Multimodal_VGG16_Concat_KFold,fold_4,gender,20,2,0,81,81,1.0,0.7692307692307693,0.6121481384202525,0.8860994587623476,"[""male"", ""female""]",Conditional binomial bounds; no patient clusters or training variability available
metadata_Multimodal_VGG16_Concat_KFold,fold_4,gender,30,1,1,52,81,0.6419753086419753,0.7692307692307693,0.6315972283578668,0.8746838923847673,"[""male""]",Conditional binomial bounds; no patient clusters or training variability available
metadata_Multimodal_VGG16_Concat_KFold,fold_4,gender,50,1,1,52,81,0.6419753086419753,0.7692307692307693,0.6315972283578668,0.8746838923847673,"[""male""]",Conditional binomial bounds; no patient clusters or training variability available
metadata_Multimodal_VGG16_Concat_KFold,fold_4,age,1,2,0,81,81,1.0,0.6,0.11433397446320105,0.9042501297898448,"[""0-17"", ""18-59""]",Conditional binomial bounds; no patient clusters or training variability available
metadata_Multimodal_VGG16_Concat_KFold,fold_4,age,5,2,0,81,81,1.0,0.6,0.11433397446320105,0.9042501297898448,"[""0-17"", ""18-59""]",Conditional binomial bounds; no patient clusters or training variability available
metadata_Multimodal_VGG16_Concat_KFold,fold_4,age,10,1,1,76,81,0.9382716049382716,0.8157894736842105,0.7102843980441288,0.8954672395843666,"[""18-59""]",Conditional binomial bounds; no patient clusters or training variability available
metadata_Multimodal_VGG16_Concat_KFold,fold_4,age,15,1,1,76,81,0.9382716049382716,0.8157894736842105,0.7102843980441288,0.8954672395843666,"[""18-59""]",Conditional binomial bounds; no patient clusters or training variability available
metadata_Multimodal_VGG16_Concat_KFold,fold_4,age,20,1,1,76,81,0.9382716049382716,0.8157894736842105,0.7102843980441288,0.8954672395843666,"[""18-59""]",Conditional binomial bounds; no patient clusters or training variability available
metadata_Multimodal_VGG16_Concat_KFold,fold_4,age,30,1,1,76,81,0.9382716049382716,0.8157894736842105,0.7102843980441288,0.8954672395843666,"[""18-59""]",Conditional binomial bounds; no patient clusters or training variability available
metadata_Multimodal_VGG16_Concat_KFold,fold_4,age,50,1,1,76,81,0.9382716049382716,0.8157894736842105,0.7102843980441288,0.8954672395843666,"[""18-59""]",Conditional binomial bounds; no patient clusters or training variability available
metadata_Multimodal_VGG16_Concat_KFold,fold_4,skin_tone,1,6,0,81,81,1.0,0.7,0.10415600672450046,0.9330262183364352,"[""asian"", ""indian"", ""middle eastern"", ""black"", ""white"", ""latino hispanic""]",Conditional binomial bounds; no patient clusters or training variability available
metadata_Multimodal_VGG16_Concat_KFold,fold_4,skin_tone,5,5,1,77,81,0.9506172839506173,0.7,0.1850972721217302,0.9311334566219978,"[""asian"", ""indian"", ""black"", ""white"", ""latino hispanic""]",Conditional binomial bounds; no patient clusters or training variability available
metadata_Multimodal_VGG16_Concat_KFold,fold_4,skin_tone,10,2,4,58,81,0.7160493827160493,0.7,0.3084981950606018,0.9203755213314164,"[""asian"", ""white""]",Conditional binomial bounds; no patient clusters or training variability available
metadata_Multimodal_VGG16_Concat_KFold,fold_4,skin_tone,15,1,5,48,81,0.5925925925925926,0.8125,0.6737069760432866,0.9105016181506272,"[""white""]",Conditional binomial bounds; no patient clusters or training variability available
metadata_Multimodal_VGG16_Concat_KFold,fold_4,skin_tone,20,1,5,48,81,0.5925925925925926,0.8125,0.6737069760432866,0.9105016181506272,"[""white""]",Conditional binomial bounds; no patient clusters or training variability available
metadata_Multimodal_VGG16_Concat_KFold,fold_4,skin_tone,30,1,5,48,81,0.5925925925925926,0.8125,0.6737069760432866,0.9105016181506272,"[""white""]",Conditional binomial bounds; no patient clusters or training variability available
metadata_Multimodal_VGG16_Concat_KFold,fold_4,skin_tone,50,0,6,0,81,0.0,,,,[],Conditional binomial bounds; no patient clusters or training variability available
metadata_Multimodal_VGG16_Concat_KFold,fold_4,composite,1,14,0,81,81,1.0,0.0,0.0,0.9290384843383783,"[""0-17|female|white"", ""0-17|male|asian"", ""18-59|female|indian"", ""18-59|female|asian"", ""18-59|male|white"", ""18-59|male|indian"", ""18-59|male|middle eastern"", ""18-59|male|black"", ""18-59|male|asian"", ""18-59|female|white"", ""0-17|male|indian"", ""0-17|male|white"", ""18-59|female|latino hispanic"", ""18-59|male|latino hispanic""]",Conditional binomial bounds; no patient clusters or training variability available
metadata_Multimodal_VGG16_Concat_KFold,fold_4,composite,5,4,10,56,81,0.691358024691358,0.7307692307692307,0.19623149044184085,0.9113031654067326,"[""18-59|male|white"", ""18-59|male|black"", ""18-59|male|asian"", ""18-59|female|white""]",Conditional binomial bounds; no patient clusters or training variability available
metadata_Multimodal_VGG16_Concat_KFold,fold_4,composite,10,2,12,45,81,0.5555555555555556,0.7307692307692307,0.494344785280113,0.8990045157144183,"[""18-59|male|white"", ""18-59|female|white""]",Conditional binomial bounds; no patient clusters or training variability available
metadata_Multimodal_VGG16_Concat_KFold,fold_4,composite,15,2,12,45,81,0.5555555555555556,0.7307692307692307,0.494344785280113,0.8990045157144183,"[""18-59|male|white"", ""18-59|female|white""]",Conditional binomial bounds; no patient clusters or training variability available
metadata_Multimodal_VGG16_Concat_KFold,fold_4,composite,20,1,13,26,81,0.32098765432098764,0.7307692307692307,0.5221252103061685,0.884267786708496,"[""18-59|male|white""]",Conditional binomial bounds; no patient clusters or training variability available
metadata_Multimodal_VGG16_Concat_KFold,fold_4,composite,30,0,14,0,81,0.0,,,,[],Conditional binomial bounds; no patient clusters or training variability available
metadata_Multimodal_VGG16_Concat_KFold,fold_4,composite,50,0,14,0,81,0.0,,,,[],Conditional binomial bounds; no patient clusters or training variability available
metadata_Multimodal_VGG16_Concat_KFold,fold_5,gender,1,2,0,81,81,1.0,0.8214285714285714,0.6042322052731905,0.9491802918823052,"[""female"", ""male""]",Conditional binomial bounds; no patient clusters or training variability available
metadata_Multimodal_VGG16_Concat_KFold,fold_5,gender,5,2,0,81,81,1.0,0.8214285714285714,0.6042322052731905,0.9491802918823052,"[""female"", ""male""]",Conditional binomial bounds; no patient clusters or training variability available
metadata_Multimodal_VGG16_Concat_KFold,fold_5,gender,10,2,0,81,81,1.0,0.8214285714285714,0.6042322052731905,0.9491802918823052,"[""female"", ""male""]",Conditional binomial bounds; no patient clusters or training variability available
metadata_Multimodal_VGG16_Concat_KFold,fold_5,gender,15,2,0,81,81,1.0,0.8214285714285714,0.6042322052731905,0.9491802918823052,"[""female"", ""male""]",Conditional binomial bounds; no patient clusters or training variability available
metadata_Multimodal_VGG16_Concat_KFold,fold_5,gender,20,2,0,81,81,1.0,0.8214285714285714,0.6042322052731905,0.9491802918823052,"[""female"", ""male""]",Conditional binomial bounds; no patient clusters or training variability available
metadata_Multimodal_VGG16_Concat_KFold,fold_5,gender,30,1,1,53,81,0.654320987654321,0.9056603773584906,0.7934146749949895,0.9686531942713469,"[""male""]",Conditional binomial bounds; no patient clusters or training variability available
metadata_Multimodal_VGG16_Concat_KFold,fold_5,gender,50,1,1,53,81,0.654320987654321,0.9056603773584906,0.7934146749949895,0.9686531942713469,"[""male""]",Conditional binomial bounds; no patient clusters or training variability available
metadata_Multimodal_VGG16_Concat_KFold,fold_5,age,1,2,0,81,81,1.0,0.6666666666666666,0.1839205913018675,0.9585191243864108,"[""0-17"", ""18-59""]",Conditional binomial bounds; no patient clusters or training variability available
metadata_Multimodal_VGG16_Concat_KFold,fold_5,age,5,2,0,81,81,1.0,0.6666666666666666,0.1839205913018675,0.9585191243864108,"[""0-17"", ""18-59""]",Conditional binomial bounds; no patient clusters or training variability available
metadata_Multimodal_VGG16_Concat_KFold,fold_5,age,10,1,1,75,81,0.9259259259259259,0.8933333333333333,0.8005982557973285,0.9528100482599416,"[""18-59""]",Conditional binomial bounds; no patient clusters or training variability available
metadata_Multimodal_VGG16_Concat_KFold,fold_5,age,15,1,1,75,81,0.9259259259259259,0.8933333333333333,0.8005982557973285,0.9528100482599416,"[""18-59""]",Conditional binomial bounds; no patient clusters or training variability available
metadata_Multimodal_VGG16_Concat_KFold,fold_5,age,20,1,1,75,81,0.9259259259259259,0.8933333333333333,0.8005982557973285,0.9528100482599416,"[""18-59""]",Conditional binomial bounds; no patient clusters or training variability available
metadata_Multimodal_VGG16_Concat_KFold,fold_5,age,30,1,1,75,81,0.9259259259259259,0.8933333333333333,0.8005982557973285,0.9528100482599416,"[""18-59""]",Conditional binomial bounds; no patient clusters or training variability available
metadata_Multimodal_VGG16_Concat_KFold,fold_5,age,50,1,1,75,81,0.9259259259259259,0.8933333333333333,0.8005982557973285,0.9528100482599416,"[""18-59""]",Conditional binomial bounds; no patient clusters or training variability available
metadata_Multimodal_VGG16_Concat_KFold,fold_5,skin_tone,1,6,0,81,81,1.0,0.6,0.06454972243679027,0.9269991968880984,"[""indian"", ""asian"", ""black"", ""white"", ""latino hispanic"", ""middle eastern""]",Conditional binomial bounds; no patient clusters or training variability available
metadata_Multimodal_VGG16_Concat_KFold,fold_5,skin_tone,5,5,1,79,81,0.9753086419753086,0.6,0.1909163313376841,0.9232318308601799,"[""indian"", ""asian"", ""black"", ""white"", ""latino hispanic""]",Conditional binomial bounds; no patient clusters or training variability available
metadata_Multimodal_VGG16_Concat_KFold,fold_5,skin_tone,10,2,4,55,81,0.6790123456790124,0.6,0.22815959375399836,0.9006664412353215,"[""indian"", ""white""]",Conditional binomial bounds; no patient clusters or training variability available
metadata_Multimodal_VGG16_Concat_KFold,fold_5,skin_tone,15,1,5,45,81,0.5555555555555556,0.9555555555555556,0.8485070997566608,0.9945715112997491,"[""white""]",Conditional binomial bounds; no patient clusters or training variability available
metadata_Multimodal_VGG16_Concat_KFold,fold_5,skin_tone,20,1,5,45,81,0.5555555555555556,0.9555555555555556,0.8485070997566608,0.9945715112997491,"[""white""]",Conditional binomial bounds; no patient clusters or training variability available
metadata_Multimodal_VGG16_Concat_KFold,fold_5,skin_tone,30,1,5,45,81,0.5555555555555556,0.9555555555555556,0.8485070997566608,0.9945715112997491,"[""white""]",Conditional binomial bounds; no patient clusters or training variability available
metadata_Multimodal_VGG16_Concat_KFold,fold_5,skin_tone,50,0,6,0,81,0.0,,,,[],Conditional binomial bounds; no patient clusters or training variability available
metadata_Multimodal_VGG16_Concat_KFold,fold_5,composite,1,13,0,81,81,1.0,0.0,0.0,0.9818783664066906,"[""0-17|male|black"", ""0-17|female|white"", ""18-59|female|asian"", ""18-59|female|indian"", ""18-59|male|indian"", ""18-59|male|asian"", ""18-59|male|white"", ""0-17|male|white"", ""18-59|female|latino hispanic"", ""18-59|female|white"", ""18-59|male|black"", ""18-59|male|latino hispanic"", ""18-59|male|middle eastern""]",Conditional binomial bounds; no patient clusters or training variability available
metadata_Multimodal_VGG16_Concat_KFold,fold_5,composite,5,7,6,66,81,0.8148148148148148,0.6,0.07368408706419323,0.9807323283684988,"[""18-59|female|indian"", ""18-59|male|indian"", ""18-59|male|asian"", ""18-59|male|white"", ""18-59|female|white"", ""18-59|male|black"", ""18-59|male|latino hispanic""]",Conditional binomial bounds; no patient clusters or training variability available
metadata_Multimodal_VGG16_Concat_KFold,fold_5,composite,10,2,11,40,81,0.49382716049382713,0.9615384615384616,0.7312485213842805,0.9995163176963696,"[""18-59|male|white"", ""18-59|female|white""]",Conditional binomial bounds; no patient clusters or training variability available
metadata_Multimodal_VGG16_Concat_KFold,fold_5,composite,15,1,12,26,81,0.32098765432098764,0.9615384615384616,0.803630353237461,0.9990267121066649,"[""18-59|male|white""]",Conditional binomial bounds; no patient clusters or training variability available
metadata_Multimodal_VGG16_Concat_KFold,fold_5,composite,20,1,12,26,81,0.32098765432098764,0.9615384615384616,0.803630353237461,0.9990267121066649,"[""18-59|male|white""]",Conditional binomial bounds; no patient clusters or training variability available
metadata_Multimodal_VGG16_Concat_KFold,fold_5,composite,30,0,13,0,81,0.0,,,,[],Conditional binomial bounds; no patient clusters or training variability available
metadata_Multimodal_VGG16_Concat_KFold,fold_5,composite,50,0,13,0,81,0.0,,,,[],Conditional binomial bounds; no patient clusters or training variability available
metadata_Multimodal_VGG16_Concat_KFold,fold_6,gender,1,2,0,80,80,1.0,0.8301886792452831,0.6833399786708846,0.9282327844789586,"[""male"", ""female""]",Conditional binomial bounds; no patient clusters or training variability available
metadata_Multimodal_VGG16_Concat_KFold,fold_6,gender,5,2,0,80,80,1.0,0.8301886792452831,0.6833399786708846,0.9282327844789586,"[""male"", ""female""]",Conditional binomial bounds; no patient clusters or training variability available
metadata_Multimodal_VGG16_Concat_KFold,fold_6,gender,10,2,0,80,80,1.0,0.8301886792452831,0.6833399786708846,0.9282327844789586,"[""male"", ""female""]",Conditional binomial bounds; no patient clusters or training variability available
metadata_Multimodal_VGG16_Concat_KFold,fold_6,gender,15,2,0,80,80,1.0,0.8301886792452831,0.6833399786708846,0.9282327844789586,"[""male"", ""female""]",Conditional binomial bounds; no patient clusters or training variability available
metadata_Multimodal_VGG16_Concat_KFold,fold_6,gender,20,2,0,80,80,1.0,0.8301886792452831,0.6833399786708846,0.9282327844789586,"[""male"", ""female""]",Conditional binomial bounds; no patient clusters or training variability available
metadata_Multimodal_VGG16_Concat_KFold,fold_6,gender,30,1,1,53,80,0.6625,0.8301886792452831,0.7019783318945976,0.919291123533177,"[""male""]",Conditional binomial bounds; no patient clusters or training variability available
metadata_Multimodal_VGG16_Concat_KFold,fold_6,gender,50,1,1,53,80,0.6625,0.8301886792452831,0.7019783318945976,0.919291123533177,"[""male""]",Conditional binomial bounds; no patient clusters or training variability available
metadata_Multimodal_VGG16_Concat_KFold,fold_6,age,1,3,0,80,80,1.0,0.75,0.008333333333333333,0.9566415008874133,"[""0-17"", ""18-59"", ""60+""]",Conditional binomial bounds; no patient clusters or training variability available
metadata_Multimodal_VGG16_Concat_KFold,fold_6,age,5,2,1,79,80,0.9875,0.75,0.38930205902868964,0.9534083561816772,"[""0-17"", ""18-59""]",Conditional binomial bounds; no patient clusters or training variability available
metadata_Multimodal_VGG16_Concat_KFold,fold_6,age,10,2,1,79,80,0.9875,0.75,0.38930205902868964,0.9534083561816772,"[""0-17"", ""18-59""]",Conditional binomial bounds; no patient clusters or training variability available
metadata_Multimodal_VGG16_Concat_KFold,fold_6,age,15,1,2,67,80,0.8375,0.8805970149253731,0.7782148615600573,0.947015194056839,"[""18-59""]",Conditional binomial bounds; no patient clusters or training variability available
metadata_Multimodal_VGG16_Concat_KFold,fold_6,age,20,1,2,67,80,0.8375,0.8805970149253731,0.7782148615600573,0.947015194056839,"[""18-59""]",Conditional binomial bounds; no patient clusters or training variability available
metadata_Multimodal_VGG16_Concat_KFold,fold_6,age,30,1,2,67,80,0.8375,0.8805970149253731,0.7782148615600573,0.947015194056839,"[""18-59""]",Conditional binomial bounds; no patient clusters or training variability available
metadata_Multimodal_VGG16_Concat_KFold,fold_6,age,50,1,2,67,80,0.8375,0.8805970149253731,0.7782148615600573,0.947015194056839,"[""18-59""]",Conditional binomial bounds; no patient clusters or training variability available
metadata_Multimodal_VGG16_Concat_KFold,fold_6,skin_tone,1,6,0,80,80,1.0,0.0,0.0,0.9527073318756907,"[""middle eastern"", ""white"", ""asian"", ""indian"", ""black"", ""latino hispanic""]",Conditional binomial bounds; no patient clusters or training variability available
metadata_Multimodal_VGG16_Concat_KFold,fold_6,skin_tone,5,3,3,72,80,0.9,0.8545454545454545,0.34515054956987407,0.946788576414746,"[""white"", ""asian"", ""indian""]",Conditional binomial bounds; no patient clusters or training variability available
metadata_Multimodal_VGG16_Concat_KFold,fold_6,skin_tone,10,2,4,65,80,0.8125,0.8545454545454545,0.509363894044548,0.9428424849994125,"[""white"", ""indian""]",Conditional binomial bounds; no patient clusters or training variability available
metadata_Multimodal_VGG16_Concat_KFold,fold_6,skin_tone,15,1,5,55,80,0.6875,0.8545454545454545,0.7333676840573414,0.9350485766689969,"[""white""]",Conditional binomial bounds; no patient clusters or training variability available
metadata_Multimodal_VGG16_Concat_KFold,fold_6,skin_tone,20,1,5,55,80,0.6875,0.8545454545454545,0.7333676840573414,0.9350485766689969,"[""white""]",Conditional binomial bounds; no patient clusters or training variability available
metadata_Multimodal_VGG16_Concat_KFold,fold_6,skin_tone,30,1,5,55,80,0.6875,0.8545454545454545,0.7333676840573414,0.9350485766689969,"[""white""]",Conditional binomial bounds; no patient clusters or training variability available
metadata_Multimodal_VGG16_Concat_KFold,fold_6,skin_tone,50,1,5,55,80,0.6875,0.8545454545454545,0.7333676840573414,0.9350485766689969,"[""white""]",Conditional binomial bounds; no patient clusters or training variability available
metadata_Multimodal_VGG16_Concat_KFold,fold_6,composite,1,14,0,80,80,1.0,0.0,0.0,0.9818704260587469,"[""18-59|male|middle eastern"", ""18-59|male|asian"", ""0-17|female|white"", ""0-17|male|white"", ""18-59|male|white"", ""18-59|male|indian"", ""18-59|female|white"", ""0-17|male|black"", ""18-59|female|asian"", ""18-59|female|indian"", ""18-59|female|latino hispanic"", ""18-59|male|black"", ""18-59|male|latino hispanic"", ""60+|male|white""]",Conditional binomial bounds; no patient clusters or training variability available
metadata_Multimodal_VGG16_Concat_KFold,fold_6,composite,5,5,9,64,80,0.8,0.7142857142857143,0.202972395703302,0.9758300516820295,"[""0-17|male|white"", ""18-59|male|white"", ""18-59|male|indian"", ""18-59|female|white"", ""18-59|female|asian""]",Conditional binomial bounds; no patient clusters or training variability available
metadata_Multimodal_VGG16_Concat_KFold,fold_6,composite,10,2,12,44,80,0.55,0.8620689655172413,0.6434681021313488,0.9684716834848441,"[""18-59|male|white"", ""18-59|female|white""]",Conditional binomial bounds; no patient clusters or training variability available
metadata_Multimodal_VGG16_Concat_KFold,fold_6,composite,15,2,12,44,80,0.55,0.8620689655172413,0.6434681021313488,0.9684716834848441,"[""18-59|male|white"", ""18-59|female|white""]",Conditional binomial bounds; no patient clusters or training variability available
metadata_Multimodal_VGG16_Concat_KFold,fold_6,composite,20,1,13,29,80,0.3625,0.8620689655172413,0.6833593905608624,0.9611051687045611,"[""18-59|male|white""]",Conditional binomial bounds; no patient clusters or training variability available
metadata_Multimodal_VGG16_Concat_KFold,fold_6,composite,30,0,14,0,80,0.0,,,,[],Conditional binomial bounds; no patient clusters or training variability available
metadata_Multimodal_VGG16_Concat_KFold,fold_6,composite,50,0,14,0,80,0.0,,,,[],Conditional binomial bounds; no patient clusters or training variability available
metadata_Multimodal_VGG16_Concat_KFold,fold_7,gender,1,2,0,80,80,1.0,0.8,0.6431918827017591,0.91002166012426,"[""male"", ""female""]",Conditional binomial bounds; no patient clusters or training variability available
metadata_Multimodal_VGG16_Concat_KFold,fold_7,gender,5,2,0,80,80,1.0,0.8,0.6431918827017591,0.91002166012426,"[""male"", ""female""]",Conditional binomial bounds; no patient clusters or training variability available
metadata_Multimodal_VGG16_Concat_KFold,fold_7,gender,10,2,0,80,80,1.0,0.8,0.6431918827017591,0.91002166012426,"[""male"", ""female""]",Conditional binomial bounds; no patient clusters or training variability available
metadata_Multimodal_VGG16_Concat_KFold,fold_7,gender,15,2,0,80,80,1.0,0.8,0.6431918827017591,0.91002166012426,"[""male"", ""female""]",Conditional binomial bounds; no patient clusters or training variability available
metadata_Multimodal_VGG16_Concat_KFold,fold_7,gender,20,2,0,80,80,1.0,0.8,0.6431918827017591,0.91002166012426,"[""male"", ""female""]",Conditional binomial bounds; no patient clusters or training variability available
metadata_Multimodal_VGG16_Concat_KFold,fold_7,gender,30,2,0,80,80,1.0,0.8,0.6431918827017591,0.91002166012426,"[""male"", ""female""]",Conditional binomial bounds; no patient clusters or training variability available
metadata_Multimodal_VGG16_Concat_KFold,fold_7,gender,50,1,1,50,80,0.625,0.8,0.6628168916165122,0.899697762527429,"[""male""]",Conditional binomial bounds; no patient clusters or training variability available
metadata_Multimodal_VGG16_Concat_KFold,fold_7,age,1,3,0,80,80,1.0,0.7272727272727273,0.008333333333333333,0.9573002639767862,"[""0-17"", ""18-59"", ""60+""]",Conditional binomial bounds; no patient clusters or training variability available
metadata_Multimodal_VGG16_Concat_KFold,fold_7,age,5,2,1,79,80,0.9875,0.7272727272727273,0.3510955444339598,0.9535266502026352,"[""0-17"", ""18-59""]",Conditional binomial bounds; no patient clusters or training variability available
metadata_Multimodal_VGG16_Concat_KFold,fold_7,age,10,2,1,79,80,0.9875,0.7272727272727273,0.3510955444339598,0.9535266502026352,"[""0-17"", ""18-59""]",Conditional binomial bounds; no patient clusters or training variability available
metadata_Multimodal_VGG16_Concat_KFold,fold_7,age,15,1,2,68,80,0.85,0.8823529411764706,0.7812828942922205,0.9478162553301192,"[""18-59""]",Conditional binomial bounds; no patient clusters or training variability available
metadata_Multimodal_VGG16_Concat_KFold,fold_7,age,20,1,2,68,80,0.85,0.8823529411764706,0.7812828942922205,0.9478162553301192,"[""18-59""]",Conditional binomial bounds; no patient clusters or training variability available
metadata_Multimodal_VGG16_Concat_KFold,fold_7,age,30,1,2,68,80,0.85,0.8823529411764706,0.7812828942922205,0.9478162553301192,"[""18-59""]",Conditional binomial bounds; no patient clusters or training variability available
metadata_Multimodal_VGG16_Concat_KFold,fold_7,age,50,1,2,68,80,0.85,0.8823529411764706,0.7812828942922205,0.9478162553301192,"[""18-59""]",Conditional binomial bounds; no patient clusters or training variability available
metadata_Multimodal_VGG16_Concat_KFold,fold_7,skin_tone,1,6,0,80,80,1.0,0.5,0.002085508005153112,0.9610231169421373,"[""middle eastern"", ""black"", ""asian"", ""white"", ""indian"", ""latino hispanic""]",Conditional binomial bounds; no patient clusters or training variability available
metadata_Multimodal_VGG16_Concat_KFold,fold_7,skin_tone,5,5,1,78,80,0.975,0.6666666666666666,0.2191358911188866,0.9584152960144294,"[""black"", ""asian"", ""white"", ""indian"", ""latino hispanic""]",Conditional binomial bounds; no patient clusters or training variability available
metadata_Multimodal_VGG16_Concat_KFold,fold_7,skin_tone,10,2,4,59,80,0.7375,0.8461538461538461,0.5057859805761437,0.9696856985681244,"[""asian"", ""white""]",Conditional binomial bounds; no patient clusters or training variability available
metadata_Multimodal_VGG16_Concat_KFold,fold_7,skin_tone,15,1,5,46,80,0.575,0.8913043478260869,0.7643032992825268,0.9637516281089775,"[""white""]",Conditional binomial bounds; no patient clusters or training variability available
metadata_Multimodal_VGG16_Concat_KFold,fold_7,skin_tone,20,1,5,46,80,0.575,0.8913043478260869,0.7643032992825268,0.9637516281089775,"[""white""]",Conditional binomial bounds; no patient clusters or training variability available
metadata_Multimodal_VGG16_Concat_KFold,fold_7,skin_tone,30,1,5,46,80,0.575,0.8913043478260869,0.7643032992825268,0.9637516281089775,"[""white""]",Conditional binomial bounds; no patient clusters or training variability available
metadata_Multimodal_VGG16_Concat_KFold,fold_7,skin_tone,50,0,6,0,80,0.0,,,,[],Conditional binomial bounds; no patient clusters or training variability available
metadata_Multimodal_VGG16_Concat_KFold,fold_7,composite,1,15,0,80,80,1.0,0.0,0.0,0.9866612653211976,"[""0-17|male|asian"", ""18-59|male|middle eastern"", ""0-17|male|black"", ""18-59|male|black"", ""0-17|male|white"", ""18-59|male|white"", ""18-59|male|asian"", ""18-59|female|white"", ""0-17|female|white"", ""18-59|female|asian"", ""18-59|female|indian"", ""18-59|female|latino hispanic"", ""18-59|male|indian"", ""18-59|male|latino hispanic"", ""60+|female|asian""]",Conditional binomial bounds; no patient clusters or training variability available
metadata_Multimodal_VGG16_Concat_KFold,fold_7,composite,5,5,10,58,80,0.725,0.6666666666666666,0.1435957546647258,0.9802974467352169,"[""18-59|male|black"", ""0-17|male|white"", ""18-59|male|white"", ""18-59|male|asian"", ""18-59|female|white""]",Conditional binomial bounds; no patient clusters or training variability available
metadata_Multimodal_VGG16_Concat_KFold,fold_7,composite,10,2,13,39,80,0.4875,0.8333333333333334,0.5519558546045458,0.9724620459073153,"[""18-59|male|white"", ""18-59|female|white""]",Conditional binomial bounds; no patient clusters or training variability available
metadata_Multimodal_VGG16_Concat_KFold,fold_7,composite,15,2,13,39,80,0.4875,0.8333333333333334,0.5519558546045458,0.9724620459073153,"[""18-59|male|white"", ""18-59|female|white""]",Conditional binomial bounds; no patient clusters or training variability available
metadata_Multimodal_VGG16_Concat_KFold,fold_7,composite,20,1,14,21,80,0.2625,0.9523809523809523,0.761840090063179,0.9987951165516364,"[""18-59|female|white""]",Conditional binomial bounds; no patient clusters or training variability available
metadata_Multimodal_VGG16_Concat_KFold,fold_7,composite,30,0,15,0,80,0.0,,,,[],Conditional binomial bounds; no patient clusters or training variability available
metadata_Multimodal_VGG16_Concat_KFold,fold_7,composite,50,0,15,0,80,0.0,,,,[],Conditional binomial bounds; no patient clusters or training variability available
metadata_Multimodal_VGG16_Concat_KFold,pooled,gender,1,2,0,565,565,1.0,0.828169014084507,0.778486882125051,0.8707957842670546,"[""male"", ""female""]",Conditional binomial bounds; no patient clusters or training variability available
metadata_Multimodal_VGG16_Concat_KFold,pooled,gender,5,2,0,565,565,1.0,0.828169014084507,0.778486882125051,0.8707957842670546,"[""male"", ""female""]",Conditional binomial bounds; no patient clusters or training variability available
metadata_Multimodal_VGG16_Concat_KFold,pooled,gender,10,2,0,565,565,1.0,0.828169014084507,0.778486882125051,0.8707957842670546,"[""male"", ""female""]",Conditional binomial bounds; no patient clusters or training variability available
metadata_Multimodal_VGG16_Concat_KFold,pooled,gender,15,2,0,565,565,1.0,0.828169014084507,0.778486882125051,0.8707957842670546,"[""male"", ""female""]",Conditional binomial bounds; no patient clusters or training variability available
metadata_Multimodal_VGG16_Concat_KFold,pooled,gender,20,2,0,565,565,1.0,0.828169014084507,0.778486882125051,0.8707957842670546,"[""male"", ""female""]",Conditional binomial bounds; no patient clusters or training variability available
metadata_Multimodal_VGG16_Concat_KFold,pooled,gender,30,2,0,565,565,1.0,0.828169014084507,0.778486882125051,0.8707957842670546,"[""male"", ""female""]",Conditional binomial bounds; no patient clusters or training variability available
metadata_Multimodal_VGG16_Concat_KFold,pooled,gender,50,2,0,565,565,1.0,0.828169014084507,0.778486882125051,0.8707957842670546,"[""male"", ""female""]",Conditional binomial bounds; no patient clusters or training variability available
metadata_Multimodal_VGG16_Concat_KFold,pooled,age,1,3,0,565,565,1.0,0.7540983606557377,0.20274006651911336,0.8727506365347428,"[""0-17"", ""18-59"", ""60+""]",Conditional binomial bounds; no patient clusters or training variability available
metadata_Multimodal_VGG16_Concat_KFold,pooled,age,5,2,1,562,565,0.9946902654867257,0.7540983606557377,0.6091230715307208,0.8667891334228203,"[""0-17"", ""18-59""]",Conditional binomial bounds; no patient clusters or training variability available
metadata_Multimodal_VGG16_Concat_KFold,pooled,age,10,2,1,562,565,0.9946902654867257,0.7540983606557377,0.6091230715307208,0.8667891334228203,"[""0-17"", ""18-59""]",Conditional binomial bounds; no patient clusters or training variability available
metadata_Multimodal_VGG16_Concat_KFold,pooled,age,15,2,1,562,565,0.9946902654867257,0.7540983606557377,0.6091230715307208,0.8667891334228203,"[""0-17"", ""18-59""]",Conditional binomial bounds; no patient clusters or training variability available
metadata_Multimodal_VGG16_Concat_KFold,pooled,age,20,2,1,562,565,0.9946902654867257,0.7540983606557377,0.6091230715307208,0.8667891334228203,"[""0-17"", ""18-59""]",Conditional binomial bounds; no patient clusters or training variability available
metadata_Multimodal_VGG16_Concat_KFold,pooled,age,30,2,1,562,565,0.9946902654867257,0.7540983606557377,0.6091230715307208,0.8667891334228203,"[""0-17"", ""18-59""]",Conditional binomial bounds; no patient clusters or training variability available
metadata_Multimodal_VGG16_Concat_KFold,pooled,age,50,2,1,562,565,0.9946902654867257,0.7540983606557377,0.6091230715307208,0.8667891334228203,"[""0-17"", ""18-59""]",Conditional binomial bounds; no patient clusters or training variability available
metadata_Multimodal_VGG16_Concat_KFold,pooled,skin_tone,1,6,0,565,565,1.0,0.7368421052631579,0.4112764053469113,0.9138327196497487,"[""middle eastern"", ""indian"", ""asian"", ""black"", ""white"", ""latino hispanic""]",Conditional binomial bounds; no patient clusters or training variability available
metadata_Multimodal_VGG16_Concat_KFold,pooled,skin_tone,5,6,0,565,565,1.0,0.7368421052631579,0.4112764053469113,0.9138327196497487,"[""middle eastern"", ""indian"", ""asian"", ""black"", ""white"", ""latino hispanic""]",Conditional binomial bounds; no patient clusters or training variability available
metadata_Multimodal_VGG16_Concat_KFold,pooled,skin_tone,10,6,0,565,565,1.0,0.7368421052631579,0.4112764053469113,0.9138327196497487,"[""middle eastern"", ""indian"", ""asian"", ""black"", ""white"", ""latino hispanic""]",Conditional binomial bounds; no patient clusters or training variability available
metadata_Multimodal_VGG16_Concat_KFold,pooled,skin_tone,15,6,0,565,565,1.0,0.7368421052631579,0.4112764053469113,0.9138327196497487,"[""middle eastern"", ""indian"", ""asian"", ""black"", ""white"", ""latino hispanic""]",Conditional binomial bounds; no patient clusters or training variability available
metadata_Multimodal_VGG16_Concat_KFold,pooled,skin_tone,20,5,1,546,565,0.9663716814159292,0.82,0.6378862730669355,0.9129376784024049,"[""indian"", ""asian"", ""black"", ""white"", ""latino hispanic""]",Conditional binomial bounds; no patient clusters or training variability available
metadata_Multimodal_VGG16_Concat_KFold,pooled,skin_tone,30,5,1,546,565,0.9663716814159292,0.82,0.6378862730669355,0.9129376784024049,"[""indian"", ""asian"", ""black"", ""white"", ""latino hispanic""]",Conditional binomial bounds; no patient clusters or training variability available
metadata_Multimodal_VGG16_Concat_KFold,pooled,skin_tone,50,4,2,508,565,0.8991150442477877,0.82,0.6482627153747516,0.9118094047706043,"[""indian"", ""asian"", ""white"", ""latino hispanic""]",Conditional binomial bounds; no patient clusters or training variability available
metadata_Multimodal_VGG16_Concat_KFold,pooled,composite,1,22,0,565,565,1.0,0.0,0.0,0.8956467988788395,"[""0-17|female|indian"", ""0-17|male|asian"", ""18-59|male|middle eastern"", ""0-17|female|white"", ""0-17|male|black"", ""18-59|female|indian"", ""18-59|male|white"", ""0-17|male|white"", ""18-59|male|asian"", ""18-59|male|indian"", ""18-59|male|black"", ""18-59|female|asian"", ""18-59|female|latino hispanic"", ""18-59|male|latino hispanic"", ""18-59|female|white"", ""0-17|female|asian"", ""0-17|male|indian"", ""0-17|male|latino hispanic"", ""18-59|female|middle eastern"", ""60+|female|asian"", ""60+|female|latino hispanic"", ""60+|male|white""]",Conditional binomial bounds; no patient clusters or training variability available
metadata_Multimodal_VGG16_Concat_KFold,pooled,composite,5,13,9,553,565,0.9787610619469026,0.7222222222222222,0.21667224405156582,0.8960405922991856,"[""18-59|male|middle eastern"", ""0-17|female|white"", ""0-17|male|black"", ""18-59|female|indian"", ""18-59|male|white"", ""0-17|male|white"", ""18-59|male|asian"", ""18-59|male|indian"", ""18-59|male|black"", ""18-59|female|asian"", ""18-59|female|latino hispanic"", ""18-59|male|latino hispanic"", ""18-59|female|white""]",Conditional binomial bounds; no patient clusters or training variability available
metadata_Multimodal_VGG16_Concat_KFold,pooled,composite,10,12,10,545,565,0.9646017699115044,0.7222222222222222,0.33849988640086287,0.89549168098769,"[""18-59|male|middle eastern"", ""0-17|female|white"", ""18-59|female|indian"", ""18-59|male|white"", ""0-17|male|white"", ""18-59|male|asian"", ""18-59|male|indian"", ""18-59|male|black"", ""18-59|female|asian"", ""18-59|female|latino hispanic"", ""18-59|male|latino hispanic"", ""18-59|female|white""]",Conditional binomial bounds; no patient clusters or training variability available
metadata_Multimodal_VGG16_Concat_KFold,pooled,composite,15,11,11,532,565,0.9415929203539823,0.7222222222222222,0.34171147918940975,0.8948882645470022,"[""18-59|male|middle eastern"", ""0-17|female|white"", ""18-59|male|white"", ""0-17|male|white"", ""18-59|male|asian"", ""18-59|male|indian"", ""18-59|male|black"", ""18-59|female|asian"", ""18-59|female|latino hispanic"", ""18-59|male|latino hispanic"", ""18-59|female|white""]",Conditional binomial bounds; no patient clusters or training variability available
metadata_Multimodal_VGG16_Concat_KFold,pooled,composite,20,9,13,499,565,0.8831858407079646,0.8192771084337349,0.5774880068277257,0.8934690449859638,"[""18-59|male|white"", ""0-17|male|white"", ""18-59|male|asian"", ""18-59|male|indian"", ""18-59|male|black"", ""18-59|female|asian"", ""18-59|female|latino hispanic"", ""18-59|male|latino hispanic"", ""18-59|female|white""]",Conditional binomial bounds; no patient clusters or training variability available
metadata_Multimodal_VGG16_Concat_KFold,pooled,composite,30,6,16,425,565,0.7522123893805309,0.8192771084337349,0.590129005927297,0.8904760010855657,"[""18-59|male|white"", ""0-17|male|white"", ""18-59|male|asian"", ""18-59|male|indian"", ""18-59|male|black"", ""18-59|female|white""]",Conditional binomial bounds; no patient clusters or training variability available
metadata_Multimodal_VGG16_Concat_KFold,pooled,composite,50,2,20,292,565,0.5168141592920354,0.8192771084337349,0.7423637713878992,0.881356930224055,"[""18-59|male|white"", ""18-59|female|white""]",Conditional binomial bounds; no patient clusters or training variability available
